"Page","PageName","Alias","Module","Category","PageMode","Regions","Items","RequiredItems","Buttons","DynamicActions","DAActions","AsyncNoWaitActions","Processes","Validations","Computations","Branches","InteractiveGrids","InteractiveReports","TabContainers","ExplicitDML","ExplicitCommits","ExplicitRollbacks","ApexRowStatusRefs","WarnOnUnsavedChanges","AuthorizationSchemeId","PublicFlag","File"
"0","Global Page","","Cross-module / Other","Utility / navigation / other","Normal","3","4","0","0","8","8","0","0","0","0","0","0","0","0","0","0","0","0","Default/unspecified","","N/unspecified","C:\Users\shree\Documents\git projects\ibosssagar\app105-source\business-insights-live-export\f105\application\pages\page_00000.sql"
"1","Home","HOME","Cross-module / Other","Utility / navigation / other","Normal","1","0","0","0","1","1","0","0","0","0","0","0","0","0","0","0","0","0","Default/unspecified","","N/unspecified","C:\Users\shree\Documents\git projects\ibosssagar\app105-source\business-insights-live-export\f105\application\pages\page_00001.sql"
"2","Template","TEMPLATE","Cross-module / Other","Transaction / entry form","Normal","1","8","0","9","13","33","0","3","0","0","0","0","0","0","3","2","0","0","Default/unspecified","","N/unspecified","C:\Users\shree\Documents\git projects\ibosssagar\app105-source\business-insights-live-export\f105\application\pages\page_00002.sql"
"3","Company","COMPANY","General Masters / Setup","Grid / report page","Normal","1","0","0","2","2","2","0","0","0","0","0","0","1","0","0","0","0","0","Default/unspecified","","N/unspecified","C:\Users\shree\Documents\git projects\ibosssagar\app105-source\business-insights-live-export\f105\application\pages\page_00003.sql"
"4","Company Master","COMPANY-MASTER","General Masters / Setup","Master entry","Normal","7","62","0","10","24","42","0","8","0","0","1","0","1","1","0","1","0","0","N","","N/unspecified","C:\Users\shree\Documents\git projects\ibosssagar\app105-source\business-insights-live-export\f105\application\pages\page_00004.sql"
"5","Company Attribute  Detail","COMPANY-ATTRIBUTE-DETAIL","General Masters / Setup","Transaction / entry form","MODAL","2","15","1","9","10","30","0","6","0","0","0","0","0","0","0","2","0","0","Default/unspecified","","N/unspecified","C:\Users\shree\Documents\git projects\ibosssagar\app105-source\business-insights-live-export\f105\application\pages\page_00005.sql"
"6","On The table","ON-THE-TABLE1","Cross-module / Other","Utility / navigation / other","Normal","2","2","0","1","1","1","0","0","0","0","0","0","0","0","0","0","0","0","Default/unspecified","","N/unspecified","C:\Users\shree\Documents\git projects\ibosssagar\app105-source\business-insights-live-export\f105\application\pages\page_00006.sql"
"7","City List","CITY-LIST","General Masters / Setup","List / report / enquiry","Normal","1","0","0","2","4","4","0","0","0","0","0","0","1","0","0","0","0","0","Default/unspecified","","N/unspecified","C:\Users\shree\Documents\git projects\ibosssagar\app105-source\business-insights-live-export\f105\application\pages\page_00007.sql"
"8","City Master","CITY-MASTER","General Masters / Setup","Master entry","MODAL","3","22","2","9","11","31","0","6","0","0","0","0","0","0","0","2","0","0","Default/unspecified","","N/unspecified","C:\Users\shree\Documents\git projects\ibosssagar\app105-source\business-insights-live-export\f105\application\pages\page_00008.sql"
"9","Indent Itemm Detail","INDENT-ITEMM-DETAIL","Procure to Pay / Purchase","Transaction / entry form","MODAL","5","32","0","4","4","4","0","4","0","0","0","0","0","0","0","0","0","0","Default/unspecified","","N/unspecified","C:\Users\shree\Documents\git projects\ibosssagar\app105-source\business-insights-live-export\f105\application\pages\page_00009.sql"
"10","Item Ledger","ITEM-LEDGER","Finance & Accounts","Transaction / entry form","Normal","2","7","0","1","2","3","0","2","0","0","0","1","0","0","0","0","0","0","Default/unspecified","","N/unspecified","C:\Users\shree\Documents\git projects\ibosssagar\app105-source\business-insights-live-export\f105\application\pages\page_00010.sql"
"11","Account Ledger ","ACCOUNT-LEDGER","Finance & Accounts","Transaction / entry form","Normal","3","11","0","15","8","12","0","4","0","0","0","0","1","0","8","8","0","0","N","","Y","C:\Users\shree\Documents\git projects\ibosssagar\app105-source\business-insights-live-export\f105\application\pages\page_00011.sql"
"12","Combo Box","COMBO-BOX","Cross-module / Other","Utility / navigation / other","Normal","0","6","0","0","2","2","0","0","0","0","0","0","0","0","0","0","0","0","Default/unspecified","","N/unspecified","C:\Users\shree\Documents\git projects\ibosssagar\app105-source\business-insights-live-export\f105\application\pages\page_00012.sql"
"13","Item Specification Master","ITEM-SPECIFICATION-MASTER","General Masters / Setup","Master entry","Normal","4","20","0","10","20","40","0","12","0","0","1","1","0","0","12","1","0","1","Default/unspecified","","N/unspecified","C:\Users\shree\Documents\git projects\ibosssagar\app105-source\business-insights-live-export\f105\application\pages\page_00013.sql"
"14","General","STEP-1","Cross-module / Other","Transaction / entry form","Normal","2","9","0","2","0","0","0","1","0","0","1","0","0","0","0","0","0","0","Default/unspecified","","N/unspecified","C:\Users\shree\Documents\git projects\ibosssagar\app105-source\business-insights-live-export\f105\application\pages\page_00014.sql"
"15","Step 2","STEP-2","Cross-module / Other","Transaction / entry form","Normal","2","7","0","3","0","0","0","1","0","0","2","0","0","0","0","0","0","0","Default/unspecified","","N/unspecified","C:\Users\shree\Documents\git projects\ibosssagar\app105-source\business-insights-live-export\f105\application\pages\page_00015.sql"
"16","Step 3","STEP-3","Cross-module / Other","Transaction / entry form","Normal","2","7","0","3","0","0","0","1","0","0","2","0","0","0","0","0","0","0","Default/unspecified","","N/unspecified","C:\Users\shree\Documents\git projects\ibosssagar\app105-source\business-insights-live-export\f105\application\pages\page_00016.sql"
"17","Step 4","STEP-4","Cross-module / Other","Grid / report page","Normal","2","0","0","4","1","1","0","0","0","0","2","0","1","0","0","0","0","0","Default/unspecified","","N/unspecified","C:\Users\shree\Documents\git projects\ibosssagar\app105-source\business-insights-live-export\f105\application\pages\page_00017.sql"
"18","Procure to Pay","PROCURE-TO-PAY","Cross-module / Other","Utility / navigation / other","Normal","1","0","0","1","0","0","0","0","0","0","0","0","0","0","0","0","0","0","Default/unspecified","","N/unspecified","C:\Users\shree\Documents\git projects\ibosssagar\app105-source\business-insights-live-export\f105\application\pages\page_00018.sql"
"19","Testing of Process Flow","TESTING-OF-PROCESS-FLOW","Cross-module / Other","Utility / navigation / other","Normal","0","8","0","1","0","0","0","0","0","0","0","0","0","0","0","0","0","0","Default/unspecified","","N/unspecified","C:\Users\shree\Documents\git projects\ibosssagar\app105-source\business-insights-live-export\f105\application\pages\page_00019.sql"
"20","Item Specification List","ITEM-SPECIFICATION-LIST","Cross-module / Other","List / report / enquiry","Normal","1","0","0","2","0","0","0","0","0","0","0","0","1","0","0","0","0","0","Default/unspecified","","N/unspecified","C:\Users\shree\Documents\git projects\ibosssagar\app105-source\business-insights-live-export\f105\application\pages\page_00020.sql"
"21","Doctype List","DOCTYPE-LIST","Cross-module / Other","List / report / enquiry","Normal","1","0","0","2","1","1","0","0","0","0","0","0","1","0","0","0","0","0","Default/unspecified","","N/unspecified","C:\Users\shree\Documents\git projects\ibosssagar\app105-source\business-insights-live-export\f105\application\pages\page_00021.sql"
"22","Doctype master","DOCTYPE-MASTER","General Masters / Setup","Master entry","MODAL","3","17","1","9","10","30","0","6","0","0","0","0","0","0","0","2","0","0","Default/unspecified","","N/unspecified","C:\Users\shree\Documents\git projects\ibosssagar\app105-source\business-insights-live-export\f105\application\pages\page_00022.sql"
"23","GENERATEIRN","GENERATEIRN","Cross-module / Other","Transaction / entry form","MODAL","1","10","0","1","2","3","0","1","0","0","0","0","0","0","0","0","0","0","Default/unspecified","","N/unspecified","C:\Users\shree\Documents\git projects\ibosssagar\app105-source\business-insights-live-export\f105\application\pages\page_00023.sql"
"24","Location List","LOCATION-MASTER","General Masters / Setup","List / report / enquiry","Normal","1","0","0","2","1","1","0","0","0","0","0","0","1","0","0","0","0","0","Default/unspecified","","N/unspecified","C:\Users\shree\Documents\git projects\ibosssagar\app105-source\business-insights-live-export\f105\application\pages\page_00024.sql"
"25","Location Master","LOCATION-MASTER1","General Masters / Setup","Master entry","Normal","7","36","9","12","16","36","0","9","0","0","1","0","2","1","0","1","0","0","Default/unspecified","","N/unspecified","C:\Users\shree\Documents\git projects\ibosssagar\app105-source\business-insights-live-export\f105\application\pages\page_00025.sql"
"26","Location Detail","LOCATION-DETAIL","General Masters / Setup","Transaction / entry form","MODAL","3","15","0","9","9","29","0","5","0","0","0","0","0","0","0","2","0","0","Default/unspecified","","N/unspecified","C:\Users\shree\Documents\git projects\ibosssagar\app105-source\business-insights-live-export\f105\application\pages\page_00026.sql"
"27","Financialyear List","FINANCIALYEAR-LIST","Cross-module / Other","List / report / enquiry","Normal","1","0","0","2","2","2","0","0","0","0","0","0","1","0","0","0","0","0","Default/unspecified","","N/unspecified","C:\Users\shree\Documents\git projects\ibosssagar\app105-source\business-insights-live-export\f105\application\pages\page_00027.sql"
"28","Financialyear Master","FINANCIALYEAR-MASTER","General Masters / Setup","Master entry","MODAL","3","14","1","9","10","30","0","6","0","0","0","0","0","0","0","2","0","0","Default/unspecified","","N/unspecified","C:\Users\shree\Documents\git projects\ibosssagar\app105-source\business-insights-live-export\f105\application\pages\page_00028.sql"
"29","TDS Nature","TDS-NATURE","Finance & Accounts","Grid / report page","Normal","1","0","0","2","2","2","0","0","0","0","0","0","1","0","0","0","0","0","Default/unspecified","","N/unspecified","C:\Users\shree\Documents\git projects\ibosssagar\app105-source\business-insights-live-export\f105\application\pages\page_00029.sql"
"30","TDS Nature Master","TDS-NATURE-MASTER","Finance & Accounts","Master entry","MODAL","3","17","2","9","11","31","0","6","0","0","0","0","0","0","0","2","0","0","Default/unspecified","","N/unspecified","C:\Users\shree\Documents\git projects\ibosssagar\app105-source\business-insights-live-export\f105\application\pages\page_00030.sql"
"31","TDS Tax Category List","TDS-TAX-CATEGORY-LIST","Finance & Accounts","List / report / enquiry","Normal","1","0","0","2","2","2","0","0","0","0","0","0","1","0","0","0","0","0","Default/unspecified","","N/unspecified","C:\Users\shree\Documents\git projects\ibosssagar\app105-source\business-insights-live-export\f105\application\pages\page_00031.sql"
"32","TDS Tax Category Master","TDS-TAX-CATEGORY-MASTER","Finance & Accounts","Master entry","Normal","5","17","1","9","12","32","0","7","0","0","0","1","0","1","0","2","0","0","Default/unspecified","","N/unspecified","C:\Users\shree\Documents\git projects\ibosssagar\app105-source\business-insights-live-export\f105\application\pages\page_00032.sql"
"33","TDS Payee Category List","TDS-PAYEE-CATEGORY-LIST","Finance & Accounts","List / report / enquiry","Normal","1","0","0","2","2","2","0","0","0","0","0","0","1","0","0","0","0","0","Default/unspecified","","N/unspecified","C:\Users\shree\Documents\git projects\ibosssagar\app105-source\business-insights-live-export\f105\application\pages\page_00033.sql"
"34","TDS Payee Category Master","TDS-PAYEE-CATEGORY-MASTER","Finance & Accounts","Master entry","MODAL","3","13","0","9","11","31","0","5","0","0","0","0","0","0","0","2","0","0","Default/unspecified","","N/unspecified","C:\Users\shree\Documents\git projects\ibosssagar\app105-source\business-insights-live-export\f105\application\pages\page_00034.sql"
"35","Employee","EMPLOYEE","Hire to Retire / HR & Payroll","Grid / report page","Normal","1","0","0","2","1","1","0","0","0","0","0","0","1","0","0","0","0","0","Default/unspecified","","N/unspecified","C:\Users\shree\Documents\git projects\ibosssagar\app105-source\business-insights-live-export\f105\application\pages\page_00035.sql"
"36","Item Group List","ITEM-TYPE-LIST","Cross-module / Other","List / report / enquiry","Normal","1","0","0","2","2","2","0","0","0","0","0","0","1","0","0","0","0","0","Default/unspecified","","N/unspecified","C:\Users\shree\Documents\git projects\ibosssagar\app105-source\business-insights-live-export\f105\application\pages\page_00036.sql"
"37","Item Group Master","ITEM-TYPE-MASTER","General Masters / Setup","Master entry","MODAL","4","15","2","9","10","5","0","6","0","0","0","0","0","0","0","0","0","0","Default/unspecified","","N/unspecified","C:\Users\shree\Documents\git projects\ibosssagar\app105-source\business-insights-live-export\f105\application\pages\page_00037.sql"
"38","Loan Sanction","","Hire to Retire / HR & Payroll","Grid / report page","Normal","1","0","0","0","0","0","0","0","0","0","0","0","1","0","0","0","0","0","Default/unspecified","","N/unspecified","C:\Users\shree\Documents\git projects\ibosssagar\app105-source\business-insights-live-export\f105\application\pages\page_00038.sql"
"39","Employee Master","EMPLOYEE-MASTER","Hire to Retire / HR & Payroll","Master entry","Normal","1","103","1","4","0","0","0","2","0","0","1","0","0","0","0","0","0","0","Default/unspecified","","N/unspecified","C:\Users\shree\Documents\git projects\ibosssagar\app105-source\business-insights-live-export\f105\application\pages\page_00039.sql"
"40","Code Scheme","CODE-SCHEME","Cross-module / Other","Transaction / entry form","Normal","2","2","0","2","3","5","0","3","0","0","0","2","0","0","2","0","0","0","Default/unspecified","","N/unspecified","C:\Users\shree\Documents\git projects\ibosssagar\app105-source\business-insights-live-export\f105\application\pages\page_00040.sql"
"41","Code Scheme Master Report","CODE-SCHEME-MASTER-REPORT","General Masters / Setup","List / report / enquiry","Normal","1","4","0","2","1","1","0","0","0","0","0","0","1","0","0","0","0","0","Default/unspecified","","N/unspecified","C:\Users\shree\Documents\git projects\ibosssagar\app105-source\business-insights-live-export\f105\application\pages\page_00041.sql"
"42","Code Scheme Master","CODE-SCHEME-MASTER","General Masters / Setup","Master entry","MODAL","2","13","1","9","10","27","0","5","0","0","0","0","0","0","0","1","0","0","Default/unspecified","","N/unspecified","C:\Users\shree\Documents\git projects\ibosssagar\app105-source\business-insights-live-export\f105\application\pages\page_00042.sql"
"43","Module Group List","MODULE-GROUP-LIST","Cross-module / Other","List / report / enquiry","Normal","1","0","0","2","2","2","0","0","0","0","0","0","1","0","0","0","0","0","Default/unspecified","","N/unspecified","C:\Users\shree\Documents\git projects\ibosssagar\app105-source\business-insights-live-export\f105\application\pages\page_00043.sql"
"44","Module Group","MODULE-GROUP","Cross-module / Other","Transaction / entry form","MODAL","2","15","1","9","10","27","0","7","0","0","0","0","0","0","0","1","0","0","Default/unspecified","","N/unspecified","C:\Users\shree\Documents\git projects\ibosssagar\app105-source\business-insights-live-export\f105\application\pages\page_00044.sql"
"45","Module Group Change","MODULE-GROUP-CHANGE","Cross-module / Other","Transaction / entry form","Normal","1","0","1","0","0","0","0","1","0","0","0","1","0","0","0","0","0","0","Default/unspecified","","N/unspecified","C:\Users\shree\Documents\git projects\ibosssagar\app105-source\business-insights-live-export\f105\application\pages\page_00045.sql"
"46","HSN List","HSN-LIST","General Masters / Setup","List / report / enquiry","Normal","1","0","0","2","2","2","0","0","0","0","0","0","1","0","0","0","0","0","Default/unspecified","","N/unspecified","C:\Users\shree\Documents\git projects\ibosssagar\app105-source\business-insights-live-export\f105\application\pages\page_00046.sql"
"47","HSN Master","HSN-MASTER","General Masters / Setup","Master entry","MODAL","3","15","1","9","11","31","0","6","0","0","0","0","0","0","0","2","0","0","Default/unspecified","","N/unspecified","C:\Users\shree\Documents\git projects\ibosssagar\app105-source\business-insights-live-export\f105\application\pages\page_00047.sql"
"48","Account Master","ACCOUNT-MASTER","Finance & Accounts","Master entry","Normal","1","0","0","2","1","1","0","0","0","0","0","0","1","0","0","0","0","0","Default/unspecified","","N/unspecified","C:\Users\shree\Documents\git projects\ibosssagar\app105-source\business-insights-live-export\f105\application\pages\page_00048.sql"
"49","Account Master","ACCOUNT-MASTER1","Finance & Accounts","Master entry","Normal","17","100","3","12","30","61","0","19","0","0","1","8","2","1","4","1","0","1","N","","N/unspecified","C:\Users\shree\Documents\git projects\ibosssagar\app105-source\business-insights-live-export\f105\application\pages\page_00049.sql"
"50","Measuring Unit List","MEASURING-UNIT-LIST","General Masters / Setup","List / report / enquiry","Normal","1","0","0","2","2","2","0","0","0","0","0","0","1","0","0","0","0","0","Default/unspecified","","N/unspecified","C:\Users\shree\Documents\git projects\ibosssagar\app105-source\business-insights-live-export\f105\application\pages\page_00050.sql"
"51","Measuring Unit Master","MEASURING-UNIT-MASTER","General Masters / Setup","Master entry","MODAL","3","21","1","9","10","30","0","6","0","0","0","0","0","0","0","2","0","0","Default/unspecified","","N/unspecified","C:\Users\shree\Documents\git projects\ibosssagar\app105-source\business-insights-live-export\f105\application\pages\page_00051.sql"
"52","Item Characteristics List","ITEM-CHARACTERISTICS-LIST","Cross-module / Other","List / report / enquiry","Normal","1","0","0","2","2","2","0","0","0","0","0","0","1","0","0","0","0","0","Default/unspecified","","N/unspecified","C:\Users\shree\Documents\git projects\ibosssagar\app105-source\business-insights-live-export\f105\application\pages\page_00052.sql"
"53","Item Characteristics Master","ITEM-CHARACTERISTICS-MASTER","General Masters / Setup","Master entry","MODAL","4","15","1","9","11","31","0","9","0","0","0","1","0","0","1","2","0","0","Default/unspecified","","N/unspecified","C:\Users\shree\Documents\git projects\ibosssagar\app105-source\business-insights-live-export\f105\application\pages\page_00053.sql"
"54","Item Category List","ITEM-CATEGORY-LIST","Cross-module / Other","List / report / enquiry","Normal","1","0","0","2","2","2","0","0","0","0","0","0","1","0","0","0","0","0","Default/unspecified","","N/unspecified","C:\Users\shree\Documents\git projects\ibosssagar\app105-source\business-insights-live-export\f105\application\pages\page_00054.sql"
"55","Item Category Master","ITEM-CATEGORY-MASTER","General Masters / Setup","Master entry","MODAL","3","12","1","9","10","30","0","6","1","0","0","0","0","0","0","2","0","0","Default/unspecified","","N/unspecified","C:\Users\shree\Documents\git projects\ibosssagar\app105-source\business-insights-live-export\f105\application\pages\page_00055.sql"
"56","Industry Sector List","INDUSTRY-SECTOR-LIST","Cross-module / Other","List / report / enquiry","Normal","1","0","0","2","2","2","0","0","0","0","0","0","1","0","0","0","0","0","Default/unspecified","","N/unspecified","C:\Users\shree\Documents\git projects\ibosssagar\app105-source\business-insights-live-export\f105\application\pages\page_00056.sql"
"57","Industry Sector Master","INDUSTRY-SECTOR-MASTER","General Masters / Setup","Master entry","MODAL","3","13","1","9","11","31","0","6","0","0","0","0","0","0","0","2","0","0","Default/unspecified","","N/unspecified","C:\Users\shree\Documents\git projects\ibosssagar\app105-source\business-insights-live-export\f105\application\pages\page_00057.sql"
"58","Item Master List","ITEM-MASTER-LIST","General Masters / Setup","List / report / enquiry","Normal","2","4","1","3","1","1","0","0","0","0","0","0","1","0","0","0","0","0","Default/unspecified","","N/unspecified","C:\Users\shree\Documents\git projects\ibosssagar\app105-source\business-insights-live-export\f105\application\pages\page_00058.sql"
"59","Item Master","ITEM-MASTER","General Masters / Setup","Master entry","Normal","11","62","7","9","12","32","0","11","0","0","1","2","0","1","4","2","0","2","Default/unspecified","","N/unspecified","C:\Users\shree\Documents\git projects\ibosssagar\app105-source\business-insights-live-export\f105\application\pages\page_00059.sql"
"60","Item Class List","ITEM-CLASS-LIST","Cross-module / Other","List / report / enquiry","Normal","1","0","0","2","2","2","0","0","0","0","0","0","1","0","0","0","0","0","Default/unspecified","","N/unspecified","C:\Users\shree\Documents\git projects\ibosssagar\app105-source\business-insights-live-export\f105\application\pages\page_00060.sql"
"61","Item Class Master","ITEM-CLASS-MASTER","General Masters / Setup","Master entry","MODAL","3","18","1","9","10","30","0","6","0","0","0","0","0","0","0","2","0","0","Default/unspecified","","N/unspecified","C:\Users\shree\Documents\git projects\ibosssagar\app105-source\business-insights-live-export\f105\application\pages\page_00061.sql"
"62","Party Detail Party Attribute","PARTY-DETAIL-PARTY-ATTRIBUTE","General Masters / Setup","Transaction / entry form","MODAL","2","9","0","4","1","1","0","3","0","0","0","0","0","0","0","0","0","0","Default/unspecified","","N/unspecified","C:\Users\shree\Documents\git projects\ibosssagar\app105-source\business-insights-live-export\f105\application\pages\page_00062.sql"
"63","Attachment","PARTY-DETAIL-PARTY-ATTACHMENT","Cross-module / Other","Transaction / entry form","MODAL","2","9","0","4","1","1","0","4","0","0","0","0","0","0","0","0","0","0","Default/unspecified","","N/unspecified","C:\Users\shree\Documents\git projects\ibosssagar\app105-source\business-insights-live-export\f105\application\pages\page_00063.sql"
"64","Item Nature List","ITEM-NATURE-LIST","Cross-module / Other","List / report / enquiry","Normal","1","0","0","2","2","2","0","0","0","0","0","0","1","0","0","0","0","0","Default/unspecified","","N/unspecified","C:\Users\shree\Documents\git projects\ibosssagar\app105-source\business-insights-live-export\f105\application\pages\page_00064.sql"
"65","Item Nature Master","ITEM-NATURE-MASTER","General Masters / Setup","Master entry","MODAL","3","22","1","9","10","30","0","6","0","0","0","0","0","0","0","2","0","0","Default/unspecified","","N/unspecified","C:\Users\shree\Documents\git projects\ibosssagar\app105-source\business-insights-live-export\f105\application\pages\page_00065.sql"
"66","Account Opening List","ACCOUNT-OPENING-LIST","Finance & Accounts","List / report / enquiry","Normal","1","0","0","2","1","1","0","0","0","0","0","0","1","0","0","0","0","0","Default/unspecified","","N/unspecified","C:\Users\shree\Documents\git projects\ibosssagar\app105-source\business-insights-live-export\f105\application\pages\page_00066.sql"
"67","Account Opening","ACCOUNT-OPENING","Finance & Accounts","Transaction / entry form","MODAL","2","40","4","10","13","35","0","11","0","0","0","0","0","0","0","1","0","0","Default/unspecified","","N/unspecified","C:\Users\shree\Documents\git projects\ibosssagar\app105-source\business-insights-live-export\f105\application\pages\page_00067.sql"
"68","Material In Register","MATERIAL-IN-REGISTER","Procure to Pay / Purchase","List / report / enquiry","Normal","2","15","4","5","4","5","0","1","0","0","0","0","1","0","0","0","0","0","N","","N/unspecified","C:\Users\shree\Documents\git projects\ibosssagar\app105-source\business-insights-live-export\f105\application\pages\page_00068.sql"
"69","Material In","MATERIAL-IN","Procure to Pay / Purchase","Transaction / entry form","Normal","12","85","3","13","47","79","0","21","0","0","1","3","1","1","31","1","1","1","N","","N/unspecified","C:\Users\shree\Documents\git projects\ibosssagar\app105-source\business-insights-live-export\f105\application\pages\page_00069.sql"
"70","Party Type List","PARTY-TYPE-LIST","General Masters / Setup","List / report / enquiry","Normal","1","0","0","2","2","2","0","0","0","0","0","0","1","0","0","0","0","0","Default/unspecified","","N/unspecified","C:\Users\shree\Documents\git projects\ibosssagar\app105-source\business-insights-live-export\f105\application\pages\page_00070.sql"
"71","Party Type Master","PARTY-TYPE-MASTER","General Masters / Setup","Master entry","MODAL","3","12","1","9","11","31","0","6","0","0","0","0","0","0","0","2","0","0","Default/unspecified","","N/unspecified","C:\Users\shree\Documents\git projects\ibosssagar\app105-source\business-insights-live-export\f105\application\pages\page_00071.sql"
"72","Packing Type List","PACKING-TYPE-LIST","Cross-module / Other","List / report / enquiry","Normal","1","0","0","2","2","2","0","0","0","0","0","0","1","0","0","0","0","0","Default/unspecified","","N/unspecified","C:\Users\shree\Documents\git projects\ibosssagar\app105-source\business-insights-live-export\f105\application\pages\page_00072.sql"
"73","Packing Type Master","PACKING-TYPE-MASTER","General Masters / Setup","Master entry","MODAL","3","18","0","9","10","30","0","6","0","0","0","0","0","0","0","2","0","0","Default/unspecified","","N/unspecified","C:\Users\shree\Documents\git projects\ibosssagar\app105-source\business-insights-live-export\f105\application\pages\page_00073.sql"
"74","Module Doc Type List","MODULE-DOC-TYPE-LIST","Cross-module / Other","List / report / enquiry","Normal","1","0","0","2","2","2","0","0","0","0","0","0","1","0","0","0","0","0","Default/unspecified","","N/unspecified","C:\Users\shree\Documents\git projects\ibosssagar\app105-source\business-insights-live-export\f105\application\pages\page_00074.sql"
"75","Module Doc Type Master","MODULE-DOC-TYPE-MASTER","General Masters / Setup","Master entry","MODAL","4","13","1","9","9","29","0","7","0","0","0","1","0","0","1","2","0","0","Default/unspecified","","N/unspecified","C:\Users\shree\Documents\git projects\ibosssagar\app105-source\business-insights-live-export\f105\application\pages\page_00075.sql"
"76","Module Location List","MODULE-LOCATION-LIST","General Masters / Setup","List / report / enquiry","Normal","1","0","0","2","2","2","0","0","0","0","0","0","1","0","0","0","0","0","Default/unspecified","","N/unspecified","C:\Users\shree\Documents\git projects\ibosssagar\app105-source\business-insights-live-export\f105\application\pages\page_00076.sql"
"77","Module Location Master","MODULE-LOCATION-MASTER","General Masters / Setup","Master entry","MODAL","4","13","0","9","9","29","0","7","0","0","0","1","0","0","1","2","0","0","Default/unspecified","","N/unspecified","C:\Users\shree\Documents\git projects\ibosssagar\app105-source\business-insights-live-export\f105\application\pages\page_00077.sql"
"78","Freight Type List","FREIGHT-TYPE-LIST","Freight / Logistics","List / report / enquiry","Normal","1","0","0","2","2","2","0","0","0","0","0","0","1","0","0","0","0","0","Default/unspecified","","N/unspecified","C:\Users\shree\Documents\git projects\ibosssagar\app105-source\business-insights-live-export\f105\application\pages\page_00078.sql"
"79","Freight Type Master","FREIGHT-TYPE-MASTER","Freight / Logistics","Master entry","MODAL","3","15","1","9","11","31","0","6","0","0","0","0","0","0","0","2","0","0","Default/unspecified","","N/unspecified","C:\Users\shree\Documents\git projects\ibosssagar\app105-source\business-insights-live-export\f105\application\pages\page_00079.sql"
"80","BOSS User List","BOSS-USER-LIST","Cross-module / Other","List / report / enquiry","Normal","1","0","0","2","2","2","0","0","0","0","0","0","1","0","0","0","0","0","Default/unspecified","","N/unspecified","C:\Users\shree\Documents\git projects\ibosssagar\app105-source\business-insights-live-export\f105\application\pages\page_00080.sql"
"81","BOSS User Master","BOSS-USER-MASTER","General Masters / Setup","Master entry","Normal","4","26","0","9","12","32","0","7","1","0","1","1","0","0","1","2","0","0","Default/unspecified","","N/unspecified","C:\Users\shree\Documents\git projects\ibosssagar\app105-source\business-insights-live-export\f105\application\pages\page_00081.sql"
"82","Department List","DEPARTMENT-LIST","General Masters / Setup","List / report / enquiry","Normal","1","0","0","2","3","3","0","0","0","0","0","0","1","0","0","0","0","0","Default/unspecified","","N/unspecified","C:\Users\shree\Documents\git projects\ibosssagar\app105-source\business-insights-live-export\f105\application\pages\page_00082.sql"
"83","Department Master","DEPARTMENT-MASTER","General Masters / Setup","Master entry","MODAL","3","18","2","9","11","31","0","6","0","0","0","0","0","0","0","2","0","0","Default/unspecified","","N/unspecified","C:\Users\shree\Documents\git projects\ibosssagar\app105-source\business-insights-live-export\f105\application\pages\page_00083.sql"
"84","Employee List","EMPLOYEE-LIST","Hire to Retire / HR & Payroll","List / report / enquiry","Normal","2","6","0","3","3","3","0","0","0","0","0","0","1","0","0","0","0","0","Default/unspecified","","N/unspecified","C:\Users\shree\Documents\git projects\ibosssagar\app105-source\business-insights-live-export\f105\application\pages\page_00084.sql"
"85","Employee Master","EMPLOYEE-MASTER1","Hire to Retire / HR & Payroll","Master entry","Normal","21","113","29","11","18","39","0","14","0","0","1","8","2","2","0","1","0","0","N","","N/unspecified","C:\Users\shree\Documents\git projects\ibosssagar\app105-source\business-insights-live-export\f105\application\pages\page_00085.sql"
"86","Designation List","DESIGNATION-LIST","General Masters / Setup","List / report / enquiry","Normal","1","0","0","2","3","3","0","0","0","0","0","0","1","0","0","0","0","0","Default/unspecified","","N/unspecified","C:\Users\shree\Documents\git projects\ibosssagar\app105-source\business-insights-live-export\f105\application\pages\page_00086.sql"
"87","Designation Master","DESIGNATION-MASTER","General Masters / Setup","Master entry","MODAL","4","14","2","9","8","3","0","6","0","0","0","0","0","0","0","0","0","0","Default/unspecified","","N/unspecified","C:\Users\shree\Documents\git projects\ibosssagar\app105-source\business-insights-live-export\f105\application\pages\page_00087.sql"
"88","Vehicle Type List","VEHICLE-TYPE-LIST","Freight / Logistics","List / report / enquiry","Normal","1","0","0","2","2","2","0","0","0","0","0","0","1","0","0","0","0","0","Default/unspecified","","N/unspecified","C:\Users\shree\Documents\git projects\ibosssagar\app105-source\business-insights-live-export\f105\application\pages\page_00088.sql"
"89","Vehicle Type Master","VEHICLE-TYPE-MASTER","Freight / Logistics","Master entry","MODAL","3","16","2","9","11","31","0","6","0","0","0","0","0","0","0","2","0","0","Default/unspecified","","N/unspecified","C:\Users\shree\Documents\git projects\ibosssagar\app105-source\business-insights-live-export\f105\application\pages\page_00089.sql"
"90","Company Vehicle List","COMPANY-VEHICLE-LIST","Freight / Logistics","List / report / enquiry","Normal","1","0","0","2","2","2","0","0","0","0","0","0","1","0","0","0","0","0","Default/unspecified","","N/unspecified","C:\Users\shree\Documents\git projects\ibosssagar\app105-source\business-insights-live-export\f105\application\pages\page_00090.sql"
"91","Company Vehicle Master","COMPANY-VEHICLE-MASTER","Freight / Logistics","Master entry","MODAL","3","26","4","9","13","33","0","6","0","0","0","0","0","0","0","2","0","0","Default/unspecified","","N/unspecified","C:\Users\shree\Documents\git projects\ibosssagar\app105-source\business-insights-live-export\f105\application\pages\page_00091.sql"
"92","Footer Account List","FOOTER-ACCOUNT-LIST","Finance & Accounts","List / report / enquiry","Normal","1","0","0","2","2","2","0","0","0","0","0","0","1","0","0","0","0","0","Default/unspecified","","N/unspecified","C:\Users\shree\Documents\git projects\ibosssagar\app105-source\business-insights-live-export\f105\application\pages\page_00092.sql"
"93","Footer Account Master","FOOTER-ACCOUNT-MASTER","Finance & Accounts","Master entry","MODAL","3","30","1","9","11","31","0","6","0","0","0","0","0","0","0","2","0","0","Default/unspecified","","N/unspecified","C:\Users\shree\Documents\git projects\ibosssagar\app105-source\business-insights-live-export\f105\application\pages\page_00093.sql"
"94","Service Type List","JOB-TYPE-LIST","Job & Services","List / report / enquiry","Normal","1","0","0","2","2","2","0","0","0","0","0","0","1","0","0","0","0","0","Default/unspecified","","N/unspecified","C:\Users\shree\Documents\git projects\ibosssagar\app105-source\business-insights-live-export\f105\application\pages\page_00094.sql"
"95","Service Type Master","JOB-TYPE-MASTER","Job & Services","Master entry","MODAL","3","25","2","9","10","30","0","6","0","0","0","0","0","0","0","2","0","0","Default/unspecified","","N/unspecified","C:\Users\shree\Documents\git projects\ibosssagar\app105-source\business-insights-live-export\f105\application\pages\page_00095.sql"
"96","Group Of Party List","GROUP-OF-PARTY-LIST","General Masters / Setup","List / report / enquiry","Normal","1","0","0","2","2","2","0","0","0","0","0","0","1","0","0","0","0","0","Default/unspecified","","N/unspecified","C:\Users\shree\Documents\git projects\ibosssagar\app105-source\business-insights-live-export\f105\application\pages\page_00096.sql"
"97","Group Of Party Master","GROUP-OF-PARTY-MASTER","General Masters / Setup","Master entry","MODAL","4","13","1","9","10","30","0","7","0","0","0","1","0","0","0","2","0","0","Default/unspecified","","N/unspecified","C:\Users\shree\Documents\git projects\ibosssagar\app105-source\business-insights-live-export\f105\application\pages\page_00097.sql"
"98","Service Type Account List","JOB-TYPE-ACCOUNT-LIST","Finance & Accounts","List / report / enquiry","Normal","1","0","0","2","2","2","0","0","0","0","0","0","1","0","0","0","0","0","Default/unspecified","","N/unspecified","C:\Users\shree\Documents\git projects\ibosssagar\app105-source\business-insights-live-export\f105\application\pages\page_00098.sql"
"99","Service Type Account Master","JOB-TYPE-ACCOUNT-MASTER","Finance & Accounts","Master entry","MODAL","3","20","6","9","9","29","0","6","0","0","0","0","0","0","0","2","0","0","Default/unspecified","","N/unspecified","C:\Users\shree\Documents\git projects\ibosssagar\app105-source\business-insights-live-export\f105\application\pages\page_00099.sql"
"100","item specification master copy","ITEM-SPECIFICATION-MASTER-COPY","General Masters / Setup","Master entry","Normal","2","7","0","0","1","1","0","0","0","0","0","1","0","0","0","0","0","0","Default/unspecified","","N/unspecified","C:\Users\shree\Documents\git projects\ibosssagar\app105-source\business-insights-live-export\f105\application\pages\page_00100.sql"
"101","Footer Head List","FOOTER-HEAD-LIST","Cross-module / Other","List / report / enquiry","Normal","1","0","0","2","2","2","0","0","0","0","0","0","1","0","0","0","0","0","Default/unspecified","","N/unspecified","C:\Users\shree\Documents\git projects\ibosssagar\app105-source\business-insights-live-export\f105\application\pages\page_00101.sql"
"102","Footer Head Master","FOOTER-HEAD-MASTER","General Masters / Setup","Master entry","MODAL","3","22","0","9","11","31","0","6","0","0","0","0","0","0","0","2","0","0","Default/unspecified","","N/unspecified","C:\Users\shree\Documents\git projects\ibosssagar\app105-source\business-insights-live-export\f105\application\pages\page_00102.sql"
"103","Employee List","EMPLOYEE-LIST1","Hire to Retire / HR & Payroll","List / report / enquiry","Normal","1","0","0","2","4","4","0","0","0","0","0","0","1","0","0","0","0","0","Default/unspecified","","N/unspecified","C:\Users\shree\Documents\git projects\ibosssagar\app105-source\business-insights-live-export\f105\application\pages\page_00103.sql"
"104","Employee Master","EMPLOYEE-MASTER2","Hire to Retire / HR & Payroll","Master entry","MODAL","3","111","1","9","12","32","0","6","0","0","0","0","0","0","0","2","0","0","Default/unspecified","","N/unspecified","C:\Users\shree\Documents\git projects\ibosssagar\app105-source\business-insights-live-export\f105\application\pages\page_00104.sql"
"105","Item Make List","ITEM-MAKE-LIST","Cross-module / Other","List / report / enquiry","Normal","1","0","0","2","2","2","0","0","0","0","0","0","1","0","0","0","0","0","Default/unspecified","","N/unspecified","C:\Users\shree\Documents\git projects\ibosssagar\app105-source\business-insights-live-export\f105\application\pages\page_00105.sql"
"106","Item Make Master","ITEM-MAKE-MASTER","General Masters / Setup","Master entry","MODAL","3","13","1","9","11","31","0","6","0","0","0","0","0","0","0","2","0","0","Default/unspecified","","N/unspecified","C:\Users\shree\Documents\git projects\ibosssagar\app105-source\business-insights-live-export\f105\application\pages\page_00106.sql"
"107","Indent Register","INDENT-REGISTER","Procure to Pay / Purchase","List / report / enquiry","Normal","2","18","2","7","9","23","0","1","0","0","0","0","1","0","3","0","0","0","N","","N/unspecified","C:\Users\shree\Documents\git projects\ibosssagar\app105-source\business-insights-live-export\f105\application\pages\page_00107.sql"
"108","Indent","INDENT","Procure to Pay / Purchase","Transaction / entry form","Normal","7","41","4","13","46","73","0","13","0","0","1","2","1","1","5","3","0","1","N","","N/unspecified","C:\Users\shree\Documents\git projects\ibosssagar\app105-source\business-insights-live-export\f105\application\pages\page_00108.sql"
"109","My Parameter List","MY-PARAMETER-LIST","Cross-module / Other","List / report / enquiry","Normal","1","0","0","2","2","2","0","0","0","0","0","0","1","0","0","0","0","0","Default/unspecified","","N/unspecified","C:\Users\shree\Documents\git projects\ibosssagar\app105-source\business-insights-live-export\f105\application\pages\page_00109.sql"
"110","My Parameter Master","MY-PARAMETER-MASTER","General Masters / Setup","Master entry","MODAL","3","15","0","9","12","32","0","6","0","0","0","0","0","0","0","2","0","0","Default/unspecified","","N/unspecified","C:\Users\shree\Documents\git projects\ibosssagar\app105-source\business-insights-live-export\f105\application\pages\page_00110.sql"
"111","Quality List","QUALITY-LIST","Cross-module / Other","List / report / enquiry","Normal","1","0","0","2","2","2","0","0","0","0","0","0","1","0","0","0","0","0","Default/unspecified","","N/unspecified","C:\Users\shree\Documents\git projects\ibosssagar\app105-source\business-insights-live-export\f105\application\pages\page_00111.sql"
"112","Quality Master","QUALITY-MASTER","General Masters / Setup","Master entry","MODAL","3","16","1","9","12","32","0","6","0","0","0","0","0","0","0","2","0","0","Default/unspecified","","N/unspecified","C:\Users\shree\Documents\git projects\ibosssagar\app105-source\business-insights-live-export\f105\application\pages\page_00112.sql"
"113","Quality Type List","QUALITY-TYPE-LIST","Cross-module / Other","List / report / enquiry","Normal","1","0","0","2","2","2","0","0","0","0","0","0","1","0","0","0","0","0","Default/unspecified","","N/unspecified","C:\Users\shree\Documents\git projects\ibosssagar\app105-source\business-insights-live-export\f105\application\pages\page_00113.sql"
"114","Quality Type Master","QUALITY-TYPE-MASTER","General Masters / Setup","Master entry","MODAL","3","14","1","9","11","31","0","6","0","0","0","0","0","0","0","2","0","0","Default/unspecified","","N/unspecified","C:\Users\shree\Documents\git projects\ibosssagar\app105-source\business-insights-live-export\f105\application\pages\page_00114.sql"
"115","Item Quality List","ITEM-QUALITY-LIST","Cross-module / Other","List / report / enquiry","Normal","1","0","0","2","2","2","0","0","0","0","0","0","1","0","0","0","0","0","Default/unspecified","","N/unspecified","C:\Users\shree\Documents\git projects\ibosssagar\app105-source\business-insights-live-export\f105\application\pages\page_00115.sql"
"116","Item Quality Master","ITEM-QUALITY-MASTER","General Masters / Setup","Master entry","MODAL","3","26","1","9","9","29","0","5","0","0","0","0","0","0","0","2","0","0","Default/unspecified","","N/unspecified","C:\Users\shree\Documents\git projects\ibosssagar\app105-source\business-insights-live-export\f105\application\pages\page_00116.sql"
"117","Purchase Order List","PURCHASE-ORDER-LIST","Procure to Pay / Purchase","List / report / enquiry","Normal","2","15","0","4","3","3","0","0","0","0","0","0","1","0","0","0","0","0","Default/unspecified","","N/unspecified","C:\Users\shree\Documents\git projects\ibosssagar\app105-source\business-insights-live-export\f105\application\pages\page_00117.sql"
"118","Purchase Order","PURCHASE-ORDER","Procure to Pay / Purchase","Transaction / entry form","Normal","24","118","10","20","71","122","0","32","0","0","1","4","1","1","40","6","0","1","N","","N/unspecified","C:\Users\shree\Documents\git projects\ibosssagar\app105-source\business-insights-live-export\f105\application\pages\page_00118.sql"
"119","Cost Centre List","COST-CENTRE-LIST","Cross-module / Other","List / report / enquiry","Normal","1","0","0","2","2","2","0","0","0","0","0","0","1","0","0","0","0","0","Default/unspecified","","N/unspecified","C:\Users\shree\Documents\git projects\ibosssagar\app105-source\business-insights-live-export\f105\application\pages\page_00119.sql"
"120","Cost Centre Master","COST-CENTRE-MASTER","General Masters / Setup","Master entry","MODAL","3","15","2","9","11","31","0","6","0","0","0","0","0","0","0","2","0","0","Default/unspecified","","N/unspecified","C:\Users\shree\Documents\git projects\ibosssagar\app105-source\business-insights-live-export\f105\application\pages\page_00120.sql"
"121","Currency Unit List","CURRENCY-UNIT-LIST","General Masters / Setup","List / report / enquiry","Normal","1","0","0","2","2","2","0","0","0","0","0","0","1","0","0","0","0","0","Default/unspecified","","N/unspecified","C:\Users\shree\Documents\git projects\ibosssagar\app105-source\business-insights-live-export\f105\application\pages\page_00121.sql"
"122","Currency Unit Master","CURRENCY-UNIT-MASTER","General Masters / Setup","Master entry","MODAL","3","18","1","9","10","30","0","6","0","0","0","0","0","0","0","2","0","0","Default/unspecified","","N/unspecified","C:\Users\shree\Documents\git projects\ibosssagar\app105-source\business-insights-live-export\f105\application\pages\page_00122.sql"
"123","Bank List","BANK-LIST","Finance & Accounts","List / report / enquiry","Normal","1","0","0","2","2","2","0","0","0","0","0","0","1","0","0","0","0","0","Default/unspecified","","N/unspecified","C:\Users\shree\Documents\git projects\ibosssagar\app105-source\business-insights-live-export\f105\application\pages\page_00123.sql"
"124","Bank Master","BANK-MASTER","Finance & Accounts","Master entry","MODAL","3","21","1","9","11","31","0","6","0","0","0","0","0","0","0","2","0","0","Default/unspecified","","N/unspecified","C:\Users\shree\Documents\git projects\ibosssagar\app105-source\business-insights-live-export\f105\application\pages\page_00124.sql"
"125","Account Day Book","ACCOUNT-DAY-BOOK","Finance & Accounts","Transaction / entry form","Normal","2","11","0","2","3","3","0","1","0","0","0","0","1","0","0","0","0","0","N","","N/unspecified","C:\Users\shree\Documents\git projects\ibosssagar\app105-source\business-insights-live-export\f105\application\pages\page_00125.sql"
"126","On The table","ON-THE-TABLE","Cross-module / Other","Utility / navigation / other","Normal","2","2","0","1","0","0","0","0","0","0","0","0","0","0","0","0","0","0","Default/unspecified","","N/unspecified","C:\Users\shree\Documents\git projects\ibosssagar\app105-source\business-insights-live-export\f105\application\pages\page_00126.sql"
"127","Storage Location List","STORAGE-LOCATION-LIST","General Masters / Setup","List / report / enquiry","Normal","1","0","0","2","2","2","0","0","0","0","0","0","1","0","0","0","0","0","Default/unspecified","","N/unspecified","C:\Users\shree\Documents\git projects\ibosssagar\app105-source\business-insights-live-export\f105\application\pages\page_00127.sql"
"128","Storage Location Master","STORAGE-LOCATION-MASTER","General Masters / Setup","Master entry","MODAL","3","18","1","9","9","29","0","7","0","0","0","0","0","0","0","2","0","0","Default/unspecified","","N/unspecified","C:\Users\shree\Documents\git projects\ibosssagar\app105-source\business-insights-live-export\f105\application\pages\page_00128.sql"
"129","Requisition Register","REQUISITION-REGISTER","Cross-module / Other","List / report / enquiry","Normal","2","13","2","5","2","2","0","0","0","0","0","0","1","0","0","0","0","0","N","","N/unspecified","C:\Users\shree\Documents\git projects\ibosssagar\app105-source\business-insights-live-export\f105\application\pages\page_00129.sql"
"130","Requisition Master","REQUISITION-MASTER","General Masters / Setup","Master entry","Normal","7","35","3","11","34","54","0","9","0","0","1","2","1","1","6","1","0","1","Default/unspecified","","N/unspecified","C:\Users\shree\Documents\git projects\ibosssagar\app105-source\business-insights-live-export\f105\application\pages\page_00130.sql"
"131","Get API Data","GET-API-DATA","Cross-module / Other","Grid / report page","Normal","2","1","0","1","3","3","0","0","0","0","0","1","0","0","0","0","0","0","Default/unspecified","","N/unspecified","C:\Users\shree\Documents\git projects\ibosssagar\app105-source\business-insights-live-export\f105\application\pages\page_00131.sql"
"132","Weighment  List","WEIGHMENT-LIST","Cross-module / Other","List / report / enquiry","Normal","1","1","0","2","1","1","0","0","0","0","0","0","1","0","0","0","0","0","Default/unspecified","","N/unspecified","C:\Users\shree\Documents\git projects\ibosssagar\app105-source\business-insights-live-export\f105\application\pages\page_00132.sql"
"133","Weighment","WEIGHMENT","Cross-module / Other","Transaction / entry form","Normal","4","46","2","9","20","38","0","7","0","0","1","0","0","0","0","1","0","0","Default/unspecified","","N/unspecified","C:\Users\shree\Documents\git projects\ibosssagar\app105-source\business-insights-live-export\f105\application\pages\page_00133.sql"
"134","E-Invoice Report","E-INVOICE-REPORT","Order to Cash / Sales","List / report / enquiry","Normal","1","0","0","3","0","0","0","0","0","0","0","0","1","0","0","0","0","0","Default/unspecified","","N/unspecified","C:\Users\shree\Documents\git projects\ibosssagar\app105-source\business-insights-live-export\f105\application\pages\page_00134.sql"
"135","User Privilege","USER-PRIVILEGE","Cross-module / Other","Grid / report page","Normal","2","5","0","2","2","2","0","0","0","0","0","0","1","0","0","0","0","0","Default/unspecified","","N/unspecified","C:\Users\shree\Documents\git projects\ibosssagar\app105-source\business-insights-live-export\f105\application\pages\page_00135.sql"
"136","User Privilege","USER-PRIVILEGE1","Cross-module / Other","Transaction / entry form","Normal","2","28","0","9","14","23","0","2","9","0","1","0","0","0","0","1","0","0","Default/unspecified","","N/unspecified","C:\Users\shree\Documents\git projects\ibosssagar\app105-source\business-insights-live-export\f105\application\pages\page_00136.sql"
"137","Issue Register","ISSUE-REGISTER","Cross-module / Other","List / report / enquiry","Normal","2","14","0","4","2","2","0","1","0","0","0","0","1","0","0","0","0","0","N","","N/unspecified","C:\Users\shree\Documents\git projects\ibosssagar\app105-source\business-insights-live-export\f105\application\pages\page_00137.sql"
"138","Issue","ISSUE-MASTER","Cross-module / Other","Transaction / entry form","Normal","8","37","6","12","38","72","0","13","0","0","1","3","1","1","10","1","0","1","Default/unspecified","","N/unspecified","C:\Users\shree\Documents\git projects\ibosssagar\app105-source\business-insights-live-export\f105\application\pages\page_00138.sql"
"139","Payment Advice Register","PAYMENT-ADVICE-REGISTER","Procure to Pay / Purchase","List / report / enquiry","Normal","2","11","2","4","3","3","0","0","0","0","0","0","1","0","0","0","0","0","N","","N/unspecified","C:\Users\shree\Documents\git projects\ibosssagar\app105-source\business-insights-live-export\f105\application\pages\page_00139.sql"
"140","Payment Advice","PAYMENT-ADVICE-MASTER","Procure to Pay / Purchase","Transaction / entry form","Normal","8","108","1","11","36","58","0","18","0","0","1","1","1","1","4","1","0","0","N","","N/unspecified","C:\Users\shree\Documents\git projects\ibosssagar\app105-source\business-insights-live-export\f105\application\pages\page_00140.sql"
"141","Stock  Division Wise","STOCK-DIVISION-WISE","Inventory Control","Grid / report page","Normal","2","9","3","3","1","1","0","0","0","0","0","0","1","0","0","0","0","0","Default/unspecified","","N/unspecified","C:\Users\shree\Documents\git projects\ibosssagar\app105-source\business-insights-live-export\f105\application\pages\page_00141.sql"
"142","Purchase Bill Register","PURCHASE-BILL-REGISTER","Procure to Pay / Purchase","List / report / enquiry","Normal","2","10","2","5","3","3","0","1","0","0","0","0","1","0","0","0","0","0","N","","N/unspecified","C:\Users\shree\Documents\git projects\ibosssagar\app105-source\business-insights-live-export\f105\application\pages\page_00142.sql"
"143","Purchase Bill","PURCHASE-BILL","Procure to Pay / Purchase","Transaction / entry form","Normal","21","68","11","18","62","166","2","16","0","0","1","5","1","1","66","10","0","1","N","","N/unspecified","C:\Users\shree\Documents\git projects\ibosssagar\app105-source\business-insights-live-export\f105\application\pages\page_00143.sql"
"144","Stock Storage Location Wise","STOCK-STORAGE-LOCATION-WISE","Inventory Control","Grid / report page","Normal","2","9","3","3","1","1","0","0","0","0","0","0","1","0","0","0","0","0","Default/unspecified","","N/unspecified","C:\Users\shree\Documents\git projects\ibosssagar\app105-source\business-insights-live-export\f105\application\pages\page_00144.sql"
"145","GRN Register","GRN-REGISTER","Procure to Pay / Purchase","List / report / enquiry","Normal","2","16","2","5","3","3","0","1","0","0","0","0","1","0","0","0","0","0","N","","N/unspecified","C:\Users\shree\Documents\git projects\ibosssagar\app105-source\business-insights-live-export\f105\application\pages\page_00145.sql"
"146","GRN","GRN","Procure to Pay / Purchase","Transaction / entry form","Normal","15","78","7","15","71","109","0","20","0","0","1","5","1","1","32","3","3","1","N","","N/unspecified","C:\Users\shree\Documents\git projects\ibosssagar\app105-source\business-insights-live-export\f105\application\pages\page_00146.sql"
"147","PO Amendment Register","PO-AMENDMENT-REGISTER","Cross-module / Other","List / report / enquiry","Normal","2","10","2","5","3","3","0","1","0","0","0","0","1","0","0","0","0","0","N","","N/unspecified","C:\Users\shree\Documents\git projects\ibosssagar\app105-source\business-insights-live-export\f105\application\pages\page_00147.sql"
"148","PO Amendment","PO-AMENDMENT-MASTER","Cross-module / Other","Transaction / entry form","Normal","15","43","0","14","36","63","0","16","0","0","1","5","1","1","26","2","0","1","Default/unspecified","","N/unspecified","C:\Users\shree\Documents\git projects\ibosssagar\app105-source\business-insights-live-export\f105\application\pages\page_00148.sql"
"149","Issue Return List","ISSUE-RETURN-LIST","Cross-module / Other","List / report / enquiry","Normal","2","12","2","4","1","1","0","0","0","0","0","0","1","0","0","0","0","0","Default/unspecified","","N/unspecified","C:\Users\shree\Documents\git projects\ibosssagar\app105-source\business-insights-live-export\f105\application\pages\page_00149.sql"
"150","Issue Return Master","ISSUE-RETURN-MASTER","General Masters / Setup","Master entry","Normal","8","36","3","11","23","44","0","12","0","0","1","3","1","1","12","1","0","1","Default/unspecified","","N/unspecified","C:\Users\shree\Documents\git projects\ibosssagar\app105-source\business-insights-live-export\f105\application\pages\page_00150.sql"
"151","Purchase Bill Pass Register","PURCHASE-BILL-PASS-REGISTER","Procure to Pay / Purchase","List / report / enquiry","Normal","2","12","2","5","5","5","0","1","0","0","0","0","1","0","0","0","0","0","N","","N/unspecified","C:\Users\shree\Documents\git projects\ibosssagar\app105-source\business-insights-live-export\f105\application\pages\page_00151.sql"
"152","Purchase Bill Pass","PURCHASE-BILL-PASS","Procure to Pay / Purchase","Transaction / entry form","Normal","18","113","0","19","72","138","0","21","0","0","1","6","1","1","42","5","0","1","N","","N/unspecified","C:\Users\shree\Documents\git projects\ibosssagar\app105-source\business-insights-live-export\f105\application\pages\page_00152.sql"
"153","Voucher List","VOUCHER-LIST","Finance & Accounts","List / report / enquiry","Normal","2","6","0","3","6","7","0","0","0","0","0","1","0","0","0","0","0","0","Default/unspecified","","N/unspecified","C:\Users\shree\Documents\git projects\ibosssagar\app105-source\business-insights-live-export\f105\application\pages\page_00153.sql"
"154","Loading Advice List","LOADING-ADVICE-LIST","Freight / Logistics","List / report / enquiry","Normal","2","16","0","4","4","4","0","0","0","0","0","0","1","0","0","0","0","0","Default/unspecified","","N/unspecified","C:\Users\shree\Documents\git projects\ibosssagar\app105-source\business-insights-live-export\f105\application\pages\page_00154.sql"
"155","Loading Advice","LOADING-ADVICE","Freight / Logistics","Transaction / entry form","Normal","12","50","8","12","41","87","0","14","0","0","1","1","0","1","19","1","1","1","N","","N/unspecified","C:\Users\shree\Documents\git projects\ibosssagar\app105-source\business-insights-live-export\f105\application\pages\page_00155.sql"
"156","Voucher","VOUCHER","Finance & Accounts","Transaction / entry form","Normal","7","47","0","12","31","67","0","14","0","0","1","4","0","0","5","0","1","1","Default/unspecified","","N/unspecified","C:\Users\shree\Documents\git projects\ibosssagar\app105-source\business-insights-live-export\f105\application\pages\page_00156.sql"
"157","test","TEST","Cross-module / Other","Utility / navigation / other","Normal","2","0","0","0","0","0","0","0","0","0","0","0","0","0","0","0","0","0","Default/unspecified","","N/unspecified","C:\Users\shree\Documents\git projects\ibosssagar\app105-source\business-insights-live-export\f105\application\pages\page_00157.sql"
"158","Debit Note List","DEBIT-NOTE-LIST","Cross-module / Other","List / report / enquiry","Normal","2","7","0","4","3","3","0","0","0","0","0","0","1","0","0","0","0","0","Default/unspecified","","N/unspecified","C:\Users\shree\Documents\git projects\ibosssagar\app105-source\business-insights-live-export\f105\application\pages\page_00158.sql"
"159","Debit Note","DEBIT-NOTE","Cross-module / Other","Transaction / entry form","Normal","16","92","8","15","60","121","0","25","0","0","1","5","0","1","25","5","1","2","Default/unspecified","","N/unspecified","C:\Users\shree\Documents\git projects\ibosssagar\app105-source\business-insights-live-export\f105\application\pages\page_00159.sql"
"160","Despatch Advice Register","DESPATCH-ADVICE-REGISTER","Order to Cash / Sales","List / report / enquiry","Normal","2","14","0","5","2","2","0","1","0","0","0","0","1","0","0","0","0","0","N","","N/unspecified","C:\Users\shree\Documents\git projects\ibosssagar\app105-source\business-insights-live-export\f105\application\pages\page_00160.sql"
"161","Despatch Advice","DESPATCH-ADVICE","Order to Cash / Sales","Transaction / entry form","Normal","5","42","9","11","27","63","0","9","0","0","1","1","0","1","10","3","1","1","Default/unspecified","","N/unspecified","C:\Users\shree\Documents\git projects\ibosssagar\app105-source\business-insights-live-export\f105\application\pages\page_00161.sql"
"162","Work Flow","WORK-FLOW","Cross-module / Other","Grid / report page","MODAL","1","1","0","1","1","1","0","0","0","0","0","1","0","0","0","0","0","0","Default/unspecified","","N/unspecified","C:\Users\shree\Documents\git projects\ibosssagar\app105-source\business-insights-live-export\f105\application\pages\page_00162.sql"
"163","PassFailRemark","PASSFAILREMARK","Cross-module / Other","Utility / navigation / other","MODAL","1","1","0","2","2","2","0","0","0","0","0","0","0","0","0","0","0","0","Default/unspecified","","N/unspecified","C:\Users\shree\Documents\git projects\ibosssagar\app105-source\business-insights-live-export\f105\application\pages\page_00163.sql"
"164","Status","STATUS","Cross-module / Other","Grid / report page","MODAL","1","2","0","1","2","3","0","0","0","0","0","1","0","0","0","0","0","0","Default/unspecified","","N/unspecified","C:\Users\shree\Documents\git projects\ibosssagar\app105-source\business-insights-live-export\f105\application\pages\page_00164.sql"
"165","Credit Note List","CREDIT-NOTE-LIST","Cross-module / Other","List / report / enquiry","Normal","2","7","0","4","1","1","0","0","0","0","0","0","1","0","0","0","0","0","Default/unspecified","","N/unspecified","C:\Users\shree\Documents\git projects\ibosssagar\app105-source\business-insights-live-export\f105\application\pages\page_00165.sql"
"166","Credit Note","CREDIT-NOTE","Cross-module / Other","Transaction / entry form","Normal","14","83","0","13","45","90","0","17","0","0","1","4","0","1","20","5","1","2","Default/unspecified","","N/unspecified","C:\Users\shree\Documents\git projects\ibosssagar\app105-source\business-insights-live-export\f105\application\pages\page_00166.sql"
"167","Material Out Register","MATERIAL-OUT-REGISTER","Cross-module / Other","List / report / enquiry","Normal","2","12","4","5","3","3","0","1","0","0","0","0","1","0","0","0","0","0","N","","N/unspecified","C:\Users\shree\Documents\git projects\ibosssagar\app105-source\business-insights-live-export\f105\application\pages\page_00167.sql"
"168","Material Out","MATERIAL-OUT","Cross-module / Other","Transaction / entry form","Normal","5","46","6","12","25","52","0","10","0","0","1","1","0","1","7","3","0","1","Default/unspecified","","N/unspecified","C:\Users\shree\Documents\git projects\ibosssagar\app105-source\business-insights-live-export\f105\application\pages\page_00168.sql"
"169","Pending Despatch Advice","PENDING-DESPATCH-ADVICE","Order to Cash / Sales","List / report / enquiry","MODAL","1","1","0","1","2","3","0","0","0","0","0","1","0","0","0","0","0","0","Default/unspecified","","N/unspecified","C:\Users\shree\Documents\git projects\ibosssagar\app105-source\business-insights-live-export\f105\application\pages\page_00169.sql"
"170","Sales Order Register","SALES-ORDER-REGISTER","Order to Cash / Sales","List / report / enquiry","Normal","2","16","0","5","4","4","0","1","0","0","0","0","1","0","0","0","0","0","N","","N/unspecified","C:\Users\shree\Documents\git projects\ibosssagar\app105-source\business-insights-live-export\f105\application\pages\page_00170.sql"
"171","Sales Order","SALES-ORDER","Order to Cash / Sales","Transaction / entry form","Normal","18","69","3","19","69","122","0","19","0","0","1","5","1","1","37","6","0","1","N","","N/unspecified","C:\Users\shree\Documents\git projects\ibosssagar\app105-source\business-insights-live-export\f105\application\pages\page_00171.sql"
"172","Terms & Condistion HeadList","TERMS-CONDISTION-HEADLIST","Cross-module / Other","List / report / enquiry","Normal","1","0","0","2","0","0","0","0","0","0","0","0","1","0","0","0","0","0","Default/unspecified","","N/unspecified","C:\Users\shree\Documents\git projects\ibosssagar\app105-source\business-insights-live-export\f105\application\pages\page_00172.sql"
"173","Terms & Condition","TERMS-CONDITION","Cross-module / Other","Transaction / entry form","Normal","4","14","1","9","6","18","0","5","0","0","1","1","0","0","0","3","0","0","Default/unspecified","","N/unspecified","C:\Users\shree\Documents\git projects\ibosssagar\app105-source\business-insights-live-export\f105\application\pages\page_00173.sql"
"174","CC Invoice Register","CC-INVOICE-REGISTER","Order to Cash / Sales","List / report / enquiry","Normal","2","19","2","5","3","3","0","1","0","0","0","0","1","0","0","0","0","0","N","","N/unspecified","C:\Users\shree\Documents\git projects\ibosssagar\app105-source\business-insights-live-export\f105\application\pages\page_00174.sql"
"175","CCInvoice","CCINVOICE","Order to Cash / Sales","Transaction / entry form","Normal","19","95","10","18","94","190","0","32","1","0","1","7","0","1","76","11","2","5","N","","N/unspecified","C:\Users\shree\Documents\git projects\ibosssagar\app105-source\business-insights-live-export\f105\application\pages\page_00175.sql"
"176","Tax Rule List","TAX-RULE-LIST","General Masters / Setup","List / report / enquiry","Normal","1","0","0","1","0","0","0","0","0","0","0","0","1","0","0","0","0","0","Default/unspecified","","N/unspecified","C:\Users\shree\Documents\git projects\ibosssagar\app105-source\business-insights-live-export\f105\application\pages\page_00176.sql"
"177","Tax Rule","TAX-RULE","General Masters / Setup","Transaction / entry form","Normal","8","18","0","9","7","17","0","7","0","0","1","4","0","1","4","1","0","1","Default/unspecified","","N/unspecified","C:\Users\shree\Documents\git projects\ibosssagar\app105-source\business-insights-live-export\f105\application\pages\page_00177.sql"
"178","Service Order List","JOB-ORDER-LIST","Job & Services","List / report / enquiry","Normal","2","10","2","4","3","3","0","0","0","0","0","0","1","0","0","0","0","0","Default/unspecified","","N/unspecified","C:\Users\shree\Documents\git projects\ibosssagar\app105-source\business-insights-live-export\f105\application\pages\page_00178.sql"
"179","Service Order","JOB-ORDER","Job & Services","Transaction / entry form","Normal","15","85","5","12","52","80","0","18","0","0","1","3","1","1","19","2","0","1","N","","N/unspecified","C:\Users\shree\Documents\git projects\ibosssagar\app105-source\business-insights-live-export\f105\application\pages\page_00179.sql"
"180","Kitting Unkitting","KITTING-UNKITTING1","Cross-module / Other","Transaction / entry form","Normal","2","10","2","4","3","3","0","1","0","0","0","0","1","0","0","0","0","0","Default/unspecified","","N/unspecified","C:\Users\shree\Documents\git projects\ibosssagar\app105-source\business-insights-live-export\f105\application\pages\page_00180.sql"
"181","Kitting Unkitting","KITTING-UNKITTING","Cross-module / Other","Transaction / entry form","Normal","9","62","6","13","44","98","0","21","1","0","3","4","0","1","16","3","1","3","Default/unspecified","","N/unspecified","C:\Users\shree\Documents\git projects\ibosssagar\app105-source\business-insights-live-export\f105\application\pages\page_00181.sql"
"182","E-Invoice","E-INVOICE","Order to Cash / Sales","Transaction / entry form","Normal","4","18","0","11","12","33","0","7","0","0","1","1","0","0","11","1","0","3","Default/unspecified","","N/unspecified","C:\Users\shree\Documents\git projects\ibosssagar\app105-source\business-insights-live-export\f105\application\pages\page_00182.sql"
"183","Sales GRN List","SALES-GRN-LIST","Order to Cash / Sales","List / report / enquiry","Normal","2","8","2","4","4","4","0","0","0","0","0","0","1","0","0","0","0","0","N","","N/unspecified","C:\Users\shree\Documents\git projects\ibosssagar\app105-source\business-insights-live-export\f105\application\pages\page_00183.sql"
"184","Sales GRN","SALES-GRN","Order to Cash / Sales","Transaction / entry form","Normal","10","71","2","12","47","87","0","15","0","0","1","3","0","1","18","6","0","1","N","","N/unspecified","C:\Users\shree\Documents\git projects\ibosssagar\app105-source\business-insights-live-export\f105\application\pages\page_00184.sql"
"185","Pending  Invoice For Sales GRN","PENDING-INVOICE-FOR-SALES-GRN","Order to Cash / Sales","List / report / enquiry","MODAL","1","1","0","1","2","3","0","0","0","0","0","1","0","0","0","0","0","0","Default/unspecified","","N/unspecified","C:\Users\shree\Documents\git projects\ibosssagar\app105-source\business-insights-live-export\f105\application\pages\page_00185.sql"
"186","Stock Transfer","STOCK-TRANSFER1","Inventory Control","Transaction / entry form","Normal","2","11","2","4","3","3","0","1","0","0","0","0","1","0","0","0","0","0","Default/unspecified","","N/unspecified","C:\Users\shree\Documents\git projects\ibosssagar\app105-source\business-insights-live-export\f105\application\pages\page_00186.sql"
"187","Stock Transfer","STOCK-TRANSFER","Inventory Control","Transaction / entry form","Normal","5","36","9","11","18","38","0","9","0","0","1","2","0","0","5","1","0","1","Default/unspecified","","N/unspecified","C:\Users\shree\Documents\git projects\ibosssagar\app105-source\business-insights-live-export\f105\application\pages\page_00187.sql"
"188","Item Type Master","ITEM-TYPE-MASTER1","General Masters / Setup","Master entry","MODAL","3","14","2","9","11","31","0","6","0","0","0","0","0","0","0","2","0","0","Default/unspecified","","N/unspecified","C:\Users\shree\Documents\git projects\ibosssagar\app105-source\business-insights-live-export\f105\application\pages\page_00188.sql"
"189","GRN","GRN1","Procure to Pay / Purchase","Transaction / entry form","Normal","7","85","0","11","22","38","0","11","0","0","1","5","1","0","8","3","0","1","Default/unspecified","","N/unspecified","C:\Users\shree\Documents\git projects\ibosssagar\app105-source\business-insights-live-export\f105\application\pages\page_00189.sql"
"190","Bill Receipt","BILL-RECEIPT1","Finance & Accounts","Transaction / entry form","Normal","2","9","0","5","3","3","0","1","0","0","0","0","1","0","0","0","0","0","N","","N/unspecified","C:\Users\shree\Documents\git projects\ibosssagar\app105-source\business-insights-live-export\f105\application\pages\page_00190.sql"
"191","Bill Receipt","BILL-RECEIPT","Finance & Accounts","Transaction / entry form","Normal","6","40","7","12","26","44","0","13","0","0","1","2","0","1","4","1","0","0","Default/unspecified","","N/unspecified","C:\Users\shree\Documents\git projects\ibosssagar\app105-source\business-insights-live-export\f105\application\pages\page_00191.sql"
"192"," Item Opening List","ITEM-OPENING-LIST","Cross-module / Other","List / report / enquiry","Normal","2","4","0","3","1","1","0","0","0","0","0","0","1","0","0","0","0","0","Default/unspecified","","N/unspecified","C:\Users\shree\Documents\git projects\ibosssagar\app105-source\business-insights-live-export\f105\application\pages\page_00192.sql"
"193","Item Opening","ITEM-OPENING","Cross-module / Other","Transaction / entry form","Normal","4","29","7","9","14","33","0","8","0","0","1","0","0","0","0","1","0","0","Default/unspecified","","N/unspecified","C:\Users\shree\Documents\git projects\ibosssagar\app105-source\business-insights-live-export\f105\application\pages\page_00193.sql"
"194","Gate Pass Register","GATE-PASS-REGISTER","Hire to Retire / HR & Payroll","List / report / enquiry","Normal","2","14","4","5","2","2","0","1","0","0","0","0","1","0","0","0","0","0","N","","N/unspecified","C:\Users\shree\Documents\git projects\ibosssagar\app105-source\business-insights-live-export\f105\application\pages\page_00194.sql"
"195","Gate Pass","GATE-PASS","Hire to Retire / HR & Payroll","Transaction / entry form","Normal","11","58","1","13","28","65","0","9","0","0","1","2","1","1","17","2","0","1","Default/unspecified","","N/unspecified","C:\Users\shree\Documents\git projects\ibosssagar\app105-source\business-insights-live-export\f105\application\pages\page_00195.sql"
"196","Production List","PRODUCTION-LIST","Cross-module / Other","List / report / enquiry","Normal","2","8","2","3","2","2","0","0","0","0","0","0","1","0","0","0","0","0","Default/unspecified","","N/unspecified","C:\Users\shree\Documents\git projects\ibosssagar\app105-source\business-insights-live-export\f105\application\pages\page_00196.sql"
"197","PRODUCTION","PRODUCTION","Cross-module / Other","Transaction / entry form","Normal","11","69","2","12","40","77","0","18","0","0","2","4","0","1","22","1","0","2","Default/unspecified","","N/unspecified","C:\Users\shree\Documents\git projects\ibosssagar\app105-source\business-insights-live-export\f105\application\pages\page_00197.sql"
"198","Freight Advice List","FREIGHT-ADVICE-LIST","Freight / Logistics","List / report / enquiry","Normal","2","6","0","4","3","3","0","0","0","0","0","0","1","0","0","0","0","0","Default/unspecified","","N/unspecified","C:\Users\shree\Documents\git projects\ibosssagar\app105-source\business-insights-live-export\f105\application\pages\page_00198.sql"
"199","Freight Advice","FREIGHT-ADVICE","Freight / Logistics","Transaction / entry form","Normal","14","105","9","16","72","167","0","20","0","0","1","4","0","2","46","9","1","2","Default/unspecified","","N/unspecified","C:\Users\shree\Documents\git projects\ibosssagar\app105-source\business-insights-live-export\f105\application\pages\page_00199.sql"
"200","Dashboard","DASHBOARD","Reports / MIS / Dashboard","List / report / enquiry","Normal","1","0","0","0","1","1","0","0","0","0","0","0","0","0","0","0","0","0","Default/unspecified","","N/unspecified","C:\Users\shree\Documents\git projects\ibosssagar\app105-source\business-insights-live-export\f105\application\pages\page_00200.sql"
"201","BOM List","BOM-LIST","Cross-module / Other","List / report / enquiry","Normal","2","7","0","3","1","1","0","0","0","0","0","0","1","0","0","0","0","0","Default/unspecified","","N/unspecified","C:\Users\shree\Documents\git projects\ibosssagar\app105-source\business-insights-live-export\f105\application\pages\page_00201.sql"
"202","BOM","BOM","Cross-module / Other","Transaction / entry form","Normal","5","33","0","10","16","37","0","12","0","0","1","1","0","1","4","1","0","1","Default/unspecified","","N/unspecified","C:\Users\shree\Documents\git projects\ibosssagar\app105-source\business-insights-live-export\f105\application\pages\page_00202.sql"
"203","Shift List","SHIFT-LIST","Cross-module / Other","List / report / enquiry","Normal","1","0","0","2","3","3","0","0","0","0","0","0","1","0","0","0","0","0","Default/unspecified","","N/unspecified","C:\Users\shree\Documents\git projects\ibosssagar\app105-source\business-insights-live-export\f105\application\pages\page_00203.sql"
"204","Shift","SHIFT","Cross-module / Other","Transaction / entry form","MODAL","2","19","5","9","10","30","0","6","0","0","0","0","0","0","0","2","0","0","Default/unspecified","","N/unspecified","C:\Users\shree\Documents\git projects\ibosssagar\app105-source\business-insights-live-export\f105\application\pages\page_00204.sql"
"205","Production Centre List","PRODUCTION-CENTRE-LIST","Cross-module / Other","List / report / enquiry","Normal","1","0","0","2","2","2","0","0","0","0","0","0","1","0","0","0","0","0","Default/unspecified","","N/unspecified","C:\Users\shree\Documents\git projects\ibosssagar\app105-source\business-insights-live-export\f105\application\pages\page_00205.sql"
"206","Production Centre","PRODUCTION-CENTRE","Cross-module / Other","Transaction / entry form","MODAL","2","18","3","9","9","29","0","6","0","0","0","0","0","0","0","2","0","0","Default/unspecified","","N/unspecified","C:\Users\shree\Documents\git projects\ibosssagar\app105-source\business-insights-live-export\f105\application\pages\page_00206.sql"
"207","Reverse Charge Register","REVERSE-CHARGE-REGISTER","Cross-module / Other","List / report / enquiry","Normal","1","1","0","2","1","1","0","0","0","0","0","0","1","0","0","0","0","0","Default/unspecified","","N/unspecified","C:\Users\shree\Documents\git projects\ibosssagar\app105-source\business-insights-live-export\f105\application\pages\page_00207.sql"
"208","Reverse Charge","REVERSE-CHARGE1","Cross-module / Other","Transaction / entry form","Normal","9","37","0","10","32","55","0","11","0","0","1","2","0","1","8","1","0","1","Default/unspecified","","N/unspecified","C:\Users\shree\Documents\git projects\ibosssagar\app105-source\business-insights-live-export\f105\application\pages\page_00208.sql"
"209","Item Account List","ITEMACCOUNT-REPORT","Finance & Accounts","List / report / enquiry","Normal","1","0","0","2","0","0","0","0","0","0","0","0","1","0","0","0","0","0","Default/unspecified","","N/unspecified","C:\Users\shree\Documents\git projects\ibosssagar\app105-source\business-insights-live-export\f105\application\pages\page_00209.sql"
"210","Payable/Receivable Aging Report","PAYABLE-RECEIVABLE-AGING-REPORT","Reports / MIS / Dashboard","List / report / enquiry","Normal","2","6","1","2","1","1","0","0","0","0","0","0","1","0","0","0","0","0","N","","Y","C:\Users\shree\Documents\git projects\ibosssagar\app105-source\business-insights-live-export\f105\application\pages\page_00210.sql"
"211","Item Account","ITEMACCOUNT-FORM","Finance & Accounts","Transaction / entry form","Normal","3","24","0","9","10","28","0","6","0","0","1","0","0","0","0","1","0","0","Default/unspecified","","N/unspecified","C:\Users\shree\Documents\git projects\ibosssagar\app105-source\business-insights-live-export\f105\application\pages\page_00211.sql"
"212","Service Bill Register","JOB-BILL-REGISTER","Job & Services","List / report / enquiry","Normal","2","11","4","5","3","3","0","1","0","0","0","0","1","0","0","0","0","0","N","","N/unspecified","C:\Users\shree\Documents\git projects\ibosssagar\app105-source\business-insights-live-export\f105\application\pages\page_00212.sql"
"213","Service Bill","JOB-BILL","Job & Services","Transaction / entry form","Normal","17","55","3","11","46","104","6","14","0","0","1","6","0","1","40","9","0","1","Default/unspecified","","N/unspecified","C:\Users\shree\Documents\git projects\ibosssagar\app105-source\business-insights-live-export\f105\application\pages\page_00213.sql"
"214","Agent Commision Rate List","AGENT-COMMISION-RATE-LIST","Cross-module / Other","List / report / enquiry","Normal","1","0","0","2","0","0","0","0","0","0","0","0","1","0","0","0","0","0","Default/unspecified","","N/unspecified","C:\Users\shree\Documents\git projects\ibosssagar\app105-source\business-insights-live-export\f105\application\pages\page_00214.sql"
"215","Agent Commision Rate","AGENT-COMMISION-RATE","Cross-module / Other","Transaction / entry form","Normal","5","18","3","9","10","15","0","6","0","0","1","1","0","1","0","1","0","0","Default/unspecified","","N/unspecified","C:\Users\shree\Documents\git projects\ibosssagar\app105-source\business-insights-live-export\f105\application\pages\page_00215.sql"
"216","Sale Incentive Rate Register","SALE-INCENTIVE-RATE-REGISTER","Cross-module / Other","List / report / enquiry","Normal","1","1","0","2","0","0","0","0","0","0","0","0","1","0","0","0","0","0","Default/unspecified","","N/unspecified","C:\Users\shree\Documents\git projects\ibosssagar\app105-source\business-insights-live-export\f105\application\pages\page_00216.sql"
"217","Sale Incentive Rate","SALE-INCENTIVE-RATE","Cross-module / Other","Transaction / entry form","Normal","5","21","5","9","6","16","0","6","0","0","1","1","0","1","4","1","0","1","Default/unspecified","","N/unspecified","C:\Users\shree\Documents\git projects\ibosssagar\app105-source\business-insights-live-export\f105\application\pages\page_00217.sql"
"218","HAR_SALEINCENTIVERATE","HAR-SALEINCENTIVERATE","Cross-module / Other","Transaction / entry form","Normal","5","21","6","9","6","16","0","6","0","0","0","1","0","2","4","1","0","1","Default/unspecified","","N/unspecified","C:\Users\shree\Documents\git projects\ibosssagar\app105-source\business-insights-live-export\f105\application\pages\page_00218.sql"
"219","Creditors Aging Detail Report","CREDITORS-AGING-DETAIL-REPORT1","Reports / MIS / Dashboard","List / report / enquiry","Normal","2","7","1","1","1","1","0","1","0","0","0","0","1","0","0","0","0","0","N","","N/unspecified","C:\Users\shree\Documents\git projects\ibosssagar\app105-source\business-insights-live-export\f105\application\pages\page_00219.sql"
"220","Service Bill Pass Register","JOB-BILL-PASS-REGISTER","Procure to Pay / Purchase","List / report / enquiry","Normal","2","11","2","6","3","3","0","1","0","0","0","0","1","0","0","0","0","0","N","","N/unspecified","C:\Users\shree\Documents\git projects\ibosssagar\app105-source\business-insights-live-export\f105\application\pages\page_00220.sql"
"221","Service Bill Pass","JOB-BILL-PASS","Procure to Pay / Purchase","Transaction / entry form","Normal","18","105","0","12","46","90","0","15","0","0","1","7","0","1","39","2","0","1","N","","N/unspecified","C:\Users\shree\Documents\git projects\ibosssagar\app105-source\business-insights-live-export\f105\application\pages\page_00221.sql"
"222","MRN List","MRN-LIST","Inventory Control","List / report / enquiry","Normal","2","8","0","4","3","3","0","0","0","0","0","0","1","0","0","0","0","0","Default/unspecified","","N/unspecified","C:\Users\shree\Documents\git projects\ibosssagar\app105-source\business-insights-live-export\f105\application\pages\page_00222.sql"
"223","MRN","MRN","Inventory Control","Transaction / entry form","Normal","5","23","0","10","12","33","0","11","0","0","1","1","0","1","8","1","0","1","Default/unspecified","","N/unspecified","C:\Users\shree\Documents\git projects\ibosssagar\app105-source\business-insights-live-export\f105\application\pages\page_00223.sql"
"224","Module Wise TAC List","MODULE-WISE-TAC-LIST","Cross-module / Other","List / report / enquiry","Normal","1","0","0","2","1","1","0","0","0","0","0","0","1","0","0","0","0","0","Default/unspecified","","N/unspecified","C:\Users\shree\Documents\git projects\ibosssagar\app105-source\business-insights-live-export\f105\application\pages\page_00224.sql"
"225","Module Wise TAC","MODULE-WISE-TAC","Cross-module / Other","Transaction / entry form","MODAL","4","13","0","9","6","18","0","5","0","0","0","1","0","0","0","2","0","0","Default/unspecified","","N/unspecified","C:\Users\shree\Documents\git projects\ibosssagar\app105-source\business-insights-live-export\f105\application\pages\page_00225.sql"
"226","Show Blob_1","SHOW-BLOB-1","Cross-module / Other","Grid / report page","MODAL","1","3","0","0","0","0","0","0","0","0","0","0","1","0","0","0","0","0","Default/unspecified","","N/unspecified","C:\Users\shree\Documents\git projects\ibosssagar\app105-source\business-insights-live-export\f105\application\pages\page_00226.sql"
"227","Outstanding Bills More Than 180 Days","OUTSTANDING-BILLS-MORE-THAN-180-DAYS","Cross-module / Other","Grid / report page","Normal","3","8","1","1","1","1","0","0","0","0","0","0","2","0","0","0","0","0","N","","N/unspecified","C:\Users\shree\Documents\git projects\ibosssagar\app105-source\business-insights-live-export\f105\application\pages\page_00227.sql"
"228","640","","Cross-module / Other","Grid / report page","Normal","1","0","0","0","0","0","0","0","0","0","0","0","1","0","0","0","0","0","Default/unspecified","","N/unspecified","C:\Users\shree\Documents\git projects\ibosssagar\app105-source\business-insights-live-export\f105\application\pages\page_00228.sql"
"229","GSTR1 Register","GSTR1-REGISTER","Finance & Accounts","List / report / enquiry","Normal","1","1","0","2","0","0","0","0","0","0","0","0","1","0","0","0","0","0","Default/unspecified","","N/unspecified","C:\Users\shree\Documents\git projects\ibosssagar\app105-source\business-insights-live-export\f105\application\pages\page_00229.sql"
"230","GSTR1","GSTR1","Finance & Accounts","Transaction / entry form","Normal","21","24","28","12","41","52","0","9","0","0","0","16","1","1","15","1","0","0","Default/unspecified","","N/unspecified","C:\Users\shree\Documents\git projects\ibosssagar\app105-source\business-insights-live-export\f105\application\pages\page_00230.sql"
"231","GST Input Report As Per Voucher","GST-INPUT-REPORT-AS-PER-VOUCHER","Finance & Accounts","List / report / enquiry","Normal","2","8","4","1","1","1","0","0","0","0","0","0","1","0","0","0","0","0","N","","N/unspecified","C:\Users\shree\Documents\git projects\ibosssagar\app105-source\business-insights-live-export\f105\application\pages\page_00231.sql"
"232","User Privilege Location","USER-PRIVILEGE-LOCATION","General Masters / Setup","Transaction / entry form","MODAL","2","1","0","2","2","2","0","2","0","0","0","1","0","0","2","0","0","4","Default/unspecified","","N/unspecified","C:\Users\shree\Documents\git projects\ibosssagar\app105-source\business-insights-live-export\f105\application\pages\page_00232.sql"
"233","GST Output Report As Per Voucher","GST-OUTPUT-REPORT-AS-PER-VOUCHER","Finance & Accounts","List / report / enquiry","Normal","2","8","4","1","1","1","0","0","0","0","0","0","1","0","0","0","0","0","N","","N/unspecified","C:\Users\shree\Documents\git projects\ibosssagar\app105-source\business-insights-live-export\f105\application\pages\page_00233.sql"
"234","User Privilege Department","USER-PRIVILEGE-DEPARTMENT","General Masters / Setup","Transaction / entry form","MODAL","1","1","0","1","1","1","0","2","0","0","0","1","0","0","2","0","0","3","Default/unspecified","","N/unspecified","C:\Users\shree\Documents\git projects\ibosssagar\app105-source\business-insights-live-export\f105\application\pages\page_00234.sql"
"235","User Privilege Account","USER-PRIVILEGE-ACCOUNT","Finance & Accounts","Transaction / entry form","MODAL","1","1","0","1","1","1","0","2","0","0","0","1","0","0","2","0","0","3","Default/unspecified","","N/unspecified","C:\Users\shree\Documents\git projects\ibosssagar\app105-source\business-insights-live-export\f105\application\pages\page_00235.sql"
"236","GSTR3B","GSTR3B","Finance & Accounts","Transaction / entry form","Normal","15","47","0","1","1","44","0","1","0","0","0","0","4","0","4","4","0","0","Default/unspecified","","N/unspecified","C:\Users\shree\Documents\git projects\ibosssagar\app105-source\business-insights-live-export\f105\application\pages\page_00236.sql"
"237","User Privilege DocType","USER-PRIVILEGE-DOCTYPE","Cross-module / Other","Transaction / entry form","MODAL","1","1","0","1","2","2","0","2","0","0","0","1","0","0","2","0","0","3","Default/unspecified","","N/unspecified","C:\Users\shree\Documents\git projects\ibosssagar\app105-source\business-insights-live-export\f105\application\pages\page_00237.sql"
"238","User Privilege Item","USER-PRIVILEGE-ITEM","Cross-module / Other","Transaction / entry form","MODAL","1","1","0","1","1","1","0","2","0","0","0","1","0","0","2","0","0","3","Default/unspecified","","N/unspecified","C:\Users\shree\Documents\git projects\ibosssagar\app105-source\business-insights-live-export\f105\application\pages\page_00238.sql"
"239","User Privilege Storage Location","USER-PRIVILEGE-STORAGE-LOCATION","General Masters / Setup","Transaction / entry form","MODAL","1","1","0","1","1","1","0","2","0","0","0","1","0","0","2","0","0","3","Default/unspecified","","N/unspecified","C:\Users\shree\Documents\git projects\ibosssagar\app105-source\business-insights-live-export\f105\application\pages\page_00239.sql"
"240","User Privilege Extra","USER-PRIVILEGE-EXTRA","Cross-module / Other","Grid / report page","MODAL","1","1","0","1","1","1","0","0","0","0","0","0","1","1","0","0","0","0","Default/unspecified","","N/unspecified","C:\Users\shree\Documents\git projects\ibosssagar\app105-source\business-insights-live-export\f105\application\pages\page_00240.sql"
"241","RTGS Letter","RTGS-LETTER1","Cross-module / Other","Transaction / entry form","Normal","2","11","2","3","2","2","0","1","0","0","0","0","1","0","0","0","0","0","Default/unspecified","","N/unspecified","C:\Users\shree\Documents\git projects\ibosssagar\app105-source\business-insights-live-export\f105\application\pages\page_00241.sql"
"242","RTGS Letter","RTGS-LETTER","Cross-module / Other","Transaction / entry form","Normal","4","23","2","9","16","36","0","6","0","0","1","1","0","0","4","1","0","1","Default/unspecified","","N/unspecified","C:\Users\shree\Documents\git projects\ibosssagar\app105-source\business-insights-live-export\f105\application\pages\page_00242.sql"
"243","Stock Revaluation Register","STOCK-REVALUATION-REGISTER","Inventory Control","List / report / enquiry","Normal","2","11","2","4","3","3","0","1","0","0","0","0","1","0","0","0","0","0","Default/unspecified","","N/unspecified","C:\Users\shree\Documents\git projects\ibosssagar\app105-source\business-insights-live-export\f105\application\pages\page_00243.sql"
"244","Stock Revaluation ","STOCK-REVALUATION","Inventory Control","Transaction / entry form","Normal","4","31","7","9","17","39","0","9","0","0","1","1","0","0","8","1","0","1","Default/unspecified","","N/unspecified","C:\Users\shree\Documents\git projects\ibosssagar\app105-source\business-insights-live-export\f105\application\pages\page_00244.sql"
"245","Stock Taking Register","STOCK-TAKING-REGISTER","Inventory Control","List / report / enquiry","Normal","2","11","2","4","3","3","0","1","0","0","0","0","1","0","0","0","0","0","Default/unspecified","","N/unspecified","C:\Users\shree\Documents\git projects\ibosssagar\app105-source\business-insights-live-export\f105\application\pages\page_00245.sql"
"246","Stock Taking","STOCK-TAKING","Inventory Control","Transaction / entry form","Normal","4","22","3","9","19","42","0","8","0","0","1","1","0","0","8","1","0","1","Default/unspecified","","N/unspecified","C:\Users\shree\Documents\git projects\ibosssagar\app105-source\business-insights-live-export\f105\application\pages\page_00246.sql"
"247","Additional Business Place List","ADDITIONAL-BUSINESS-PLACE-LIST","Cross-module / Other","List / report / enquiry","Normal","1","1","0","2","1","1","0","0","0","0","0","0","1","0","0","0","0","0","Default/unspecified","","N/unspecified","C:\Users\shree\Documents\git projects\ibosssagar\app105-source\business-insights-live-export\f105\application\pages\page_00247.sql"
"248","Additional Business Place","ADDITIONAL-BUSINESS-PLACE","Cross-module / Other","Transaction / entry form","Normal","3","26","5","9","10","32","0","4","0","0","1","0","0","0","0","1","0","0","Default/unspecified","","N/unspecified","C:\Users\shree\Documents\git projects\ibosssagar\app105-source\business-insights-live-export\f105\application\pages\page_00248.sql"
"249","Monthly Summary","MONTHLY-SUMMARY","Cross-module / Other","Transaction / entry form","Normal","3","8","0","12","9","21","0","4","0","0","0","1","0","0","4","2","0","0","N","","Y","C:\Users\shree\Documents\git projects\ibosssagar\app105-source\business-insights-live-export\f105\application\pages\page_00249.sql"
"250","Daily  Summary","DAILY-SUMMARY","Cross-module / Other","Transaction / entry form","Normal","3","6","0","12","7","18","0","3","0","0","0","1","0","0","4","2","0","0","N","","Y","C:\Users\shree\Documents\git projects\ibosssagar\app105-source\business-insights-live-export\f105\application\pages\page_00250.sql"
"251","Payable Bills","PAYBLE-BILLS","Cross-module / Other","Transaction / entry form","Normal","4","16","1","11","16","35","0","4","0","0","1","1","0","0","7","2","0","1","Default/unspecified","","N/unspecified","C:\Users\shree\Documents\git projects\ibosssagar\app105-source\business-insights-live-export\f105\application\pages\page_00251.sql"
"252","Cash / Bank Book","CASH-BANK-BOOK","Finance & Accounts","Transaction / entry form","Normal","5","20","2","10","21","46","0","6","0","0","1","1","0","0","1","1","0","0","N","","N/unspecified","C:\Users\shree\Documents\git projects\ibosssagar\app105-source\business-insights-live-export\f105\application\pages\page_00252.sql"
"253","Hire to Retire","HIRE-TO-RETIRE","Cross-module / Other","Utility / navigation / other","Normal","10","1","0","0","0","0","0","0","0","0","0","0","0","0","0","0","0","0","Default/unspecified","","N/unspecified","C:\Users\shree\Documents\git projects\ibosssagar\app105-source\business-insights-live-export\f105\application\pages\page_00253.sql"
"254","Procure to Pay","PROCURE-TO-PAY1","Cross-module / Other","Utility / navigation / other","Normal","1","0","0","0","2","3","0","0","0","0","0","0","0","0","0","0","0","0","Default/unspecified","","N/unspecified","C:\Users\shree\Documents\git projects\ibosssagar\app105-source\business-insights-live-export\f105\application\pages\page_00254.sql"
"255","Order to Cash","ORDER-TO-CASH","Finance & Accounts","Utility / navigation / other","Normal","1","0","0","0","2","3","0","0","0","0","0","0","0","0","0","0","0","0","Default/unspecified","","N/unspecified","C:\Users\shree\Documents\git projects\ibosssagar\app105-source\business-insights-live-export\f105\application\pages\page_00255.sql"
"256","Print Option","PRINT-RTGS-LETTER","Cross-module / Other","Utility / navigation / other","MODAL","0","2","0","6","6","6","0","0","0","0","0","0","0","0","0","0","0","0","N","","N/unspecified","C:\Users\shree\Documents\git projects\ibosssagar\app105-source\business-insights-live-export\f105\application\pages\page_00256.sql"
"257","Asset Management","ASSET-MANAGEMENT","Asset Management","Utility / navigation / other","Normal","2","1","0","0","0","0","0","0","0","0","0","0","0","0","0","0","0","0","Default/unspecified","","N/unspecified","C:\Users\shree\Documents\git projects\ibosssagar\app105-source\business-insights-live-export\f105\application\pages\page_00257.sql"
"258","Account Ledger ","ACCOUNT-LEDGER1","Finance & Accounts","Transaction / entry form","Normal","2","10","0","3","4","8","0","4","0","0","0","0","1","0","8","8","0","0","N","","Y","C:\Users\shree\Documents\git projects\ibosssagar\app105-source\business-insights-live-export\f105\application\pages\page_00258.sql"
"259","Setup and Admin","SETUP-AND-ADMIN","General Masters / Setup","Utility / navigation / other","Normal","4","1","0","0","0","0","0","0","0","0","0","0","0","0","0","0","0","0","Default/unspecified","","N/unspecified","C:\Users\shree\Documents\git projects\ibosssagar\app105-source\business-insights-live-export\f105\application\pages\page_00259.sql"
"260","Run 360 View","RUN-360-VIEW","Reports / MIS / Dashboard","List / report / enquiry","Normal","1","4","0","1","1","2","0","0","0","0","0","0","0","0","0","0","0","0","Default/unspecified","","N/unspecified","C:\Users\shree\Documents\git projects\ibosssagar\app105-source\business-insights-live-export\f105\application\pages\page_00260.sql"
"261","Job and Service","JOB-AND-SERVICE","Job & Services","Utility / navigation / other","Normal","3","1","0","0","0","0","0","0","0","0","0","0","0","0","0","0","0","0","Default/unspecified","","N/unspecified","C:\Users\shree\Documents\git projects\ibosssagar\app105-source\business-insights-live-export\f105\application\pages\page_00261.sql"
"262","PF Monthly Report","PF-MONTHLY-REPORT","Reports / MIS / Dashboard","List / report / enquiry","Normal","2","7","0","1","1","1","0","0","0","0","0","1","0","0","0","0","0","0","Default/unspecified","","N/unspecified","C:\Users\shree\Documents\git projects\ibosssagar\app105-source\business-insights-live-export\f105\application\pages\page_00262.sql"
"263","Module Flow List","MODULE-FLOW-LIST","Cross-module / Other","List / report / enquiry","Normal","1","0","0","1","2","2","0","0","0","0","0","0","1","0","0","0","0","0","Default/unspecified","","N/unspecified","C:\Users\shree\Documents\git projects\ibosssagar\app105-source\business-insights-live-export\f105\application\pages\page_00263.sql"
"264","Module Flow","MODULE-FLOW","Cross-module / Other","Transaction / entry form","MODAL","5","18","0","5","3","7","0","7","0","0","0","2","0","0","0","0","0","0","Default/unspecified","","N/unspecified","C:\Users\shree\Documents\git projects\ibosssagar\app105-source\business-insights-live-export\f105\application\pages\page_00264.sql"
"265","PT Slab Register","PT-SLAB-REGISTER","Cross-module / Other","List / report / enquiry","Normal","2","6","0","5","2","2","0","0","0","0","0","0","1","0","0","0","0","0","N","","N/unspecified","C:\Users\shree\Documents\git projects\ibosssagar\app105-source\business-insights-live-export\f105\application\pages\page_00265.sql"
"266","PT Slab Master","PT-SLAB-MASTER","General Masters / Setup","Master entry","Normal","5","24","2","9","15","33","0","6","0","0","1","1","0","1","2","1","0","0","Default/unspecified","","N/unspecified","C:\Users\shree\Documents\git projects\ibosssagar\app105-source\business-insights-live-export\f105\application\pages\page_00266.sql"
"267","Boss User Employee","BOSS-USER-EMPLOYEE","Hire to Retire / HR & Payroll","Transaction / entry form","Normal","1","0","0","0","0","0","0","1","0","0","0","1","0","0","0","0","0","0","Default/unspecified","","N/unspecified","C:\Users\shree\Documents\git projects\ibosssagar\app105-source\business-insights-live-export\f105\application\pages\page_00267.sql"
"268","ESIC Monthly Report","ESIC-MONTHLY-REPORT","Reports / MIS / Dashboard","List / report / enquiry","Normal","2","7","0","1","0","0","0","0","0","0","0","1","0","0","0","0","0","0","Default/unspecified","","N/unspecified","C:\Users\shree\Documents\git projects\ibosssagar\app105-source\business-insights-live-export\f105\application\pages\page_00268.sql"
"269","Bonus Scheme List","BONUS-SCHEME-LIST","Cross-module / Other","List / report / enquiry","Normal","1","1","0","3","0","0","0","0","0","0","0","0","1","0","0","0","0","0","Default/unspecified","","N/unspecified","C:\Users\shree\Documents\git projects\ibosssagar\app105-source\business-insights-live-export\f105\application\pages\page_00269.sql"
"270","Bonus Scheme","BONUS-SCHEME","Cross-module / Other","Transaction / entry form","Normal","6","24","0","10","14","34","0","9","0","0","1","2","0","1","5","1","0","0","Default/unspecified","","N/unspecified","C:\Users\shree\Documents\git projects\ibosssagar\app105-source\business-insights-live-export\f105\application\pages\page_00270.sql"
"271","Chart of Accounts","CHART-OF-ACCOUNTS","Finance & Accounts","Transaction / entry form","Normal","4","12","1","11","17","38","0","4","0","0","1","1","0","0","9","4","0","1","Default/unspecified","","N/unspecified","C:\Users\shree\Documents\git projects\ibosssagar\app105-source\business-insights-live-export\f105\application\pages\page_00271.sql"
"272","Print ","PRINT","Cross-module / Other","Utility / navigation / other","MODAL","0","5","0","3","3","3","0","0","0","0","0","0","0","0","0","0","0","0","N","","N/unspecified","C:\Users\shree\Documents\git projects\ibosssagar\app105-source\business-insights-live-export\f105\application\pages\page_00272.sql"
"273","PO Receipt List","PO-RECEIPT-LIST","Finance & Accounts","List / report / enquiry","Normal","2","6","0","4","0","0","0","0","0","0","0","0","1","0","0","0","0","0","Default/unspecified","","N/unspecified","C:\Users\shree\Documents\git projects\ibosssagar\app105-source\business-insights-live-export\f105\application\pages\page_00273.sql"
"274","PO Receipt","PO-RECEIPT","Finance & Accounts","Transaction / entry form","Normal","13","51","0","12","37","64","0","11","0","0","1","4","0","1","17","2","0","1","Default/unspecified","","N/unspecified","C:\Users\shree\Documents\git projects\ibosssagar\app105-source\business-insights-live-export\f105\application\pages\page_00274.sql"
"275","Cost Centre Ledger With Account","COST-CENTRE-LEDGER-WITH-ACCOUNT","Finance & Accounts","Transaction / entry form","Normal","2","24","0","3","4","8","0","4","0","0","0","0","1","0","6","6","0","0","N","","Y","C:\Users\shree\Documents\git projects\ibosssagar\app105-source\business-insights-live-export\f105\application\pages\page_00275.sql"
"276","Bonus List","BONUS-LIST","Cross-module / Other","List / report / enquiry","Normal","1","1","0","3","0","0","0","0","0","0","0","0","1","0","0","0","0","0","Default/unspecified","","N/unspecified","C:\Users\shree\Documents\git projects\ibosssagar\app105-source\business-insights-live-export\f105\application\pages\page_00276.sql"
"277","Bonus","BONUS","Cross-module / Other","Transaction / entry form","Normal","5","28","0","11","14","34","0","7","0","0","1","1","0","1","3","1","0","0","Default/unspecified","","N/unspecified","C:\Users\shree\Documents\git projects\ibosssagar\app105-source\business-insights-live-export\f105\application\pages\page_00277.sql"
"278","Chart of Account","CHART-OF-ACCOUNT","Finance & Accounts","Utility / navigation / other","Normal","1","2","0","2","3","5","0","0","0","0","0","0","0","0","0","0","0","0","N","","N/unspecified","C:\Users\shree\Documents\git projects\ibosssagar\app105-source\business-insights-live-export\f105\application\pages\page_00278.sql"
"279","Chart of Items","CHART-OF-ITEMS","Cross-module / Other","Utility / navigation / other","Normal","1","2","0","2","3","5","0","0","0","0","0","0","0","0","0","0","0","0","N","","N/unspecified","C:\Users\shree\Documents\git projects\ibosssagar\app105-source\business-insights-live-export\f105\application\pages\page_00279.sql"
"280","E Way Bill","E-WAY-BILL","Cross-module / Other","Grid / report page","Normal","2","5","0","2","2","3","0","0","0","0","0","0","1","0","0","0","0","0","Default/unspecified","","N/unspecified","C:\Users\shree\Documents\git projects\ibosssagar\app105-source\business-insights-live-export\f105\application\pages\page_00280.sql"
"281","Pending Sales Order followup","PENDING-SALES-ORDER-FOLLOWUP","Order to Cash / Sales","List / report / enquiry","Normal","3","8","0","2","2","2","0","1","0","0","0","1","1","0","0","0","0","1","Default/unspecified","","N/unspecified","C:\Users\shree\Documents\git projects\ibosssagar\app105-source\business-insights-live-export\f105\application\pages\page_00281.sql"
"282","Trial Balance","TRIAL-BALANCE3","Finance & Accounts","Transaction / entry form","Normal","2","19","3","1","4","4","0","2","0","0","0","1","0","0","0","0","0","0","N","","Y","C:\Users\shree\Documents\git projects\ibosssagar\app105-source\business-insights-live-export\f105\application\pages\page_00282.sql"
"283","Payment Of Transporter Advance","FREIGHT-ADVANCE-REGISTER1","Freight / Logistics","Grid / report page","Normal","2","8","0","2","2","2","0","0","0","0","0","0","1","0","0","0","0","0","Default/unspecified","","N/unspecified","C:\Users\shree\Documents\git projects\ibosssagar\app105-source\business-insights-live-export\f105\application\pages\page_00283.sql"
"284","Employee Gate Pass List","EMPLOYEE-GATE-PASS-LIST","Hire to Retire / HR & Payroll","List / report / enquiry","Normal","1","1","0","3","1","1","0","0","0","0","0","0","1","0","0","0","0","0","Default/unspecified","","N/unspecified","C:\Users\shree\Documents\git projects\ibosssagar\app105-source\business-insights-live-export\f105\application\pages\page_00284.sql"
"285","Employee Gate Pass","EMPLOYEE-GATE-PASS","Hire to Retire / HR & Payroll","Transaction / entry form","Normal","3","31","0","10","12","30","0","6","0","0","1","0","0","0","3","1","0","0","N","","N/unspecified","C:\Users\shree\Documents\git projects\ibosssagar\app105-source\business-insights-live-export\f105\application\pages\page_00285.sql"
"286","Zone List","ZONE-LIST","Cross-module / Other","List / report / enquiry","Normal","1","0","0","2","4","4","0","0","0","0","0","0","1","0","0","0","0","0","Default/unspecified","","N/unspecified","C:\Users\shree\Documents\git projects\ibosssagar\app105-source\business-insights-live-export\f105\application\pages\page_00286.sql"
"287","Zone Master","ZONE-MASTER","General Masters / Setup","Master entry","MODAL","3","11","0","9","11","31","0","6","0","0","0","0","0","0","0","2","0","0","Default/unspecified","","N/unspecified","C:\Users\shree\Documents\git projects\ibosssagar\app105-source\business-insights-live-export\f105\application\pages\page_00287.sql"
"288","Outward Freight Rate Approval","OUTWARD-FREIGHT-RATE-APPROVAL","Order to Cash / Sales","Grid / report page","Normal","2","7","0","3","3","3","0","0","0","0","0","0","1","0","0","0","0","0","Default/unspecified","","N/unspecified","C:\Users\shree\Documents\git projects\ibosssagar\app105-source\business-insights-live-export\f105\application\pages\page_00288.sql"
"289","Outward Freight Rate Approval","OUTWARD-FREIGHT-RATE-APPROVAL1","Order to Cash / Sales","Transaction / entry form","Normal","3","28","4","10","12","34","0","6","0","0","1","0","0","0","3","1","0","0","Default/unspecified","","N/unspecified","C:\Users\shree\Documents\git projects\ibosssagar\app105-source\business-insights-live-export\f105\application\pages\page_00289.sql"
"290","Daily Despatch Report","DAILY-DESPATCH-REPORT","Order to Cash / Sales","List / report / enquiry","Normal","2","7","0","2","2","2","0","0","0","0","0","0","1","0","0","0","0","0","Default/unspecified","","N/unspecified","C:\Users\shree\Documents\git projects\ibosssagar\app105-source\business-insights-live-export\f105\application\pages\page_00290.sql"
"291","Purchase Party Payment Register","PURCHASE-PARTY-AMOUNT-REPORT","Procure to Pay / Purchase","List / report / enquiry","Normal","2","7","0","2","2","2","0","0","0","0","0","0","1","0","0","0","0","0","Default/unspecified","","N/unspecified","C:\Users\shree\Documents\git projects\ibosssagar\app105-source\business-insights-live-export\f105\application\pages\page_00291.sql"
"292","Change Password","CHANGE-PASSWORD","Cross-module / Other","Transaction / entry form","Normal","3","10","0","9","1","1","0","1","0","0","1","0","0","0","0","0","0","0","Default/unspecified","","N/unspecified","C:\Users\shree\Documents\git projects\ibosssagar\app105-source\business-insights-live-export\f105\application\pages\page_00292.sql"
"293","Fixed Asset Register","FIXED-ASSET-REGISTER","Asset Management","List / report / enquiry","Normal","2","3","1","1","1","1","0","0","0","0","0","0","1","0","0","0","0","0","Default/unspecified","","N/unspecified","C:\Users\shree\Documents\git projects\ibosssagar\app105-source\business-insights-live-export\f105\application\pages\page_00293.sql"
"294","Depreciation Register","DEPRECIATION-REGISTER","Asset Management","List / report / enquiry","Normal","2","3","1","1","1","1","0","0","0","0","0","0","1","0","0","0","0","0","Default/unspecified","","N/unspecified","C:\Users\shree\Documents\git projects\ibosssagar\app105-source\business-insights-live-export\f105\application\pages\page_00294.sql"
"295","Freight Rate Approval Register","FREIGHT-RATE-APPROVAL-REGISTER","Freight / Logistics","List / report / enquiry","Normal","2","8","0","2","2","2","0","0","0","0","0","0","1","0","0","0","0","0","Default/unspecified","","N/unspecified","C:\Users\shree\Documents\git projects\ibosssagar\app105-source\business-insights-live-export\f105\application\pages\page_00295.sql"
"296","GST Liability","GST-LIABILITY","Finance & Accounts","Grid / report page","Normal","2","7","1","2","3","4","0","0","0","0","0","0","1","0","0","0","0","0","Default/unspecified","","N/unspecified","C:\Users\shree\Documents\git projects\ibosssagar\app105-source\business-insights-live-export\f105\application\pages\page_00296.sql"
"297","Change CCInvoice Freight Rate","CHANGE-CCINVOICE-FREIGHT-RATE","Order to Cash / Sales","Utility / navigation / other","MODAL","1","2","0","2","1","1","0","2","0","0","0","0","0","0","0","1","0","0","Default/unspecified","","N/unspecified","C:\Users\shree\Documents\git projects\ibosssagar\app105-source\business-insights-live-export\f105\application\pages\page_00297.sql"
"298","Due Outstanding Balance","DUE-OUTSTANDING-BALANCE","Cross-module / Other","Grid / report page","Normal","2","6","0","2","2","2","0","0","0","0","0","0","1","0","0","0","0","0","Default/unspecified","","N/unspecified","C:\Users\shree\Documents\git projects\ibosssagar\app105-source\business-insights-live-export\f105\application\pages\page_00298.sql"
"299","Due Outstanding Balance Detail","DUE-OUTSTANDING-BALANCE-DETAIL","Cross-module / Other","Grid / report page","MODAL","2","6","0","2","2","2","0","0","0","0","0","0","1","0","0","0","0","0","Default/unspecified","","N/unspecified","C:\Users\shree\Documents\git projects\ibosssagar\app105-source\business-insights-live-export\f105\application\pages\page_00299.sql"
"300","Cheque Receipt List","CHEQUE-RECEIPT-LIST","Finance & Accounts","List / report / enquiry","Normal","2","6","0","3","2","2","0","0","0","0","0","0","1","0","0","0","0","0","Default/unspecified","","N/unspecified","C:\Users\shree\Documents\git projects\ibosssagar\app105-source\business-insights-live-export\f105\application\pages\page_00300.sql"
"301","Cheque Receipt","CHEQUE-RECEIPT","Finance & Accounts","Transaction / entry form","Normal","5","26","0","9","12","35","1","7","0","0","1","1","0","1","4","1","0","0","Default/unspecified","","N/unspecified","C:\Users\shree\Documents\git projects\ibosssagar\app105-source\business-insights-live-export\f105\application\pages\page_00301.sql"
"302","Cheque Book Issue List","CHEQUE-BOOK-ISSUE-LIST","Cross-module / Other","List / report / enquiry","Normal","2","6","0","3","2","2","0","0","0","0","0","0","1","0","0","0","0","0","Default/unspecified","","N/unspecified","C:\Users\shree\Documents\git projects\ibosssagar\app105-source\business-insights-live-export\f105\application\pages\page_00302.sql"
"303","Cheque Book Issue","CHEQUE-BOOK-ISSUE","Cross-module / Other","Transaction / entry form","Normal","5","25","0","9","13","34","0","10","0","0","1","1","0","1","5","1","0","0","Default/unspecified","","N/unspecified","C:\Users\shree\Documents\git projects\ibosssagar\app105-source\business-insights-live-export\f105\application\pages\page_00303.sql"
"304","Service Bill Register","SERVICE-BILL-REGISTER","Job & Services","List / report / enquiry","Normal","2","11","4","5","3","3","0","1","0","0","0","0","1","0","0","0","0","0","N","","N/unspecified","C:\Users\shree\Documents\git projects\ibosssagar\app105-source\business-insights-live-export\f105\application\pages\page_00304.sql"
"305","Service  Bill","SERVICE-BILL","Job & Services","Transaction / entry form","Normal","17","68","0","12","43","74","3","15","0","0","1","5","1","1","20","7","0","1","N","","N/unspecified","C:\Users\shree\Documents\git projects\ibosssagar\app105-source\business-insights-live-export\f105\application\pages\page_00305.sql"
"306","Due  Balance Detail","DUE-BALANCE-DETAIL","Cross-module / Other","Grid / report page","MODAL","2","6","0","2","2","2","0","0","0","0","0","0","1","0","0","0","0","0","Default/unspecified","","N/unspecified","C:\Users\shree\Documents\git projects\ibosssagar\app105-source\business-insights-live-export\f105\application\pages\page_00306.sql"
"307","GST Setup List","GST-SETUP-LIST","Finance & Accounts","List / report / enquiry","Normal","1","1","0","2","0","0","0","0","0","0","0","0","1","0","0","0","0","0","Default/unspecified","","N/unspecified","C:\Users\shree\Documents\git projects\ibosssagar\app105-source\business-insights-live-export\f105\application\pages\page_00307.sql"
"308","GST Setup","GST-SETUP","Finance & Accounts","Transaction / entry form","Normal","9","32","0","10","11","34","0","4","0","0","1","0","0","0","3","1","0","0","Default/unspecified","","N/unspecified","C:\Users\shree\Documents\git projects\ibosssagar\app105-source\business-insights-live-export\f105\application\pages\page_00308.sql"
"309","Balance Freight Settlement ","BALANCE-FREIGHT-SETTLEMENT","Freight / Logistics","Grid / report page","Normal","2","8","0","2","2","2","0","0","0","0","0","0","1","0","0","0","0","0","Default/unspecified","","N/unspecified","C:\Users\shree\Documents\git projects\ibosssagar\app105-source\business-insights-live-export\f105\application\pages\page_00309.sql"
"310","location list","LOCATION-LIST","General Masters / Setup","List / report / enquiry","Normal","1","0","0","1","0","0","0","0","0","0","0","0","1","0","0","0","0","0","Default/unspecified","","N/unspecified","C:\Users\shree\Documents\git projects\ibosssagar\app105-source\business-insights-live-export\f105\application\pages\page_00310.sql"
"311","Challan List","CHALLAN-LIST","Cross-module / Other","List / report / enquiry","Normal","1","1","0","2","1","1","0","0","0","0","0","0","1","0","0","0","0","0","Default/unspecified","","N/unspecified","C:\Users\shree\Documents\git projects\ibosssagar\app105-source\business-insights-live-export\f105\application\pages\page_00311.sql"
"312","Challan","CHALLAN","Cross-module / Other","Transaction / entry form","Normal","6","37","0","13","16","42","0","8","0","0","1","2","0","1","9","1","0","0","N","","N/unspecified","C:\Users\shree\Documents\git projects\ibosssagar\app105-source\business-insights-live-export\f105\application\pages\page_00312.sql"
"313","location master","LOCATION-MASTER2","General Masters / Setup","Master entry","Normal","3","64","1","10","2","8","0","5","0","0","1","0","0","0","0","1","0","0","Default/unspecified","","N/unspecified","C:\Users\shree\Documents\git projects\ibosssagar\app105-source\business-insights-live-export\f105\application\pages\page_00313.sql"
"314","Payment Advice Report","PAYMENT-ADVICE-ONLY-REPORT","Procure to Pay / Purchase","List / report / enquiry","Normal","2","11","2","4","2","2","0","0","0","0","0","0","1","0","0","0","0","0","Default/unspecified","","N/unspecified","C:\Users\shree\Documents\git projects\ibosssagar\app105-source\business-insights-live-export\f105\application\pages\page_00314.sql"
"315","Account Master Import","ACCOUNT-MASTER-IMPORT","Finance & Accounts","Master entry","MODAL","4","5","0","2","2","2","0","4","1","1","0","0","0","0","0","0","0","0","Default/unspecified","","N/unspecified","C:\Users\shree\Documents\git projects\ibosssagar\app105-source\business-insights-live-export\f105\application\pages\page_00315.sql"
"316","Import Register","IMPORT-REGISTER","Cross-module / Other","List / report / enquiry","Normal","2","12","4","5","3","3","0","1","0","0","0","0","1","0","0","0","0","0","N","","N/unspecified","C:\Users\shree\Documents\git projects\ibosssagar\app105-source\business-insights-live-export\f105\application\pages\page_00316.sql"
"317","Import ","IMPORT","Cross-module / Other","Transaction / entry form","Normal","6","22","6","11","20","45","0","8","0","0","1","2","0","1","2","3","0","0","N","","N/unspecified","C:\Users\shree\Documents\git projects\ibosssagar\app105-source\business-insights-live-export\f105\application\pages\page_00317.sql"
"318","Account Opening Import","ACCOUNT-OPENING-IMPORT","Finance & Accounts","Transaction / entry form","MODAL","4","5","0","2","2","2","0","4","1","1","0","0","0","0","0","0","0","0","Default/unspecified","","N/unspecified","C:\Users\shree\Documents\git projects\ibosssagar\app105-source\business-insights-live-export\f105\application\pages\page_00318.sql"
"319","Footer Formula List","FOOTER-FORMULA-LIST","Cross-module / Other","List / report / enquiry","Normal","1","0","0","1","1","1","0","0","0","0","0","0","1","0","0","0","0","0","Default/unspecified","","N/unspecified","C:\Users\shree\Documents\git projects\ibosssagar\app105-source\business-insights-live-export\f105\application\pages\page_00319.sql"
"320","Footer Formula Master","FOOTER-FORMULA-MASTER","General Masters / Setup","Master entry","MODAL","3","12","0","9","4","16","0","4","0","0","0","0","0","0","0","2","0","0","Default/unspecified","","N/unspecified","C:\Users\shree\Documents\git projects\ibosssagar\app105-source\business-insights-live-export\f105\application\pages\page_00320.sql"
"321","PURCHASEBILLDETAILFOOTER","PURCHASEBILLDETAILFOOTER","Procure to Pay / Purchase","Transaction / entry form","MODAL","1","5","0","1","7","8","0","2","0","0","0","1","0","0","0","0","0","0","Default/unspecified","","N/unspecified","C:\Users\shree\Documents\git projects\ibosssagar\app105-source\business-insights-live-export\f105\application\pages\page_00321.sql"
"322","SAC List","SAC-LIST","General Masters / Setup","List / report / enquiry","Normal","1","0","0","2","2","2","0","0","0","0","0","0","1","0","0","0","0","0","Default/unspecified","","N/unspecified","C:\Users\shree\Documents\git projects\ibosssagar\app105-source\business-insights-live-export\f105\application\pages\page_00322.sql"
"323","PURCHASEBILLFOOTER","PURCHASEBILLFOOTER","Procure to Pay / Purchase","Transaction / entry form","MODAL","1","5","3","1","7","8","0","2","0","0","0","1","0","0","0","0","0","0","Default/unspecified","","N/unspecified","C:\Users\shree\Documents\git projects\ibosssagar\app105-source\business-insights-live-export\f105\application\pages\page_00323.sql"
"324","CREDITNOTEDETAILFOOTER","CREDITNOTEDETAILFOOTER","Cross-module / Other","Transaction / entry form","MODAL","1","5","0","1","7","8","0","2","0","0","0","1","0","0","0","0","0","0","Default/unspecified","","N/unspecified","C:\Users\shree\Documents\git projects\ibosssagar\app105-source\business-insights-live-export\f105\application\pages\page_00324.sql"
"325","DEBITNOTEDETAILFOOTER","DEBITNOTEDETAILFOOTER","Cross-module / Other","Transaction / entry form","MODAL","1","5","0","1","7","8","0","2","0","0","0","1","0","0","0","0","0","0","Default/unspecified","","N/unspecified","C:\Users\shree\Documents\git projects\ibosssagar\app105-source\business-insights-live-export\f105\application\pages\page_00325.sql"
"326","SAC Master","SAC-MASTER","General Masters / Setup","Master entry","MODAL","3","13","0","9","11","31","0","6","0","0","0","0","0","0","0","2","0","0","Default/unspecified","","N/unspecified","C:\Users\shree\Documents\git projects\ibosssagar\app105-source\business-insights-live-export\f105\application\pages\page_00326.sql"
"327","PURCHASE BILL LEDGER","PURCHASE-BILL-LEDGER","Procure to Pay / Purchase","Grid / report page","Normal","2","6","3","2","2","2","0","0","0","0","0","0","1","0","0","0","0","0","N","","N/unspecified","C:\Users\shree\Documents\git projects\ibosssagar\app105-source\business-insights-live-export\f105\application\pages\page_00327.sql"
"328","Print ","PRINT1","Cross-module / Other","Utility / navigation / other","MODAL","0","2","0","3","3","3","0","0","0","0","0","0","0","0","0","0","0","0","N","","N/unspecified","C:\Users\shree\Documents\git projects\ibosssagar\app105-source\business-insights-live-export\f105\application\pages\page_00328.sql"
"329","CCINVOICE LEDGER","CCINVOICE-LEDGER","Order to Cash / Sales","Grid / report page","Normal","2","6","3","2","2","2","0","0","0","0","0","0","1","0","0","0","0","0","N","","N/unspecified","C:\Users\shree\Documents\git projects\ibosssagar\app105-source\business-insights-live-export\f105\application\pages\page_00329.sql"
"330","Trial Grid Testing","TRIAL-GRID-TESTING","Cross-module / Other","Transaction / entry form","Normal","1","0","0","0","2","2","0","1","0","0","0","1","0","0","0","0","0","0","Default/unspecified","","N/unspecified","C:\Users\shree\Documents\git projects\ibosssagar\app105-source\business-insights-live-export\f105\application\pages\page_00330.sql"
"331","PF & ESI Setting","PF-ESI-SETTING","Cross-module / Other","Grid / report page","Normal","1","1","0","2","2","2","0","0","0","0","0","0","1","0","0","0","0","0","Default/unspecified","","N/unspecified","C:\Users\shree\Documents\git projects\ibosssagar\app105-source\business-insights-live-export\f105\application\pages\page_00331.sql"
"332","PF & ESI Setting","PF-ESI-SETTING1","Cross-module / Other","Transaction / entry form","Normal","5","151","2","10","12","33","1","6","0","0","1","0","0","1","4","1","0","0","Default/unspecified","","N/unspecified","C:\Users\shree\Documents\git projects\ibosssagar\app105-source\business-insights-live-export\f105\application\pages\page_00332.sql"
"333","PF Challan","PF-CHALLAN","Cross-module / Other","Grid / report page","Normal","2","8","2","3","2","2","0","0","0","0","0","0","1","0","0","0","0","0","Default/unspecified","","N/unspecified","C:\Users\shree\Documents\git projects\ibosssagar\app105-source\business-insights-live-export\f105\application\pages\page_00333.sql"
"334","PF Challan","PF-CHALLAN1","Cross-module / Other","Transaction / entry form","Normal","4","145","0","13","18","47","1","8","0","0","1","1","0","1","7","1","0","0","Default/unspecified","","N/unspecified","C:\Users\shree\Documents\git projects\ibosssagar\app105-source\business-insights-live-export\f105\application\pages\page_00334.sql"
"335","Change In Employee List","CHANGE-IN-EMPLOYEE-LIST","Hire to Retire / HR & Payroll","List / report / enquiry","Normal","2","9","4","3","2","2","0","0","0","0","0","0","1","0","0","0","0","0","Default/unspecified","","N/unspecified","C:\Users\shree\Documents\git projects\ibosssagar\app105-source\business-insights-live-export\f105\application\pages\page_00335.sql"
"336","Change In Employee","CHANGE-IN-EMPLOYEE","Hire to Retire / HR & Payroll","Transaction / entry form","Normal","3","64","1","9","14","35","1","6","0","0","1","0","0","0","4","1","0","0","Default/unspecified","","N/unspecified","C:\Users\shree\Documents\git projects\ibosssagar\app105-source\business-insights-live-export\f105\application\pages\page_00336.sql"
"337","Employee Separation List","EMPLOYEE-SEPARATION-LIST","Hire to Retire / HR & Payroll","List / report / enquiry","Normal","2","9","4","3","2","2","0","0","0","0","0","0","1","0","0","0","0","0","Default/unspecified","","N/unspecified","C:\Users\shree\Documents\git projects\ibosssagar\app105-source\business-insights-live-export\f105\application\pages\page_00337.sql"
"338","Employee Separation","EMPLOYEE-SEPARATION","Hire to Retire / HR & Payroll","Transaction / entry form","Normal","3","25","7","10","14","35","1","6","0","0","1","0","0","0","4","1","0","0","Default/unspecified","","N/unspecified","C:\Users\shree\Documents\git projects\ibosssagar\app105-source\business-insights-live-export\f105\application\pages\page_00338.sql"
"339","Employee Category","EMPLOYEE-CATEGORY","Hire to Retire / HR & Payroll","Grid / report page","Normal","2","9","4","3","2","2","0","0","0","0","0","0","1","0","0","0","0","0","Default/unspecified","","N/unspecified","C:\Users\shree\Documents\git projects\ibosssagar\app105-source\business-insights-live-export\f105\application\pages\page_00339.sql"
"340","Employee Category","EMPLOYEE-CATEGORY1","Hire to Retire / HR & Payroll","Transaction / entry form","MODAL","3","19","1","9","11","31","0","6","0","0","0","0","0","0","0","2","0","0","Default/unspecified","","N/unspecified","C:\Users\shree\Documents\git projects\ibosssagar\app105-source\business-insights-live-export\f105\application\pages\page_00340.sql"
"341","Leave Scheme List","LEAVE-SCHEME-LIST","Hire to Retire / HR & Payroll","List / report / enquiry","Normal","2","9","4","3","2","2","0","0","0","0","0","0","1","0","0","0","0","0","Default/unspecified","","N/unspecified","C:\Users\shree\Documents\git projects\ibosssagar\app105-source\business-insights-live-export\f105\application\pages\page_00341.sql"
"342","Leave Scheme","LEAVE-SCHEME","Hire to Retire / HR & Payroll","Transaction / entry form","Normal","4","21","4","10","14","35","1","7","0","0","1","1","0","0","4","1","0","0","Default/unspecified","","N/unspecified","C:\Users\shree\Documents\git projects\ibosssagar\app105-source\business-insights-live-export\f105\application\pages\page_00342.sql"
"343","Employee Loan Receipt","EMPLOYEE-LOAN-RECEIPT","Hire to Retire / HR & Payroll","Grid / report page","Normal","2","9","4","3","2","2","0","0","0","0","0","0","1","0","0","0","0","0","Default/unspecified","","N/unspecified","C:\Users\shree\Documents\git projects\ibosssagar\app105-source\business-insights-live-export\f105\application\pages\page_00343.sql"
"344","Employee Loan Receipt","EMPLOYEE-LOAN-RECEIPT1","Hire to Retire / HR & Payroll","Transaction / entry form","Normal","3","27","7","10","14","35","1","6","0","0","1","0","0","0","4","1","0","0","Default/unspecified","","N/unspecified","C:\Users\shree\Documents\git projects\ibosssagar\app105-source\business-insights-live-export\f105\application\pages\page_00344.sql"
"345","Employee Loan Relaxation","EMPLOYEE-LOAN-RELAXATION","Hire to Retire / HR & Payroll","Grid / report page","Normal","2","9","4","3","2","2","0","0","0","0","0","0","1","0","0","0","0","0","Default/unspecified","","N/unspecified","C:\Users\shree\Documents\git projects\ibosssagar\app105-source\business-insights-live-export\f105\application\pages\page_00345.sql"
"346","Employee Loan Relaxation","EMPLOYEE-LOAN-RELAXATION1","Hire to Retire / HR & Payroll","Transaction / entry form","Normal","4","24","5","10","17","37","1","7","0","0","1","1","0","0","4","1","0","0","Default/unspecified","","N/unspecified","C:\Users\shree\Documents\git projects\ibosssagar\app105-source\business-insights-live-export\f105\application\pages\page_00346.sql"
"347","Advance Receipt List","ADVANCE-RECEIPT-LIST","Finance & Accounts","List / report / enquiry","Normal","1","1","0","3","1","1","0","0","0","0","0","0","1","0","0","0","0","0","Default/unspecified","","N/unspecified","C:\Users\shree\Documents\git projects\ibosssagar\app105-source\business-insights-live-export\f105\application\pages\page_00347.sql"
"348","Advance Receipt","ADVANCE-RECEIPT","Finance & Accounts","Transaction / entry form","Normal","5","43","1","9","18","39","0","8","0","0","1","1","0","1","2","1","0","0","N","","N/unspecified","C:\Users\shree\Documents\git projects\ibosssagar\app105-source\business-insights-live-export\f105\application\pages\page_00348.sql"
"349","Vendor Register","VENDOR-REGISTER","Procure to Pay / Purchase","List / report / enquiry","Normal","1","1","0","2","1","1","0","0","0","0","0","0","1","0","0","0","0","0","Default/unspecified","","N/unspecified","C:\Users\shree\Documents\git projects\ibosssagar\app105-source\business-insights-live-export\f105\application\pages\page_00349.sql"
"350","Vendor","VENDOR","Procure to Pay / Purchase","Transaction / entry form","Normal","5","45","2","9","14","35","0","10","0","0","1","0","0","1","5","1","0","0","Default/unspecified","","N/unspecified","C:\Users\shree\Documents\git projects\ibosssagar\app105-source\business-insights-live-export\f105\application\pages\page_00350.sql"
"351","GSTR9 Register","GSTR9-REGISTER","Finance & Accounts","List / report / enquiry","Normal","1","1","0","2","0","0","0","0","0","0","0","0","1","0","0","0","0","0","Default/unspecified","","N/unspecified","C:\Users\shree\Documents\git projects\ibosssagar\app105-source\business-insights-live-export\f105\application\pages\page_00351.sql"
"352","GSTR9","GSTR9","Finance & Accounts","Transaction / entry form","Normal","17","25","0","12","33","44","0","8","0","0","0","0","13","1","16","1","0","0","Default/unspecified","","N/unspecified","C:\Users\shree\Documents\git projects\ibosssagar\app105-source\business-insights-live-export\f105\application\pages\page_00352.sql"
"353","Profit And Loss Detail","PROFIT-AND-LOSS-DETAIL","Finance & Accounts","Transaction / entry form","Normal","6","31","0","11","41","81","0","4","0","0","0","1","1","1","6","1","0","0","N","","N/unspecified","C:\Users\shree\Documents\git projects\ibosssagar\app105-source\business-insights-live-export\f105\application\pages\page_00353.sql"
"354","Balance Sheet Detail","BALANCE-SHEET-DETAIL","Finance & Accounts","Transaction / entry form","Normal","8","43","1","11","36","75","0","4","0","0","1","1","3","1","9","1","0","0","N","","N/unspecified","C:\Users\shree\Documents\git projects\ibosssagar\app105-source\business-insights-live-export\f105\application\pages\page_00354.sql"
"355","Task Master","TASK-MASTER","General Masters / Setup","Master entry","MODAL","3","12","2","9","4","14","0","5","0","0","1","0","0","0","0","1","0","0","Default/unspecified","","N/unspecified","C:\Users\shree\Documents\git projects\ibosssagar\app105-source\business-insights-live-export\f105\application\pages\page_00355.sql"
"356","Task Assignment Master","TASK-ASSIGNMENT-MASTER","General Masters / Setup","Master entry","MODAL","3","18","2","9","4","14","0","3","0","0","1","0","0","0","0","1","0","0","Default/unspecified","","N/unspecified","C:\Users\shree\Documents\git projects\ibosssagar\app105-source\business-insights-live-export\f105\application\pages\page_00356.sql"
"357","Import Item","IMPORT-ITEM","Cross-module / Other","Transaction / entry form","MODAL","4","5","0","2","2","2","0","4","1","1","0","0","0","0","1","0","0","0","Default/unspecified","","N/unspecified","C:\Users\shree\Documents\git projects\ibosssagar\app105-source\business-insights-live-export\f105\application\pages\page_00357.sql"
"358","Item Import New","ITEM-IMPORT-NEW","Cross-module / Other","Transaction / entry form","MODAL","4","5","0","2","2","2","0","4","1","1","0","0","0","0","1","0","0","0","Default/unspecified","","N/unspecified","C:\Users\shree\Documents\git projects\ibosssagar\app105-source\business-insights-live-export\f105\application\pages\page_00358.sql"
"359","ITEMOPENING","ITEMOPENING","Cross-module / Other","Transaction / entry form","MODAL","4","5","0","2","2","2","0","4","1","1","0","0","0","0","0","0","0","0","Default/unspecified","","N/unspecified","C:\Users\shree\Documents\git projects\ibosssagar\app105-source\business-insights-live-export\f105\application\pages\page_00359.sql"
"360","Task Dashboard","TASK-DASHBOARD","Reports / MIS / Dashboard","List / report / enquiry","Normal","4","2","5","2","5","7","0","1","0","0","0","1","0","0","0","0","0","0","I","","N/unspecified","C:\Users\shree\Documents\git projects\ibosssagar\app105-source\business-insights-live-export\f105\application\pages\page_00360.sql"
"361","prototypes","PROTOTYPES","Cross-module / Other","Utility / navigation / other","Normal","1","2","0","0","0","0","0","0","0","0","0","0","0","0","0","0","0","0","Default/unspecified","","N/unspecified","C:\Users\shree\Documents\git projects\ibosssagar\app105-source\business-insights-live-export\f105\application\pages\page_00361.sql"
"362","Payment Followup","PAYMENT-FOLLOWUP","Finance & Accounts","Grid / report page","Normal","2","3","0","0","1","1","0","0","0","0","0","0","1","0","0","0","0","0","Default/unspecified","","N/unspecified","C:\Users\shree\Documents\git projects\ibosssagar\app105-source\business-insights-live-export\f105\application\pages\page_00362.sql"
"363","Active Module","ACTIVE-MODULE","Cross-module / Other","Transaction / entry form","Normal","1","0","0","0","2","2","0","1","0","0","0","1","0","0","0","0","0","0","Default/unspecified","","N/unspecified","C:\Users\shree\Documents\git projects\ibosssagar\app105-source\business-insights-live-export\f105\application\pages\page_00363.sql"
"364","Transactional Summary Report","TRANSACTIONAL-SUMMARY-REPORT","General Masters / Setup","List / report / enquiry","Normal","2","8","0","0","1","1","0","1","0","0","0","0","1","0","0","0","0","0","Default/unspecified","","N/unspecified","C:\Users\shree\Documents\git projects\ibosssagar\app105-source\business-insights-live-export\f105\application\pages\page_00364.sql"
"365","Enhance Interactive Grid with Treegrid","ENHANCE-INTERACTIVE-GRID-WITH-TREEGRID","Cross-module / Other","Grid / report page","Normal","1","0","0","0","2","2","0","0","0","0","0","1","0","0","0","0","0","0","Default/unspecified","","Y","C:\Users\shree\Documents\git projects\ibosssagar\app105-source\business-insights-live-export\f105\application\pages\page_00365.sql"
"366","Item Grade List","ITEM-GRADE-LIST","Cross-module / Other","List / report / enquiry","Normal","1","0","0","2","2","2","0","0","0","0","0","0","1","0","0","0","0","0","Default/unspecified","","N/unspecified","C:\Users\shree\Documents\git projects\ibosssagar\app105-source\business-insights-live-export\f105\application\pages\page_00366.sql"
"367","Item Grade Master","ITEM-GRADE-MASTER","General Masters / Setup","Master entry","MODAL","3","11","0","9","13","33","0","6","0","0","0","0","0","0","0","2","0","0","Default/unspecified","","N/unspecified","C:\Users\shree\Documents\git projects\ibosssagar\app105-source\business-insights-live-export\f105\application\pages\page_00367.sql"
"368","Item Length List","ITEM-LENGTH-LIST","Cross-module / Other","List / report / enquiry","Normal","1","0","0","2","2","2","0","0","0","0","0","0","1","0","0","0","0","0","Default/unspecified","","N/unspecified","C:\Users\shree\Documents\git projects\ibosssagar\app105-source\business-insights-live-export\f105\application\pages\page_00368.sql"
"369","Item Length Master","ITEM-LENGTH-MASTER","General Masters / Setup","Master entry","MODAL","3","13","0","9","12","32","0","6","0","0","0","0","0","0","0","2","0","0","Default/unspecified","","N/unspecified","C:\Users\shree\Documents\git projects\ibosssagar\app105-source\business-insights-live-export\f105\application\pages\page_00369.sql"
"370","Item Width List","ITEM-WIDTH-LIST","Cross-module / Other","List / report / enquiry","Normal","1","0","0","2","2","2","0","0","0","0","0","0","1","0","0","0","0","0","Default/unspecified","","N/unspecified","C:\Users\shree\Documents\git projects\ibosssagar\app105-source\business-insights-live-export\f105\application\pages\page_00370.sql"
"371","Item Width Master","ITEM-WIDTH-MASTER","General Masters / Setup","Master entry","MODAL","3","13","0","9","13","33","0","6","0","0","0","0","0","0","0","2","0","0","Default/unspecified","","N/unspecified","C:\Users\shree\Documents\git projects\ibosssagar\app105-source\business-insights-live-export\f105\application\pages\page_00371.sql"
"372","Item Thickness List","ITEM-THICKNESS-LIST","Cross-module / Other","List / report / enquiry","Normal","1","0","0","2","2","2","0","0","0","0","0","0","1","0","0","0","0","0","Default/unspecified","","N/unspecified","C:\Users\shree\Documents\git projects\ibosssagar\app105-source\business-insights-live-export\f105\application\pages\page_00372.sql"
"373","Item Thickness Master","ITEM-THICKNESS-MASTER","General Masters / Setup","Master entry","MODAL","3","13","0","9","13","33","0","6","0","0","0","0","0","0","0","2","0","0","Default/unspecified","","N/unspecified","C:\Users\shree\Documents\git projects\ibosssagar\app105-source\business-insights-live-export\f105\application\pages\page_00373.sql"
"374","Print Option PInvoice","PRINT-OPTION-PINVOICE","Cross-module / Other","Utility / navigation / other","MODAL","0","2","0","3","3","3","0","0","0","0","0","0","0","0","0","0","0","0","N","","N/unspecified","C:\Users\shree\Documents\git projects\ibosssagar\app105-source\business-insights-live-export\f105\application\pages\page_00374.sql"
"375","Pending Dispatch Quantity Register","PENDING-DISPATCH-QUANTITY-REGISTER","Order to Cash / Sales","List / report / enquiry","Normal","1","0","0","0","0","0","0","0","0","0","0","0","1","0","0","0","0","0","Default/unspecified","","N/unspecified","C:\Users\shree\Documents\git projects\ibosssagar\app105-source\business-insights-live-export\f105\application\pages\page_00375.sql"
"377","Payment Follow-up Action","PAYMENT-FOLLOW-UP-ACTION1","Finance & Accounts","Grid / report page","Normal","2","4","0","2","2","2","0","0","0","0","0","0","1","0","0","0","0","0","Default/unspecified","","N/unspecified","C:\Users\shree\Documents\git projects\ibosssagar\app105-source\business-insights-live-export\f105\application\pages\page_00377.sql"
"378","GRN Pending for Purchase Bill Report","GRN-PENDING-PURCHASE-BILL-REPORT","Procure to Pay / Purchase","List / report / enquiry","Normal","2","8","0","1","1","1","0","1","0","0","0","0","1","0","0","0","0","0","Default/unspecified","","N/unspecified","C:\Users\shree\Documents\git projects\ibosssagar\app105-source\business-insights-live-export\f105\application\pages\page_00378.sql"
"380","Sales Dashboard Detail Report","SALES-DASHBOARD-DETAIL-REPORT","Order to Cash / Sales","List / report / enquiry","MODAL","19","85","0","1","1","1","0","1","0","0","0","0","0","0","0","0","0","0","Default/unspecified","","N/unspecified","C:\Users\shree\Documents\git projects\ibosssagar\app105-source\business-insights-live-export\f105\application\pages\page_00380.sql"
"381","Payment Follow-up Action","PAYMENT-FOLLOW-UP-ACTION","Finance & Accounts","Transaction / entry form","Normal","6","27","6","8","6","18","0","6","0","0","3","0","0","0","1","0","0","0","Default/unspecified","","N/unspecified","C:\Users\shree\Documents\git projects\ibosssagar\app105-source\business-insights-live-export\f105\application\pages\page_00381.sql"
"382","Proforma Invoice Report","PROFORMA-INVOICE-REPORT","Order to Cash / Sales","List / report / enquiry","Normal","2","9","0","2","0","0","0","0","0","0","0","0","1","0","0","0","0","0","Default/unspecified","","N/unspecified","C:\Users\shree\Documents\git projects\ibosssagar\app105-source\business-insights-live-export\f105\application\pages\page_00382.sql"
"383","Proforma Invoice","PROFORMA-INVOICE","Order to Cash / Sales","Transaction / entry form","Normal","12","104","12","9","20","43","0","10","2","0","2","4","0","1","16","0","0","1","Default/unspecified","","N/unspecified","C:\Users\shree\Documents\git projects\ibosssagar\app105-source\business-insights-live-export\f105\application\pages\page_00383.sql"
"400","Trial Balance","TRIAL-BALANCE","Finance & Accounts","Transaction / entry form","Normal","3","32","2","11","16","36","0","4","0","0","0","0","1","0","3","3","0","0","N","","Y","C:\Users\shree\Documents\git projects\ibosssagar\app105-source\business-insights-live-export\f105\application\pages\page_00400.sql"
"401","Trial Balance","TRIAL-BALANCE2","Finance & Accounts","Transaction / entry form","Normal","2","19","2","1","2","2","0","1","0","0","0","0","1","0","0","0","0","0","N","","Y","C:\Users\shree\Documents\git projects\ibosssagar\app105-source\business-insights-live-export\f105\application\pages\page_00401.sql"
"402","Trial Balance","TRIAL-BALANCE1","Finance & Accounts","Transaction / entry form","Normal","2","17","2","2","0","0","0","1","0","0","0","0","1","0","0","0","0","0","N","","Y","C:\Users\shree\Documents\git projects\ibosssagar\app105-source\business-insights-live-export\f105\application\pages\page_00402.sql"
"403","GST Input Report As Per Transaction","GST-INPUT-REPORT-AS-PER-TRANSACTION","Finance & Accounts","List / report / enquiry","Normal","2","5","3","1","1","1","0","0","0","0","0","0","1","0","0","0","0","0","N","","N/unspecified","C:\Users\shree\Documents\git projects\ibosssagar\app105-source\business-insights-live-export\f105\application\pages\page_00403.sql"
"404","GST Output Report As Per Transaction","GST-OUTPUT-REPORT-AS-PER-TRANSACTION","Finance & Accounts","List / report / enquiry","Normal","2","6","3","1","2","2","0","0","0","0","0","0","1","0","0","0","0","0","N","","N/unspecified","C:\Users\shree\Documents\git projects\ibosssagar\app105-source\business-insights-live-export\f105\application\pages\page_00404.sql"
"405","TDS PAYBLE ","TDS-PAYBLE","Finance & Accounts","Grid / report page","Normal","2","4","3","1","1","1","0","0","0","0","0","0","1","0","0","0","0","0","N","","N/unspecified","C:\Users\shree\Documents\git projects\ibosssagar\app105-source\business-insights-live-export\f105\application\pages\page_00405.sql"
"406","TDS RECEIVABLE","TDS-RECEIVABLE","Finance & Accounts","Grid / report page","Normal","2","4","3","1","1","1","0","0","0","0","0","0","1","0","0","0","0","0","N","","N/unspecified","C:\Users\shree\Documents\git projects\ibosssagar\app105-source\business-insights-live-export\f105\application\pages\page_00406.sql"
"407","Stock Statement","STOCK-STATEMENT","Inventory Control","List / report / enquiry","Normal","2","9","4","3","1","1","0","0","0","0","0","0","1","0","0","0","0","0","Default/unspecified","","N/unspecified","C:\Users\shree\Documents\git projects\ibosssagar\app105-source\business-insights-live-export\f105\application\pages\page_00407.sql"
"410","PR to DB","PR-TO-DB","Cross-module / Other","Grid / report page","Normal","2","11","3","2","3","3","0","0","0","0","0","0","1","0","0","0","0","0","N","","N/unspecified","C:\Users\shree\Documents\git projects\ibosssagar\app105-source\business-insights-live-export\f105\application\pages\page_00410.sql"
"411","Order vs Dispatch","ORDER-VS-DISPATCH","Order to Cash / Sales","Grid / report page","Normal","3","7","0","2","3","3","0","0","0","0","0","0","2","0","0","0","0","0","Default/unspecified","","N/unspecified","C:\Users\shree\Documents\git projects\ibosssagar\app105-source\business-insights-live-export\f105\application\pages\page_00411.sql"
"412","Balance Sheet","BALANCE-SHEET","Finance & Accounts","Transaction / entry form","Normal","7","39","0","11","32","68","0","3","0","0","1","0","3","1","9","1","0","0","N","","N/unspecified","C:\Users\shree\Documents\git projects\ibosssagar\app105-source\business-insights-live-export\f105\application\pages\page_00412.sql"
"413","Account Position in Trial Balance","ACCOUNT-POSITION-IN-TRIAL-BALANCE","Finance & Accounts","Transaction / entry form","Normal","5","16","1","12","33","64","0","4","0","0","0","1","0","1","9","2","0","0","N","","N/unspecified","C:\Users\shree\Documents\git projects\ibosssagar\app105-source\business-insights-live-export\f105\application\pages\page_00413.sql"
"414","Schedule Register","SCHEDULE-REGISTER","Cross-module / Other","List / report / enquiry","Normal","2","3","0","5","2","2","0","1","0","0","0","0","1","0","0","0","0","0","N","","N/unspecified","C:\Users\shree\Documents\git projects\ibosssagar\app105-source\business-insights-live-export\f105\application\pages\page_00414.sql"
"415","Schedule","SCHEDULE","Cross-module / Other","Transaction / entry form","Normal","5","28","0","11","18","48","0","7","0","0","1","1","0","1","7","3","0","1","Default/unspecified","","N/unspecified","C:\Users\shree\Documents\git projects\ibosssagar\app105-source\business-insights-live-export\f105\application\pages\page_00415.sql"
"416","Profit And Loss","PROFIT-AND-LOSS","Finance & Accounts","Transaction / entry form","Normal","7","30","2","11","37","76","0","4","0","0","0","2","0","1","6","1","0","0","N","","N/unspecified","C:\Users\shree\Documents\git projects\ibosssagar\app105-source\business-insights-live-export\f105\application\pages\page_00416.sql"
"417","TDS Challan Register","TDS-CHALLAN-REGISTER","Finance & Accounts","List / report / enquiry","Normal","2","15","4","5","3","4","0","1","0","0","0","0","1","0","0","0","0","0","N","","N/unspecified","C:\Users\shree\Documents\git projects\ibosssagar\app105-source\business-insights-live-export\f105\application\pages\page_00417.sql"
"418","TDS Challan ","TDS-CHALLAN","Finance & Accounts","Transaction / entry form","Normal","7","27","2","11","31","58","0","12","0","0","1","2","0","1","11","1","0","1","N","","N/unspecified","C:\Users\shree\Documents\git projects\ibosssagar\app105-source\business-insights-live-export\f105\application\pages\page_00418.sql"
"419","ESIC Challan Register","ESIC-CHALLAN-REGISTER","Cross-module / Other","List / report / enquiry","Normal","2","15","4","5","3","4","0","1","0","0","0","0","1","0","0","0","0","0","N","","N/unspecified","C:\Users\shree\Documents\git projects\ibosssagar\app105-source\business-insights-live-export\f105\application\pages\page_00419.sql"
"420","ESI Challan ","ESI-CHALLAN","Cross-module / Other","Transaction / entry form","Normal","4","47","0","10","26","50","0","10","0","0","1","0","0","1","3","1","0","0","N","","N/unspecified","C:\Users\shree\Documents\git projects\ibosssagar\app105-source\business-insights-live-export\f105\application\pages\page_00420.sql"
"500","Portlets","PORTLETS","Cross-module / Other","Utility / navigation / other","Normal","1","0","0","0","2","2","0","0","0","0","0","0","0","0","0","0","0","0","Default/unspecified","","N/unspecified","C:\Users\shree\Documents\git projects\ibosssagar\app105-source\business-insights-live-export\f105\application\pages\page_00500.sql"
"501","Portlet Revenue","PORTLET-REVENUE","Cross-module / Other","Utility / navigation / other","Normal","15","16","0","0","14","46","0","0","0","0","0","0","0","0","0","0","0","0","N","","N/unspecified","C:\Users\shree\Documents\git projects\ibosssagar\app105-source\business-insights-live-export\f105\application\pages\page_00501.sql"
"502","Portlet Purchase","PORTLET-PURCHASE","Procure to Pay / Purchase","Transaction / entry form","Normal","11","14","0","1","9","15","0","1","0","0","0","0","0","0","0","0","0","0","N","","N/unspecified","C:\Users\shree\Documents\git projects\ibosssagar\app105-source\business-insights-live-export\f105\application\pages\page_00502.sql"
"503","Issue Analysis","ISSUE-ANALYSIS","Cross-module / Other","Utility / navigation / other","Normal","13","16","0","2","14","41","0","0","0","0","0","0","0","0","0","0","0","0","Default/unspecified","","N/unspecified","C:\Users\shree\Documents\git projects\ibosssagar\app105-source\business-insights-live-export\f105\application\pages\page_00503.sql"
"504","Sales Dashboard","SALES-DASHBOARD","Order to Cash / Sales","List / report / enquiry","Normal","21","13","0","1","7","7","0","3","0","2","0","0","2","0","12","0","0","0","N","","N/unspecified","C:\Users\shree\Documents\git projects\ibosssagar\app105-source\business-insights-live-export\f105\application\pages\page_00504.sql"
"505","Sales Detail (With Filter)","SALES-DETAIL-WITH-FILTER","Order to Cash / Sales","Utility / navigation / other","Normal","1","7","0","0","1","1","0","0","0","0","0","0","0","0","0","0","0","0","Default/unspecified","","N/unspecified","C:\Users\shree\Documents\git projects\ibosssagar\app105-source\business-insights-live-export\f105\application\pages\page_00505.sql"
"506","Purchase Dashboard","PURCHASE-DASHBOARD","Procure to Pay / Purchase","List / report / enquiry","Normal","12","6","0","2","2","2","0","2","0","0","0","0","0","0","12","0","0","0","Default/unspecified","","N/unspecified","C:\Users\shree\Documents\git projects\ibosssagar\app105-source\business-insights-live-export\f105\application\pages\page_00506.sql"
"507","Purchase Detail (with Filter)","PURCHASE-DETAIL-WITH-FILTER","Procure to Pay / Purchase","Utility / navigation / other","Normal","1","7","0","0","1","1","0","0","0","0","0","0","0","0","0","0","0","0","Default/unspecified","","N/unspecified","C:\Users\shree\Documents\git projects\ibosssagar\app105-source\business-insights-live-export\f105\application\pages\page_00507.sql"
"508","Month x Item wise Issue (Department)","MONTH-X-ITEM-WISE-ISSUE-DEPARTMENT","General Masters / Setup","Grid / report page","MODAL","1","5","0","0","1","1","0","0","0","0","0","0","1","0","0","0","0","0","Default/unspecified","","N/unspecified","C:\Users\shree\Documents\git projects\ibosssagar\app105-source\business-insights-live-export\f105\application\pages\page_00508.sql"
"509","HR - Dashboard","HR-DASHBOARD","Reports / MIS / Dashboard","List / report / enquiry","Normal","5","5","0","0","4","10","0","0","0","0","0","0","0","0","0","0","0","0","Default/unspecified","","N/unspecified","C:\Users\shree\Documents\git projects\ibosssagar\app105-source\business-insights-live-export\f105\application\pages\page_00509.sql"
"510","Customer","CUSTOMER","Order to Cash / Sales","Grid / report page","Normal","1","1","0","1","2","2","0","0","0","0","0","0","1","0","0","0","0","0","Default/unspecified","","N/unspecified","C:\Users\shree\Documents\git projects\ibosssagar\app105-source\business-insights-live-export\f105\application\pages\page_00510.sql"
"511","D Customer Dashboard","D-CUSTOMER-DASHBOARD","Order to Cash / Sales","List / report / enquiry","Normal","13","18","0","1","1","1","0","1","0","0","0","1","0","0","0","0","0","0","Default/unspecified","","N/unspecified","C:\Users\shree\Documents\git projects\ibosssagar\app105-source\business-insights-live-export\f105\application\pages\page_00511.sql"
"512","Customer  Detail","CUSTOMER-DETAIL","Order to Cash / Sales","Transaction / entry form","Normal","1","24","0","0","1","1","0","1","0","0","0","0","0","0","0","0","0","0","Default/unspecified","","N/unspecified","C:\Users\shree\Documents\git projects\ibosssagar\app105-source\business-insights-live-export\f105\application\pages\page_00512.sql"
"513","Supplier","SUPPLIER","Procure to Pay / Purchase","Grid / report page","Normal","1","1","0","1","1","1","0","0","0","0","0","0","1","0","0","0","0","0","Default/unspecified","","N/unspecified","C:\Users\shree\Documents\git projects\ibosssagar\app105-source\business-insights-live-export\f105\application\pages\page_00513.sql"
"514","Supplier Detail","SUPPLIER-DETAIL","Procure to Pay / Purchase","Transaction / entry form","Normal","1","25","0","0","0","0","0","1","0","0","0","0","0","0","0","0","0","0","Default/unspecified","","N/unspecified","C:\Users\shree\Documents\git projects\ibosssagar\app105-source\business-insights-live-export\f105\application\pages\page_00514.sql"
"515","Supplier Dashboard","SUPPLIER-DASHBOARD","Procure to Pay / Purchase","List / report / enquiry","Normal","12","18","0","1","1","1","0","1","0","0","0","0","2","0","0","0","0","0","Default/unspecified","","N/unspecified","C:\Users\shree\Documents\git projects\ibosssagar\app105-source\business-insights-live-export\f105\application\pages\page_00515.sql"
"516","Finished Products","FINISHED-PRODUCTS","Cross-module / Other","Grid / report page","Normal","1","1","0","1","1","1","0","0","0","0","0","0","1","0","0","0","0","0","Default/unspecified","","N/unspecified","C:\Users\shree\Documents\git projects\ibosssagar\app105-source\business-insights-live-export\f105\application\pages\page_00516.sql"
"517","Product Detail","PRODUCT-DETAIL","Cross-module / Other","Transaction / entry form","Normal","1","24","0","0","1","1","0","1","0","0","0","0","0","0","0","0","0","0","Default/unspecified","","N/unspecified","C:\Users\shree\Documents\git projects\ibosssagar\app105-source\business-insights-live-export\f105\application\pages\page_00517.sql"
"518","Product Dashboard","PRODUCT-DASHBOARD","Reports / MIS / Dashboard","List / report / enquiry","Normal","11","18","0","1","1","1","0","1","0","0","0","0","6","0","0","0","0","0","Default/unspecified","","N/unspecified","C:\Users\shree\Documents\git projects\ibosssagar\app105-source\business-insights-live-export\f105\application\pages\page_00518.sql"
"519","360 View","360-VIEW","Reports / MIS / Dashboard","List / report / enquiry","Normal","1","0","0","0","1","1","0","0","0","0","0","0","0","0","0","0","0","0","Default/unspecified","","N/unspecified","C:\Users\shree\Documents\git projects\ibosssagar\app105-source\business-insights-live-export\f105\application\pages\page_00519.sql"
"520","Account Dashboard","ACCOUNT-DASHBOARD","Finance & Accounts","List / report / enquiry","Normal","17","1","0","2","13","16","0","0","0","0","0","0","0","0","0","0","0","0","Default/unspecified","","N/unspecified","C:\Users\shree\Documents\git projects\ibosssagar\app105-source\business-insights-live-export\f105\application\pages\page_00520.sql"
"521","Trade Analysis","TRADE-ANALYSIS","Cross-module / Other","Utility / navigation / other","Normal","11","10","0","0","17","27","0","0","0","0","0","0","0","0","0","0","0","0","N","","N/unspecified","C:\Users\shree\Documents\git projects\ibosssagar\app105-source\business-insights-live-export\f105\application\pages\page_00521.sql"
"522","Customer Pending Orders","CUSTOMER-PENDING-ORDERS","Order to Cash / Sales","List / report / enquiry","Normal","1","3","0","0","0","0","0","0","0","0","0","0","1","0","0","0","0","0","Default/unspecified","","N/unspecified","C:\Users\shree\Documents\git projects\ibosssagar\app105-source\business-insights-live-export\f105\application\pages\page_00522.sql"
"523","Creditors Aging Detail Report","CREDITORS-AGING-DETAIL-REPORT","Reports / MIS / Dashboard","List / report / enquiry","Normal","2","4","1","1","0","0","0","0","0","0","0","0","1","0","0","0","0","0","N","","N/unspecified","C:\Users\shree\Documents\git projects\ibosssagar\app105-source\business-insights-live-export\f105\application\pages\page_00523.sql"
"524","Customer Overdue Invoices","CUSTOMER-OVERDUE-INVOICES","Order to Cash / Sales","Grid / report page","Normal","1","1","0","0","0","0","0","0","0","0","0","0","1","0","0","0","0","0","Default/unspecified","","N/unspecified","C:\Users\shree\Documents\git projects\ibosssagar\app105-source\business-insights-live-export\f105\application\pages\page_00524.sql"
"525","Customer Billed Invoices","CUSTOMER-BILLED-INVOICES","Order to Cash / Sales","Grid / report page","Normal","1","4","0","0","0","0","0","0","0","0","0","0","1","0","0","0","0","0","Default/unspecified","","N/unspecified","C:\Users\shree\Documents\git projects\ibosssagar\app105-source\business-insights-live-export\f105\application\pages\page_00525.sql"
"526","Customer Active Invoices","CUSTOMER-ACTIVE-INVOICES","Order to Cash / Sales","Grid / report page","Normal","1","2","0","0","0","0","0","0","0","0","0","0","1","0","0","0","0","0","Default/unspecified","","N/unspecified","C:\Users\shree\Documents\git projects\ibosssagar\app105-source\business-insights-live-export\f105\application\pages\page_00526.sql"
"527","Customer Inactive Invoices","CUSTOMER-INACTIVE-INVOICES","Order to Cash / Sales","Grid / report page","Normal","1","1","0","0","0","0","0","0","0","0","0","0","1","0","0","0","0","0","Default/unspecified","","N/unspecified","C:\Users\shree\Documents\git projects\ibosssagar\app105-source\business-insights-live-export\f105\application\pages\page_00527.sql"
"528","Supplier Overdue Amount","SUPPLIER-OVERDUE-AMOUNT","Procure to Pay / Purchase","Grid / report page","Normal","1","4","0","0","0","0","0","0","0","0","0","0","1","0","0","0","0","0","Default/unspecified","","N/unspecified","C:\Users\shree\Documents\git projects\ibosssagar\app105-source\business-insights-live-export\f105\application\pages\page_00528.sql"
"529","Supplier Outstanding Amount","SUPPLIER-OUTSTANDING-AMOUNT","Procure to Pay / Purchase","Grid / report page","Normal","1","4","0","0","0","0","0","0","0","0","0","0","1","0","0","0","0","0","Default/unspecified","","N/unspecified","C:\Users\shree\Documents\git projects\ibosssagar\app105-source\business-insights-live-export\f105\application\pages\page_00529.sql"
"530","Supplier Active PO","SUPPLIER-ACTIVE-PO","Procure to Pay / Purchase","Grid / report page","Normal","1","1","0","0","0","0","0","0","0","0","0","0","1","0","0","0","0","0","Default/unspecified","","N/unspecified","C:\Users\shree\Documents\git projects\ibosssagar\app105-source\business-insights-live-export\f105\application\pages\page_00530.sql"
"531","Supplier Pending for GRN","SUPPLIER-PENDING-FOR-GRN","Procure to Pay / Purchase","List / report / enquiry","Normal","1","1","0","0","0","0","0","0","0","0","0","0","1","0","0","0","0","0","Default/unspecified","","N/unspecified","C:\Users\shree\Documents\git projects\ibosssagar\app105-source\business-insights-live-export\f105\application\pages\page_00531.sql"
"532","Supplier Orders Completed","SUPPLIER-ORDERS-COMPLETED","Procure to Pay / Purchase","Grid / report page","Normal","1","1","0","0","0","0","0","0","0","0","0","0","1","0","0","0","0","0","Default/unspecified","","N/unspecified","C:\Users\shree\Documents\git projects\ibosssagar\app105-source\business-insights-live-export\f105\application\pages\page_00532.sql"
"533","Supplier Orders Delivered on Time","SUPPLIER-ORDERS-DELIVERED-ON-TIME","Procure to Pay / Purchase","Grid / report page","Normal","1","1","0","0","0","0","0","0","0","0","0","0","1","0","0","0","0","0","Default/unspecified","","N/unspecified","C:\Users\shree\Documents\git projects\ibosssagar\app105-source\business-insights-live-export\f105\application\pages\page_00533.sql"
"534","Product Pending Sales Order","PRODUCT-PENDING-SALES-ORDER","Order to Cash / Sales","List / report / enquiry","Normal","1","3","0","0","0","0","0","0","0","0","0","0","1","0","0","0","0","0","Default/unspecified","","N/unspecified","C:\Users\shree\Documents\git projects\ibosssagar\app105-source\business-insights-live-export\f105\application\pages\page_00534.sql"
"535","Product Pending Purchase Order","PRODUCT-PENDING-PURCHASE-ORDER","Procure to Pay / Purchase","List / report / enquiry","Normal","1","3","0","0","0","0","0","0","0","0","0","0","1","0","0","0","0","0","Default/unspecified","","N/unspecified","C:\Users\shree\Documents\git projects\ibosssagar\app105-source\business-insights-live-export\f105\application\pages\page_00535.sql"
"536","Product Stock Group by Storage Location","PRODUCT-STOCK-GROUP-BY-STORAGE-LOCATION","Inventory Control","Grid / report page","Normal","1","6","0","0","0","0","0","0","0","0","0","0","1","0","0","0","0","0","Default/unspecified","","N/unspecified","C:\Users\shree\Documents\git projects\ibosssagar\app105-source\business-insights-live-export\f105\application\pages\page_00536.sql"
"537","Product Pipeline Stock group by Module","PRODUCT-PIPELINE-STOCK-GROUP-BY-MODULE","Inventory Control","Grid / report page","Normal","2","6","0","0","0","0","0","0","0","0","0","0","1","0","0","0","0","0","Default/unspecified","","N/unspecified","C:\Users\shree\Documents\git projects\ibosssagar\app105-source\business-insights-live-export\f105\application\pages\page_00537.sql"
"538","Product Stock Storage Location wise","PRODUCT-STOCK-STORAGE-LOCATION-WISE","Inventory Control","Grid / report page","Normal","1","7","0","0","0","0","0","0","0","0","0","0","1","0","0","0","0","0","Default/unspecified","","N/unspecified","C:\Users\shree\Documents\git projects\ibosssagar\app105-source\business-insights-live-export\f105\application\pages\page_00538.sql"
"539","Product Stock","PRODUCT-STOCK","Inventory Control","Grid / report page","Normal","1","6","0","0","0","0","0","0","0","0","0","0","1","0","0","0","0","0","Default/unspecified","","N/unspecified","C:\Users\shree\Documents\git projects\ibosssagar\app105-source\business-insights-live-export\f105\application\pages\page_00539.sql"
"540","Products 12 Months Detail","PRODUCTS-12-MONTHS-DETAIL","Cross-module / Other","Grid / report page","Normal","4","5","0","0","0","0","0","0","0","0","0","0","3","0","0","0","0","0","Default/unspecified","","N/unspecified","C:\Users\shree\Documents\git projects\ibosssagar\app105-source\business-insights-live-export\f105\application\pages\page_00540.sql"
"541","Customer Billed Invoices","CUSTOMER-BILLED-INVOICES1","Order to Cash / Sales","Grid / report page","Normal","1","4","0","0","0","0","0","0","0","0","0","0","1","0","0","0","0","0","Default/unspecified","","N/unspecified","C:\Users\shree\Documents\git projects\ibosssagar\app105-source\business-insights-live-export\f105\application\pages\page_00541.sql"
"542","Supplier Active Purchase Bill Pass","SUPPLIER-ACTIVE-PURCHASE-BILL-PASS","Procure to Pay / Purchase","Grid / report page","Normal","1","4","0","0","0","0","0","0","0","0","0","0","1","0","0","0","0","0","Default/unspecified","","N/unspecified","C:\Users\shree\Documents\git projects\ibosssagar\app105-source\business-insights-live-export\f105\application\pages\page_00542.sql"
"543","Supplier Active PO","SUPPLIER-ACTIVE-PO1","Procure to Pay / Purchase","Grid / report page","Normal","1","1","0","0","0","0","0","0","0","0","0","0","1","0","0","0","0","0","Default/unspecified","","N/unspecified","C:\Users\shree\Documents\git projects\ibosssagar\app105-source\business-insights-live-export\f105\application\pages\page_00543.sql"
"601","Staff Type List","STAFF-TYPE-LIST","Hire to Retire / HR & Payroll","List / report / enquiry","Normal","1","1","0","2","3","3","0","0","0","0","0","0","1","0","0","0","0","0","Default/unspecified","","N/unspecified","C:\Users\shree\Documents\git projects\ibosssagar\app105-source\business-insights-live-export\f105\application\pages\page_00601.sql"
"602","Staff Type Master","STAFF-TYPE-MASTER","Hire to Retire / HR & Payroll","Master entry","MODAL","4","13","2","9","8","3","0","6","0","0","0","0","0","0","0","0","0","0","Default/unspecified","","N/unspecified","C:\Users\shree\Documents\git projects\ibosssagar\app105-source\business-insights-live-export\f105\application\pages\page_00602.sql"
"603","Salary Head List","SALARY-HEAD-LIST","Hire to Retire / HR & Payroll","List / report / enquiry","Normal","1","1","0","2","4","4","0","0","0","0","0","0","1","0","0","0","0","0","Default/unspecified","","N/unspecified","C:\Users\shree\Documents\git projects\ibosssagar\app105-source\business-insights-live-export\f105\application\pages\page_00603.sql"
"604","Salary Head Master","SALARY-HEAD-MASTER","Hire to Retire / HR & Payroll","Master entry","MODAL","4","17","3","9","8","3","0","6","0","0","0","0","0","0","0","0","0","0","Default/unspecified","","N/unspecified","C:\Users\shree\Documents\git projects\ibosssagar\app105-source\business-insights-live-export\f105\application\pages\page_00604.sql"
"605","Leave List","LEAVE-LIST","Hire to Retire / HR & Payroll","List / report / enquiry","Normal","1","1","0","2","4","4","0","0","0","0","0","0","1","0","0","0","0","0","Default/unspecified","","N/unspecified","C:\Users\shree\Documents\git projects\ibosssagar\app105-source\business-insights-live-export\f105\application\pages\page_00605.sql"
"606","Leave Master","LEAVE-MASTER","Hire to Retire / HR & Payroll","Master entry","MODAL","4","14","2","9","8","3","0","6","0","0","0","0","0","0","0","0","0","0","Default/unspecified","","N/unspecified","C:\Users\shree\Documents\git projects\ibosssagar\app105-source\business-insights-live-export\f105\application\pages\page_00606.sql"
"607","Loan Category List","LOAN-CATEGORY-LIST","Hire to Retire / HR & Payroll","List / report / enquiry","Normal","1","1","0","2","4","4","0","0","0","0","0","0","1","0","0","0","0","0","Default/unspecified","","N/unspecified","C:\Users\shree\Documents\git projects\ibosssagar\app105-source\business-insights-live-export\f105\application\pages\page_00607.sql"
"608","Loan Category Master","LOAN-CATEGORY-MASTER","Hire to Retire / HR & Payroll","Master entry","MODAL","4","13","1","9","8","3","0","6","0","0","0","0","0","0","0","0","0","0","Default/unspecified","","N/unspecified","C:\Users\shree\Documents\git projects\ibosssagar\app105-source\business-insights-live-export\f105\application\pages\page_00608.sql"
"609","Loan Type List","LOAN-TYPE-LIST","Hire to Retire / HR & Payroll","List / report / enquiry","Normal","1","1","0","2","4","4","0","0","0","0","0","0","1","0","0","0","0","0","Default/unspecified","","N/unspecified","C:\Users\shree\Documents\git projects\ibosssagar\app105-source\business-insights-live-export\f105\application\pages\page_00609.sql"
"610","Loan Type Master","LOAN-TYPE-MASTER","Hire to Retire / HR & Payroll","Master entry","MODAL","4","16","4","9","8","3","0","6","0","0","0","0","0","0","0","0","0","0","Default/unspecified","","N/unspecified","C:\Users\shree\Documents\git projects\ibosssagar\app105-source\business-insights-live-export\f105\application\pages\page_00610.sql"
"611","Salary Head Account","SALARY-HEAD-ACCOUNT","Hire to Retire / HR & Payroll","Grid / report page","Normal","1","1","0","2","3","3","0","0","0","0","0","0","1","0","0","0","0","0","Default/unspecified","","N/unspecified","C:\Users\shree\Documents\git projects\ibosssagar\app105-source\business-insights-live-export\f105\application\pages\page_00611.sql"
"612","Salary Head Account","SALARY-HEAD-ACCOUNT1","Hire to Retire / HR & Payroll","Transaction / entry form","MODAL","4","19","4","9","8","3","0","6","0","0","0","0","0","0","0","0","0","0","Default/unspecified","","N/unspecified","C:\Users\shree\Documents\git projects\ibosssagar\app105-source\business-insights-live-export\f105\application\pages\page_00612.sql"
"613","Qualification Type List","QUALIFICATION-TYPE-LIST1","Cross-module / Other","List / report / enquiry","Normal","1","0","0","2","2","2","0","0","0","0","0","0","1","0","0","0","0","0","Default/unspecified","","N/unspecified","C:\Users\shree\Documents\git projects\ibosssagar\app105-source\business-insights-live-export\f105\application\pages\page_00613.sql"
"614","Qualification Type","QUALIFICATION-TYPE-LIST","Cross-module / Other","Transaction / entry form","MODAL","3","15","0","9","9","29","0","6","0","0","0","0","0","0","0","2","0","0","Default/unspecified","","N/unspecified","C:\Users\shree\Documents\git projects\ibosssagar\app105-source\business-insights-live-export\f105\application\pages\page_00614.sql"
"615","Attendence Head List","ATTENDENCE-HEAD-LIST","Cross-module / Other","List / report / enquiry","Normal","1","1","0","2","3","3","0","0","0","0","0","0","1","0","0","0","0","0","Default/unspecified","","N/unspecified","C:\Users\shree\Documents\git projects\ibosssagar\app105-source\business-insights-live-export\f105\application\pages\page_00615.sql"
"616","Attendence Head Master","ATTENDENCE-HEAD-MASTER","General Masters / Setup","Master entry","MODAL","4","15","3","9","8","3","0","6","0","0","0","0","0","0","0","0","0","0","N","","N/unspecified","C:\Users\shree\Documents\git projects\ibosssagar\app105-source\business-insights-live-export\f105\application\pages\page_00616.sql"
"617","Qualification List","QUALIFICATION-LIST","Cross-module / Other","List / report / enquiry","Normal","1","1","0","2","3","3","0","0","0","0","0","0","1","0","0","0","0","0","Default/unspecified","","N/unspecified","C:\Users\shree\Documents\git projects\ibosssagar\app105-source\business-insights-live-export\f105\application\pages\page_00617.sql"
"618","Qualification Master","QUALIFICATION-MASTER","General Masters / Setup","Master entry","MODAL","4","13","0","9","8","3","0","6","0","0","0","0","0","0","0","0","0","0","Default/unspecified","","N/unspecified","C:\Users\shree\Documents\git projects\ibosssagar\app105-source\business-insights-live-export\f105\application\pages\page_00618.sql"
"619","ATTENDENCE PERIODICAL","ATTENDENCE-PERIODICAL1","Cross-module / Other","Grid / report page","Normal","2","7","0","3","4","4","0","0","0","0","0","0","1","0","0","0","0","0","Default/unspecified","","N/unspecified","C:\Users\shree\Documents\git projects\ibosssagar\app105-source\business-insights-live-export\f105\application\pages\page_00619.sql"
"620","ATTENDENCE PERIODICAL","ATTENDENCE-PERIODICAL","Cross-module / Other","Transaction / entry form","Normal","4","23","0","11","14","33","0","8","0","0","1","1","0","0","7","1","0","1","Default/unspecified","","N/unspecified","C:\Users\shree\Documents\git projects\ibosssagar\app105-source\business-insights-live-export\f105\application\pages\page_00620.sql"
"621","EMPLOYEE SALARY","EMPLOYEE-SALARY1","Hire to Retire / HR & Payroll","Grid / report page","Normal","2","7","0","3","3","3","0","0","0","0","0","0","1","0","0","0","0","0","Default/unspecified","","N/unspecified","C:\Users\shree\Documents\git projects\ibosssagar\app105-source\business-insights-live-export\f105\application\pages\page_00621.sql"
"622","EMPLOYEE SALARY","EMPLOYEE-SALARY","Hire to Retire / HR & Payroll","Transaction / entry form","Normal","4","35","7","10","15","38","0","7","0","0","1","1","0","0","4","1","0","0","Default/unspecified","","N/unspecified","C:\Users\shree\Documents\git projects\ibosssagar\app105-source\business-insights-live-export\f105\application\pages\page_00622.sql"
"623","SALARY SCHEME","SALARY-SCHEME","Hire to Retire / HR & Payroll","Grid / report page","Normal","1","1","0","2","2","2","0","0","0","0","0","0","1","0","0","0","0","0","Default/unspecified","","N/unspecified","C:\Users\shree\Documents\git projects\ibosssagar\app105-source\business-insights-live-export\f105\application\pages\page_00623.sql"
"624","SALARY SCHEME","SALARY-SCHEME1","Hire to Retire / HR & Payroll","Transaction / entry form","Normal","4","22","1","10","13","31","0","9","0","0","1","1","0","0","2","1","0","0","Default/unspecified","","N/unspecified","C:\Users\shree\Documents\git projects\ibosssagar\app105-source\business-insights-live-export\f105\application\pages\page_00624.sql"
"625","EMPLOYEE DEDUCTION EARNING","EMPLOYEE-DEDUCTION-EARNING","Hire to Retire / HR & Payroll","Grid / report page","Normal","1","1","0","2","2","2","0","0","0","0","0","0","1","0","0","0","0","0","Default/unspecified","","N/unspecified","C:\Users\shree\Documents\git projects\ibosssagar\app105-source\business-insights-live-export\f105\application\pages\page_00625.sql"
"626","EmployeeDeductionEarning","EMPLOYEEDE-DUCTION-EARNING","Hire to Retire / HR & Payroll","Transaction / entry form","Normal","4","28","1","10","15","33","0","7","0","0","1","1","0","0","5","1","0","1","Default/unspecified","","N/unspecified","C:\Users\shree\Documents\git projects\ibosssagar\app105-source\business-insights-live-export\f105\application\pages\page_00626.sql"
"627","LOAN SCHEME","LOAN-SCHEME","Hire to Retire / HR & Payroll","Grid / report page","Normal","1","1","0","2","2","2","0","0","0","0","0","0","1","0","0","0","0","0","Default/unspecified","","N/unspecified","C:\Users\shree\Documents\git projects\ibosssagar\app105-source\business-insights-live-export\f105\application\pages\page_00627.sql"
"628","LOAN SCHEME","LOAN-SCHEME1","Hire to Retire / HR & Payroll","Transaction / entry form","Normal","5","25","8","10","11","33","0","9","0","0","1","2","0","0","1","1","0","0","Default/unspecified","","N/unspecified","C:\Users\shree\Documents\git projects\ibosssagar\app105-source\business-insights-live-export\f105\application\pages\page_00628.sql"
"629","LOAN REQUEST","LOAN-REQUEST","Hire to Retire / HR & Payroll","Grid / report page","Normal","1","0","0","1","0","0","0","0","0","0","0","0","1","0","0","0","0","0","Default/unspecified","","N/unspecified","C:\Users\shree\Documents\git projects\ibosssagar\app105-source\business-insights-live-export\f105\application\pages\page_00629.sql"
"630","LOAN  REQUEST","LOAN-REQUEST1","Hire to Retire / HR & Payroll","Transaction / entry form","Normal","5","33","0","9","15","38","0","8","0","0","1","1","0","0","1","1","0","0","N","","N/unspecified","C:\Users\shree\Documents\git projects\ibosssagar\app105-source\business-insights-live-export\f105\application\pages\page_00630.sql"
"631","ATTENDENCE","ATTENDENCE","Cross-module / Other","Grid / report page","Normal","2","8","0","4","3","3","0","0","0","0","0","0","1","0","0","0","0","0","Default/unspecified","","N/unspecified","C:\Users\shree\Documents\git projects\ibosssagar\app105-source\business-insights-live-export\f105\application\pages\page_00631.sql"
"632","ATTENDENCE","ATTENDENCE1","Cross-module / Other","Transaction / entry form","Normal","4","28","0","12","18","41","0","6","1","0","1","1","0","0","7","1","0","1","Default/unspecified","","N/unspecified","C:\Users\shree\Documents\git projects\ibosssagar\app105-source\business-insights-live-export\f105\application\pages\page_00632.sql"
"633","LEAVEREQUEST","LEAVEREQUEST","Hire to Retire / HR & Payroll","Grid / report page","Normal","1","1","0","2","2","2","0","0","0","0","0","0","1","0","0","0","0","0","Default/unspecified","","N/unspecified","C:\Users\shree\Documents\git projects\ibosssagar\app105-source\business-insights-live-export\f105\application\pages\page_00633.sql"
"634","LEAVEREQUEST","LEAVEREQUEST1","Hire to Retire / HR & Payroll","Transaction / entry form","Normal","7","26","3","10","14","34","0","6","1","0","1","1","2","1","4","1","0","1","Default/unspecified","","N/unspecified","C:\Users\shree\Documents\git projects\ibosssagar\app105-source\business-insights-live-export\f105\application\pages\page_00634.sql"
"635","LEAVEREQUEST","LEAVEREQUEST2","Hire to Retire / HR & Payroll","Grid / report page","MODAL","1","7","0","2","0","0","0","0","0","0","0","0","1","0","0","0","0","0","Default/unspecified","","N/unspecified","C:\Users\shree\Documents\git projects\ibosssagar\app105-source\business-insights-live-export\f105\application\pages\page_00635.sql"
"636","LOANREQUEST","LOANREQUEST","Hire to Retire / HR & Payroll","Transaction / entry form","Normal","6","32","0","10","14","35","0","7","0","0","1","2","0","0","4","1","0","1","Default/unspecified","","N/unspecified","C:\Users\shree\Documents\git projects\ibosssagar\app105-source\business-insights-live-export\f105\application\pages\page_00636.sql"
"637","LOANREQUEST","LOANREQUEST1","Hire to Retire / HR & Payroll","Grid / report page","Normal","1","1","0","2","2","2","0","0","0","0","0","0","1","0","0","0","0","0","Default/unspecified","","N/unspecified","C:\Users\shree\Documents\git projects\ibosssagar\app105-source\business-insights-live-export\f105\application\pages\page_00637.sql"
"638","LOANSANCTION","LOANSANCTION","Hire to Retire / HR & Payroll","Grid / report page","Normal","1","1","0","2","2","2","0","0","0","0","0","0","1","0","0","0","0","0","Default/unspecified","","N/unspecified","C:\Users\shree\Documents\git projects\ibosssagar\app105-source\business-insights-live-export\f105\application\pages\page_00638.sql"
"639","LOANSANCTION","LOANSANCTION1","Hire to Retire / HR & Payroll","Transaction / entry form","Normal","6","44","0","10","15","38","0","6","0","0","1","1","0","0","4","1","0","1","Default/unspecified","","N/unspecified","C:\Users\shree\Documents\git projects\ibosssagar\app105-source\business-insights-live-export\f105\application\pages\page_00639.sql"
"640","SALARY","SALARY","Hire to Retire / HR & Payroll","Grid / report page","Normal","2","10","0","4","3","3","0","0","0","0","0","0","1","0","0","0","0","0","Default/unspecified","","N/unspecified","C:\Users\shree\Documents\git projects\ibosssagar\app105-source\business-insights-live-export\f105\application\pages\page_00640.sql"
"641","SALARY","SALARY1","Hire to Retire / HR & Payroll","Transaction / entry form","Normal","7","41","0","16","22","47","0","6","0","0","1","1","0","1","5","2","0","1","N","","N/unspecified","C:\Users\shree\Documents\git projects\ibosssagar\app105-source\business-insights-live-export\f105\application\pages\page_00641.sql"
"642","ATTENDENCEREVISION","ATTENDENCEREVISION","Cross-module / Other","Grid / report page","Normal","1","1","0","2","2","2","0","0","0","0","0","0","1","0","0","0","0","0","Default/unspecified","","N/unspecified","C:\Users\shree\Documents\git projects\ibosssagar\app105-source\business-insights-live-export\f105\application\pages\page_00642.sql"
"643","ATTENDENCEREVISION","ATTENDENCEREVISION1","Cross-module / Other","Transaction / entry form","Normal","5","26","0","10","16","36","0","8","0","0","1","2","0","0","10","1","0","1","Default/unspecified","","N/unspecified","C:\Users\shree\Documents\git projects\ibosssagar\app105-source\business-insights-live-export\f105\application\pages\page_00643.sql"
"644","Visitor Gate pass Register","VISITOR-GATE-PASS-REGISTER","Hire to Retire / HR & Payroll","List / report / enquiry","Normal","2","5","0","4","1","1","0","0","0","0","0","0","1","0","0","0","0","0","Default/unspecified","","N/unspecified","C:\Users\shree\Documents\git projects\ibosssagar\app105-source\business-insights-live-export\f105\application\pages\page_00644.sql"
"645","Visitor In Out","VISITOR-IN-OUT","Visitor Management","Transaction / entry form","Normal","7","35","0","11","14","35","0","7","0","0","1","1","1","1","0","3","0","0","Default/unspecified","","N/unspecified","C:\Users\shree\Documents\git projects\ibosssagar\app105-source\business-insights-live-export\f105\application\pages\page_00645.sql"
"646","Image Priview","IMAGE-PRIVIEW","Cross-module / Other","Utility / navigation / other","MODAL","2","2","0","2","3","4","0","3","0","0","0","0","0","0","1","0","0","0","Default/unspecified","","N/unspecified","C:\Users\shree\Documents\git projects\ibosssagar\app105-source\business-insights-live-export\f105\application\pages\page_00646.sql"
"647","Visitor In Out","VISITOR-IN-OUT1","Visitor Management","Transaction / entry form","Normal","7","36","0","14","17","39","0","9","0","0","1","1","1","1","6","3","0","0","Default/unspecified","","N/unspecified","C:\Users\shree\Documents\git projects\ibosssagar\app105-source\business-insights-live-export\f105\application\pages\page_00647.sql"
"648","Reimbursement Policy list","REIMBURSEMENT-POLICY-LIST","Cross-module / Other","List / report / enquiry","Normal","2","8","0","4","1","1","0","0","0","0","0","0","1","0","0","0","0","0","Default/unspecified","","N/unspecified","C:\Users\shree\Documents\git projects\ibosssagar\app105-source\business-insights-live-export\f105\application\pages\page_00648.sql"
"649","Reimbursement Policy","REIMBURSEMENT-POLICY","Cross-module / Other","Transaction / entry form","Normal","6","26","0","10","13","37","0","9","0","0","1","2","0","1","8","1","0","0","Default/unspecified","","N/unspecified","C:\Users\shree\Documents\git projects\ibosssagar\app105-source\business-insights-live-export\f105\application\pages\page_00649.sql"
"651","On Duty Request List","ON-DUTY-REQUEST-LIST","Cross-module / Other","List / report / enquiry","Normal","2","7","0","4","1","1","0","0","0","0","0","0","1","0","0","0","0","0","Default/unspecified","","N/unspecified","C:\Users\shree\Documents\git projects\ibosssagar\app105-source\business-insights-live-export\f105\application\pages\page_00651.sql"
"652","On Duty Request","ON-DUTY-REQUEST","Cross-module / Other","Transaction / entry form","Normal","5","44","0","11","14","37","0","7","0","0","1","1","0","1","4","1","0","0","Default/unspecified","","N/unspecified","C:\Users\shree\Documents\git projects\ibosssagar\app105-source\business-insights-live-export\f105\application\pages\page_00652.sql"
"653","TRAVELINGMODE","TRAVELINGMODE1","Cross-module / Other","Grid / report page","Normal","1","1","0","2","2","2","0","0","0","0","0","0","1","0","0","0","0","0","Default/unspecified","","N/unspecified","C:\Users\shree\Documents\git projects\ibosssagar\app105-source\business-insights-live-export\f105\application\pages\page_00653.sql"
"654","TRAVELINGMODE","TRAVELINGMODE","Cross-module / Other","Transaction / entry form","Normal","4","15","2","9","12","30","0","7","0","0","1","1","0","0","4","1","0","1","Default/unspecified","","N/unspecified","C:\Users\shree\Documents\git projects\ibosssagar\app105-source\business-insights-live-export\f105\application\pages\page_00654.sql"
"655","EXPENSETYPE","EXPENSETYPE","Finance & Accounts","Grid / report page","Normal","1","1","0","2","2","2","0","0","0","0","0","0","1","0","0","0","0","0","Default/unspecified","","N/unspecified","C:\Users\shree\Documents\git projects\ibosssagar\app105-source\business-insights-live-export\f105\application\pages\page_00655.sql"
"656","EXPENSETYPE","EXPENSETYPE1","Finance & Accounts","Transaction / entry form","MODAL","4","13","1","9","8","3","0","6","0","0","0","0","0","0","0","0","0","0","Default/unspecified","","N/unspecified","C:\Users\shree\Documents\git projects\ibosssagar\app105-source\business-insights-live-export\f105\application\pages\page_00656.sql"
"657","OD Request On Special Approval List","OD-REQUEST-ON-SPECIAL-APPROVAL-LIST","Cross-module / Other","List / report / enquiry","Normal","2","7","0","4","1","1","0","0","0","0","0","0","1","0","0","0","0","0","Default/unspecified","","N/unspecified","C:\Users\shree\Documents\git projects\ibosssagar\app105-source\business-insights-live-export\f105\application\pages\page_00657.sql"
"658","OD Request On Special Approval","OD-REQUEST-ON-SPECIAL-APPROVAL","Cross-module / Other","Transaction / entry form","Normal","5","29","0","11","15","38","0","7","0","0","1","1","0","1","4","1","0","0","Default/unspecified","","N/unspecified","C:\Users\shree\Documents\git projects\ibosssagar\app105-source\business-insights-live-export\f105\application\pages\page_00658.sql"
"659","Reimbursement Claim List","REIMBURSEMENT-CLAIM-LIST1","Cross-module / Other","List / report / enquiry","Normal","2","7","0","4","2","2","0","0","0","0","0","0","1","0","0","0","0","0","Default/unspecified","","N/unspecified","C:\Users\shree\Documents\git projects\ibosssagar\app105-source\business-insights-live-export\f105\application\pages\page_00659.sql"
"660","Reimbursement Claim","REIMBURSEMENT-CLAIM-LIST","Cross-module / Other","Transaction / entry form","Normal","5","36","0","9","17","40","0","7","0","0","1","1","0","1","5","1","0","1","Default/unspecified","","N/unspecified","C:\Users\shree\Documents\git projects\ibosssagar\app105-source\business-insights-live-export\f105\application\pages\page_00660.sql"
"661","CONVEYANCETYPE","CONVEYANCETYPE","Hire to Retire / HR & Payroll","Grid / report page","Normal","1","1","0","2","4","4","0","0","0","0","0","0","1","0","0","0","0","0","Default/unspecified","","N/unspecified","C:\Users\shree\Documents\git projects\ibosssagar\app105-source\business-insights-live-export\f105\application\pages\page_00661.sql"
"662","CONVEYANCETYPE","CONVEYANCETYPE1","Hire to Retire / HR & Payroll","Transaction / entry form","MODAL","4","13","0","9","8","3","0","6","0","0","0","0","0","0","0","0","0","0","Default/unspecified","","N/unspecified","C:\Users\shree\Documents\git projects\ibosssagar\app105-source\business-insights-live-export\f105\application\pages\page_00662.sql"
"663","PARTYATTRIBUTE","PARTYATTRIBUTE","General Masters / Setup","Grid / report page","Normal","1","1","0","2","4","4","0","0","0","0","0","0","1","0","0","0","0","0","Default/unspecified","","N/unspecified","C:\Users\shree\Documents\git projects\ibosssagar\app105-source\business-insights-live-export\f105\application\pages\page_00663.sql"
"664","PARTYATTRIBUTE","PARTYATTRIBUTE1","General Masters / Setup","Transaction / entry form","MODAL","4","15","0","9","9","9","0","6","0","0","0","0","0","0","0","0","0","0","Default/unspecified","","N/unspecified","C:\Users\shree\Documents\git projects\ibosssagar\app105-source\business-insights-live-export\f105\application\pages\page_00664.sql"
"665","Asset Opening List","ASSET-OPENING","Asset Management","List / report / enquiry","Normal","2","7","0","4","3","3","0","0","0","0","0","0","1","0","0","0","0","0","Default/unspecified","","N/unspecified","C:\Users\shree\Documents\git projects\ibosssagar\app105-source\business-insights-live-export\f105\application\pages\page_00665.sql"
"666","Asset Opening","ASSET-OPENING1","Asset Management","Transaction / entry form","Normal","5","57","6","10","19","37","0","5","0","0","1","0","0","0","1","1","0","0","N","","N/unspecified","C:\Users\shree\Documents\git projects\ibosssagar\app105-source\business-insights-live-export\f105\application\pages\page_00666.sql"
"667","Asset Category List","ASSET-CATEGORY-LIST","Asset Management","List / report / enquiry","Normal","1","1","0","2","5","5","0","0","0","0","0","0","1","0","0","0","0","0","Default/unspecified","","N/unspecified","C:\Users\shree\Documents\git projects\ibosssagar\app105-source\business-insights-live-export\f105\application\pages\page_00667.sql"
"668","Asset Category Master","ASSET-CATEGORY-MASTER","Asset Management","Master entry","MODAL","5","14","0","9","10","5","0","6","0","0","0","0","0","0","0","0","0","0","Default/unspecified","","N/unspecified","C:\Users\shree\Documents\git projects\ibosssagar\app105-source\business-insights-live-export\f105\application\pages\page_00668.sql"
"669","Asset Sale List","ASSET-SALE-LIST","Asset Management","List / report / enquiry","Normal","2","7","0","4","3","3","0","0","0","0","0","0","1","0","0","0","0","0","Default/unspecified","","N/unspecified","C:\Users\shree\Documents\git projects\ibosssagar\app105-source\business-insights-live-export\f105\application\pages\page_00669.sql"
"670","Asset Sale","ASSET-SALE","Asset Management","Transaction / entry form","Normal","5","26","4","11","16","37","0","6","0","0","1","1","0","1","5","1","0","0","Default/unspecified","","N/unspecified","C:\Users\shree\Documents\git projects\ibosssagar\app105-source\business-insights-live-export\f105\application\pages\page_00670.sql"
"671","Asset Discard","ASSET-DISCARD","Asset Management","Grid / report page","Normal","2","7","0","3","2","2","0","0","0","0","0","0","1","0","0","0","0","0","Default/unspecified","","N/unspecified","C:\Users\shree\Documents\git projects\ibosssagar\app105-source\business-insights-live-export\f105\application\pages\page_00671.sql"
"672","Asset Discard","ASSET-DISCARD1","Asset Management","Transaction / entry form","Normal","5","39","3","11","16","36","0","8","0","0","1","1","0","1","8","1","0","0","Default/unspecified","","N/unspecified","C:\Users\shree\Documents\git projects\ibosssagar\app105-source\business-insights-live-export\f105\application\pages\page_00672.sql"
"673","Bank Reconsilation","BANK-RECONSILATION","Finance & Accounts","Transaction / entry form","Normal","5","26","0","10","17","49","0","5","0","0","0","1","0","0","2","1","0","0","N","","N/unspecified","C:\Users\shree\Documents\git projects\ibosssagar\app105-source\business-insights-live-export\f105\application\pages\page_00673.sql"
"674","Asset List","ASSET-LIST","Asset Management","List / report / enquiry","Normal","2","7","0","4","3","3","0","0","0","0","0","0","1","0","0","0","0","0","Default/unspecified","","N/unspecified","C:\Users\shree\Documents\git projects\ibosssagar\app105-source\business-insights-live-export\f105\application\pages\page_00674.sql"
"675","Asset","ASSET","Asset Management","Transaction / entry form","Normal","12","63","4","13","34","59","0","11","0","0","1","5","0","1","17","2","0","1","Default/unspecified","","N/unspecified","C:\Users\shree\Documents\git projects\ibosssagar\app105-source\business-insights-live-export\f105\application\pages\page_00675.sql"
"676","Depreciation List","DEPRECIATION-LIST","Asset Management","List / report / enquiry","Normal","2","7","0","3","2","2","0","0","0","0","0","0","1","0","0","0","0","0","Default/unspecified","","N/unspecified","C:\Users\shree\Documents\git projects\ibosssagar\app105-source\business-insights-live-export\f105\application\pages\page_00676.sql"
"677","Depreciation","DEPRECIATION","Asset Management","Transaction / entry form","Normal","5","27","0","11","15","39","0","8","0","0","1","1","0","1","2","1","0","0","Default/unspecified","","N/unspecified","C:\Users\shree\Documents\git projects\ibosssagar\app105-source\business-insights-live-export\f105\application\pages\page_00677.sql"
"678","Asset Category Depreciation Rate List","ASSET-CATEGORY-DEPRECIATION-RATE-LIST1","Asset Management","List / report / enquiry","Normal","1","1","0","2","2","2","0","0","0","0","0","0","1","0","0","0","0","0","Default/unspecified","","N/unspecified","C:\Users\shree\Documents\git projects\ibosssagar\app105-source\business-insights-live-export\f105\application\pages\page_00678.sql"
"679","Asset Category Depreciation Rate List","ASSET-CATEGORY-DEPRECIATION-RATE-LIST","Asset Management","List / report / enquiry","Normal","5","20","2","9","13","31","0","6","0","0","1","1","0","1","2","1","0","0","Default/unspecified","","N/unspecified","C:\Users\shree\Documents\git projects\ibosssagar\app105-source\business-insights-live-export\f105\application\pages\page_00679.sql"
"680","Fixed Assets","FIXED-ASSETS","Asset Management","Grid / report page","Normal","3","4","1","1","3","3","0","0","0","0","0","1","0","0","0","0","0","0","Default/unspecified","","N/unspecified","C:\Users\shree\Documents\git projects\ibosssagar\app105-source\business-insights-live-export\f105\application\pages\page_00680.sql"
"681","Salary Voucher List","SALARY-VOUCHER-LIST","Hire to Retire / HR & Payroll","List / report / enquiry","Normal","2","7","0","4","3","3","0","0","0","0","0","0","1","0","0","0","0","0","Default/unspecified","","N/unspecified","C:\Users\shree\Documents\git projects\ibosssagar\app105-source\business-insights-live-export\f105\application\pages\page_00681.sql"
"682","Salary Voucher","SALARY-VOUCHER","Hire to Retire / HR & Payroll","Transaction / entry form","Normal","5","28","0","11","16","35","0","7","0","0","1","1","0","1","4","1","0","0","Default/unspecified","","N/unspecified","C:\Users\shree\Documents\git projects\ibosssagar\app105-source\business-insights-live-export\f105\application\pages\page_00682.sql"
"683","Salary Payment Advice List","SALARY-PAYMENT-ADVICE-LIST1","Hire to Retire / HR & Payroll","List / report / enquiry","Normal","1","1","0","2","2","2","0","0","0","0","0","0","1","0","0","0","0","0","Default/unspecified","","N/unspecified","C:\Users\shree\Documents\git projects\ibosssagar\app105-source\business-insights-live-export\f105\application\pages\page_00683.sql"
"684","Salary Payment Advice List","SALARY-PAYMENT-ADVICE-LIST","Hire to Retire / HR & Payroll","List / report / enquiry","Normal","6","41","0","11","15","34","0","6","0","0","1","1","0","1","3","1","0","0","Default/unspecified","","N/unspecified","C:\Users\shree\Documents\git projects\ibosssagar\app105-source\business-insights-live-export\f105\application\pages\page_00684.sql"
"685","Hold Salary List","HOLD-SALARY-LIST","Hire to Retire / HR & Payroll","List / report / enquiry","Normal","1","1","0","2","2","2","0","0","0","0","0","0","1","0","0","0","0","0","Default/unspecified","","N/unspecified","C:\Users\shree\Documents\git projects\ibosssagar\app105-source\business-insights-live-export\f105\application\pages\page_00685.sql"
"686","Hold Salary","HOLD-SALARY","Hire to Retire / HR & Payroll","Transaction / entry form","Normal","3","24","0","10","12","30","0","5","0","0","1","0","0","0","1","1","0","0","Default/unspecified","","N/unspecified","C:\Users\shree\Documents\git projects\ibosssagar\app105-source\business-insights-live-export\f105\application\pages\page_00686.sql"
"687","Un-Hold Salary list","UN-HOLD-SALARY-LIST1","Hire to Retire / HR & Payroll","List / report / enquiry","Normal","1","1","0","2","2","2","0","0","0","0","0","0","1","0","0","0","0","0","Default/unspecified","","N/unspecified","C:\Users\shree\Documents\git projects\ibosssagar\app105-source\business-insights-live-export\f105\application\pages\page_00687.sql"
"688","Un-Hold Salary List","UN-HOLD-SALARY-LIST","Hire to Retire / HR & Payroll","List / report / enquiry","Normal","3","25","0","10","13","31","0","5","0","0","1","0","0","0","1","1","0","0","Default/unspecified","","N/unspecified","C:\Users\shree\Documents\git projects\ibosssagar\app105-source\business-insights-live-export\f105\application\pages\page_00688.sql"
"689","Opening Leave List","OPENING-LEAVE-LIST","Hire to Retire / HR & Payroll","List / report / enquiry","Normal","1","1","0","2","2","2","0","0","0","0","0","0","1","0","0","0","0","0","Default/unspecified","","N/unspecified","C:\Users\shree\Documents\git projects\ibosssagar\app105-source\business-insights-live-export\f105\application\pages\page_00689.sql"
"690","Opening Leave","OPENING-LEAVE","Hire to Retire / HR & Payroll","Transaction / entry form","Normal","5","23","0","9","14","33","0","6","0","0","1","1","0","1","2","1","0","0","Default/unspecified","","N/unspecified","C:\Users\shree\Documents\git projects\ibosssagar\app105-source\business-insights-live-export\f105\application\pages\page_00690.sql"
"691","Asset Transfer List","ASSET-TRANSFER-LIST","Asset Management","List / report / enquiry","Normal","2","7","0","4","3","3","0","0","0","0","0","0","1","0","0","0","0","0","Default/unspecified","","N/unspecified","C:\Users\shree\Documents\git projects\ibosssagar\app105-source\business-insights-live-export\f105\application\pages\page_00691.sql"
"692","Asset Transfer","ASSET-TRANSFER","Asset Management","Transaction / entry form","Normal","6","31","0","11","19","42","0","8","0","0","1","2","0","1","4","1","0","0","Default/unspecified","","N/unspecified","C:\Users\shree\Documents\git projects\ibosssagar\app105-source\business-insights-live-export\f105\application\pages\page_00692.sql"
"693","Opening Loan list","OPENING-LOAN-LIST","Hire to Retire / HR & Payroll","List / report / enquiry","Normal","1","1","0","2","2","2","0","0","0","0","0","0","1","0","0","0","0","0","Default/unspecified","","N/unspecified","C:\Users\shree\Documents\git projects\ibosssagar\app105-source\business-insights-live-export\f105\application\pages\page_00693.sql"
"694","Opening Loan","OPENING-LOAN","Hire to Retire / HR & Payroll","Transaction / entry form","Normal","5","21","0","9","14","34","0","7","0","0","1","1","0","1","2","1","0","0","Default/unspecified","","N/unspecified","C:\Users\shree\Documents\git projects\ibosssagar\app105-source\business-insights-live-export\f105\application\pages\page_00694.sql"
"695","Full and Final List","FULL-AND-FINAL-LIST","Cross-module / Other","List / report / enquiry","Normal","1","1","0","2","2","2","0","0","0","0","0","0","1","0","0","0","0","0","Default/unspecified","","N/unspecified","C:\Users\shree\Documents\git projects\ibosssagar\app105-source\business-insights-live-export\f105\application\pages\page_00695.sql"
"696","Full and Final","FULL-AND-FINAL","Cross-module / Other","Transaction / entry form","Normal","16","75","2","10","33","66","0","12","0","0","1","6","0","1","8","1","0","0","Default/unspecified","","N/unspecified","C:\Users\shree\Documents\git projects\ibosssagar\app105-source\business-insights-live-export\f105\application\pages\page_00696.sql"
"700","Enquiry Party","ENQUIRY-PARTY","Procure to Pay / Purchase","Utility / navigation / other","MODAL","1","1","0","1","0","0","0","1","0","0","0","0","0","0","0","0","0","0","Default/unspecified","","N/unspecified","C:\Users\shree\Documents\git projects\ibosssagar\app105-source\business-insights-live-export\f105\application\pages\page_00700.sql"
"701","Sales Enquiry List","SALES-ENQUIRY-LIST","Order to Cash / Sales","List / report / enquiry","Normal","2","16","0","4","1","1","0","0","0","0","0","0","1","0","0","0","0","0","Default/unspecified","","N/unspecified","C:\Users\shree\Documents\git projects\ibosssagar\app105-source\business-insights-live-export\f105\application\pages\page_00701.sql"
"702","Sales Enquiry","SALES-ENQUIRY","Order to Cash / Sales","Transaction / entry form","Normal","17","74","10","19","65","103","0","17","0","0","1","5","1","1","31","4","0","2","N","","N/unspecified","C:\Users\shree\Documents\git projects\ibosssagar\app105-source\business-insights-live-export\f105\application\pages\page_00702.sql"
"703","Sales Enquiry Tracking","SALES-ENQUIRY-TRACKING","Order to Cash / Sales","List / report / enquiry","Normal","6","12","0","11","16","36","0","8","0","0","1","1","1","1","2","1","0","1","Default/unspecified","","N/unspecified","C:\Users\shree\Documents\git projects\ibosssagar\app105-source\business-insights-live-export\f105\application\pages\page_00703.sql"
"704","Sales Quotation List","SALES-QUOTATION-LIST","Order to Cash / Sales","List / report / enquiry","Normal","3","18","0","4","3","7","0","0","0","0","0","0","1","0","0","1","0","0","Default/unspecified","","N/unspecified","C:\Users\shree\Documents\git projects\ibosssagar\app105-source\business-insights-live-export\f105\application\pages\page_00704.sql"
"705","Sales Quotation","SALES-QUOTATION","Order to Cash / Sales","Transaction / entry form","Normal","16","63","10","19","53","88","0","17","1","0","1","5","1","1","28","2","0","2","N","","N/unspecified","C:\Users\shree\Documents\git projects\ibosssagar\app105-source\business-insights-live-export\f105\application\pages\page_00705.sql"
"706","Sales Enquiry","SALES-ENQUIRY1","Order to Cash / Sales","Transaction / entry form","Normal","17","69","8","18","60","97","0","17","0","0","1","5","1","1","21","4","0","2","N","","N/unspecified","C:\Users\shree\Documents\git projects\ibosssagar\app105-source\business-insights-live-export\f105\application\pages\page_00706.sql"
"707","Enquiry Register","ENQUIRY-REGISTER","Procure to Pay / Purchase","List / report / enquiry","Normal","2","12","3","3","2","2","0","1","0","0","0","0","1","0","0","0","0","0","N","","N/unspecified","C:\Users\shree\Documents\git projects\ibosssagar\app105-source\business-insights-live-export\f105\application\pages\page_00707.sql"
"708","Purchase Enquiry ","PURCHASE-ENQUIRY","Procure to Pay / Purchase","Transaction / entry form","Normal","9","30","1","17","26","60","0","14","0","0","1","5","0","1","36","3","0","2","N","","N/unspecified","C:\Users\shree\Documents\git projects\ibosssagar\app105-source\business-insights-live-export\f105\application\pages\page_00708.sql"
"709","Quotation Register","QUOTATION-REGISTER","Procure to Pay / Purchase","List / report / enquiry","Normal","2","11","2","3","3","3","0","1","0","0","0","0","1","0","0","0","0","0","N","","N/unspecified","C:\Users\shree\Documents\git projects\ibosssagar\app105-source\business-insights-live-export\f105\application\pages\page_00709.sql"
"710","Purchase Quotation","PURCHASE-QUOTATION","Procure to Pay / Purchase","Transaction / entry form","Normal","13","51","11","14","46","76","0","12","2","0","1","4","0","1","30","4","0","1","Default/unspecified","","N/unspecified","C:\Users\shree\Documents\git projects\ibosssagar\app105-source\business-insights-live-export\f105\application\pages\page_00710.sql"
"711","Comparative Statement Register","COMPARATIVE-STATEMENT-REGISTER","General Masters / Setup","List / report / enquiry","Normal","2","10","3","3","2","2","0","1","0","0","0","0","1","0","0","0","0","0","N","","N/unspecified","C:\Users\shree\Documents\git projects\ibosssagar\app105-source\business-insights-live-export\f105\application\pages\page_00711.sql"
"712","Comparative Statement","COMPARATIVE-STATEMENT","General Masters / Setup","List / report / enquiry","Normal","4","24","1","9","21","49","0","11","0","0","1","1","0","1","45","3","0","0","Default/unspecified","","N/unspecified","C:\Users\shree\Documents\git projects\ibosssagar\app105-source\business-insights-live-export\f105\application\pages\page_00712.sql"
"713","Rate Contract List","RATE-CONTRACT-LIST","Procure to Pay / Purchase","List / report / enquiry","Normal","2","16","0","3","0","0","0","0","0","0","0","0","1","0","0","0","0","0","Default/unspecified","","N/unspecified","C:\Users\shree\Documents\git projects\ibosssagar\app105-source\business-insights-live-export\f105\application\pages\page_00713.sql"
"714","Rate Contract","RATE-CONTRACT","Procure to Pay / Purchase","Transaction / entry form","Normal","15","46","7","12","53","86","0","16","0","0","1","4","1","1","20","4","0","1","N","","N/unspecified","C:\Users\shree\Documents\git projects\ibosssagar\app105-source\business-insights-live-export\f105\application\pages\page_00714.sql"
"715","Process Routing List","PROCESS-ROUTING-LIST","Cross-module / Other","List / report / enquiry","Normal","1","0","0","2","1","1","0","0","0","0","0","0","1","0","0","0","0","0","Default/unspecified","","N/unspecified","C:\Users\shree\Documents\git projects\ibosssagar\app105-source\business-insights-live-export\f105\application\pages\page_00715.sql"
"716","Process Routing Master","PROCESS-ROUTING-MASTER","General Masters / Setup","Master entry","Normal","6","17","3","11","16","36","0","10","0","0","1","1","1","1","2","1","0","1","Default/unspecified","","N/unspecified","C:\Users\shree\Documents\git projects\ibosssagar\app105-source\business-insights-live-export\f105\application\pages\page_00716.sql"
"717","Process TAT List","PROCESS-TAT-LIST","Cross-module / Other","List / report / enquiry","Normal","1","0","0","2","1","1","0","0","0","0","0","0","1","0","0","0","0","0","Default/unspecified","","N/unspecified","C:\Users\shree\Documents\git projects\ibosssagar\app105-source\business-insights-live-export\f105\application\pages\page_00717.sql"
"718","Process TAT Master","PROCESS-TAT-MASTER","General Masters / Setup","Master entry","Normal","6","17","1","11","17","39","0","10","0","0","1","1","1","1","6","1","0","1","Default/unspecified","","N/unspecified","C:\Users\shree\Documents\git projects\ibosssagar\app105-source\business-insights-live-export\f105\application\pages\page_00718.sql"
"719","Process Escalation List","PROCESS-ESCALATION-LIST","Cross-module / Other","List / report / enquiry","Normal","1","1","0","3","0","0","0","0","0","0","0","0","1","0","0","0","0","0","Default/unspecified","","N/unspecified","C:\Users\shree\Documents\git projects\ibosssagar\app105-source\business-insights-live-export\f105\application\pages\page_00719.sql"
"720","Process Escalation","PROCESS-ESCALATION","Cross-module / Other","Transaction / entry form","Normal","6","19","2","12","16","36","0","8","0","0","1","2","0","1","10","1","0","1","Default/unspecified","","N/unspecified","C:\Users\shree\Documents\git projects\ibosssagar\app105-source\business-insights-live-export\f105\application\pages\page_00720.sql"
"721","Sales Lifecycle Control Tower","SALES-LIFECYCLE-CONTROL-TOWER","Order to Cash / Sales","Transaction / entry form","Normal","33","11","2","2","1","1","0","1","0","0","0","0","18","0","0","0","0","0","N","","N/unspecified","C:\Users\shree\Documents\git projects\ibosssagar\app105-source\business-insights-live-export\f105\application\pages\page_00721.sql"
"722","Sales Quotation 360","SALES-QUOTATION-360","Order to Cash / Sales","List / report / enquiry","Normal","1","1","0","0","0","0","0","0","0","0","0","0","0","0","0","0","0","0","Default/unspecified","","N/unspecified","C:\Users\shree\Documents\git projects\ibosssagar\app105-source\business-insights-live-export\f105\application\pages\page_00722.sql"
"723","Sales Order 360","SALES-ORDER-360","Order to Cash / Sales","List / report / enquiry","Normal","1","1","0","0","0","0","0","0","0","0","0","0","0","0","0","0","0","0","Default/unspecified","","N/unspecified","C:\Users\shree\Documents\git projects\ibosssagar\app105-source\business-insights-live-export\f105\application\pages\page_00723.sql"
"724","Vehicle 360","VEHICLE-360","Freight / Logistics","List / report / enquiry","Normal","1","1","0","0","0","0","0","0","0","0","0","0","0","0","0","0","0","0","Default/unspecified","","N/unspecified","C:\Users\shree\Documents\git projects\ibosssagar\app105-source\business-insights-live-export\f105\application\pages\page_00724.sql"
"725","Category 360","CATEGORY-360","Reports / MIS / Dashboard","List / report / enquiry","Normal","1","1","0","0","0","0","0","0","0","0","0","0","0","0","0","0","0","0","Default/unspecified","","N/unspecified","C:\Users\shree\Documents\git projects\ibosssagar\app105-source\business-insights-live-export\f105\application\pages\page_00725.sql"
"726","Item Sales Analysis","ITEM-SALES-ANALYSIS","Order to Cash / Sales","Utility / navigation / other","Normal","1","1","0","0","0","0","0","0","0","0","0","0","0","0","0","0","0","0","Default/unspecified","","N/unspecified","C:\Users\shree\Documents\git projects\ibosssagar\app105-source\business-insights-live-export\f105\application\pages\page_00726.sql"
"798","New Ledger","NEW-LEDGER","Finance & Accounts","Transaction / entry form","Normal","2","7","0","1","2","3","0","2","0","0","0","1","0","0","0","0","0","0","Default/unspecified","","N/unspecified","C:\Users\shree\Documents\git projects\ibosssagar\app105-source\business-insights-live-export\f105\application\pages\page_00798.sql"
"820","General Masters","GENERAL-MASTERS","General Masters / Setup","Master entry","Normal","1","0","0","0","0","0","0","0","0","0","0","0","0","0","0","0","0","0","Default/unspecified","","N/unspecified","C:\Users\shree\Documents\git projects\ibosssagar\app105-source\business-insights-live-export\f105\application\pages\page_00820.sql"
"821","Freight Management","FREIGHT-MANAGEMENT","Freight / Logistics","Utility / navigation / other","Normal","1","0","0","0","0","0","0","0","0","0","0","0","0","0","0","0","0","0","Default/unspecified","","N/unspecified","C:\Users\shree\Documents\git projects\ibosssagar\app105-source\business-insights-live-export\f105\application\pages\page_00821.sql"
"822","Finance & Accounts","FINANCE-AND-ACCOUNTS","Finance & Accounts","Utility / navigation / other","Normal","1","0","0","0","0","0","0","0","0","0","0","0","0","0","0","0","0","0","Default/unspecified","","N/unspecified","C:\Users\shree\Documents\git projects\ibosssagar\app105-source\business-insights-live-export\f105\application\pages\page_00822.sql"
"823","Visitor Management","VISITOR-MANAGEMENT","Visitor Management","Utility / navigation / other","Normal","1","0","0","0","0","0","0","0","0","0","0","0","0","0","0","0","0","0","Default/unspecified","","N/unspecified","C:\Users\shree\Documents\git projects\ibosssagar\app105-source\business-insights-live-export\f105\application\pages\page_00823.sql"
"824","Inventory Control","INVENTORY-CONTROL","Inventory Control","Utility / navigation / other","Normal","1","0","0","0","0","0","0","0","0","0","0","0","0","0","0","0","0","0","Default/unspecified","","N/unspecified","C:\Users\shree\Documents\git projects\ibosssagar\app105-source\business-insights-live-export\f105\application\pages\page_00824.sql"
"825","Reports","REPORTS-HUB","Reports / MIS / Dashboard","List / report / enquiry","Normal","1","0","0","0","0","0","0","0","0","0","0","0","0","0","0","0","0","0","Default/unspecified","","N/unspecified","C:\Users\shree\Documents\git projects\ibosssagar\app105-source\business-insights-live-export\f105\application\pages\page_00825.sql"
"826","Dashboard","DASHBOARD-HUB","Reports / MIS / Dashboard","List / report / enquiry","Normal","1","0","0","0","0","0","0","0","0","0","0","0","0","0","0","0","0","0","Default/unspecified","","N/unspecified","C:\Users\shree\Documents\git projects\ibosssagar\app105-source\business-insights-live-export\f105\application\pages\page_00826.sql"
"901","Business Insights","BUSINESS-INSIGHTS","Cross-module / Other","Utility / navigation / other","Normal","1","0","0","0","0","0","0","0","0","0","0","0","0","0","0","0","0","0","Default/unspecified","","N/unspecified","C:\Users\shree\Documents\git projects\ibosssagar\app105-source\business-insights-live-export\f105\application\pages\page_00901.sql"
"902","Trial Balance Intelligence","TRIAL-BALANCE-INTELLIGENCE","Finance & Accounts","Transaction / entry form","Normal","6","10","0","5","0","0","0","1","0","0","0","0","1","0","0","0","0","0","Default/unspecified","","N/unspecified","C:\Users\shree\Documents\git projects\ibosssagar\app105-source\business-insights-live-export\f105\application\pages\page_00902.sql"
"903","Trial Balance Analytics","TRIAL-BALANCE-ANALYTICS","Finance & Accounts","List / report / enquiry","Normal","17","8","3","3","0","0","0","0","0","0","0","0","5","0","0","0","0","0","N","","N/unspecified","C:\Users\shree\Documents\git projects\ibosssagar\app105-source\business-insights-live-export\f105\application\pages\page_00903.sql"
"904","Profit and Loss Summary","PROFIT-AND-LOSS-SUMMARY","Finance & Accounts","Utility / navigation / other","Normal","2","4","2","2","0","0","0","1","0","0","0","0","0","0","0","0","0","0","N","","N/unspecified","C:\Users\shree\Documents\git projects\ibosssagar\app105-source\business-insights-live-export\f105\application\pages\page_00904.sql"
"905","Monthly Profit and Loss","MONTHLY-PROFIT-AND-LOSS","Finance & Accounts","Utility / navigation / other","Normal","2","3","1","2","0","0","0","1","0","0","0","0","0","0","0","0","0","0","N","","N/unspecified","C:\Users\shree\Documents\git projects\ibosssagar\app105-source\business-insights-live-export\f105\application\pages\page_00905.sql"
"906","Location Profitability","LOCATION-PROFITABILITY","Finance & Accounts","Utility / navigation / other","Normal","2","3","2","2","0","0","0","1","0","0","0","0","0","0","0","0","0","0","N","","N/unspecified","C:\Users\shree\Documents\git projects\ibosssagar\app105-source\business-insights-live-export\f105\application\pages\page_00906.sql"
"907","Accounts Receivable Command Centre","AR-COMMAND-CENTRE","Finance & Accounts","Utility / navigation / other","Normal","13","5","2","3","0","0","0","0","0","0","0","0","0","0","0","0","0","0","N","","N/unspecified","C:\Users\shree\Documents\git projects\ibosssagar\app105-source\business-insights-live-export\f105\application\pages\page_00907.sql"
"908","Party-wise Outstanding","AR-PARTY-OUTSTANDING","General Masters / Setup","Grid / report page","Normal","2","6","2","2","0","0","0","0","0","0","0","0","1","0","0","0","0","0","N","","N/unspecified","C:\Users\shree\Documents\git projects\ibosssagar\app105-source\business-insights-live-export\f105\application\pages\page_00908.sql"
"909","Bill-wise Outstanding","AR-OPEN-ITEMS","Cross-module / Other","Grid / report page","Normal","2","6","1","2","0","0","0","0","0","0","0","0","1","0","0","0","0","0","N","","N/unspecified","C:\Users\shree\Documents\git projects\ibosssagar\app105-source\business-insights-live-export\f105\application\pages\page_00909.sql"
"910","Debtor 360","DEBTOR-360","Reports / MIS / Dashboard","List / report / enquiry","Normal","14","6","1","4","0","0","0","1","0","0","0","0","4","0","0","0","0","0","N","","N/unspecified","C:\Users\shree\Documents\git projects\ibosssagar\app105-source\business-insights-live-export\f105\application\pages\page_00910.sql"
"911","Receipts and Collections","AR-COLLECTIONS","Finance & Accounts","Grid / report page","Normal","4","4","2","2","0","0","0","0","0","0","0","0","1","0","0","0","0","0","N","","N/unspecified","C:\Users\shree\Documents\git projects\ibosssagar\app105-source\business-insights-live-export\f105\application\pages\page_00911.sql"
"912","Advances and Unapplied Cash","AR-ADVANCES","Finance & Accounts","Grid / report page","Normal","3","5","1","2","0","0","0","0","0","0","0","0","1","0","0","0","0","0","N","","N/unspecified","C:\Users\shree\Documents\git projects\ibosssagar\app105-source\business-insights-live-export\f105\application\pages\page_00912.sql"
"913","AR Exceptions and Controls","AR-EXCEPTIONS-CONTROLS","Cross-module / Other","Grid / report page","Normal","3","6","1","3","0","0","0","0","0","0","0","0","1","0","0","0","0","0","N","","N/unspecified","C:\Users\shree\Documents\git projects\ibosssagar\app105-source\business-insights-live-export\f105\application\pages\page_00913.sql"
"914","AR Reconciliation and Data Health","AR-RECONCILIATION","Cross-module / Other","Grid / report page","Normal","3","6","1","2","0","0","0","0","0","0","0","0","1","0","0","0","0","0","N","","N/unspecified","C:\Users\shree\Documents\git projects\ibosssagar\app105-source\business-insights-live-export\f105\application\pages\page_00914.sql"
"915","Bill Detail","AR-BILL-DETAIL","Cross-module / Other","Grid / report page","Normal","3","5","0","2","0","0","0","0","0","0","0","0","1","0","0","0","0","0","N","","N/unspecified","C:\Users\shree\Documents\git projects\ibosssagar\app105-source\business-insights-live-export\f105\application\pages\page_00915.sql"
"916","AR Trend Analysis","AR-TREND-ANALYSIS","Cross-module / Other","Utility / navigation / other","Normal","6","4","2","2","0","0","0","0","0","0","0","0","0","0","0","0","0","0","N","","N/unspecified","C:\Users\shree\Documents\git projects\ibosssagar\app105-source\business-insights-live-export\f105\application\pages\page_00916.sql"
"917","Daily Collection MIS","AR-DAILY-MIS","Cross-module / Other","Grid / report page","Normal","3","3","1","2","0","0","0","0","0","0","0","0","1","0","0","0","0","0","N","","N/unspecified","C:\Users\shree\Documents\git projects\ibosssagar\app105-source\business-insights-live-export\f105\application\pages\page_00917.sql"
"918","Weekly AR Review","AR-WEEKLY-MIS","Cross-module / Other","Utility / navigation / other","Normal","2","4","2","2","0","0","0","0","0","0","0","0","0","0","0","0","0","0","N","","N/unspecified","C:\Users\shree\Documents\git projects\ibosssagar\app105-source\business-insights-live-export\f105\application\pages\page_00918.sql"
"919","Monthly AR Management MIS","AR-MONTHLY-MIS","Cross-module / Other","Utility / navigation / other","Normal","1","4","2","2","0","0","0","0","0","0","0","0","0","0","0","0","0","0","N","","N/unspecified","C:\Users\shree\Documents\git projects\ibosssagar\app105-source\business-insights-live-export\f105\application\pages\page_00919.sql"
"920","Accounts Payable Command Centre","AP-COMMAND-CENTRE","Finance & Accounts","Utility / navigation / other","Normal","14","5","2","3","0","0","0","0","0","0","0","0","0","0","0","0","0","0","N","","N/unspecified","C:\Users\shree\Documents\git projects\ibosssagar\app105-source\business-insights-live-export\f105\application\pages\page_00920.sql"
"921","Vendor-wise Payable","AP-VENDOR-OUTSTANDING","Procure to Pay / Purchase","Grid / report page","Normal","2","6","2","2","0","0","0","0","0","0","0","0","1","0","0","0","0","0","N","","N/unspecified","C:\Users\shree\Documents\git projects\ibosssagar\app105-source\business-insights-live-export\f105\application\pages\page_00921.sql"
"922","Bill-wise Payable","AP-OPEN-ITEMS","Cross-module / Other","Grid / report page","Normal","2","6","1","2","0","0","0","0","0","0","0","0","1","0","0","0","0","0","N","","N/unspecified","C:\Users\shree\Documents\git projects\ibosssagar\app105-source\business-insights-live-export\f105\application\pages\page_00922.sql"
"923","Creditor 360","CREDITOR-360","Reports / MIS / Dashboard","List / report / enquiry","Normal","14","6","1","4","0","0","0","1","0","0","0","0","4","0","0","0","0","0","N","","N/unspecified","C:\Users\shree\Documents\git projects\ibosssagar\app105-source\business-insights-live-export\f105\application\pages\page_00923.sql"
"924","Payments and Settlement","AP-PAYMENTS","Finance & Accounts","Grid / report page","Normal","5","4","2","2","0","0","0","0","0","0","0","0","1","0","0","0","0","0","N","","N/unspecified","C:\Users\shree\Documents\git projects\ibosssagar\app105-source\business-insights-live-export\f105\application\pages\page_00924.sql"
"925","Advances and Unapplied Payments","AP-ADVANCES","Finance & Accounts","Grid / report page","Normal","3","5","1","2","0","0","0","0","0","0","0","0","1","0","0","0","0","0","N","","N/unspecified","C:\Users\shree\Documents\git projects\ibosssagar\app105-source\business-insights-live-export\f105\application\pages\page_00925.sql"
"926","Unbilled Liability (GRNI)","AP-GRNI","Procure to Pay / Purchase","Grid / report page","Normal","6","4","2","1","0","0","0","0","0","0","0","0","1","0","0","0","0","0","N","","N/unspecified","C:\Users\shree\Documents\git projects\ibosssagar\app105-source\business-insights-live-export\f105\application\pages\page_00926.sql"
"927","AP Exceptions and Controls","AP-EXCEPTIONS-CONTROLS","Cross-module / Other","Grid / report page","Normal","3","6","1","3","0","0","0","0","0","0","0","0","1","0","0","0","0","0","N","","N/unspecified","C:\Users\shree\Documents\git projects\ibosssagar\app105-source\business-insights-live-export\f105\application\pages\page_00927.sql"
"928","AP Reconciliation and Data Health","AP-RECONCILIATION","Cross-module / Other","Grid / report page","Normal","3","6","1","2","0","0","0","0","0","0","0","0","1","0","0","0","0","0","N","","N/unspecified","C:\Users\shree\Documents\git projects\ibosssagar\app105-source\business-insights-live-export\f105\application\pages\page_00928.sql"
"929","Bill Detail","AP-BILL-DETAIL","Cross-module / Other","Grid / report page","Normal","4","5","0","2","0","0","0","0","0","0","0","0","1","0","0","0","0","0","N","","N/unspecified","C:\Users\shree\Documents\git projects\ibosssagar\app105-source\business-insights-live-export\f105\application\pages\page_00929.sql"
"930","AP Trends and Cash Forecast","AP-TREND-ANALYSIS","Finance & Accounts","Utility / navigation / other","Normal","7","4","2","2","0","0","0","0","0","0","0","0","0","0","0","0","0","0","N","","N/unspecified","C:\Users\shree\Documents\git projects\ibosssagar\app105-source\business-insights-live-export\f105\application\pages\page_00930.sql"
"931","Daily Payment MIS","AP-DAILY-MIS","Finance & Accounts","Grid / report page","Normal","3","3","1","2","0","0","0","0","0","0","0","0","1","0","0","0","0","0","N","","N/unspecified","C:\Users\shree\Documents\git projects\ibosssagar\app105-source\business-insights-live-export\f105\application\pages\page_00931.sql"
"932","Weekly AP Review","AP-WEEKLY-MIS","Cross-module / Other","Utility / navigation / other","Normal","2","4","2","2","0","0","0","0","0","0","0","0","0","0","0","0","0","0","N","","N/unspecified","C:\Users\shree\Documents\git projects\ibosssagar\app105-source\business-insights-live-export\f105\application\pages\page_00932.sql"
"933","Monthly AP Management MIS","AP-MONTHLY-MIS","Cross-module / Other","Utility / navigation / other","Normal","1","4","2","2","0","0","0","0","0","0","0","0","0","0","0","0","0","0","N","","N/unspecified","C:\Users\shree\Documents\git projects\ibosssagar\app105-source\business-insights-live-export\f105\application\pages\page_00933.sql"
"934","Purchase Command Centre","PURCHASE-COMMAND-CENTRE","Procure to Pay / Purchase","Grid / report page","Normal","34","14","2","3","2","2","0","0","0","0","0","0","20","0","0","0","0","0","N","","N/unspecified","C:\Users\shree\Documents\git projects\ibosssagar\app105-source\business-insights-live-export\f105\application\pages\page_00934.sql"
"935","Supplier 360","SUPPLIER-360","Procure to Pay / Purchase","List / report / enquiry","Normal","7","6","3","3","0","0","0","1","0","0","0","0","2","0","0","0","0","0","N","","N/unspecified","C:\Users\shree\Documents\git projects\ibosssagar\app105-source\business-insights-live-export\f105\application\pages\page_00935.sql"
"936","Item 360","ITEM-360","Reports / MIS / Dashboard","List / report / enquiry","Normal","8","9","3","2","0","0","0","1","0","0","0","0","3","0","0","0","0","0","N","","N/unspecified","C:\Users\shree\Documents\git projects\ibosssagar\app105-source\business-insights-live-export\f105\application\pages\page_00936.sql"
"937","Purchase Bill 360","PURCHASE-BILL-360","Procure to Pay / Purchase","List / report / enquiry","Normal","5","6","1","1","0","0","0","0","0","0","0","0","2","0","0","0","0","0","N","","N/unspecified","C:\Users\shree\Documents\git projects\ibosssagar\app105-source\business-insights-live-export\f105\application\pages\page_00937.sql"
"938","Specification 360","SPECIFICATION-360","Reports / MIS / Dashboard","List / report / enquiry","Normal","4","8","4","2","0","0","0","1","0","0","0","0","1","0","0","0","0","0","N","","N/unspecified","C:\Users\shree\Documents\git projects\ibosssagar\app105-source\business-insights-live-export\f105\application\pages\page_00938.sql"
"939","Purchase Order 360","PURCHASE-ORDER-360","Procure to Pay / Purchase","List / report / enquiry","Normal","2","1","0","0","0","0","0","0","0","0","0","0","0","0","0","0","0","0","N","","N/unspecified","C:\Users\shree\Documents\git projects\ibosssagar\app105-source\business-insights-live-export\f105\application\pages\page_00939.sql"
"940","Purchase Analytics","PURCHASE-ANALYTICS","Procure to Pay / Purchase","List / report / enquiry","Normal","13","11","2","4","1","3","0","0","0","0","0","0","3","0","0","0","0","0","N","","N/unspecified","C:\Users\shree\Documents\git projects\ibosssagar\app105-source\business-insights-live-export\f105\application\pages\page_00940.sql"
"7777","Prototype and Testing","PROTOTYPE-AND-TESTING","Cross-module / Other","Grid / report page","Normal","3","0","0","0","0","0","0","0","0","0","0","0","1","1","0","0","0","0","Default/unspecified","","N/unspecified","C:\Users\shree\Documents\git projects\ibosssagar\app105-source\business-insights-live-export\f105\application\pages\page_07777.sql"
"9993","Print  Slip","PRINT-SLIP","Cross-module / Other","Utility / navigation / other","MODAL","0","3","0","0","1","3","0","0","0","0","0","0","0","0","0","0","0","0","Default/unspecified","","N/unspecified","C:\Users\shree\Documents\git projects\ibosssagar\app105-source\business-insights-live-export\f105\application\pages\page_09993.sql"
"9994","Module Search","F-SEARCH","Cross-module / Other","Utility / navigation / other","Normal","1","2","0","0","1","1","0","0","0","0","0","0","0","0","0","0","0","0","N","","N/unspecified","C:\Users\shree\Documents\git projects\ibosssagar\app105-source\business-insights-live-export\f105\application\pages\page_09994.sql"
"9995","Attachment Preview","ATTACHMENT-PREVIEW","Cross-module / Other","Utility / navigation / other","Normal","1","2","0","0","0","0","0","0","0","0","0","0","0","0","0","0","0","0","Default/unspecified","","N/unspecified","C:\Users\shree\Documents\git projects\ibosssagar\app105-source\business-insights-live-export\f105\application\pages\page_09995.sql"
"9996","Module Search","MSEARCH","Cross-module / Other","Grid / report page","MODAL","2","2","0","2","5","7","0","0","0","0","0","0","1","0","0","0","0","0","N","","N/unspecified","C:\Users\shree\Documents\git projects\ibosssagar\app105-source\business-insights-live-export\f105\application\pages\page_09996.sql"
"9997","Display Text","DISPLAY-TEXT","Cross-module / Other","Utility / navigation / other","MODAL","1","1","0","1","1","1","0","0","0","0","0","0","0","0","0","0","0","0","Default/unspecified","","N/unspecified","C:\Users\shree\Documents\git projects\ibosssagar\app105-source\business-insights-live-export\f105\application\pages\page_09997.sql"
"9998","Search","SEARCH","Cross-module / Other","Grid / report page","Normal","1","1","0","0","0","0","0","0","0","0","0","0","1","0","0","0","0","0","Default/unspecified","","N/unspecified","C:\Users\shree\Documents\git projects\ibosssagar\app105-source\business-insights-live-export\f105\application\pages\page_09998.sql"
"9999","Login Page","LOGIN","Cross-module / Other","Transaction / entry form","Normal","1","6","0","1","1","3","0","5","0","0","0","0","0","0","0","0","0","0","N","","Y","C:\Users\shree\Documents\git projects\ibosssagar\app105-source\business-insights-live-export\f105\application\pages\page_09999.sql"
"10000","Administration","ADMIN","Cross-module / Other","Utility / navigation / other","Normal","3","0","0","0","0","0","0","0","0","0","0","0","0","0","0","0","0","0","Default/unspecified","574059657745959816","N/unspecified","C:\Users\shree\Documents\git projects\ibosssagar\app105-source\business-insights-live-export\f105\application\pages\page_10000.sql"
"10010","Application Appearance","APPLICATION-APPEARANCE","Cross-module / Other","Utility / navigation / other","MODAL","2","2","1","2","1","1","0","2","0","0","1","0","0","0","0","0","0","0","Default/unspecified","574059657745959816","N/unspecified","C:\Users\shree\Documents\git projects\ibosssagar\app105-source\business-insights-live-export\f105\application\pages\page_10010.sql"
