"ID","Module","Page","PageName","Event","Component","Issue","RootCause","FailureScenario","DataRisk","Severity","CurrentPattern","RecommendedPattern","ActionRequired","ImplementationType","Priority","TestingRequired","Status"
"AUTO-0002","Cross-module / Other","2","Template","Static page audit","Page/process configuration","Explicit COMMIT without explicit ROLLBACK in page source | Transaction page has processes but no declarative page validation","Page-level explicit transaction control","Slow response, retry, stale tab, validation error, or concurrent edit reaches this page pattern","Wrong, duplicate, partial, stale, or exposed ERP data","P1","Page-level explicit transaction control","One atomic server-side business service; commit once after all validation and DML; rollback on any exception","Confirm in staging with APEX Debug and database trace, then remediate using the recommended standard","Refactoring / Database Change","P1","Fast/slow network, double-click, retry, session expiry, same-record concurrency, and multiple-tab test","Open - requires developer verification"
"AUTO-0004","General Masters / Setup","4","Company Master","Static page audit","Page/process configuration","Explicit COMMIT without explicit ROLLBACK in page source | Unsaved-change warning disabled","Page-level explicit transaction control","Slow response, retry, stale tab, validation error, or concurrent edit reaches this page pattern","Wrong, duplicate, partial, stale, or exposed ERP data","P1","Page-level explicit transaction control","One atomic server-side business service; commit once after all validation and DML; rollback on any exception","Confirm in staging with APEX Debug and database trace, then remediate using the recommended standard","Refactoring / Database Change","P1","Fast/slow network, double-click, retry, session expiry, same-record concurrency, and multiple-tab test","Open - requires developer verification"
"AUTO-0005","General Masters / Setup","5","Company Attribute  Detail","Static page audit","Page/process configuration","Explicit COMMIT without explicit ROLLBACK in page source | Transaction page has processes but no declarative page validation","Page-level explicit transaction control","Slow response, retry, stale tab, validation error, or concurrent edit reaches this page pattern","Wrong, duplicate, partial, stale, or exposed ERP data","P1","Page-level explicit transaction control","One atomic server-side business service; commit once after all validation and DML; rollback on any exception","Confirm in staging with APEX Debug and database trace, then remediate using the recommended standard","Refactoring / Database Change","P1","Fast/slow network, double-click, retry, session expiry, same-record concurrency, and multiple-tab test","Open - requires developer verification"
"AUTO-0008","General Masters / Setup","8","City Master","Static page audit","Page/process configuration","Explicit COMMIT without explicit ROLLBACK in page source","Page-level explicit transaction control","Slow response, retry, stale tab, validation error, or concurrent edit reaches this page pattern","Wrong, duplicate, partial, stale, or exposed ERP data","P1","Page-level explicit transaction control","One atomic server-side business service; commit once after all validation and DML; rollback on any exception","Confirm in staging with APEX Debug and database trace, then remediate using the recommended standard","Refactoring / Database Change","P1","Fast/slow network, double-click, retry, session expiry, same-record concurrency, and multiple-tab test","Open - requires developer verification"
"AUTO-0009","Procure to Pay / Purchase","9","Indent Itemm Detail","Static page audit","Page/process configuration","Transaction page has processes but no declarative page validation","Page process without declarative validation","Slow response, retry, stale tab, validation error, or concurrent edit reaches this page pattern","Unreliable behaviour or loss of unsaved work","P2","Page process without declarative validation","Add named server-side business validations and database constraints","Confirm in staging with APEX Debug and database trace, then remediate using the recommended standard","Quick Fix / Refactoring","P2","Fast/slow network, double-click, retry, session expiry, same-record concurrency, and multiple-tab test","Open - requires developer verification"
"AUTO-0010","Finance & Accounts","10","Item Ledger","Static page audit","Page/process configuration","Transaction page has processes but no declarative page validation","Page process without declarative validation","Slow response, retry, stale tab, validation error, or concurrent edit reaches this page pattern","Unreliable behaviour or loss of unsaved work","P2","Page process without declarative validation","Add named server-side business validations and database constraints","Confirm in staging with APEX Debug and database trace, then remediate using the recommended standard","Quick Fix / Refactoring","P2","Fast/slow network, double-click, retry, session expiry, same-record concurrency, and multiple-tab test","Open - requires developer verification"
"AUTO-0011","Finance & Accounts","11","Account Ledger ","Static page audit","Page/process configuration","Explicit COMMIT without explicit ROLLBACK in page source | Unsaved-change warning disabled | Transaction page has processes but no declarative page validation | Page marked public; verify business data exposure","Page-level explicit transaction control","Slow response, retry, stale tab, validation error, or concurrent edit reaches this page pattern","Wrong, duplicate, partial, stale, or exposed ERP data","P1","Page-level explicit transaction control","One atomic server-side business service; commit once after all validation and DML; rollback on any exception","Confirm in staging with APEX Debug and database trace, then remediate using the recommended standard","Refactoring / Database Change","P1","Fast/slow network, double-click, retry, session expiry, same-record concurrency, and multiple-tab test","Open - requires developer verification"
"AUTO-0013","General Masters / Setup","13","Item Specification Master","Static page audit","Page/process configuration","Explicit COMMIT without explicit ROLLBACK in page source | Custom IG row-status DML; verify atomicity and optimistic locking","Page-level explicit transaction control","Slow response, retry, stale tab, validation error, or concurrent edit reaches this page pattern","Wrong, duplicate, partial, stale, or exposed ERP data","P1","Page-level explicit transaction control","One atomic server-side business service; commit once after all validation and DML; rollback on any exception","Confirm in staging with APEX Debug and database trace, then remediate using the recommended standard","Refactoring / Database Change","P1","Fast/slow network, double-click, retry, session expiry, same-record concurrency, and multiple-tab test","Open - requires developer verification"
"AUTO-0014","Cross-module / Other","14","General","Static page audit","Page/process configuration","Transaction page has processes but no declarative page validation","Page process without declarative validation","Slow response, retry, stale tab, validation error, or concurrent edit reaches this page pattern","Unreliable behaviour or loss of unsaved work","P2","Page process without declarative validation","Add named server-side business validations and database constraints","Confirm in staging with APEX Debug and database trace, then remediate using the recommended standard","Quick Fix / Refactoring","P2","Fast/slow network, double-click, retry, session expiry, same-record concurrency, and multiple-tab test","Open - requires developer verification"
"AUTO-0015","Cross-module / Other","15","Step 2","Static page audit","Page/process configuration","Transaction page has processes but no declarative page validation","Page process without declarative validation","Slow response, retry, stale tab, validation error, or concurrent edit reaches this page pattern","Unreliable behaviour or loss of unsaved work","P2","Page process without declarative validation","Add named server-side business validations and database constraints","Confirm in staging with APEX Debug and database trace, then remediate using the recommended standard","Quick Fix / Refactoring","P2","Fast/slow network, double-click, retry, session expiry, same-record concurrency, and multiple-tab test","Open - requires developer verification"
"AUTO-0016","Cross-module / Other","16","Step 3","Static page audit","Page/process configuration","Transaction page has processes but no declarative page validation","Page process without declarative validation","Slow response, retry, stale tab, validation error, or concurrent edit reaches this page pattern","Unreliable behaviour or loss of unsaved work","P2","Page process without declarative validation","Add named server-side business validations and database constraints","Confirm in staging with APEX Debug and database trace, then remediate using the recommended standard","Quick Fix / Refactoring","P2","Fast/slow network, double-click, retry, session expiry, same-record concurrency, and multiple-tab test","Open - requires developer verification"
"AUTO-0022","General Masters / Setup","22","Doctype master","Static page audit","Page/process configuration","Explicit COMMIT without explicit ROLLBACK in page source","Page-level explicit transaction control","Slow response, retry, stale tab, validation error, or concurrent edit reaches this page pattern","Wrong, duplicate, partial, stale, or exposed ERP data","P1","Page-level explicit transaction control","One atomic server-side business service; commit once after all validation and DML; rollback on any exception","Confirm in staging with APEX Debug and database trace, then remediate using the recommended standard","Refactoring / Database Change","P1","Fast/slow network, double-click, retry, session expiry, same-record concurrency, and multiple-tab test","Open - requires developer verification"
"AUTO-0023","Cross-module / Other","23","GENERATEIRN","Static page audit","Page/process configuration","Transaction page has processes but no declarative page validation","Page process without declarative validation","Slow response, retry, stale tab, validation error, or concurrent edit reaches this page pattern","Unreliable behaviour or loss of unsaved work","P2","Page process without declarative validation","Add named server-side business validations and database constraints","Confirm in staging with APEX Debug and database trace, then remediate using the recommended standard","Quick Fix / Refactoring","P2","Fast/slow network, double-click, retry, session expiry, same-record concurrency, and multiple-tab test","Open - requires developer verification"
"AUTO-0025","General Masters / Setup","25","Location Master","Static page audit","Page/process configuration","Explicit COMMIT without explicit ROLLBACK in page source","Page-level explicit transaction control","Slow response, retry, stale tab, validation error, or concurrent edit reaches this page pattern","Wrong, duplicate, partial, stale, or exposed ERP data","P1","Page-level explicit transaction control","One atomic server-side business service; commit once after all validation and DML; rollback on any exception","Confirm in staging with APEX Debug and database trace, then remediate using the recommended standard","Refactoring / Database Change","P1","Fast/slow network, double-click, retry, session expiry, same-record concurrency, and multiple-tab test","Open - requires developer verification"
"AUTO-0026","General Masters / Setup","26","Location Detail","Static page audit","Page/process configuration","Explicit COMMIT without explicit ROLLBACK in page source | Transaction page has processes but no declarative page validation","Page-level explicit transaction control","Slow response, retry, stale tab, validation error, or concurrent edit reaches this page pattern","Wrong, duplicate, partial, stale, or exposed ERP data","P1","Page-level explicit transaction control","One atomic server-side business service; commit once after all validation and DML; rollback on any exception","Confirm in staging with APEX Debug and database trace, then remediate using the recommended standard","Refactoring / Database Change","P1","Fast/slow network, double-click, retry, session expiry, same-record concurrency, and multiple-tab test","Open - requires developer verification"
"AUTO-0028","General Masters / Setup","28","Financialyear Master","Static page audit","Page/process configuration","Explicit COMMIT without explicit ROLLBACK in page source","Page-level explicit transaction control","Slow response, retry, stale tab, validation error, or concurrent edit reaches this page pattern","Wrong, duplicate, partial, stale, or exposed ERP data","P1","Page-level explicit transaction control","One atomic server-side business service; commit once after all validation and DML; rollback on any exception","Confirm in staging with APEX Debug and database trace, then remediate using the recommended standard","Refactoring / Database Change","P1","Fast/slow network, double-click, retry, session expiry, same-record concurrency, and multiple-tab test","Open - requires developer verification"
"AUTO-0030","Finance & Accounts","30","TDS Nature Master","Static page audit","Page/process configuration","Explicit COMMIT without explicit ROLLBACK in page source","Page-level explicit transaction control","Slow response, retry, stale tab, validation error, or concurrent edit reaches this page pattern","Wrong, duplicate, partial, stale, or exposed ERP data","P1","Page-level explicit transaction control","One atomic server-side business service; commit once after all validation and DML; rollback on any exception","Confirm in staging with APEX Debug and database trace, then remediate using the recommended standard","Refactoring / Database Change","P1","Fast/slow network, double-click, retry, session expiry, same-record concurrency, and multiple-tab test","Open - requires developer verification"
"AUTO-0032","Finance & Accounts","32","TDS Tax Category Master","Static page audit","Page/process configuration","Explicit COMMIT without explicit ROLLBACK in page source","Page-level explicit transaction control","Slow response, retry, stale tab, validation error, or concurrent edit reaches this page pattern","Wrong, duplicate, partial, stale, or exposed ERP data","P1","Page-level explicit transaction control","One atomic server-side business service; commit once after all validation and DML; rollback on any exception","Confirm in staging with APEX Debug and database trace, then remediate using the recommended standard","Refactoring / Database Change","P1","Fast/slow network, double-click, retry, session expiry, same-record concurrency, and multiple-tab test","Open - requires developer verification"
"AUTO-0034","Finance & Accounts","34","TDS Payee Category Master","Static page audit","Page/process configuration","Explicit COMMIT without explicit ROLLBACK in page source","Page-level explicit transaction control","Slow response, retry, stale tab, validation error, or concurrent edit reaches this page pattern","Wrong, duplicate, partial, stale, or exposed ERP data","P1","Page-level explicit transaction control","One atomic server-side business service; commit once after all validation and DML; rollback on any exception","Confirm in staging with APEX Debug and database trace, then remediate using the recommended standard","Refactoring / Database Change","P1","Fast/slow network, double-click, retry, session expiry, same-record concurrency, and multiple-tab test","Open - requires developer verification"
"AUTO-0040","Cross-module / Other","40","Code Scheme","Static page audit","Page/process configuration","Transaction page has processes but no declarative page validation","Page process without declarative validation","Slow response, retry, stale tab, validation error, or concurrent edit reaches this page pattern","Unreliable behaviour or loss of unsaved work","P2","Page process without declarative validation","Add named server-side business validations and database constraints","Confirm in staging with APEX Debug and database trace, then remediate using the recommended standard","Quick Fix / Refactoring","P2","Fast/slow network, double-click, retry, session expiry, same-record concurrency, and multiple-tab test","Open - requires developer verification"
"AUTO-0042","General Masters / Setup","42","Code Scheme Master","Static page audit","Page/process configuration","Explicit COMMIT without explicit ROLLBACK in page source","Page-level explicit transaction control","Slow response, retry, stale tab, validation error, or concurrent edit reaches this page pattern","Wrong, duplicate, partial, stale, or exposed ERP data","P1","Page-level explicit transaction control","One atomic server-side business service; commit once after all validation and DML; rollback on any exception","Confirm in staging with APEX Debug and database trace, then remediate using the recommended standard","Refactoring / Database Change","P1","Fast/slow network, double-click, retry, session expiry, same-record concurrency, and multiple-tab test","Open - requires developer verification"
"AUTO-0044","Cross-module / Other","44","Module Group","Static page audit","Page/process configuration","Explicit COMMIT without explicit ROLLBACK in page source | Transaction page has processes but no declarative page validation","Page-level explicit transaction control","Slow response, retry, stale tab, validation error, or concurrent edit reaches this page pattern","Wrong, duplicate, partial, stale, or exposed ERP data","P1","Page-level explicit transaction control","One atomic server-side business service; commit once after all validation and DML; rollback on any exception","Confirm in staging with APEX Debug and database trace, then remediate using the recommended standard","Refactoring / Database Change","P1","Fast/slow network, double-click, retry, session expiry, same-record concurrency, and multiple-tab test","Open - requires developer verification"
"AUTO-0045","Cross-module / Other","45","Module Group Change","Static page audit","Page/process configuration","Transaction page has processes but no declarative page validation","Page process without declarative validation","Slow response, retry, stale tab, validation error, or concurrent edit reaches this page pattern","Unreliable behaviour or loss of unsaved work","P2","Page process without declarative validation","Add named server-side business validations and database constraints","Confirm in staging with APEX Debug and database trace, then remediate using the recommended standard","Quick Fix / Refactoring","P2","Fast/slow network, double-click, retry, session expiry, same-record concurrency, and multiple-tab test","Open - requires developer verification"
"AUTO-0047","General Masters / Setup","47","HSN Master","Static page audit","Page/process configuration","Explicit COMMIT without explicit ROLLBACK in page source","Page-level explicit transaction control","Slow response, retry, stale tab, validation error, or concurrent edit reaches this page pattern","Wrong, duplicate, partial, stale, or exposed ERP data","P1","Page-level explicit transaction control","One atomic server-side business service; commit once after all validation and DML; rollback on any exception","Confirm in staging with APEX Debug and database trace, then remediate using the recommended standard","Refactoring / Database Change","P1","Fast/slow network, double-click, retry, session expiry, same-record concurrency, and multiple-tab test","Open - requires developer verification"
"AUTO-0049","Finance & Accounts","49","Account Master","Static page audit","Page/process configuration","Explicit COMMIT without explicit ROLLBACK in page source | Custom IG row-status DML; verify atomicity and optimistic locking | Unsaved-change warning disabled","Page-level explicit transaction control","Slow response, retry, stale tab, validation error, or concurrent edit reaches this page pattern","Wrong, duplicate, partial, stale, or exposed ERP data","P1","Page-level explicit transaction control","One atomic server-side business service; commit once after all validation and DML; rollback on any exception","Confirm in staging with APEX Debug and database trace, then remediate using the recommended standard","Refactoring / Database Change","P1","Fast/slow network, double-click, retry, session expiry, same-record concurrency, and multiple-tab test","Open - requires developer verification"
"AUTO-0051","General Masters / Setup","51","Measuring Unit Master","Static page audit","Page/process configuration","Explicit COMMIT without explicit ROLLBACK in page source","Page-level explicit transaction control","Slow response, retry, stale tab, validation error, or concurrent edit reaches this page pattern","Wrong, duplicate, partial, stale, or exposed ERP data","P1","Page-level explicit transaction control","One atomic server-side business service; commit once after all validation and DML; rollback on any exception","Confirm in staging with APEX Debug and database trace, then remediate using the recommended standard","Refactoring / Database Change","P1","Fast/slow network, double-click, retry, session expiry, same-record concurrency, and multiple-tab test","Open - requires developer verification"
"AUTO-0053","General Masters / Setup","53","Item Characteristics Master","Static page audit","Page/process configuration","Explicit COMMIT without explicit ROLLBACK in page source","Page-level explicit transaction control","Slow response, retry, stale tab, validation error, or concurrent edit reaches this page pattern","Wrong, duplicate, partial, stale, or exposed ERP data","P1","Page-level explicit transaction control","One atomic server-side business service; commit once after all validation and DML; rollback on any exception","Confirm in staging with APEX Debug and database trace, then remediate using the recommended standard","Refactoring / Database Change","P1","Fast/slow network, double-click, retry, session expiry, same-record concurrency, and multiple-tab test","Open - requires developer verification"
"AUTO-0055","General Masters / Setup","55","Item Category Master","Static page audit","Page/process configuration","Explicit COMMIT without explicit ROLLBACK in page source","Page-level explicit transaction control","Slow response, retry, stale tab, validation error, or concurrent edit reaches this page pattern","Wrong, duplicate, partial, stale, or exposed ERP data","P1","Page-level explicit transaction control","One atomic server-side business service; commit once after all validation and DML; rollback on any exception","Confirm in staging with APEX Debug and database trace, then remediate using the recommended standard","Refactoring / Database Change","P1","Fast/slow network, double-click, retry, session expiry, same-record concurrency, and multiple-tab test","Open - requires developer verification"
"AUTO-0057","General Masters / Setup","57","Industry Sector Master","Static page audit","Page/process configuration","Explicit COMMIT without explicit ROLLBACK in page source","Page-level explicit transaction control","Slow response, retry, stale tab, validation error, or concurrent edit reaches this page pattern","Wrong, duplicate, partial, stale, or exposed ERP data","P1","Page-level explicit transaction control","One atomic server-side business service; commit once after all validation and DML; rollback on any exception","Confirm in staging with APEX Debug and database trace, then remediate using the recommended standard","Refactoring / Database Change","P1","Fast/slow network, double-click, retry, session expiry, same-record concurrency, and multiple-tab test","Open - requires developer verification"
"AUTO-0059","General Masters / Setup","59","Item Master","Static page audit","Page/process configuration","Explicit COMMIT without explicit ROLLBACK in page source | Custom IG row-status DML; verify atomicity and optimistic locking","Page-level explicit transaction control","Slow response, retry, stale tab, validation error, or concurrent edit reaches this page pattern","Wrong, duplicate, partial, stale, or exposed ERP data","P1","Page-level explicit transaction control","One atomic server-side business service; commit once after all validation and DML; rollback on any exception","Confirm in staging with APEX Debug and database trace, then remediate using the recommended standard","Refactoring / Database Change","P1","Fast/slow network, double-click, retry, session expiry, same-record concurrency, and multiple-tab test","Open - requires developer verification"
"AUTO-0061","General Masters / Setup","61","Item Class Master","Static page audit","Page/process configuration","Explicit COMMIT without explicit ROLLBACK in page source","Page-level explicit transaction control","Slow response, retry, stale tab, validation error, or concurrent edit reaches this page pattern","Wrong, duplicate, partial, stale, or exposed ERP data","P1","Page-level explicit transaction control","One atomic server-side business service; commit once after all validation and DML; rollback on any exception","Confirm in staging with APEX Debug and database trace, then remediate using the recommended standard","Refactoring / Database Change","P1","Fast/slow network, double-click, retry, session expiry, same-record concurrency, and multiple-tab test","Open - requires developer verification"
"AUTO-0062","General Masters / Setup","62","Party Detail Party Attribute","Static page audit","Page/process configuration","Transaction page has processes but no declarative page validation","Page process without declarative validation","Slow response, retry, stale tab, validation error, or concurrent edit reaches this page pattern","Unreliable behaviour or loss of unsaved work","P2","Page process without declarative validation","Add named server-side business validations and database constraints","Confirm in staging with APEX Debug and database trace, then remediate using the recommended standard","Quick Fix / Refactoring","P2","Fast/slow network, double-click, retry, session expiry, same-record concurrency, and multiple-tab test","Open - requires developer verification"
"AUTO-0063","Cross-module / Other","63","Attachment","Static page audit","Page/process configuration","Transaction page has processes but no declarative page validation","Page process without declarative validation","Slow response, retry, stale tab, validation error, or concurrent edit reaches this page pattern","Unreliable behaviour or loss of unsaved work","P2","Page process without declarative validation","Add named server-side business validations and database constraints","Confirm in staging with APEX Debug and database trace, then remediate using the recommended standard","Quick Fix / Refactoring","P2","Fast/slow network, double-click, retry, session expiry, same-record concurrency, and multiple-tab test","Open - requires developer verification"
"AUTO-0065","General Masters / Setup","65","Item Nature Master","Static page audit","Page/process configuration","Explicit COMMIT without explicit ROLLBACK in page source","Page-level explicit transaction control","Slow response, retry, stale tab, validation error, or concurrent edit reaches this page pattern","Wrong, duplicate, partial, stale, or exposed ERP data","P1","Page-level explicit transaction control","One atomic server-side business service; commit once after all validation and DML; rollback on any exception","Confirm in staging with APEX Debug and database trace, then remediate using the recommended standard","Refactoring / Database Change","P1","Fast/slow network, double-click, retry, session expiry, same-record concurrency, and multiple-tab test","Open - requires developer verification"
"AUTO-0067","Finance & Accounts","67","Account Opening","Static page audit","Page/process configuration","Explicit COMMIT without explicit ROLLBACK in page source | Transaction page has processes but no declarative page validation","Page-level explicit transaction control","Slow response, retry, stale tab, validation error, or concurrent edit reaches this page pattern","Wrong, duplicate, partial, stale, or exposed ERP data","P1","Page-level explicit transaction control","One atomic server-side business service; commit once after all validation and DML; rollback on any exception","Confirm in staging with APEX Debug and database trace, then remediate using the recommended standard","Refactoring / Database Change","P1","Fast/slow network, double-click, retry, session expiry, same-record concurrency, and multiple-tab test","Open - requires developer verification"
"AUTO-0069","Procure to Pay / Purchase","69","Material In","Static page audit","Page/process configuration","Custom IG row-status DML; verify atomicity and optimistic locking | Unsaved-change warning disabled | Transaction page has processes but no declarative page validation","Custom Interactive Grid DML","Slow response, retry, stale tab, validation error, or concurrent edit reaches this page pattern","Wrong, duplicate, partial, stale, or exposed ERP data","P1","Custom Interactive Grid DML","Central DML API plus row version/checksum optimistic locking and database constraints","Confirm in staging with APEX Debug and database trace, then remediate using the recommended standard","Refactoring / Database Change","P1","Fast/slow network, double-click, retry, session expiry, same-record concurrency, and multiple-tab test","Open - requires developer verification"
"AUTO-0071","General Masters / Setup","71","Party Type Master","Static page audit","Page/process configuration","Explicit COMMIT without explicit ROLLBACK in page source","Page-level explicit transaction control","Slow response, retry, stale tab, validation error, or concurrent edit reaches this page pattern","Wrong, duplicate, partial, stale, or exposed ERP data","P1","Page-level explicit transaction control","One atomic server-side business service; commit once after all validation and DML; rollback on any exception","Confirm in staging with APEX Debug and database trace, then remediate using the recommended standard","Refactoring / Database Change","P1","Fast/slow network, double-click, retry, session expiry, same-record concurrency, and multiple-tab test","Open - requires developer verification"
"AUTO-0073","General Masters / Setup","73","Packing Type Master","Static page audit","Page/process configuration","Explicit COMMIT without explicit ROLLBACK in page source","Page-level explicit transaction control","Slow response, retry, stale tab, validation error, or concurrent edit reaches this page pattern","Wrong, duplicate, partial, stale, or exposed ERP data","P1","Page-level explicit transaction control","One atomic server-side business service; commit once after all validation and DML; rollback on any exception","Confirm in staging with APEX Debug and database trace, then remediate using the recommended standard","Refactoring / Database Change","P1","Fast/slow network, double-click, retry, session expiry, same-record concurrency, and multiple-tab test","Open - requires developer verification"
"AUTO-0075","General Masters / Setup","75","Module Doc Type Master","Static page audit","Page/process configuration","Explicit COMMIT without explicit ROLLBACK in page source","Page-level explicit transaction control","Slow response, retry, stale tab, validation error, or concurrent edit reaches this page pattern","Wrong, duplicate, partial, stale, or exposed ERP data","P1","Page-level explicit transaction control","One atomic server-side business service; commit once after all validation and DML; rollback on any exception","Confirm in staging with APEX Debug and database trace, then remediate using the recommended standard","Refactoring / Database Change","P1","Fast/slow network, double-click, retry, session expiry, same-record concurrency, and multiple-tab test","Open - requires developer verification"
"AUTO-0077","General Masters / Setup","77","Module Location Master","Static page audit","Page/process configuration","Explicit COMMIT without explicit ROLLBACK in page source","Page-level explicit transaction control","Slow response, retry, stale tab, validation error, or concurrent edit reaches this page pattern","Wrong, duplicate, partial, stale, or exposed ERP data","P1","Page-level explicit transaction control","One atomic server-side business service; commit once after all validation and DML; rollback on any exception","Confirm in staging with APEX Debug and database trace, then remediate using the recommended standard","Refactoring / Database Change","P1","Fast/slow network, double-click, retry, session expiry, same-record concurrency, and multiple-tab test","Open - requires developer verification"
"AUTO-0079","Freight / Logistics","79","Freight Type Master","Static page audit","Page/process configuration","Explicit COMMIT without explicit ROLLBACK in page source","Page-level explicit transaction control","Slow response, retry, stale tab, validation error, or concurrent edit reaches this page pattern","Wrong, duplicate, partial, stale, or exposed ERP data","P1","Page-level explicit transaction control","One atomic server-side business service; commit once after all validation and DML; rollback on any exception","Confirm in staging with APEX Debug and database trace, then remediate using the recommended standard","Refactoring / Database Change","P1","Fast/slow network, double-click, retry, session expiry, same-record concurrency, and multiple-tab test","Open - requires developer verification"
"AUTO-0081","General Masters / Setup","81","BOSS User Master","Static page audit","Page/process configuration","Explicit COMMIT without explicit ROLLBACK in page source","Page-level explicit transaction control","Slow response, retry, stale tab, validation error, or concurrent edit reaches this page pattern","Wrong, duplicate, partial, stale, or exposed ERP data","P1","Page-level explicit transaction control","One atomic server-side business service; commit once after all validation and DML; rollback on any exception","Confirm in staging with APEX Debug and database trace, then remediate using the recommended standard","Refactoring / Database Change","P1","Fast/slow network, double-click, retry, session expiry, same-record concurrency, and multiple-tab test","Open - requires developer verification"
"AUTO-0083","General Masters / Setup","83","Department Master","Static page audit","Page/process configuration","Explicit COMMIT without explicit ROLLBACK in page source","Page-level explicit transaction control","Slow response, retry, stale tab, validation error, or concurrent edit reaches this page pattern","Wrong, duplicate, partial, stale, or exposed ERP data","P1","Page-level explicit transaction control","One atomic server-side business service; commit once after all validation and DML; rollback on any exception","Confirm in staging with APEX Debug and database trace, then remediate using the recommended standard","Refactoring / Database Change","P1","Fast/slow network, double-click, retry, session expiry, same-record concurrency, and multiple-tab test","Open - requires developer verification"
"AUTO-0085","Hire to Retire / HR & Payroll","85","Employee Master","Static page audit","Page/process configuration","Explicit COMMIT without explicit ROLLBACK in page source | Unsaved-change warning disabled","Page-level explicit transaction control","Slow response, retry, stale tab, validation error, or concurrent edit reaches this page pattern","Wrong, duplicate, partial, stale, or exposed ERP data","P1","Page-level explicit transaction control","One atomic server-side business service; commit once after all validation and DML; rollback on any exception","Confirm in staging with APEX Debug and database trace, then remediate using the recommended standard","Refactoring / Database Change","P1","Fast/slow network, double-click, retry, session expiry, same-record concurrency, and multiple-tab test","Open - requires developer verification"
"AUTO-0089","Freight / Logistics","89","Vehicle Type Master","Static page audit","Page/process configuration","Explicit COMMIT without explicit ROLLBACK in page source","Page-level explicit transaction control","Slow response, retry, stale tab, validation error, or concurrent edit reaches this page pattern","Wrong, duplicate, partial, stale, or exposed ERP data","P1","Page-level explicit transaction control","One atomic server-side business service; commit once after all validation and DML; rollback on any exception","Confirm in staging with APEX Debug and database trace, then remediate using the recommended standard","Refactoring / Database Change","P1","Fast/slow network, double-click, retry, session expiry, same-record concurrency, and multiple-tab test","Open - requires developer verification"
"AUTO-0091","Freight / Logistics","91","Company Vehicle Master","Static page audit","Page/process configuration","Explicit COMMIT without explicit ROLLBACK in page source","Page-level explicit transaction control","Slow response, retry, stale tab, validation error, or concurrent edit reaches this page pattern","Wrong, duplicate, partial, stale, or exposed ERP data","P1","Page-level explicit transaction control","One atomic server-side business service; commit once after all validation and DML; rollback on any exception","Confirm in staging with APEX Debug and database trace, then remediate using the recommended standard","Refactoring / Database Change","P1","Fast/slow network, double-click, retry, session expiry, same-record concurrency, and multiple-tab test","Open - requires developer verification"
"AUTO-0093","Finance & Accounts","93","Footer Account Master","Static page audit","Page/process configuration","Explicit COMMIT without explicit ROLLBACK in page source","Page-level explicit transaction control","Slow response, retry, stale tab, validation error, or concurrent edit reaches this page pattern","Wrong, duplicate, partial, stale, or exposed ERP data","P1","Page-level explicit transaction control","One atomic server-side business service; commit once after all validation and DML; rollback on any exception","Confirm in staging with APEX Debug and database trace, then remediate using the recommended standard","Refactoring / Database Change","P1","Fast/slow network, double-click, retry, session expiry, same-record concurrency, and multiple-tab test","Open - requires developer verification"
"AUTO-0095","Job & Services","95","Service Type Master","Static page audit","Page/process configuration","Explicit COMMIT without explicit ROLLBACK in page source","Page-level explicit transaction control","Slow response, retry, stale tab, validation error, or concurrent edit reaches this page pattern","Wrong, duplicate, partial, stale, or exposed ERP data","P1","Page-level explicit transaction control","One atomic server-side business service; commit once after all validation and DML; rollback on any exception","Confirm in staging with APEX Debug and database trace, then remediate using the recommended standard","Refactoring / Database Change","P1","Fast/slow network, double-click, retry, session expiry, same-record concurrency, and multiple-tab test","Open - requires developer verification"
"AUTO-0097","General Masters / Setup","97","Group Of Party Master","Static page audit","Page/process configuration","Explicit COMMIT without explicit ROLLBACK in page source","Page-level explicit transaction control","Slow response, retry, stale tab, validation error, or concurrent edit reaches this page pattern","Wrong, duplicate, partial, stale, or exposed ERP data","P1","Page-level explicit transaction control","One atomic server-side business service; commit once after all validation and DML; rollback on any exception","Confirm in staging with APEX Debug and database trace, then remediate using the recommended standard","Refactoring / Database Change","P1","Fast/slow network, double-click, retry, session expiry, same-record concurrency, and multiple-tab test","Open - requires developer verification"
"AUTO-0099","Finance & Accounts","99","Service Type Account Master","Static page audit","Page/process configuration","Explicit COMMIT without explicit ROLLBACK in page source","Page-level explicit transaction control","Slow response, retry, stale tab, validation error, or concurrent edit reaches this page pattern","Wrong, duplicate, partial, stale, or exposed ERP data","P1","Page-level explicit transaction control","One atomic server-side business service; commit once after all validation and DML; rollback on any exception","Confirm in staging with APEX Debug and database trace, then remediate using the recommended standard","Refactoring / Database Change","P1","Fast/slow network, double-click, retry, session expiry, same-record concurrency, and multiple-tab test","Open - requires developer verification"
"AUTO-0102","General Masters / Setup","102","Footer Head Master","Static page audit","Page/process configuration","Explicit COMMIT without explicit ROLLBACK in page source","Page-level explicit transaction control","Slow response, retry, stale tab, validation error, or concurrent edit reaches this page pattern","Wrong, duplicate, partial, stale, or exposed ERP data","P1","Page-level explicit transaction control","One atomic server-side business service; commit once after all validation and DML; rollback on any exception","Confirm in staging with APEX Debug and database trace, then remediate using the recommended standard","Refactoring / Database Change","P1","Fast/slow network, double-click, retry, session expiry, same-record concurrency, and multiple-tab test","Open - requires developer verification"
"AUTO-0104","Hire to Retire / HR & Payroll","104","Employee Master","Static page audit","Page/process configuration","Explicit COMMIT without explicit ROLLBACK in page source","Page-level explicit transaction control","Slow response, retry, stale tab, validation error, or concurrent edit reaches this page pattern","Wrong, duplicate, partial, stale, or exposed ERP data","P1","Page-level explicit transaction control","One atomic server-side business service; commit once after all validation and DML; rollback on any exception","Confirm in staging with APEX Debug and database trace, then remediate using the recommended standard","Refactoring / Database Change","P1","Fast/slow network, double-click, retry, session expiry, same-record concurrency, and multiple-tab test","Open - requires developer verification"
"AUTO-0106","General Masters / Setup","106","Item Make Master","Static page audit","Page/process configuration","Explicit COMMIT without explicit ROLLBACK in page source","Page-level explicit transaction control","Slow response, retry, stale tab, validation error, or concurrent edit reaches this page pattern","Wrong, duplicate, partial, stale, or exposed ERP data","P1","Page-level explicit transaction control","One atomic server-side business service; commit once after all validation and DML; rollback on any exception","Confirm in staging with APEX Debug and database trace, then remediate using the recommended standard","Refactoring / Database Change","P1","Fast/slow network, double-click, retry, session expiry, same-record concurrency, and multiple-tab test","Open - requires developer verification"
"AUTO-0108","Procure to Pay / Purchase","108","Indent","Static page audit","Page/process configuration","Explicit COMMIT without explicit ROLLBACK in page source | Custom IG row-status DML; verify atomicity and optimistic locking | Unsaved-change warning disabled | Transaction page has processes but no declarative page validation","Page-level explicit transaction control","Slow response, retry, stale tab, validation error, or concurrent edit reaches this page pattern","Wrong, duplicate, partial, stale, or exposed ERP data","P1","Page-level explicit transaction control","One atomic server-side business service; commit once after all validation and DML; rollback on any exception","Confirm in staging with APEX Debug and database trace, then remediate using the recommended standard","Refactoring / Database Change","P1","Fast/slow network, double-click, retry, session expiry, same-record concurrency, and multiple-tab test","Open - requires developer verification"
"AUTO-0110","General Masters / Setup","110","My Parameter Master","Static page audit","Page/process configuration","Explicit COMMIT without explicit ROLLBACK in page source","Page-level explicit transaction control","Slow response, retry, stale tab, validation error, or concurrent edit reaches this page pattern","Wrong, duplicate, partial, stale, or exposed ERP data","P1","Page-level explicit transaction control","One atomic server-side business service; commit once after all validation and DML; rollback on any exception","Confirm in staging with APEX Debug and database trace, then remediate using the recommended standard","Refactoring / Database Change","P1","Fast/slow network, double-click, retry, session expiry, same-record concurrency, and multiple-tab test","Open - requires developer verification"
"AUTO-0112","General Masters / Setup","112","Quality Master","Static page audit","Page/process configuration","Explicit COMMIT without explicit ROLLBACK in page source","Page-level explicit transaction control","Slow response, retry, stale tab, validation error, or concurrent edit reaches this page pattern","Wrong, duplicate, partial, stale, or exposed ERP data","P1","Page-level explicit transaction control","One atomic server-side business service; commit once after all validation and DML; rollback on any exception","Confirm in staging with APEX Debug and database trace, then remediate using the recommended standard","Refactoring / Database Change","P1","Fast/slow network, double-click, retry, session expiry, same-record concurrency, and multiple-tab test","Open - requires developer verification"
"AUTO-0114","General Masters / Setup","114","Quality Type Master","Static page audit","Page/process configuration","Explicit COMMIT without explicit ROLLBACK in page source","Page-level explicit transaction control","Slow response, retry, stale tab, validation error, or concurrent edit reaches this page pattern","Wrong, duplicate, partial, stale, or exposed ERP data","P1","Page-level explicit transaction control","One atomic server-side business service; commit once after all validation and DML; rollback on any exception","Confirm in staging with APEX Debug and database trace, then remediate using the recommended standard","Refactoring / Database Change","P1","Fast/slow network, double-click, retry, session expiry, same-record concurrency, and multiple-tab test","Open - requires developer verification"
"AUTO-0116","General Masters / Setup","116","Item Quality Master","Static page audit","Page/process configuration","Explicit COMMIT without explicit ROLLBACK in page source","Page-level explicit transaction control","Slow response, retry, stale tab, validation error, or concurrent edit reaches this page pattern","Wrong, duplicate, partial, stale, or exposed ERP data","P1","Page-level explicit transaction control","One atomic server-side business service; commit once after all validation and DML; rollback on any exception","Confirm in staging with APEX Debug and database trace, then remediate using the recommended standard","Refactoring / Database Change","P1","Fast/slow network, double-click, retry, session expiry, same-record concurrency, and multiple-tab test","Open - requires developer verification"
"AUTO-0118","Procure to Pay / Purchase","118","Purchase Order","Static page audit","Page/process configuration","Explicit COMMIT without explicit ROLLBACK in page source | Custom IG row-status DML; verify atomicity and optimistic locking | Unsaved-change warning disabled | Transaction page has processes but no declarative page validation","Page-level explicit transaction control","Slow response, retry, stale tab, validation error, or concurrent edit reaches this page pattern","Wrong, duplicate, partial, stale, or exposed ERP data","P1","Page-level explicit transaction control","One atomic server-side business service; commit once after all validation and DML; rollback on any exception","Confirm in staging with APEX Debug and database trace, then remediate using the recommended standard","Refactoring / Database Change","P1","Fast/slow network, double-click, retry, session expiry, same-record concurrency, and multiple-tab test","Open - requires developer verification"
"AUTO-0120","General Masters / Setup","120","Cost Centre Master","Static page audit","Page/process configuration","Explicit COMMIT without explicit ROLLBACK in page source","Page-level explicit transaction control","Slow response, retry, stale tab, validation error, or concurrent edit reaches this page pattern","Wrong, duplicate, partial, stale, or exposed ERP data","P1","Page-level explicit transaction control","One atomic server-side business service; commit once after all validation and DML; rollback on any exception","Confirm in staging with APEX Debug and database trace, then remediate using the recommended standard","Refactoring / Database Change","P1","Fast/slow network, double-click, retry, session expiry, same-record concurrency, and multiple-tab test","Open - requires developer verification"
"AUTO-0122","General Masters / Setup","122","Currency Unit Master","Static page audit","Page/process configuration","Explicit COMMIT without explicit ROLLBACK in page source","Page-level explicit transaction control","Slow response, retry, stale tab, validation error, or concurrent edit reaches this page pattern","Wrong, duplicate, partial, stale, or exposed ERP data","P1","Page-level explicit transaction control","One atomic server-side business service; commit once after all validation and DML; rollback on any exception","Confirm in staging with APEX Debug and database trace, then remediate using the recommended standard","Refactoring / Database Change","P1","Fast/slow network, double-click, retry, session expiry, same-record concurrency, and multiple-tab test","Open - requires developer verification"
"AUTO-0124","Finance & Accounts","124","Bank Master","Static page audit","Page/process configuration","Explicit COMMIT without explicit ROLLBACK in page source","Page-level explicit transaction control","Slow response, retry, stale tab, validation error, or concurrent edit reaches this page pattern","Wrong, duplicate, partial, stale, or exposed ERP data","P1","Page-level explicit transaction control","One atomic server-side business service; commit once after all validation and DML; rollback on any exception","Confirm in staging with APEX Debug and database trace, then remediate using the recommended standard","Refactoring / Database Change","P1","Fast/slow network, double-click, retry, session expiry, same-record concurrency, and multiple-tab test","Open - requires developer verification"
"AUTO-0125","Finance & Accounts","125","Account Day Book","Static page audit","Page/process configuration","Unsaved-change warning disabled | Transaction page has processes but no declarative page validation","Forms-style navigation without browser-state protection","Slow response, retry, stale tab, validation error, or concurrent edit reaches this page pattern","Unreliable behaviour or loss of unsaved work","P2","Forms-style navigation without browser-state protection","Enable unsaved-change protection and maintain a single final Save boundary","Confirm in staging with APEX Debug and database trace, then remediate using the recommended standard","Quick Fix / Refactoring","P2","Fast/slow network, double-click, retry, session expiry, same-record concurrency, and multiple-tab test","Open - requires developer verification"
"AUTO-0128","General Masters / Setup","128","Storage Location Master","Static page audit","Page/process configuration","Explicit COMMIT without explicit ROLLBACK in page source","Page-level explicit transaction control","Slow response, retry, stale tab, validation error, or concurrent edit reaches this page pattern","Wrong, duplicate, partial, stale, or exposed ERP data","P1","Page-level explicit transaction control","One atomic server-side business service; commit once after all validation and DML; rollback on any exception","Confirm in staging with APEX Debug and database trace, then remediate using the recommended standard","Refactoring / Database Change","P1","Fast/slow network, double-click, retry, session expiry, same-record concurrency, and multiple-tab test","Open - requires developer verification"
"AUTO-0130","General Masters / Setup","130","Requisition Master","Static page audit","Page/process configuration","Explicit COMMIT without explicit ROLLBACK in page source | Custom IG row-status DML; verify atomicity and optimistic locking","Page-level explicit transaction control","Slow response, retry, stale tab, validation error, or concurrent edit reaches this page pattern","Wrong, duplicate, partial, stale, or exposed ERP data","P1","Page-level explicit transaction control","One atomic server-side business service; commit once after all validation and DML; rollback on any exception","Confirm in staging with APEX Debug and database trace, then remediate using the recommended standard","Refactoring / Database Change","P1","Fast/slow network, double-click, retry, session expiry, same-record concurrency, and multiple-tab test","Open - requires developer verification"
"AUTO-0133","Cross-module / Other","133","Weighment","Static page audit","Page/process configuration","Explicit COMMIT without explicit ROLLBACK in page source | Transaction page has processes but no declarative page validation","Page-level explicit transaction control","Slow response, retry, stale tab, validation error, or concurrent edit reaches this page pattern","Wrong, duplicate, partial, stale, or exposed ERP data","P1","Page-level explicit transaction control","One atomic server-side business service; commit once after all validation and DML; rollback on any exception","Confirm in staging with APEX Debug and database trace, then remediate using the recommended standard","Refactoring / Database Change","P1","Fast/slow network, double-click, retry, session expiry, same-record concurrency, and multiple-tab test","Open - requires developer verification"
"AUTO-0136","Cross-module / Other","136","User Privilege","Static page audit","Page/process configuration","Explicit COMMIT without explicit ROLLBACK in page source","Page-level explicit transaction control","Slow response, retry, stale tab, validation error, or concurrent edit reaches this page pattern","Wrong, duplicate, partial, stale, or exposed ERP data","P1","Page-level explicit transaction control","One atomic server-side business service; commit once after all validation and DML; rollback on any exception","Confirm in staging with APEX Debug and database trace, then remediate using the recommended standard","Refactoring / Database Change","P1","Fast/slow network, double-click, retry, session expiry, same-record concurrency, and multiple-tab test","Open - requires developer verification"
"AUTO-0138","Cross-module / Other","138","Issue","Static page audit","Page/process configuration","Explicit COMMIT without explicit ROLLBACK in page source | Custom IG row-status DML; verify atomicity and optimistic locking | Transaction page has processes but no declarative page validation","Page-level explicit transaction control","Slow response, retry, stale tab, validation error, or concurrent edit reaches this page pattern","Wrong, duplicate, partial, stale, or exposed ERP data","P1","Page-level explicit transaction control","One atomic server-side business service; commit once after all validation and DML; rollback on any exception","Confirm in staging with APEX Debug and database trace, then remediate using the recommended standard","Refactoring / Database Change","P1","Fast/slow network, double-click, retry, session expiry, same-record concurrency, and multiple-tab test","Open - requires developer verification"
"AUTO-0140","Procure to Pay / Purchase","140","Payment Advice","Static page audit","Page/process configuration","Explicit COMMIT without explicit ROLLBACK in page source | Unsaved-change warning disabled | Transaction page has processes but no declarative page validation","Page-level explicit transaction control","Slow response, retry, stale tab, validation error, or concurrent edit reaches this page pattern","Wrong, duplicate, partial, stale, or exposed ERP data","P1","Page-level explicit transaction control","One atomic server-side business service; commit once after all validation and DML; rollback on any exception","Confirm in staging with APEX Debug and database trace, then remediate using the recommended standard","Refactoring / Database Change","P1","Fast/slow network, double-click, retry, session expiry, same-record concurrency, and multiple-tab test","Open - requires developer verification"
"AUTO-0143","Procure to Pay / Purchase","143","Purchase Bill","Static page audit","Page/process configuration","Explicit COMMIT without explicit ROLLBACK in page source | Custom IG row-status DML; verify atomicity and optimistic locking | Dynamic Action server call does not wait for result | Unsaved-change warning disabled | Transaction page has processes but no declarative page validation","Page-level explicit transaction control","Slow response, retry, stale tab, validation error, or concurrent edit reaches this page pattern","Wrong, duplicate, partial, stale, or exposed ERP data","P1","Page-level explicit transaction control","One atomic server-side business service; commit once after all validation and DML; rollback on any exception","Confirm in staging with APEX Debug and database trace, then remediate using the recommended standard","Refactoring / Database Change","P1","Fast/slow network, double-click, retry, session expiry, same-record concurrency, and multiple-tab test","Open - requires developer verification"
"AUTO-0146","Procure to Pay / Purchase","146","GRN","Static page audit","Page/process configuration","Custom IG row-status DML; verify atomicity and optimistic locking | Unsaved-change warning disabled | Transaction page has processes but no declarative page validation","Custom Interactive Grid DML","Slow response, retry, stale tab, validation error, or concurrent edit reaches this page pattern","Wrong, duplicate, partial, stale, or exposed ERP data","P1","Custom Interactive Grid DML","Central DML API plus row version/checksum optimistic locking and database constraints","Confirm in staging with APEX Debug and database trace, then remediate using the recommended standard","Refactoring / Database Change","P1","Fast/slow network, double-click, retry, session expiry, same-record concurrency, and multiple-tab test","Open - requires developer verification"
"AUTO-0148","Cross-module / Other","148","PO Amendment","Static page audit","Page/process configuration","Explicit COMMIT without explicit ROLLBACK in page source | Custom IG row-status DML; verify atomicity and optimistic locking | Transaction page has processes but no declarative page validation","Page-level explicit transaction control","Slow response, retry, stale tab, validation error, or concurrent edit reaches this page pattern","Wrong, duplicate, partial, stale, or exposed ERP data","P1","Page-level explicit transaction control","One atomic server-side business service; commit once after all validation and DML; rollback on any exception","Confirm in staging with APEX Debug and database trace, then remediate using the recommended standard","Refactoring / Database Change","P1","Fast/slow network, double-click, retry, session expiry, same-record concurrency, and multiple-tab test","Open - requires developer verification"
"AUTO-0150","General Masters / Setup","150","Issue Return Master","Static page audit","Page/process configuration","Explicit COMMIT without explicit ROLLBACK in page source | Custom IG row-status DML; verify atomicity and optimistic locking","Page-level explicit transaction control","Slow response, retry, stale tab, validation error, or concurrent edit reaches this page pattern","Wrong, duplicate, partial, stale, or exposed ERP data","P1","Page-level explicit transaction control","One atomic server-side business service; commit once after all validation and DML; rollback on any exception","Confirm in staging with APEX Debug and database trace, then remediate using the recommended standard","Refactoring / Database Change","P1","Fast/slow network, double-click, retry, session expiry, same-record concurrency, and multiple-tab test","Open - requires developer verification"
"AUTO-0152","Procure to Pay / Purchase","152","Purchase Bill Pass","Static page audit","Page/process configuration","Explicit COMMIT without explicit ROLLBACK in page source | Custom IG row-status DML; verify atomicity and optimistic locking | Unsaved-change warning disabled | Transaction page has processes but no declarative page validation","Page-level explicit transaction control","Slow response, retry, stale tab, validation error, or concurrent edit reaches this page pattern","Wrong, duplicate, partial, stale, or exposed ERP data","P1","Page-level explicit transaction control","One atomic server-side business service; commit once after all validation and DML; rollback on any exception","Confirm in staging with APEX Debug and database trace, then remediate using the recommended standard","Refactoring / Database Change","P1","Fast/slow network, double-click, retry, session expiry, same-record concurrency, and multiple-tab test","Open - requires developer verification"
"AUTO-0155","Freight / Logistics","155","Loading Advice","Static page audit","Page/process configuration","Custom IG row-status DML; verify atomicity and optimistic locking | Unsaved-change warning disabled | Transaction page has processes but no declarative page validation","Custom Interactive Grid DML","Slow response, retry, stale tab, validation error, or concurrent edit reaches this page pattern","Wrong, duplicate, partial, stale, or exposed ERP data","P1","Custom Interactive Grid DML","Central DML API plus row version/checksum optimistic locking and database constraints","Confirm in staging with APEX Debug and database trace, then remediate using the recommended standard","Refactoring / Database Change","P1","Fast/slow network, double-click, retry, session expiry, same-record concurrency, and multiple-tab test","Open - requires developer verification"
"AUTO-0156","Finance & Accounts","156","Voucher","Static page audit","Page/process configuration","Custom IG row-status DML; verify atomicity and optimistic locking | Transaction page has processes but no declarative page validation","Custom Interactive Grid DML","Slow response, retry, stale tab, validation error, or concurrent edit reaches this page pattern","Wrong, duplicate, partial, stale, or exposed ERP data","P1","Custom Interactive Grid DML","Central DML API plus row version/checksum optimistic locking and database constraints","Confirm in staging with APEX Debug and database trace, then remediate using the recommended standard","Refactoring / Database Change","P1","Fast/slow network, double-click, retry, session expiry, same-record concurrency, and multiple-tab test","Open - requires developer verification"
"AUTO-0159","Cross-module / Other","159","Debit Note","Static page audit","Page/process configuration","Custom IG row-status DML; verify atomicity and optimistic locking | Transaction page has processes but no declarative page validation","Custom Interactive Grid DML","Slow response, retry, stale tab, validation error, or concurrent edit reaches this page pattern","Wrong, duplicate, partial, stale, or exposed ERP data","P1","Custom Interactive Grid DML","Central DML API plus row version/checksum optimistic locking and database constraints","Confirm in staging with APEX Debug and database trace, then remediate using the recommended standard","Refactoring / Database Change","P1","Fast/slow network, double-click, retry, session expiry, same-record concurrency, and multiple-tab test","Open - requires developer verification"
"AUTO-0161","Order to Cash / Sales","161","Despatch Advice","Static page audit","Page/process configuration","Custom IG row-status DML; verify atomicity and optimistic locking | Transaction page has processes but no declarative page validation","Custom Interactive Grid DML","Slow response, retry, stale tab, validation error, or concurrent edit reaches this page pattern","Wrong, duplicate, partial, stale, or exposed ERP data","P1","Custom Interactive Grid DML","Central DML API plus row version/checksum optimistic locking and database constraints","Confirm in staging with APEX Debug and database trace, then remediate using the recommended standard","Refactoring / Database Change","P1","Fast/slow network, double-click, retry, session expiry, same-record concurrency, and multiple-tab test","Open - requires developer verification"
"AUTO-0166","Cross-module / Other","166","Credit Note","Static page audit","Page/process configuration","Custom IG row-status DML; verify atomicity and optimistic locking | Transaction page has processes but no declarative page validation","Custom Interactive Grid DML","Slow response, retry, stale tab, validation error, or concurrent edit reaches this page pattern","Wrong, duplicate, partial, stale, or exposed ERP data","P1","Custom Interactive Grid DML","Central DML API plus row version/checksum optimistic locking and database constraints","Confirm in staging with APEX Debug and database trace, then remediate using the recommended standard","Refactoring / Database Change","P1","Fast/slow network, double-click, retry, session expiry, same-record concurrency, and multiple-tab test","Open - requires developer verification"
"AUTO-0168","Cross-module / Other","168","Material Out","Static page audit","Page/process configuration","Explicit COMMIT without explicit ROLLBACK in page source | Custom IG row-status DML; verify atomicity and optimistic locking | Transaction page has processes but no declarative page validation","Page-level explicit transaction control","Slow response, retry, stale tab, validation error, or concurrent edit reaches this page pattern","Wrong, duplicate, partial, stale, or exposed ERP data","P1","Page-level explicit transaction control","One atomic server-side business service; commit once after all validation and DML; rollback on any exception","Confirm in staging with APEX Debug and database trace, then remediate using the recommended standard","Refactoring / Database Change","P1","Fast/slow network, double-click, retry, session expiry, same-record concurrency, and multiple-tab test","Open - requires developer verification"
"AUTO-0171","Order to Cash / Sales","171","Sales Order","Static page audit","Page/process configuration","Explicit COMMIT without explicit ROLLBACK in page source | Custom IG row-status DML; verify atomicity and optimistic locking | Unsaved-change warning disabled | Transaction page has processes but no declarative page validation","Page-level explicit transaction control","Slow response, retry, stale tab, validation error, or concurrent edit reaches this page pattern","Wrong, duplicate, partial, stale, or exposed ERP data","P1","Page-level explicit transaction control","One atomic server-side business service; commit once after all validation and DML; rollback on any exception","Confirm in staging with APEX Debug and database trace, then remediate using the recommended standard","Refactoring / Database Change","P1","Fast/slow network, double-click, retry, session expiry, same-record concurrency, and multiple-tab test","Open - requires developer verification"
"AUTO-0173","Cross-module / Other","173","Terms & Condition","Static page audit","Page/process configuration","Explicit COMMIT without explicit ROLLBACK in page source | Transaction page has processes but no declarative page validation","Page-level explicit transaction control","Slow response, retry, stale tab, validation error, or concurrent edit reaches this page pattern","Wrong, duplicate, partial, stale, or exposed ERP data","P1","Page-level explicit transaction control","One atomic server-side business service; commit once after all validation and DML; rollback on any exception","Confirm in staging with APEX Debug and database trace, then remediate using the recommended standard","Refactoring / Database Change","P1","Fast/slow network, double-click, retry, session expiry, same-record concurrency, and multiple-tab test","Open - requires developer verification"
"AUTO-0175","Order to Cash / Sales","175","CCInvoice","Static page audit","Page/process configuration","Custom IG row-status DML; verify atomicity and optimistic locking | Unsaved-change warning disabled","Custom Interactive Grid DML","Slow response, retry, stale tab, validation error, or concurrent edit reaches this page pattern","Wrong, duplicate, partial, stale, or exposed ERP data","P1","Custom Interactive Grid DML","Central DML API plus row version/checksum optimistic locking and database constraints","Confirm in staging with APEX Debug and database trace, then remediate using the recommended standard","Refactoring / Database Change","P1","Fast/slow network, double-click, retry, session expiry, same-record concurrency, and multiple-tab test","Open - requires developer verification"
"AUTO-0177","General Masters / Setup","177","Tax Rule","Static page audit","Page/process configuration","Explicit COMMIT without explicit ROLLBACK in page source | Custom IG row-status DML; verify atomicity and optimistic locking | Transaction page has processes but no declarative page validation","Page-level explicit transaction control","Slow response, retry, stale tab, validation error, or concurrent edit reaches this page pattern","Wrong, duplicate, partial, stale, or exposed ERP data","P1","Page-level explicit transaction control","One atomic server-side business service; commit once after all validation and DML; rollback on any exception","Confirm in staging with APEX Debug and database trace, then remediate using the recommended standard","Refactoring / Database Change","P1","Fast/slow network, double-click, retry, session expiry, same-record concurrency, and multiple-tab test","Open - requires developer verification"
"AUTO-0179","Job & Services","179","Service Order","Static page audit","Page/process configuration","Explicit COMMIT without explicit ROLLBACK in page source | Custom IG row-status DML; verify atomicity and optimistic locking | Unsaved-change warning disabled | Transaction page has processes but no declarative page validation","Page-level explicit transaction control","Slow response, retry, stale tab, validation error, or concurrent edit reaches this page pattern","Wrong, duplicate, partial, stale, or exposed ERP data","P1","Page-level explicit transaction control","One atomic server-side business service; commit once after all validation and DML; rollback on any exception","Confirm in staging with APEX Debug and database trace, then remediate using the recommended standard","Refactoring / Database Change","P1","Fast/slow network, double-click, retry, session expiry, same-record concurrency, and multiple-tab test","Open - requires developer verification"
"AUTO-0180","Cross-module / Other","180","Kitting Unkitting","Static page audit","Page/process configuration","Transaction page has processes but no declarative page validation","Page process without declarative validation","Slow response, retry, stale tab, validation error, or concurrent edit reaches this page pattern","Unreliable behaviour or loss of unsaved work","P2","Page process without declarative validation","Add named server-side business validations and database constraints","Confirm in staging with APEX Debug and database trace, then remediate using the recommended standard","Quick Fix / Refactoring","P2","Fast/slow network, double-click, retry, session expiry, same-record concurrency, and multiple-tab test","Open - requires developer verification"
"AUTO-0181","Cross-module / Other","181","Kitting Unkitting","Static page audit","Page/process configuration","Custom IG row-status DML; verify atomicity and optimistic locking","Custom Interactive Grid DML","Slow response, retry, stale tab, validation error, or concurrent edit reaches this page pattern","Wrong, duplicate, partial, stale, or exposed ERP data","P1","Custom Interactive Grid DML","Central DML API plus row version/checksum optimistic locking and database constraints","Confirm in staging with APEX Debug and database trace, then remediate using the recommended standard","Refactoring / Database Change","P1","Fast/slow network, double-click, retry, session expiry, same-record concurrency, and multiple-tab test","Open - requires developer verification"
"AUTO-0182","Order to Cash / Sales","182","E-Invoice","Static page audit","Page/process configuration","Explicit COMMIT without explicit ROLLBACK in page source | Custom IG row-status DML; verify atomicity and optimistic locking | Transaction page has processes but no declarative page validation","Page-level explicit transaction control","Slow response, retry, stale tab, validation error, or concurrent edit reaches this page pattern","Wrong, duplicate, partial, stale, or exposed ERP data","P1","Page-level explicit transaction control","One atomic server-side business service; commit once after all validation and DML; rollback on any exception","Confirm in staging with APEX Debug and database trace, then remediate using the recommended standard","Refactoring / Database Change","P1","Fast/slow network, double-click, retry, session expiry, same-record concurrency, and multiple-tab test","Open - requires developer verification"
"AUTO-0184","Order to Cash / Sales","184","Sales GRN","Static page audit","Page/process configuration","Explicit COMMIT without explicit ROLLBACK in page source | Custom IG row-status DML; verify atomicity and optimistic locking | Unsaved-change warning disabled | Transaction page has processes but no declarative page validation","Page-level explicit transaction control","Slow response, retry, stale tab, validation error, or concurrent edit reaches this page pattern","Wrong, duplicate, partial, stale, or exposed ERP data","P1","Page-level explicit transaction control","One atomic server-side business service; commit once after all validation and DML; rollback on any exception","Confirm in staging with APEX Debug and database trace, then remediate using the recommended standard","Refactoring / Database Change","P1","Fast/slow network, double-click, retry, session expiry, same-record concurrency, and multiple-tab test","Open - requires developer verification"
"AUTO-0186","Inventory Control","186","Stock Transfer","Static page audit","Page/process configuration","Transaction page has processes but no declarative page validation","Page process without declarative validation","Slow response, retry, stale tab, validation error, or concurrent edit reaches this page pattern","Unreliable behaviour or loss of unsaved work","P2","Page process without declarative validation","Add named server-side business validations and database constraints","Confirm in staging with APEX Debug and database trace, then remediate using the recommended standard","Quick Fix / Refactoring","P2","Fast/slow network, double-click, retry, session expiry, same-record concurrency, and multiple-tab test","Open - requires developer verification"
"AUTO-0187","Inventory Control","187","Stock Transfer","Static page audit","Page/process configuration","Explicit COMMIT without explicit ROLLBACK in page source | Custom IG row-status DML; verify atomicity and optimistic locking | Transaction page has processes but no declarative page validation","Page-level explicit transaction control","Slow response, retry, stale tab, validation error, or concurrent edit reaches this page pattern","Wrong, duplicate, partial, stale, or exposed ERP data","P1","Page-level explicit transaction control","One atomic server-side business service; commit once after all validation and DML; rollback on any exception","Confirm in staging with APEX Debug and database trace, then remediate using the recommended standard","Refactoring / Database Change","P1","Fast/slow network, double-click, retry, session expiry, same-record concurrency, and multiple-tab test","Open - requires developer verification"
"AUTO-0188","General Masters / Setup","188","Item Type Master","Static page audit","Page/process configuration","Explicit COMMIT without explicit ROLLBACK in page source","Page-level explicit transaction control","Slow response, retry, stale tab, validation error, or concurrent edit reaches this page pattern","Wrong, duplicate, partial, stale, or exposed ERP data","P1","Page-level explicit transaction control","One atomic server-side business service; commit once after all validation and DML; rollback on any exception","Confirm in staging with APEX Debug and database trace, then remediate using the recommended standard","Refactoring / Database Change","P1","Fast/slow network, double-click, retry, session expiry, same-record concurrency, and multiple-tab test","Open - requires developer verification"
"AUTO-0189","Procure to Pay / Purchase","189","GRN","Static page audit","Page/process configuration","Explicit COMMIT without explicit ROLLBACK in page source | Custom IG row-status DML; verify atomicity and optimistic locking | Transaction page has processes but no declarative page validation","Page-level explicit transaction control","Slow response, retry, stale tab, validation error, or concurrent edit reaches this page pattern","Wrong, duplicate, partial, stale, or exposed ERP data","P1","Page-level explicit transaction control","One atomic server-side business service; commit once after all validation and DML; rollback on any exception","Confirm in staging with APEX Debug and database trace, then remediate using the recommended standard","Refactoring / Database Change","P1","Fast/slow network, double-click, retry, session expiry, same-record concurrency, and multiple-tab test","Open - requires developer verification"
"AUTO-0190","Finance & Accounts","190","Bill Receipt","Static page audit","Page/process configuration","Unsaved-change warning disabled | Transaction page has processes but no declarative page validation","Forms-style navigation without browser-state protection","Slow response, retry, stale tab, validation error, or concurrent edit reaches this page pattern","Unreliable behaviour or loss of unsaved work","P2","Forms-style navigation without browser-state protection","Enable unsaved-change protection and maintain a single final Save boundary","Confirm in staging with APEX Debug and database trace, then remediate using the recommended standard","Quick Fix / Refactoring","P2","Fast/slow network, double-click, retry, session expiry, same-record concurrency, and multiple-tab test","Open - requires developer verification"
"AUTO-0191","Finance & Accounts","191","Bill Receipt","Static page audit","Page/process configuration","Explicit COMMIT without explicit ROLLBACK in page source | Transaction page has processes but no declarative page validation","Page-level explicit transaction control","Slow response, retry, stale tab, validation error, or concurrent edit reaches this page pattern","Wrong, duplicate, partial, stale, or exposed ERP data","P1","Page-level explicit transaction control","One atomic server-side business service; commit once after all validation and DML; rollback on any exception","Confirm in staging with APEX Debug and database trace, then remediate using the recommended standard","Refactoring / Database Change","P1","Fast/slow network, double-click, retry, session expiry, same-record concurrency, and multiple-tab test","Open - requires developer verification"
"AUTO-0193","Cross-module / Other","193","Item Opening","Static page audit","Page/process configuration","Explicit COMMIT without explicit ROLLBACK in page source | Transaction page has processes but no declarative page validation","Page-level explicit transaction control","Slow response, retry, stale tab, validation error, or concurrent edit reaches this page pattern","Wrong, duplicate, partial, stale, or exposed ERP data","P1","Page-level explicit transaction control","One atomic server-side business service; commit once after all validation and DML; rollback on any exception","Confirm in staging with APEX Debug and database trace, then remediate using the recommended standard","Refactoring / Database Change","P1","Fast/slow network, double-click, retry, session expiry, same-record concurrency, and multiple-tab test","Open - requires developer verification"
"AUTO-0195","Hire to Retire / HR & Payroll","195","Gate Pass","Static page audit","Page/process configuration","Explicit COMMIT without explicit ROLLBACK in page source | Custom IG row-status DML; verify atomicity and optimistic locking | Transaction page has processes but no declarative page validation","Page-level explicit transaction control","Slow response, retry, stale tab, validation error, or concurrent edit reaches this page pattern","Wrong, duplicate, partial, stale, or exposed ERP data","P1","Page-level explicit transaction control","One atomic server-side business service; commit once after all validation and DML; rollback on any exception","Confirm in staging with APEX Debug and database trace, then remediate using the recommended standard","Refactoring / Database Change","P1","Fast/slow network, double-click, retry, session expiry, same-record concurrency, and multiple-tab test","Open - requires developer verification"
"AUTO-0197","Cross-module / Other","197","PRODUCTION","Static page audit","Page/process configuration","Explicit COMMIT without explicit ROLLBACK in page source | Custom IG row-status DML; verify atomicity and optimistic locking | Transaction page has processes but no declarative page validation","Page-level explicit transaction control","Slow response, retry, stale tab, validation error, or concurrent edit reaches this page pattern","Wrong, duplicate, partial, stale, or exposed ERP data","P1","Page-level explicit transaction control","One atomic server-side business service; commit once after all validation and DML; rollback on any exception","Confirm in staging with APEX Debug and database trace, then remediate using the recommended standard","Refactoring / Database Change","P1","Fast/slow network, double-click, retry, session expiry, same-record concurrency, and multiple-tab test","Open - requires developer verification"
"AUTO-0199","Freight / Logistics","199","Freight Advice","Static page audit","Page/process configuration","Custom IG row-status DML; verify atomicity and optimistic locking | Transaction page has processes but no declarative page validation","Custom Interactive Grid DML","Slow response, retry, stale tab, validation error, or concurrent edit reaches this page pattern","Wrong, duplicate, partial, stale, or exposed ERP data","P1","Custom Interactive Grid DML","Central DML API plus row version/checksum optimistic locking and database constraints","Confirm in staging with APEX Debug and database trace, then remediate using the recommended standard","Refactoring / Database Change","P1","Fast/slow network, double-click, retry, session expiry, same-record concurrency, and multiple-tab test","Open - requires developer verification"
"AUTO-0202","Cross-module / Other","202","BOM","Static page audit","Page/process configuration","Explicit COMMIT without explicit ROLLBACK in page source | Custom IG row-status DML; verify atomicity and optimistic locking | Transaction page has processes but no declarative page validation","Page-level explicit transaction control","Slow response, retry, stale tab, validation error, or concurrent edit reaches this page pattern","Wrong, duplicate, partial, stale, or exposed ERP data","P1","Page-level explicit transaction control","One atomic server-side business service; commit once after all validation and DML; rollback on any exception","Confirm in staging with APEX Debug and database trace, then remediate using the recommended standard","Refactoring / Database Change","P1","Fast/slow network, double-click, retry, session expiry, same-record concurrency, and multiple-tab test","Open - requires developer verification"
"AUTO-0204","Cross-module / Other","204","Shift","Static page audit","Page/process configuration","Explicit COMMIT without explicit ROLLBACK in page source | Transaction page has processes but no declarative page validation","Page-level explicit transaction control","Slow response, retry, stale tab, validation error, or concurrent edit reaches this page pattern","Wrong, duplicate, partial, stale, or exposed ERP data","P1","Page-level explicit transaction control","One atomic server-side business service; commit once after all validation and DML; rollback on any exception","Confirm in staging with APEX Debug and database trace, then remediate using the recommended standard","Refactoring / Database Change","P1","Fast/slow network, double-click, retry, session expiry, same-record concurrency, and multiple-tab test","Open - requires developer verification"
"AUTO-0206","Cross-module / Other","206","Production Centre","Static page audit","Page/process configuration","Explicit COMMIT without explicit ROLLBACK in page source | Transaction page has processes but no declarative page validation","Page-level explicit transaction control","Slow response, retry, stale tab, validation error, or concurrent edit reaches this page pattern","Wrong, duplicate, partial, stale, or exposed ERP data","P1","Page-level explicit transaction control","One atomic server-side business service; commit once after all validation and DML; rollback on any exception","Confirm in staging with APEX Debug and database trace, then remediate using the recommended standard","Refactoring / Database Change","P1","Fast/slow network, double-click, retry, session expiry, same-record concurrency, and multiple-tab test","Open - requires developer verification"
"AUTO-0208","Cross-module / Other","208","Reverse Charge","Static page audit","Page/process configuration","Explicit COMMIT without explicit ROLLBACK in page source | Custom IG row-status DML; verify atomicity and optimistic locking | Transaction page has processes but no declarative page validation","Page-level explicit transaction control","Slow response, retry, stale tab, validation error, or concurrent edit reaches this page pattern","Wrong, duplicate, partial, stale, or exposed ERP data","P1","Page-level explicit transaction control","One atomic server-side business service; commit once after all validation and DML; rollback on any exception","Confirm in staging with APEX Debug and database trace, then remediate using the recommended standard","Refactoring / Database Change","P1","Fast/slow network, double-click, retry, session expiry, same-record concurrency, and multiple-tab test","Open - requires developer verification"
"AUTO-0210","Reports / MIS / Dashboard","210","Payable/Receivable Aging Report","Static page audit","Page/process configuration","Page marked public; verify business data exposure","Public page / weak page access boundary","Slow response, retry, stale tab, validation error, or concurrent edit reaches this page pattern","Wrong, duplicate, partial, stale, or exposed ERP data","P1","Public page / weak page access boundary","Require authentication and page authorization; retest direct URL access","Confirm in staging with APEX Debug and database trace, then remediate using the recommended standard","Quick Fix + Security Review","P1","Fast/slow network, double-click, retry, session expiry, same-record concurrency, and multiple-tab test","Open - requires developer verification"
"AUTO-0211","Finance & Accounts","211","Item Account","Static page audit","Page/process configuration","Explicit COMMIT without explicit ROLLBACK in page source | Transaction page has processes but no declarative page validation","Page-level explicit transaction control","Slow response, retry, stale tab, validation error, or concurrent edit reaches this page pattern","Wrong, duplicate, partial, stale, or exposed ERP data","P1","Page-level explicit transaction control","One atomic server-side business service; commit once after all validation and DML; rollback on any exception","Confirm in staging with APEX Debug and database trace, then remediate using the recommended standard","Refactoring / Database Change","P1","Fast/slow network, double-click, retry, session expiry, same-record concurrency, and multiple-tab test","Open - requires developer verification"
"AUTO-0213","Job & Services","213","Service Bill","Static page audit","Page/process configuration","Explicit COMMIT without explicit ROLLBACK in page source | Custom IG row-status DML; verify atomicity and optimistic locking | Dynamic Action server call does not wait for result | Transaction page has processes but no declarative page validation","Page-level explicit transaction control","Slow response, retry, stale tab, validation error, or concurrent edit reaches this page pattern","Wrong, duplicate, partial, stale, or exposed ERP data","P1","Page-level explicit transaction control","One atomic server-side business service; commit once after all validation and DML; rollback on any exception","Confirm in staging with APEX Debug and database trace, then remediate using the recommended standard","Refactoring / Database Change","P1","Fast/slow network, double-click, retry, session expiry, same-record concurrency, and multiple-tab test","Open - requires developer verification"
"AUTO-0215","Cross-module / Other","215","Agent Commision Rate","Static page audit","Page/process configuration","Explicit COMMIT without explicit ROLLBACK in page source | Transaction page has processes but no declarative page validation","Page-level explicit transaction control","Slow response, retry, stale tab, validation error, or concurrent edit reaches this page pattern","Wrong, duplicate, partial, stale, or exposed ERP data","P1","Page-level explicit transaction control","One atomic server-side business service; commit once after all validation and DML; rollback on any exception","Confirm in staging with APEX Debug and database trace, then remediate using the recommended standard","Refactoring / Database Change","P1","Fast/slow network, double-click, retry, session expiry, same-record concurrency, and multiple-tab test","Open - requires developer verification"
"AUTO-0217","Cross-module / Other","217","Sale Incentive Rate","Static page audit","Page/process configuration","Explicit COMMIT without explicit ROLLBACK in page source | Custom IG row-status DML; verify atomicity and optimistic locking | Transaction page has processes but no declarative page validation","Page-level explicit transaction control","Slow response, retry, stale tab, validation error, or concurrent edit reaches this page pattern","Wrong, duplicate, partial, stale, or exposed ERP data","P1","Page-level explicit transaction control","One atomic server-side business service; commit once after all validation and DML; rollback on any exception","Confirm in staging with APEX Debug and database trace, then remediate using the recommended standard","Refactoring / Database Change","P1","Fast/slow network, double-click, retry, session expiry, same-record concurrency, and multiple-tab test","Open - requires developer verification"
"AUTO-0218","Cross-module / Other","218","HAR_SALEINCENTIVERATE","Static page audit","Page/process configuration","Explicit COMMIT without explicit ROLLBACK in page source | Custom IG row-status DML; verify atomicity and optimistic locking | Transaction page has processes but no declarative page validation","Page-level explicit transaction control","Slow response, retry, stale tab, validation error, or concurrent edit reaches this page pattern","Wrong, duplicate, partial, stale, or exposed ERP data","P1","Page-level explicit transaction control","One atomic server-side business service; commit once after all validation and DML; rollback on any exception","Confirm in staging with APEX Debug and database trace, then remediate using the recommended standard","Refactoring / Database Change","P1","Fast/slow network, double-click, retry, session expiry, same-record concurrency, and multiple-tab test","Open - requires developer verification"
"AUTO-0221","Procure to Pay / Purchase","221","Service Bill Pass","Static page audit","Page/process configuration","Explicit COMMIT without explicit ROLLBACK in page source | Custom IG row-status DML; verify atomicity and optimistic locking | Unsaved-change warning disabled | Transaction page has processes but no declarative page validation","Page-level explicit transaction control","Slow response, retry, stale tab, validation error, or concurrent edit reaches this page pattern","Wrong, duplicate, partial, stale, or exposed ERP data","P1","Page-level explicit transaction control","One atomic server-side business service; commit once after all validation and DML; rollback on any exception","Confirm in staging with APEX Debug and database trace, then remediate using the recommended standard","Refactoring / Database Change","P1","Fast/slow network, double-click, retry, session expiry, same-record concurrency, and multiple-tab test","Open - requires developer verification"
"AUTO-0223","Inventory Control","223","MRN","Static page audit","Page/process configuration","Explicit COMMIT without explicit ROLLBACK in page source | Custom IG row-status DML; verify atomicity and optimistic locking | Transaction page has processes but no declarative page validation","Page-level explicit transaction control","Slow response, retry, stale tab, validation error, or concurrent edit reaches this page pattern","Wrong, duplicate, partial, stale, or exposed ERP data","P1","Page-level explicit transaction control","One atomic server-side business service; commit once after all validation and DML; rollback on any exception","Confirm in staging with APEX Debug and database trace, then remediate using the recommended standard","Refactoring / Database Change","P1","Fast/slow network, double-click, retry, session expiry, same-record concurrency, and multiple-tab test","Open - requires developer verification"
"AUTO-0225","Cross-module / Other","225","Module Wise TAC","Static page audit","Page/process configuration","Explicit COMMIT without explicit ROLLBACK in page source | Transaction page has processes but no declarative page validation","Page-level explicit transaction control","Slow response, retry, stale tab, validation error, or concurrent edit reaches this page pattern","Wrong, duplicate, partial, stale, or exposed ERP data","P1","Page-level explicit transaction control","One atomic server-side business service; commit once after all validation and DML; rollback on any exception","Confirm in staging with APEX Debug and database trace, then remediate using the recommended standard","Refactoring / Database Change","P1","Fast/slow network, double-click, retry, session expiry, same-record concurrency, and multiple-tab test","Open - requires developer verification"
"AUTO-0230","Finance & Accounts","230","GSTR1","Static page audit","Page/process configuration","Explicit COMMIT without explicit ROLLBACK in page source | Transaction page has processes but no declarative page validation","Page-level explicit transaction control","Slow response, retry, stale tab, validation error, or concurrent edit reaches this page pattern","Wrong, duplicate, partial, stale, or exposed ERP data","P1","Page-level explicit transaction control","One atomic server-side business service; commit once after all validation and DML; rollback on any exception","Confirm in staging with APEX Debug and database trace, then remediate using the recommended standard","Refactoring / Database Change","P1","Fast/slow network, double-click, retry, session expiry, same-record concurrency, and multiple-tab test","Open - requires developer verification"
"AUTO-0232","General Masters / Setup","232","User Privilege Location","Static page audit","Page/process configuration","Custom IG row-status DML; verify atomicity and optimistic locking | Transaction page has processes but no declarative page validation","Custom Interactive Grid DML","Slow response, retry, stale tab, validation error, or concurrent edit reaches this page pattern","Wrong, duplicate, partial, stale, or exposed ERP data","P1","Custom Interactive Grid DML","Central DML API plus row version/checksum optimistic locking and database constraints","Confirm in staging with APEX Debug and database trace, then remediate using the recommended standard","Refactoring / Database Change","P1","Fast/slow network, double-click, retry, session expiry, same-record concurrency, and multiple-tab test","Open - requires developer verification"
"AUTO-0234","General Masters / Setup","234","User Privilege Department","Static page audit","Page/process configuration","Custom IG row-status DML; verify atomicity and optimistic locking | Transaction page has processes but no declarative page validation","Custom Interactive Grid DML","Slow response, retry, stale tab, validation error, or concurrent edit reaches this page pattern","Wrong, duplicate, partial, stale, or exposed ERP data","P1","Custom Interactive Grid DML","Central DML API plus row version/checksum optimistic locking and database constraints","Confirm in staging with APEX Debug and database trace, then remediate using the recommended standard","Refactoring / Database Change","P1","Fast/slow network, double-click, retry, session expiry, same-record concurrency, and multiple-tab test","Open - requires developer verification"
"AUTO-0235","Finance & Accounts","235","User Privilege Account","Static page audit","Page/process configuration","Custom IG row-status DML; verify atomicity and optimistic locking | Transaction page has processes but no declarative page validation","Custom Interactive Grid DML","Slow response, retry, stale tab, validation error, or concurrent edit reaches this page pattern","Wrong, duplicate, partial, stale, or exposed ERP data","P1","Custom Interactive Grid DML","Central DML API plus row version/checksum optimistic locking and database constraints","Confirm in staging with APEX Debug and database trace, then remediate using the recommended standard","Refactoring / Database Change","P1","Fast/slow network, double-click, retry, session expiry, same-record concurrency, and multiple-tab test","Open - requires developer verification"
"AUTO-0236","Finance & Accounts","236","GSTR3B","Static page audit","Page/process configuration","Explicit COMMIT without explicit ROLLBACK in page source | Transaction page has processes but no declarative page validation","Page-level explicit transaction control","Slow response, retry, stale tab, validation error, or concurrent edit reaches this page pattern","Wrong, duplicate, partial, stale, or exposed ERP data","P1","Page-level explicit transaction control","One atomic server-side business service; commit once after all validation and DML; rollback on any exception","Confirm in staging with APEX Debug and database trace, then remediate using the recommended standard","Refactoring / Database Change","P1","Fast/slow network, double-click, retry, session expiry, same-record concurrency, and multiple-tab test","Open - requires developer verification"
"AUTO-0237","Cross-module / Other","237","User Privilege DocType","Static page audit","Page/process configuration","Custom IG row-status DML; verify atomicity and optimistic locking | Transaction page has processes but no declarative page validation","Custom Interactive Grid DML","Slow response, retry, stale tab, validation error, or concurrent edit reaches this page pattern","Wrong, duplicate, partial, stale, or exposed ERP data","P1","Custom Interactive Grid DML","Central DML API plus row version/checksum optimistic locking and database constraints","Confirm in staging with APEX Debug and database trace, then remediate using the recommended standard","Refactoring / Database Change","P1","Fast/slow network, double-click, retry, session expiry, same-record concurrency, and multiple-tab test","Open - requires developer verification"
"AUTO-0238","Cross-module / Other","238","User Privilege Item","Static page audit","Page/process configuration","Custom IG row-status DML; verify atomicity and optimistic locking | Transaction page has processes but no declarative page validation","Custom Interactive Grid DML","Slow response, retry, stale tab, validation error, or concurrent edit reaches this page pattern","Wrong, duplicate, partial, stale, or exposed ERP data","P1","Custom Interactive Grid DML","Central DML API plus row version/checksum optimistic locking and database constraints","Confirm in staging with APEX Debug and database trace, then remediate using the recommended standard","Refactoring / Database Change","P1","Fast/slow network, double-click, retry, session expiry, same-record concurrency, and multiple-tab test","Open - requires developer verification"
"AUTO-0239","General Masters / Setup","239","User Privilege Storage Location","Static page audit","Page/process configuration","Custom IG row-status DML; verify atomicity and optimistic locking | Transaction page has processes but no declarative page validation","Custom Interactive Grid DML","Slow response, retry, stale tab, validation error, or concurrent edit reaches this page pattern","Wrong, duplicate, partial, stale, or exposed ERP data","P1","Custom Interactive Grid DML","Central DML API plus row version/checksum optimistic locking and database constraints","Confirm in staging with APEX Debug and database trace, then remediate using the recommended standard","Refactoring / Database Change","P1","Fast/slow network, double-click, retry, session expiry, same-record concurrency, and multiple-tab test","Open - requires developer verification"
"AUTO-0241","Cross-module / Other","241","RTGS Letter","Static page audit","Page/process configuration","Transaction page has processes but no declarative page validation","Page process without declarative validation","Slow response, retry, stale tab, validation error, or concurrent edit reaches this page pattern","Unreliable behaviour or loss of unsaved work","P2","Page process without declarative validation","Add named server-side business validations and database constraints","Confirm in staging with APEX Debug and database trace, then remediate using the recommended standard","Quick Fix / Refactoring","P2","Fast/slow network, double-click, retry, session expiry, same-record concurrency, and multiple-tab test","Open - requires developer verification"
"AUTO-0242","Cross-module / Other","242","RTGS Letter","Static page audit","Page/process configuration","Explicit COMMIT without explicit ROLLBACK in page source | Custom IG row-status DML; verify atomicity and optimistic locking | Transaction page has processes but no declarative page validation","Page-level explicit transaction control","Slow response, retry, stale tab, validation error, or concurrent edit reaches this page pattern","Wrong, duplicate, partial, stale, or exposed ERP data","P1","Page-level explicit transaction control","One atomic server-side business service; commit once after all validation and DML; rollback on any exception","Confirm in staging with APEX Debug and database trace, then remediate using the recommended standard","Refactoring / Database Change","P1","Fast/slow network, double-click, retry, session expiry, same-record concurrency, and multiple-tab test","Open - requires developer verification"
"AUTO-0244","Inventory Control","244","Stock Revaluation ","Static page audit","Page/process configuration","Explicit COMMIT without explicit ROLLBACK in page source | Custom IG row-status DML; verify atomicity and optimistic locking | Transaction page has processes but no declarative page validation","Page-level explicit transaction control","Slow response, retry, stale tab, validation error, or concurrent edit reaches this page pattern","Wrong, duplicate, partial, stale, or exposed ERP data","P1","Page-level explicit transaction control","One atomic server-side business service; commit once after all validation and DML; rollback on any exception","Confirm in staging with APEX Debug and database trace, then remediate using the recommended standard","Refactoring / Database Change","P1","Fast/slow network, double-click, retry, session expiry, same-record concurrency, and multiple-tab test","Open - requires developer verification"
"AUTO-0246","Inventory Control","246","Stock Taking","Static page audit","Page/process configuration","Explicit COMMIT without explicit ROLLBACK in page source | Custom IG row-status DML; verify atomicity and optimistic locking | Transaction page has processes but no declarative page validation","Page-level explicit transaction control","Slow response, retry, stale tab, validation error, or concurrent edit reaches this page pattern","Wrong, duplicate, partial, stale, or exposed ERP data","P1","Page-level explicit transaction control","One atomic server-side business service; commit once after all validation and DML; rollback on any exception","Confirm in staging with APEX Debug and database trace, then remediate using the recommended standard","Refactoring / Database Change","P1","Fast/slow network, double-click, retry, session expiry, same-record concurrency, and multiple-tab test","Open - requires developer verification"
"AUTO-0248","Cross-module / Other","248","Additional Business Place","Static page audit","Page/process configuration","Explicit COMMIT without explicit ROLLBACK in page source | Transaction page has processes but no declarative page validation","Page-level explicit transaction control","Slow response, retry, stale tab, validation error, or concurrent edit reaches this page pattern","Wrong, duplicate, partial, stale, or exposed ERP data","P1","Page-level explicit transaction control","One atomic server-side business service; commit once after all validation and DML; rollback on any exception","Confirm in staging with APEX Debug and database trace, then remediate using the recommended standard","Refactoring / Database Change","P1","Fast/slow network, double-click, retry, session expiry, same-record concurrency, and multiple-tab test","Open - requires developer verification"
"AUTO-0249","Cross-module / Other","249","Monthly Summary","Static page audit","Page/process configuration","Explicit COMMIT without explicit ROLLBACK in page source | Unsaved-change warning disabled | Transaction page has processes but no declarative page validation | Page marked public; verify business data exposure","Page-level explicit transaction control","Slow response, retry, stale tab, validation error, or concurrent edit reaches this page pattern","Wrong, duplicate, partial, stale, or exposed ERP data","P1","Page-level explicit transaction control","One atomic server-side business service; commit once after all validation and DML; rollback on any exception","Confirm in staging with APEX Debug and database trace, then remediate using the recommended standard","Refactoring / Database Change","P1","Fast/slow network, double-click, retry, session expiry, same-record concurrency, and multiple-tab test","Open - requires developer verification"
"AUTO-0250","Cross-module / Other","250","Daily  Summary","Static page audit","Page/process configuration","Explicit COMMIT without explicit ROLLBACK in page source | Unsaved-change warning disabled | Transaction page has processes but no declarative page validation | Page marked public; verify business data exposure","Page-level explicit transaction control","Slow response, retry, stale tab, validation error, or concurrent edit reaches this page pattern","Wrong, duplicate, partial, stale, or exposed ERP data","P1","Page-level explicit transaction control","One atomic server-side business service; commit once after all validation and DML; rollback on any exception","Confirm in staging with APEX Debug and database trace, then remediate using the recommended standard","Refactoring / Database Change","P1","Fast/slow network, double-click, retry, session expiry, same-record concurrency, and multiple-tab test","Open - requires developer verification"
"AUTO-0251","Cross-module / Other","251","Payable Bills","Static page audit","Page/process configuration","Explicit COMMIT without explicit ROLLBACK in page source | Custom IG row-status DML; verify atomicity and optimistic locking | Transaction page has processes but no declarative page validation","Page-level explicit transaction control","Slow response, retry, stale tab, validation error, or concurrent edit reaches this page pattern","Wrong, duplicate, partial, stale, or exposed ERP data","P1","Page-level explicit transaction control","One atomic server-side business service; commit once after all validation and DML; rollback on any exception","Confirm in staging with APEX Debug and database trace, then remediate using the recommended standard","Refactoring / Database Change","P1","Fast/slow network, double-click, retry, session expiry, same-record concurrency, and multiple-tab test","Open - requires developer verification"
"AUTO-0252","Finance & Accounts","252","Cash / Bank Book","Static page audit","Page/process configuration","Explicit COMMIT without explicit ROLLBACK in page source | Unsaved-change warning disabled | Transaction page has processes but no declarative page validation","Page-level explicit transaction control","Slow response, retry, stale tab, validation error, or concurrent edit reaches this page pattern","Wrong, duplicate, partial, stale, or exposed ERP data","P1","Page-level explicit transaction control","One atomic server-side business service; commit once after all validation and DML; rollback on any exception","Confirm in staging with APEX Debug and database trace, then remediate using the recommended standard","Refactoring / Database Change","P1","Fast/slow network, double-click, retry, session expiry, same-record concurrency, and multiple-tab test","Open - requires developer verification"
"AUTO-0258","Finance & Accounts","258","Account Ledger ","Static page audit","Page/process configuration","Explicit COMMIT without explicit ROLLBACK in page source | Unsaved-change warning disabled | Transaction page has processes but no declarative page validation | Page marked public; verify business data exposure","Page-level explicit transaction control","Slow response, retry, stale tab, validation error, or concurrent edit reaches this page pattern","Wrong, duplicate, partial, stale, or exposed ERP data","P1","Page-level explicit transaction control","One atomic server-side business service; commit once after all validation and DML; rollback on any exception","Confirm in staging with APEX Debug and database trace, then remediate using the recommended standard","Refactoring / Database Change","P1","Fast/slow network, double-click, retry, session expiry, same-record concurrency, and multiple-tab test","Open - requires developer verification"
"AUTO-0264","Cross-module / Other","264","Module Flow","Static page audit","Page/process configuration","Transaction page has processes but no declarative page validation","Page process without declarative validation","Slow response, retry, stale tab, validation error, or concurrent edit reaches this page pattern","Unreliable behaviour or loss of unsaved work","P2","Page process without declarative validation","Add named server-side business validations and database constraints","Confirm in staging with APEX Debug and database trace, then remediate using the recommended standard","Quick Fix / Refactoring","P2","Fast/slow network, double-click, retry, session expiry, same-record concurrency, and multiple-tab test","Open - requires developer verification"
"AUTO-0266","General Masters / Setup","266","PT Slab Master","Static page audit","Page/process configuration","Explicit COMMIT without explicit ROLLBACK in page source","Page-level explicit transaction control","Slow response, retry, stale tab, validation error, or concurrent edit reaches this page pattern","Wrong, duplicate, partial, stale, or exposed ERP data","P1","Page-level explicit transaction control","One atomic server-side business service; commit once after all validation and DML; rollback on any exception","Confirm in staging with APEX Debug and database trace, then remediate using the recommended standard","Refactoring / Database Change","P1","Fast/slow network, double-click, retry, session expiry, same-record concurrency, and multiple-tab test","Open - requires developer verification"
"AUTO-0267","Hire to Retire / HR & Payroll","267","Boss User Employee","Static page audit","Page/process configuration","Transaction page has processes but no declarative page validation","Page process without declarative validation","Slow response, retry, stale tab, validation error, or concurrent edit reaches this page pattern","Unreliable behaviour or loss of unsaved work","P2","Page process without declarative validation","Add named server-side business validations and database constraints","Confirm in staging with APEX Debug and database trace, then remediate using the recommended standard","Quick Fix / Refactoring","P2","Fast/slow network, double-click, retry, session expiry, same-record concurrency, and multiple-tab test","Open - requires developer verification"
"AUTO-0270","Cross-module / Other","270","Bonus Scheme","Static page audit","Page/process configuration","Explicit COMMIT without explicit ROLLBACK in page source | Transaction page has processes but no declarative page validation","Page-level explicit transaction control","Slow response, retry, stale tab, validation error, or concurrent edit reaches this page pattern","Wrong, duplicate, partial, stale, or exposed ERP data","P1","Page-level explicit transaction control","One atomic server-side business service; commit once after all validation and DML; rollback on any exception","Confirm in staging with APEX Debug and database trace, then remediate using the recommended standard","Refactoring / Database Change","P1","Fast/slow network, double-click, retry, session expiry, same-record concurrency, and multiple-tab test","Open - requires developer verification"
"AUTO-0271","Finance & Accounts","271","Chart of Accounts","Static page audit","Page/process configuration","Explicit COMMIT without explicit ROLLBACK in page source | Custom IG row-status DML; verify atomicity and optimistic locking | Transaction page has processes but no declarative page validation","Page-level explicit transaction control","Slow response, retry, stale tab, validation error, or concurrent edit reaches this page pattern","Wrong, duplicate, partial, stale, or exposed ERP data","P1","Page-level explicit transaction control","One atomic server-side business service; commit once after all validation and DML; rollback on any exception","Confirm in staging with APEX Debug and database trace, then remediate using the recommended standard","Refactoring / Database Change","P1","Fast/slow network, double-click, retry, session expiry, same-record concurrency, and multiple-tab test","Open - requires developer verification"
"AUTO-0274","Finance & Accounts","274","PO Receipt","Static page audit","Page/process configuration","Explicit COMMIT without explicit ROLLBACK in page source | Custom IG row-status DML; verify atomicity and optimistic locking | Transaction page has processes but no declarative page validation","Page-level explicit transaction control","Slow response, retry, stale tab, validation error, or concurrent edit reaches this page pattern","Wrong, duplicate, partial, stale, or exposed ERP data","P1","Page-level explicit transaction control","One atomic server-side business service; commit once after all validation and DML; rollback on any exception","Confirm in staging with APEX Debug and database trace, then remediate using the recommended standard","Refactoring / Database Change","P1","Fast/slow network, double-click, retry, session expiry, same-record concurrency, and multiple-tab test","Open - requires developer verification"
"AUTO-0275","Finance & Accounts","275","Cost Centre Ledger With Account","Static page audit","Page/process configuration","Explicit COMMIT without explicit ROLLBACK in page source | Unsaved-change warning disabled | Transaction page has processes but no declarative page validation | Page marked public; verify business data exposure","Page-level explicit transaction control","Slow response, retry, stale tab, validation error, or concurrent edit reaches this page pattern","Wrong, duplicate, partial, stale, or exposed ERP data","P1","Page-level explicit transaction control","One atomic server-side business service; commit once after all validation and DML; rollback on any exception","Confirm in staging with APEX Debug and database trace, then remediate using the recommended standard","Refactoring / Database Change","P1","Fast/slow network, double-click, retry, session expiry, same-record concurrency, and multiple-tab test","Open - requires developer verification"
"AUTO-0277","Cross-module / Other","277","Bonus","Static page audit","Page/process configuration","Explicit COMMIT without explicit ROLLBACK in page source | Transaction page has processes but no declarative page validation","Page-level explicit transaction control","Slow response, retry, stale tab, validation error, or concurrent edit reaches this page pattern","Wrong, duplicate, partial, stale, or exposed ERP data","P1","Page-level explicit transaction control","One atomic server-side business service; commit once after all validation and DML; rollback on any exception","Confirm in staging with APEX Debug and database trace, then remediate using the recommended standard","Refactoring / Database Change","P1","Fast/slow network, double-click, retry, session expiry, same-record concurrency, and multiple-tab test","Open - requires developer verification"
"AUTO-0282","Finance & Accounts","282","Trial Balance","Static page audit","Page/process configuration","Unsaved-change warning disabled | Transaction page has processes but no declarative page validation | Page marked public; verify business data exposure","Forms-style navigation without browser-state protection","Slow response, retry, stale tab, validation error, or concurrent edit reaches this page pattern","Unreliable behaviour or loss of unsaved work","P2","Forms-style navigation without browser-state protection","Enable unsaved-change protection and maintain a single final Save boundary","Confirm in staging with APEX Debug and database trace, then remediate using the recommended standard","Quick Fix + Security Review","P2","Fast/slow network, double-click, retry, session expiry, same-record concurrency, and multiple-tab test","Open - requires developer verification"
"AUTO-0285","Hire to Retire / HR & Payroll","285","Employee Gate Pass","Static page audit","Page/process configuration","Explicit COMMIT without explicit ROLLBACK in page source | Unsaved-change warning disabled | Transaction page has processes but no declarative page validation","Page-level explicit transaction control","Slow response, retry, stale tab, validation error, or concurrent edit reaches this page pattern","Wrong, duplicate, partial, stale, or exposed ERP data","P1","Page-level explicit transaction control","One atomic server-side business service; commit once after all validation and DML; rollback on any exception","Confirm in staging with APEX Debug and database trace, then remediate using the recommended standard","Refactoring / Database Change","P1","Fast/slow network, double-click, retry, session expiry, same-record concurrency, and multiple-tab test","Open - requires developer verification"
"AUTO-0287","General Masters / Setup","287","Zone Master","Static page audit","Page/process configuration","Explicit COMMIT without explicit ROLLBACK in page source","Page-level explicit transaction control","Slow response, retry, stale tab, validation error, or concurrent edit reaches this page pattern","Wrong, duplicate, partial, stale, or exposed ERP data","P1","Page-level explicit transaction control","One atomic server-side business service; commit once after all validation and DML; rollback on any exception","Confirm in staging with APEX Debug and database trace, then remediate using the recommended standard","Refactoring / Database Change","P1","Fast/slow network, double-click, retry, session expiry, same-record concurrency, and multiple-tab test","Open - requires developer verification"
"AUTO-0289","Order to Cash / Sales","289","Outward Freight Rate Approval","Static page audit","Page/process configuration","Explicit COMMIT without explicit ROLLBACK in page source | Transaction page has processes but no declarative page validation","Page-level explicit transaction control","Slow response, retry, stale tab, validation error, or concurrent edit reaches this page pattern","Wrong, duplicate, partial, stale, or exposed ERP data","P1","Page-level explicit transaction control","One atomic server-side business service; commit once after all validation and DML; rollback on any exception","Confirm in staging with APEX Debug and database trace, then remediate using the recommended standard","Refactoring / Database Change","P1","Fast/slow network, double-click, retry, session expiry, same-record concurrency, and multiple-tab test","Open - requires developer verification"
"AUTO-0292","Cross-module / Other","292","Change Password","Static page audit","Page/process configuration","Transaction page has processes but no declarative page validation","Page process without declarative validation","Slow response, retry, stale tab, validation error, or concurrent edit reaches this page pattern","Unreliable behaviour or loss of unsaved work","P2","Page process without declarative validation","Add named server-side business validations and database constraints","Confirm in staging with APEX Debug and database trace, then remediate using the recommended standard","Quick Fix / Refactoring","P2","Fast/slow network, double-click, retry, session expiry, same-record concurrency, and multiple-tab test","Open - requires developer verification"
"AUTO-0297","Order to Cash / Sales","297","Change CCInvoice Freight Rate","Static page audit","Page/process configuration","Explicit COMMIT without explicit ROLLBACK in page source","Page-level explicit transaction control","Slow response, retry, stale tab, validation error, or concurrent edit reaches this page pattern","Wrong, duplicate, partial, stale, or exposed ERP data","P1","Page-level explicit transaction control","One atomic server-side business service; commit once after all validation and DML; rollback on any exception","Confirm in staging with APEX Debug and database trace, then remediate using the recommended standard","Refactoring / Database Change","P1","Fast/slow network, double-click, retry, session expiry, same-record concurrency, and multiple-tab test","Open - requires developer verification"
"AUTO-0301","Finance & Accounts","301","Cheque Receipt","Static page audit","Page/process configuration","Explicit COMMIT without explicit ROLLBACK in page source | Dynamic Action server call does not wait for result | Transaction page has processes but no declarative page validation","Page-level explicit transaction control","Slow response, retry, stale tab, validation error, or concurrent edit reaches this page pattern","Wrong, duplicate, partial, stale, or exposed ERP data","P1","Page-level explicit transaction control","One atomic server-side business service; commit once after all validation and DML; rollback on any exception","Confirm in staging with APEX Debug and database trace, then remediate using the recommended standard","Refactoring / Database Change","P1","Fast/slow network, double-click, retry, session expiry, same-record concurrency, and multiple-tab test","Open - requires developer verification"
"AUTO-0303","Cross-module / Other","303","Cheque Book Issue","Static page audit","Page/process configuration","Explicit COMMIT without explicit ROLLBACK in page source | Transaction page has processes but no declarative page validation","Page-level explicit transaction control","Slow response, retry, stale tab, validation error, or concurrent edit reaches this page pattern","Wrong, duplicate, partial, stale, or exposed ERP data","P1","Page-level explicit transaction control","One atomic server-side business service; commit once after all validation and DML; rollback on any exception","Confirm in staging with APEX Debug and database trace, then remediate using the recommended standard","Refactoring / Database Change","P1","Fast/slow network, double-click, retry, session expiry, same-record concurrency, and multiple-tab test","Open - requires developer verification"
"AUTO-0305","Job & Services","305","Service  Bill","Static page audit","Page/process configuration","Explicit COMMIT without explicit ROLLBACK in page source | Custom IG row-status DML; verify atomicity and optimistic locking | Dynamic Action server call does not wait for result | Unsaved-change warning disabled | Transaction page has processes but no declarative page validation","Page-level explicit transaction control","Slow response, retry, stale tab, validation error, or concurrent edit reaches this page pattern","Wrong, duplicate, partial, stale, or exposed ERP data","P1","Page-level explicit transaction control","One atomic server-side business service; commit once after all validation and DML; rollback on any exception","Confirm in staging with APEX Debug and database trace, then remediate using the recommended standard","Refactoring / Database Change","P1","Fast/slow network, double-click, retry, session expiry, same-record concurrency, and multiple-tab test","Open - requires developer verification"
"AUTO-0308","Finance & Accounts","308","GST Setup","Static page audit","Page/process configuration","Explicit COMMIT without explicit ROLLBACK in page source | Transaction page has processes but no declarative page validation","Page-level explicit transaction control","Slow response, retry, stale tab, validation error, or concurrent edit reaches this page pattern","Wrong, duplicate, partial, stale, or exposed ERP data","P1","Page-level explicit transaction control","One atomic server-side business service; commit once after all validation and DML; rollback on any exception","Confirm in staging with APEX Debug and database trace, then remediate using the recommended standard","Refactoring / Database Change","P1","Fast/slow network, double-click, retry, session expiry, same-record concurrency, and multiple-tab test","Open - requires developer verification"
"AUTO-0312","Cross-module / Other","312","Challan","Static page audit","Page/process configuration","Explicit COMMIT without explicit ROLLBACK in page source | Unsaved-change warning disabled | Transaction page has processes but no declarative page validation","Page-level explicit transaction control","Slow response, retry, stale tab, validation error, or concurrent edit reaches this page pattern","Wrong, duplicate, partial, stale, or exposed ERP data","P1","Page-level explicit transaction control","One atomic server-side business service; commit once after all validation and DML; rollback on any exception","Confirm in staging with APEX Debug and database trace, then remediate using the recommended standard","Refactoring / Database Change","P1","Fast/slow network, double-click, retry, session expiry, same-record concurrency, and multiple-tab test","Open - requires developer verification"
"AUTO-0313","General Masters / Setup","313","location master","Static page audit","Page/process configuration","Explicit COMMIT without explicit ROLLBACK in page source","Page-level explicit transaction control","Slow response, retry, stale tab, validation error, or concurrent edit reaches this page pattern","Wrong, duplicate, partial, stale, or exposed ERP data","P1","Page-level explicit transaction control","One atomic server-side business service; commit once after all validation and DML; rollback on any exception","Confirm in staging with APEX Debug and database trace, then remediate using the recommended standard","Refactoring / Database Change","P1","Fast/slow network, double-click, retry, session expiry, same-record concurrency, and multiple-tab test","Open - requires developer verification"
"AUTO-0317","Cross-module / Other","317","Import ","Static page audit","Page/process configuration","Explicit COMMIT without explicit ROLLBACK in page source | Unsaved-change warning disabled | Transaction page has processes but no declarative page validation","Page-level explicit transaction control","Slow response, retry, stale tab, validation error, or concurrent edit reaches this page pattern","Wrong, duplicate, partial, stale, or exposed ERP data","P1","Page-level explicit transaction control","One atomic server-side business service; commit once after all validation and DML; rollback on any exception","Confirm in staging with APEX Debug and database trace, then remediate using the recommended standard","Refactoring / Database Change","P1","Fast/slow network, double-click, retry, session expiry, same-record concurrency, and multiple-tab test","Open - requires developer verification"
"AUTO-0320","General Masters / Setup","320","Footer Formula Master","Static page audit","Page/process configuration","Explicit COMMIT without explicit ROLLBACK in page source","Page-level explicit transaction control","Slow response, retry, stale tab, validation error, or concurrent edit reaches this page pattern","Wrong, duplicate, partial, stale, or exposed ERP data","P1","Page-level explicit transaction control","One atomic server-side business service; commit once after all validation and DML; rollback on any exception","Confirm in staging with APEX Debug and database trace, then remediate using the recommended standard","Refactoring / Database Change","P1","Fast/slow network, double-click, retry, session expiry, same-record concurrency, and multiple-tab test","Open - requires developer verification"
"AUTO-0321","Procure to Pay / Purchase","321","PURCHASEBILLDETAILFOOTER","Static page audit","Page/process configuration","Transaction page has processes but no declarative page validation","Page process without declarative validation","Slow response, retry, stale tab, validation error, or concurrent edit reaches this page pattern","Unreliable behaviour or loss of unsaved work","P2","Page process without declarative validation","Add named server-side business validations and database constraints","Confirm in staging with APEX Debug and database trace, then remediate using the recommended standard","Quick Fix / Refactoring","P2","Fast/slow network, double-click, retry, session expiry, same-record concurrency, and multiple-tab test","Open - requires developer verification"
"AUTO-0323","Procure to Pay / Purchase","323","PURCHASEBILLFOOTER","Static page audit","Page/process configuration","Transaction page has processes but no declarative page validation","Page process without declarative validation","Slow response, retry, stale tab, validation error, or concurrent edit reaches this page pattern","Unreliable behaviour or loss of unsaved work","P2","Page process without declarative validation","Add named server-side business validations and database constraints","Confirm in staging with APEX Debug and database trace, then remediate using the recommended standard","Quick Fix / Refactoring","P2","Fast/slow network, double-click, retry, session expiry, same-record concurrency, and multiple-tab test","Open - requires developer verification"
"AUTO-0324","Cross-module / Other","324","CREDITNOTEDETAILFOOTER","Static page audit","Page/process configuration","Transaction page has processes but no declarative page validation","Page process without declarative validation","Slow response, retry, stale tab, validation error, or concurrent edit reaches this page pattern","Unreliable behaviour or loss of unsaved work","P2","Page process without declarative validation","Add named server-side business validations and database constraints","Confirm in staging with APEX Debug and database trace, then remediate using the recommended standard","Quick Fix / Refactoring","P2","Fast/slow network, double-click, retry, session expiry, same-record concurrency, and multiple-tab test","Open - requires developer verification"
"AUTO-0325","Cross-module / Other","325","DEBITNOTEDETAILFOOTER","Static page audit","Page/process configuration","Transaction page has processes but no declarative page validation","Page process without declarative validation","Slow response, retry, stale tab, validation error, or concurrent edit reaches this page pattern","Unreliable behaviour or loss of unsaved work","P2","Page process without declarative validation","Add named server-side business validations and database constraints","Confirm in staging with APEX Debug and database trace, then remediate using the recommended standard","Quick Fix / Refactoring","P2","Fast/slow network, double-click, retry, session expiry, same-record concurrency, and multiple-tab test","Open - requires developer verification"
"AUTO-0326","General Masters / Setup","326","SAC Master","Static page audit","Page/process configuration","Explicit COMMIT without explicit ROLLBACK in page source","Page-level explicit transaction control","Slow response, retry, stale tab, validation error, or concurrent edit reaches this page pattern","Wrong, duplicate, partial, stale, or exposed ERP data","P1","Page-level explicit transaction control","One atomic server-side business service; commit once after all validation and DML; rollback on any exception","Confirm in staging with APEX Debug and database trace, then remediate using the recommended standard","Refactoring / Database Change","P1","Fast/slow network, double-click, retry, session expiry, same-record concurrency, and multiple-tab test","Open - requires developer verification"
"AUTO-0330","Cross-module / Other","330","Trial Grid Testing","Static page audit","Page/process configuration","Transaction page has processes but no declarative page validation","Page process without declarative validation","Slow response, retry, stale tab, validation error, or concurrent edit reaches this page pattern","Unreliable behaviour or loss of unsaved work","P2","Page process without declarative validation","Add named server-side business validations and database constraints","Confirm in staging with APEX Debug and database trace, then remediate using the recommended standard","Quick Fix / Refactoring","P2","Fast/slow network, double-click, retry, session expiry, same-record concurrency, and multiple-tab test","Open - requires developer verification"
"AUTO-0332","Cross-module / Other","332","PF & ESI Setting","Static page audit","Page/process configuration","Explicit COMMIT without explicit ROLLBACK in page source | Dynamic Action server call does not wait for result | Transaction page has processes but no declarative page validation","Page-level explicit transaction control","Slow response, retry, stale tab, validation error, or concurrent edit reaches this page pattern","Wrong, duplicate, partial, stale, or exposed ERP data","P1","Page-level explicit transaction control","One atomic server-side business service; commit once after all validation and DML; rollback on any exception","Confirm in staging with APEX Debug and database trace, then remediate using the recommended standard","Refactoring / Database Change","P1","Fast/slow network, double-click, retry, session expiry, same-record concurrency, and multiple-tab test","Open - requires developer verification"
"AUTO-0334","Cross-module / Other","334","PF Challan","Static page audit","Page/process configuration","Explicit COMMIT without explicit ROLLBACK in page source | Dynamic Action server call does not wait for result | Transaction page has processes but no declarative page validation","Page-level explicit transaction control","Slow response, retry, stale tab, validation error, or concurrent edit reaches this page pattern","Wrong, duplicate, partial, stale, or exposed ERP data","P1","Page-level explicit transaction control","One atomic server-side business service; commit once after all validation and DML; rollback on any exception","Confirm in staging with APEX Debug and database trace, then remediate using the recommended standard","Refactoring / Database Change","P1","Fast/slow network, double-click, retry, session expiry, same-record concurrency, and multiple-tab test","Open - requires developer verification"
"AUTO-0336","Hire to Retire / HR & Payroll","336","Change In Employee","Static page audit","Page/process configuration","Explicit COMMIT without explicit ROLLBACK in page source | Dynamic Action server call does not wait for result | Transaction page has processes but no declarative page validation","Page-level explicit transaction control","Slow response, retry, stale tab, validation error, or concurrent edit reaches this page pattern","Wrong, duplicate, partial, stale, or exposed ERP data","P1","Page-level explicit transaction control","One atomic server-side business service; commit once after all validation and DML; rollback on any exception","Confirm in staging with APEX Debug and database trace, then remediate using the recommended standard","Refactoring / Database Change","P1","Fast/slow network, double-click, retry, session expiry, same-record concurrency, and multiple-tab test","Open - requires developer verification"
"AUTO-0338","Hire to Retire / HR & Payroll","338","Employee Separation","Static page audit","Page/process configuration","Explicit COMMIT without explicit ROLLBACK in page source | Dynamic Action server call does not wait for result | Transaction page has processes but no declarative page validation","Page-level explicit transaction control","Slow response, retry, stale tab, validation error, or concurrent edit reaches this page pattern","Wrong, duplicate, partial, stale, or exposed ERP data","P1","Page-level explicit transaction control","One atomic server-side business service; commit once after all validation and DML; rollback on any exception","Confirm in staging with APEX Debug and database trace, then remediate using the recommended standard","Refactoring / Database Change","P1","Fast/slow network, double-click, retry, session expiry, same-record concurrency, and multiple-tab test","Open - requires developer verification"
"AUTO-0340","Hire to Retire / HR & Payroll","340","Employee Category","Static page audit","Page/process configuration","Explicit COMMIT without explicit ROLLBACK in page source | Transaction page has processes but no declarative page validation","Page-level explicit transaction control","Slow response, retry, stale tab, validation error, or concurrent edit reaches this page pattern","Wrong, duplicate, partial, stale, or exposed ERP data","P1","Page-level explicit transaction control","One atomic server-side business service; commit once after all validation and DML; rollback on any exception","Confirm in staging with APEX Debug and database trace, then remediate using the recommended standard","Refactoring / Database Change","P1","Fast/slow network, double-click, retry, session expiry, same-record concurrency, and multiple-tab test","Open - requires developer verification"
"AUTO-0342","Hire to Retire / HR & Payroll","342","Leave Scheme","Static page audit","Page/process configuration","Explicit COMMIT without explicit ROLLBACK in page source | Dynamic Action server call does not wait for result | Transaction page has processes but no declarative page validation","Page-level explicit transaction control","Slow response, retry, stale tab, validation error, or concurrent edit reaches this page pattern","Wrong, duplicate, partial, stale, or exposed ERP data","P1","Page-level explicit transaction control","One atomic server-side business service; commit once after all validation and DML; rollback on any exception","Confirm in staging with APEX Debug and database trace, then remediate using the recommended standard","Refactoring / Database Change","P1","Fast/slow network, double-click, retry, session expiry, same-record concurrency, and multiple-tab test","Open - requires developer verification"
"AUTO-0344","Hire to Retire / HR & Payroll","344","Employee Loan Receipt","Static page audit","Page/process configuration","Explicit COMMIT without explicit ROLLBACK in page source | Dynamic Action server call does not wait for result | Transaction page has processes but no declarative page validation","Page-level explicit transaction control","Slow response, retry, stale tab, validation error, or concurrent edit reaches this page pattern","Wrong, duplicate, partial, stale, or exposed ERP data","P1","Page-level explicit transaction control","One atomic server-side business service; commit once after all validation and DML; rollback on any exception","Confirm in staging with APEX Debug and database trace, then remediate using the recommended standard","Refactoring / Database Change","P1","Fast/slow network, double-click, retry, session expiry, same-record concurrency, and multiple-tab test","Open - requires developer verification"
"AUTO-0346","Hire to Retire / HR & Payroll","346","Employee Loan Relaxation","Static page audit","Page/process configuration","Explicit COMMIT without explicit ROLLBACK in page source | Dynamic Action server call does not wait for result | Transaction page has processes but no declarative page validation","Page-level explicit transaction control","Slow response, retry, stale tab, validation error, or concurrent edit reaches this page pattern","Wrong, duplicate, partial, stale, or exposed ERP data","P1","Page-level explicit transaction control","One atomic server-side business service; commit once after all validation and DML; rollback on any exception","Confirm in staging with APEX Debug and database trace, then remediate using the recommended standard","Refactoring / Database Change","P1","Fast/slow network, double-click, retry, session expiry, same-record concurrency, and multiple-tab test","Open - requires developer verification"
"AUTO-0348","Finance & Accounts","348","Advance Receipt","Static page audit","Page/process configuration","Explicit COMMIT without explicit ROLLBACK in page source | Unsaved-change warning disabled | Transaction page has processes but no declarative page validation","Page-level explicit transaction control","Slow response, retry, stale tab, validation error, or concurrent edit reaches this page pattern","Wrong, duplicate, partial, stale, or exposed ERP data","P1","Page-level explicit transaction control","One atomic server-side business service; commit once after all validation and DML; rollback on any exception","Confirm in staging with APEX Debug and database trace, then remediate using the recommended standard","Refactoring / Database Change","P1","Fast/slow network, double-click, retry, session expiry, same-record concurrency, and multiple-tab test","Open - requires developer verification"
"AUTO-0350","Procure to Pay / Purchase","350","Vendor","Static page audit","Page/process configuration","Explicit COMMIT without explicit ROLLBACK in page source | Transaction page has processes but no declarative page validation","Page-level explicit transaction control","Slow response, retry, stale tab, validation error, or concurrent edit reaches this page pattern","Wrong, duplicate, partial, stale, or exposed ERP data","P1","Page-level explicit transaction control","One atomic server-side business service; commit once after all validation and DML; rollback on any exception","Confirm in staging with APEX Debug and database trace, then remediate using the recommended standard","Refactoring / Database Change","P1","Fast/slow network, double-click, retry, session expiry, same-record concurrency, and multiple-tab test","Open - requires developer verification"
"AUTO-0352","Finance & Accounts","352","GSTR9","Static page audit","Page/process configuration","Explicit COMMIT without explicit ROLLBACK in page source | Transaction page has processes but no declarative page validation","Page-level explicit transaction control","Slow response, retry, stale tab, validation error, or concurrent edit reaches this page pattern","Wrong, duplicate, partial, stale, or exposed ERP data","P1","Page-level explicit transaction control","One atomic server-side business service; commit once after all validation and DML; rollback on any exception","Confirm in staging with APEX Debug and database trace, then remediate using the recommended standard","Refactoring / Database Change","P1","Fast/slow network, double-click, retry, session expiry, same-record concurrency, and multiple-tab test","Open - requires developer verification"
"AUTO-0353","Finance & Accounts","353","Profit And Loss Detail","Static page audit","Page/process configuration","Explicit COMMIT without explicit ROLLBACK in page source | Unsaved-change warning disabled | Transaction page has processes but no declarative page validation","Page-level explicit transaction control","Slow response, retry, stale tab, validation error, or concurrent edit reaches this page pattern","Wrong, duplicate, partial, stale, or exposed ERP data","P1","Page-level explicit transaction control","One atomic server-side business service; commit once after all validation and DML; rollback on any exception","Confirm in staging with APEX Debug and database trace, then remediate using the recommended standard","Refactoring / Database Change","P1","Fast/slow network, double-click, retry, session expiry, same-record concurrency, and multiple-tab test","Open - requires developer verification"
"AUTO-0354","Finance & Accounts","354","Balance Sheet Detail","Static page audit","Page/process configuration","Explicit COMMIT without explicit ROLLBACK in page source | Unsaved-change warning disabled | Transaction page has processes but no declarative page validation","Page-level explicit transaction control","Slow response, retry, stale tab, validation error, or concurrent edit reaches this page pattern","Wrong, duplicate, partial, stale, or exposed ERP data","P1","Page-level explicit transaction control","One atomic server-side business service; commit once after all validation and DML; rollback on any exception","Confirm in staging with APEX Debug and database trace, then remediate using the recommended standard","Refactoring / Database Change","P1","Fast/slow network, double-click, retry, session expiry, same-record concurrency, and multiple-tab test","Open - requires developer verification"
"AUTO-0355","General Masters / Setup","355","Task Master","Static page audit","Page/process configuration","Explicit COMMIT without explicit ROLLBACK in page source","Page-level explicit transaction control","Slow response, retry, stale tab, validation error, or concurrent edit reaches this page pattern","Wrong, duplicate, partial, stale, or exposed ERP data","P1","Page-level explicit transaction control","One atomic server-side business service; commit once after all validation and DML; rollback on any exception","Confirm in staging with APEX Debug and database trace, then remediate using the recommended standard","Refactoring / Database Change","P1","Fast/slow network, double-click, retry, session expiry, same-record concurrency, and multiple-tab test","Open - requires developer verification"
"AUTO-0356","General Masters / Setup","356","Task Assignment Master","Static page audit","Page/process configuration","Explicit COMMIT without explicit ROLLBACK in page source","Page-level explicit transaction control","Slow response, retry, stale tab, validation error, or concurrent edit reaches this page pattern","Wrong, duplicate, partial, stale, or exposed ERP data","P1","Page-level explicit transaction control","One atomic server-side business service; commit once after all validation and DML; rollback on any exception","Confirm in staging with APEX Debug and database trace, then remediate using the recommended standard","Refactoring / Database Change","P1","Fast/slow network, double-click, retry, session expiry, same-record concurrency, and multiple-tab test","Open - requires developer verification"
"AUTO-0363","Cross-module / Other","363","Active Module","Static page audit","Page/process configuration","Transaction page has processes but no declarative page validation","Page process without declarative validation","Slow response, retry, stale tab, validation error, or concurrent edit reaches this page pattern","Unreliable behaviour or loss of unsaved work","P2","Page process without declarative validation","Add named server-side business validations and database constraints","Confirm in staging with APEX Debug and database trace, then remediate using the recommended standard","Quick Fix / Refactoring","P2","Fast/slow network, double-click, retry, session expiry, same-record concurrency, and multiple-tab test","Open - requires developer verification"
"AUTO-0365","Cross-module / Other","365","Enhance Interactive Grid with Treegrid","Static page audit","Page/process configuration","Page marked public; verify business data exposure","Public page / weak page access boundary","Slow response, retry, stale tab, validation error, or concurrent edit reaches this page pattern","Wrong, duplicate, partial, stale, or exposed ERP data","P1","Public page / weak page access boundary","Require authentication and page authorization; retest direct URL access","Confirm in staging with APEX Debug and database trace, then remediate using the recommended standard","Quick Fix + Security Review","P1","Fast/slow network, double-click, retry, session expiry, same-record concurrency, and multiple-tab test","Open - requires developer verification"
"AUTO-0367","General Masters / Setup","367","Item Grade Master","Static page audit","Page/process configuration","Explicit COMMIT without explicit ROLLBACK in page source","Page-level explicit transaction control","Slow response, retry, stale tab, validation error, or concurrent edit reaches this page pattern","Wrong, duplicate, partial, stale, or exposed ERP data","P1","Page-level explicit transaction control","One atomic server-side business service; commit once after all validation and DML; rollback on any exception","Confirm in staging with APEX Debug and database trace, then remediate using the recommended standard","Refactoring / Database Change","P1","Fast/slow network, double-click, retry, session expiry, same-record concurrency, and multiple-tab test","Open - requires developer verification"
"AUTO-0369","General Masters / Setup","369","Item Length Master","Static page audit","Page/process configuration","Explicit COMMIT without explicit ROLLBACK in page source","Page-level explicit transaction control","Slow response, retry, stale tab, validation error, or concurrent edit reaches this page pattern","Wrong, duplicate, partial, stale, or exposed ERP data","P1","Page-level explicit transaction control","One atomic server-side business service; commit once after all validation and DML; rollback on any exception","Confirm in staging with APEX Debug and database trace, then remediate using the recommended standard","Refactoring / Database Change","P1","Fast/slow network, double-click, retry, session expiry, same-record concurrency, and multiple-tab test","Open - requires developer verification"
"AUTO-0371","General Masters / Setup","371","Item Width Master","Static page audit","Page/process configuration","Explicit COMMIT without explicit ROLLBACK in page source","Page-level explicit transaction control","Slow response, retry, stale tab, validation error, or concurrent edit reaches this page pattern","Wrong, duplicate, partial, stale, or exposed ERP data","P1","Page-level explicit transaction control","One atomic server-side business service; commit once after all validation and DML; rollback on any exception","Confirm in staging with APEX Debug and database trace, then remediate using the recommended standard","Refactoring / Database Change","P1","Fast/slow network, double-click, retry, session expiry, same-record concurrency, and multiple-tab test","Open - requires developer verification"
"AUTO-0373","General Masters / Setup","373","Item Thickness Master","Static page audit","Page/process configuration","Explicit COMMIT without explicit ROLLBACK in page source","Page-level explicit transaction control","Slow response, retry, stale tab, validation error, or concurrent edit reaches this page pattern","Wrong, duplicate, partial, stale, or exposed ERP data","P1","Page-level explicit transaction control","One atomic server-side business service; commit once after all validation and DML; rollback on any exception","Confirm in staging with APEX Debug and database trace, then remediate using the recommended standard","Refactoring / Database Change","P1","Fast/slow network, double-click, retry, session expiry, same-record concurrency, and multiple-tab test","Open - requires developer verification"
"AUTO-0381","Finance & Accounts","381","Payment Follow-up Action","Static page audit","Page/process configuration","Transaction page has processes but no declarative page validation","Page process without declarative validation","Slow response, retry, stale tab, validation error, or concurrent edit reaches this page pattern","Unreliable behaviour or loss of unsaved work","P2","Page process without declarative validation","Add named server-side business validations and database constraints","Confirm in staging with APEX Debug and database trace, then remediate using the recommended standard","Quick Fix / Refactoring","P2","Fast/slow network, double-click, retry, session expiry, same-record concurrency, and multiple-tab test","Open - requires developer verification"
"AUTO-0383","Order to Cash / Sales","383","Proforma Invoice","Static page audit","Page/process configuration","Custom IG row-status DML; verify atomicity and optimistic locking","Custom Interactive Grid DML","Slow response, retry, stale tab, validation error, or concurrent edit reaches this page pattern","Wrong, duplicate, partial, stale, or exposed ERP data","P1","Custom Interactive Grid DML","Central DML API plus row version/checksum optimistic locking and database constraints","Confirm in staging with APEX Debug and database trace, then remediate using the recommended standard","Refactoring / Database Change","P1","Fast/slow network, double-click, retry, session expiry, same-record concurrency, and multiple-tab test","Open - requires developer verification"
"AUTO-0400","Finance & Accounts","400","Trial Balance","Static page audit","Page/process configuration","Explicit COMMIT without explicit ROLLBACK in page source | Unsaved-change warning disabled | Transaction page has processes but no declarative page validation | Page marked public; verify business data exposure","Page-level explicit transaction control","Slow response, retry, stale tab, validation error, or concurrent edit reaches this page pattern","Wrong, duplicate, partial, stale, or exposed ERP data","P1","Page-level explicit transaction control","One atomic server-side business service; commit once after all validation and DML; rollback on any exception","Confirm in staging with APEX Debug and database trace, then remediate using the recommended standard","Refactoring / Database Change","P1","Fast/slow network, double-click, retry, session expiry, same-record concurrency, and multiple-tab test","Open - requires developer verification"
"AUTO-0401","Finance & Accounts","401","Trial Balance","Static page audit","Page/process configuration","Unsaved-change warning disabled | Transaction page has processes but no declarative page validation | Page marked public; verify business data exposure","Forms-style navigation without browser-state protection","Slow response, retry, stale tab, validation error, or concurrent edit reaches this page pattern","Unreliable behaviour or loss of unsaved work","P2","Forms-style navigation without browser-state protection","Enable unsaved-change protection and maintain a single final Save boundary","Confirm in staging with APEX Debug and database trace, then remediate using the recommended standard","Quick Fix + Security Review","P2","Fast/slow network, double-click, retry, session expiry, same-record concurrency, and multiple-tab test","Open - requires developer verification"
"AUTO-0402","Finance & Accounts","402","Trial Balance","Static page audit","Page/process configuration","Unsaved-change warning disabled | Transaction page has processes but no declarative page validation | Page marked public; verify business data exposure","Forms-style navigation without browser-state protection","Slow response, retry, stale tab, validation error, or concurrent edit reaches this page pattern","Unreliable behaviour or loss of unsaved work","P2","Forms-style navigation without browser-state protection","Enable unsaved-change protection and maintain a single final Save boundary","Confirm in staging with APEX Debug and database trace, then remediate using the recommended standard","Quick Fix + Security Review","P2","Fast/slow network, double-click, retry, session expiry, same-record concurrency, and multiple-tab test","Open - requires developer verification"
"AUTO-0412","Finance & Accounts","412","Balance Sheet","Static page audit","Page/process configuration","Explicit COMMIT without explicit ROLLBACK in page source | Unsaved-change warning disabled | Transaction page has processes but no declarative page validation","Page-level explicit transaction control","Slow response, retry, stale tab, validation error, or concurrent edit reaches this page pattern","Wrong, duplicate, partial, stale, or exposed ERP data","P1","Page-level explicit transaction control","One atomic server-side business service; commit once after all validation and DML; rollback on any exception","Confirm in staging with APEX Debug and database trace, then remediate using the recommended standard","Refactoring / Database Change","P1","Fast/slow network, double-click, retry, session expiry, same-record concurrency, and multiple-tab test","Open - requires developer verification"
"AUTO-0413","Finance & Accounts","413","Account Position in Trial Balance","Static page audit","Page/process configuration","Explicit COMMIT without explicit ROLLBACK in page source | Unsaved-change warning disabled | Transaction page has processes but no declarative page validation","Page-level explicit transaction control","Slow response, retry, stale tab, validation error, or concurrent edit reaches this page pattern","Wrong, duplicate, partial, stale, or exposed ERP data","P1","Page-level explicit transaction control","One atomic server-side business service; commit once after all validation and DML; rollback on any exception","Confirm in staging with APEX Debug and database trace, then remediate using the recommended standard","Refactoring / Database Change","P1","Fast/slow network, double-click, retry, session expiry, same-record concurrency, and multiple-tab test","Open - requires developer verification"
"AUTO-0415","Cross-module / Other","415","Schedule","Static page audit","Page/process configuration","Explicit COMMIT without explicit ROLLBACK in page source | Custom IG row-status DML; verify atomicity and optimistic locking | Transaction page has processes but no declarative page validation","Page-level explicit transaction control","Slow response, retry, stale tab, validation error, or concurrent edit reaches this page pattern","Wrong, duplicate, partial, stale, or exposed ERP data","P1","Page-level explicit transaction control","One atomic server-side business service; commit once after all validation and DML; rollback on any exception","Confirm in staging with APEX Debug and database trace, then remediate using the recommended standard","Refactoring / Database Change","P1","Fast/slow network, double-click, retry, session expiry, same-record concurrency, and multiple-tab test","Open - requires developer verification"
"AUTO-0416","Finance & Accounts","416","Profit And Loss","Static page audit","Page/process configuration","Explicit COMMIT without explicit ROLLBACK in page source | Unsaved-change warning disabled | Transaction page has processes but no declarative page validation","Page-level explicit transaction control","Slow response, retry, stale tab, validation error, or concurrent edit reaches this page pattern","Wrong, duplicate, partial, stale, or exposed ERP data","P1","Page-level explicit transaction control","One atomic server-side business service; commit once after all validation and DML; rollback on any exception","Confirm in staging with APEX Debug and database trace, then remediate using the recommended standard","Refactoring / Database Change","P1","Fast/slow network, double-click, retry, session expiry, same-record concurrency, and multiple-tab test","Open - requires developer verification"
"AUTO-0418","Finance & Accounts","418","TDS Challan ","Static page audit","Page/process configuration","Explicit COMMIT without explicit ROLLBACK in page source | Custom IG row-status DML; verify atomicity and optimistic locking | Unsaved-change warning disabled | Transaction page has processes but no declarative page validation","Page-level explicit transaction control","Slow response, retry, stale tab, validation error, or concurrent edit reaches this page pattern","Wrong, duplicate, partial, stale, or exposed ERP data","P1","Page-level explicit transaction control","One atomic server-side business service; commit once after all validation and DML; rollback on any exception","Confirm in staging with APEX Debug and database trace, then remediate using the recommended standard","Refactoring / Database Change","P1","Fast/slow network, double-click, retry, session expiry, same-record concurrency, and multiple-tab test","Open - requires developer verification"
"AUTO-0420","Cross-module / Other","420","ESI Challan ","Static page audit","Page/process configuration","Explicit COMMIT without explicit ROLLBACK in page source | Unsaved-change warning disabled | Transaction page has processes but no declarative page validation","Page-level explicit transaction control","Slow response, retry, stale tab, validation error, or concurrent edit reaches this page pattern","Wrong, duplicate, partial, stale, or exposed ERP data","P1","Page-level explicit transaction control","One atomic server-side business service; commit once after all validation and DML; rollback on any exception","Confirm in staging with APEX Debug and database trace, then remediate using the recommended standard","Refactoring / Database Change","P1","Fast/slow network, double-click, retry, session expiry, same-record concurrency, and multiple-tab test","Open - requires developer verification"
"AUTO-0502","Procure to Pay / Purchase","502","Portlet Purchase","Static page audit","Page/process configuration","Unsaved-change warning disabled | Transaction page has processes but no declarative page validation","Forms-style navigation without browser-state protection","Slow response, retry, stale tab, validation error, or concurrent edit reaches this page pattern","Unreliable behaviour or loss of unsaved work","P2","Forms-style navigation without browser-state protection","Enable unsaved-change protection and maintain a single final Save boundary","Confirm in staging with APEX Debug and database trace, then remediate using the recommended standard","Quick Fix / Refactoring","P2","Fast/slow network, double-click, retry, session expiry, same-record concurrency, and multiple-tab test","Open - requires developer verification"
"AUTO-0512","Order to Cash / Sales","512","Customer  Detail","Static page audit","Page/process configuration","Transaction page has processes but no declarative page validation","Page process without declarative validation","Slow response, retry, stale tab, validation error, or concurrent edit reaches this page pattern","Unreliable behaviour or loss of unsaved work","P2","Page process without declarative validation","Add named server-side business validations and database constraints","Confirm in staging with APEX Debug and database trace, then remediate using the recommended standard","Quick Fix / Refactoring","P2","Fast/slow network, double-click, retry, session expiry, same-record concurrency, and multiple-tab test","Open - requires developer verification"
"AUTO-0514","Procure to Pay / Purchase","514","Supplier Detail","Static page audit","Page/process configuration","Transaction page has processes but no declarative page validation","Page process without declarative validation","Slow response, retry, stale tab, validation error, or concurrent edit reaches this page pattern","Unreliable behaviour or loss of unsaved work","P2","Page process without declarative validation","Add named server-side business validations and database constraints","Confirm in staging with APEX Debug and database trace, then remediate using the recommended standard","Quick Fix / Refactoring","P2","Fast/slow network, double-click, retry, session expiry, same-record concurrency, and multiple-tab test","Open - requires developer verification"
"AUTO-0517","Cross-module / Other","517","Product Detail","Static page audit","Page/process configuration","Transaction page has processes but no declarative page validation","Page process without declarative validation","Slow response, retry, stale tab, validation error, or concurrent edit reaches this page pattern","Unreliable behaviour or loss of unsaved work","P2","Page process without declarative validation","Add named server-side business validations and database constraints","Confirm in staging with APEX Debug and database trace, then remediate using the recommended standard","Quick Fix / Refactoring","P2","Fast/slow network, double-click, retry, session expiry, same-record concurrency, and multiple-tab test","Open - requires developer verification"
"AUTO-0612","Hire to Retire / HR & Payroll","612","Salary Head Account","Static page audit","Page/process configuration","Transaction page has processes but no declarative page validation","Page process without declarative validation","Slow response, retry, stale tab, validation error, or concurrent edit reaches this page pattern","Unreliable behaviour or loss of unsaved work","P2","Page process without declarative validation","Add named server-side business validations and database constraints","Confirm in staging with APEX Debug and database trace, then remediate using the recommended standard","Quick Fix / Refactoring","P2","Fast/slow network, double-click, retry, session expiry, same-record concurrency, and multiple-tab test","Open - requires developer verification"
"AUTO-0614","Cross-module / Other","614","Qualification Type","Static page audit","Page/process configuration","Explicit COMMIT without explicit ROLLBACK in page source | Transaction page has processes but no declarative page validation","Page-level explicit transaction control","Slow response, retry, stale tab, validation error, or concurrent edit reaches this page pattern","Wrong, duplicate, partial, stale, or exposed ERP data","P1","Page-level explicit transaction control","One atomic server-side business service; commit once after all validation and DML; rollback on any exception","Confirm in staging with APEX Debug and database trace, then remediate using the recommended standard","Refactoring / Database Change","P1","Fast/slow network, double-click, retry, session expiry, same-record concurrency, and multiple-tab test","Open - requires developer verification"
"AUTO-0616","General Masters / Setup","616","Attendence Head Master","Static page audit","Page/process configuration","Unsaved-change warning disabled","Forms-style navigation without browser-state protection","Slow response, retry, stale tab, validation error, or concurrent edit reaches this page pattern","Unreliable behaviour or loss of unsaved work","P2","Forms-style navigation without browser-state protection","Enable unsaved-change protection and maintain a single final Save boundary","Confirm in staging with APEX Debug and database trace, then remediate using the recommended standard","Quick Fix / Refactoring","P2","Fast/slow network, double-click, retry, session expiry, same-record concurrency, and multiple-tab test","Open - requires developer verification"
"AUTO-0620","Cross-module / Other","620","ATTENDENCE PERIODICAL","Static page audit","Page/process configuration","Explicit COMMIT without explicit ROLLBACK in page source | Custom IG row-status DML; verify atomicity and optimistic locking | Transaction page has processes but no declarative page validation","Page-level explicit transaction control","Slow response, retry, stale tab, validation error, or concurrent edit reaches this page pattern","Wrong, duplicate, partial, stale, or exposed ERP data","P1","Page-level explicit transaction control","One atomic server-side business service; commit once after all validation and DML; rollback on any exception","Confirm in staging with APEX Debug and database trace, then remediate using the recommended standard","Refactoring / Database Change","P1","Fast/slow network, double-click, retry, session expiry, same-record concurrency, and multiple-tab test","Open - requires developer verification"
"AUTO-0622","Hire to Retire / HR & Payroll","622","EMPLOYEE SALARY","Static page audit","Page/process configuration","Explicit COMMIT without explicit ROLLBACK in page source | Transaction page has processes but no declarative page validation","Page-level explicit transaction control","Slow response, retry, stale tab, validation error, or concurrent edit reaches this page pattern","Wrong, duplicate, partial, stale, or exposed ERP data","P1","Page-level explicit transaction control","One atomic server-side business service; commit once after all validation and DML; rollback on any exception","Confirm in staging with APEX Debug and database trace, then remediate using the recommended standard","Refactoring / Database Change","P1","Fast/slow network, double-click, retry, session expiry, same-record concurrency, and multiple-tab test","Open - requires developer verification"
"AUTO-0624","Hire to Retire / HR & Payroll","624","SALARY SCHEME","Static page audit","Page/process configuration","Explicit COMMIT without explicit ROLLBACK in page source | Transaction page has processes but no declarative page validation","Page-level explicit transaction control","Slow response, retry, stale tab, validation error, or concurrent edit reaches this page pattern","Wrong, duplicate, partial, stale, or exposed ERP data","P1","Page-level explicit transaction control","One atomic server-side business service; commit once after all validation and DML; rollback on any exception","Confirm in staging with APEX Debug and database trace, then remediate using the recommended standard","Refactoring / Database Change","P1","Fast/slow network, double-click, retry, session expiry, same-record concurrency, and multiple-tab test","Open - requires developer verification"
"AUTO-0626","Hire to Retire / HR & Payroll","626","EmployeeDeductionEarning","Static page audit","Page/process configuration","Explicit COMMIT without explicit ROLLBACK in page source | Custom IG row-status DML; verify atomicity and optimistic locking | Transaction page has processes but no declarative page validation","Page-level explicit transaction control","Slow response, retry, stale tab, validation error, or concurrent edit reaches this page pattern","Wrong, duplicate, partial, stale, or exposed ERP data","P1","Page-level explicit transaction control","One atomic server-side business service; commit once after all validation and DML; rollback on any exception","Confirm in staging with APEX Debug and database trace, then remediate using the recommended standard","Refactoring / Database Change","P1","Fast/slow network, double-click, retry, session expiry, same-record concurrency, and multiple-tab test","Open - requires developer verification"
"AUTO-0628","Hire to Retire / HR & Payroll","628","LOAN SCHEME","Static page audit","Page/process configuration","Explicit COMMIT without explicit ROLLBACK in page source | Transaction page has processes but no declarative page validation","Page-level explicit transaction control","Slow response, retry, stale tab, validation error, or concurrent edit reaches this page pattern","Wrong, duplicate, partial, stale, or exposed ERP data","P1","Page-level explicit transaction control","One atomic server-side business service; commit once after all validation and DML; rollback on any exception","Confirm in staging with APEX Debug and database trace, then remediate using the recommended standard","Refactoring / Database Change","P1","Fast/slow network, double-click, retry, session expiry, same-record concurrency, and multiple-tab test","Open - requires developer verification"
"AUTO-0630","Hire to Retire / HR & Payroll","630","LOAN  REQUEST","Static page audit","Page/process configuration","Explicit COMMIT without explicit ROLLBACK in page source | Unsaved-change warning disabled | Transaction page has processes but no declarative page validation","Page-level explicit transaction control","Slow response, retry, stale tab, validation error, or concurrent edit reaches this page pattern","Wrong, duplicate, partial, stale, or exposed ERP data","P1","Page-level explicit transaction control","One atomic server-side business service; commit once after all validation and DML; rollback on any exception","Confirm in staging with APEX Debug and database trace, then remediate using the recommended standard","Refactoring / Database Change","P1","Fast/slow network, double-click, retry, session expiry, same-record concurrency, and multiple-tab test","Open - requires developer verification"
"AUTO-0632","Cross-module / Other","632","ATTENDENCE","Static page audit","Page/process configuration","Explicit COMMIT without explicit ROLLBACK in page source | Custom IG row-status DML; verify atomicity and optimistic locking","Page-level explicit transaction control","Slow response, retry, stale tab, validation error, or concurrent edit reaches this page pattern","Wrong, duplicate, partial, stale, or exposed ERP data","P1","Page-level explicit transaction control","One atomic server-side business service; commit once after all validation and DML; rollback on any exception","Confirm in staging with APEX Debug and database trace, then remediate using the recommended standard","Refactoring / Database Change","P1","Fast/slow network, double-click, retry, session expiry, same-record concurrency, and multiple-tab test","Open - requires developer verification"
"AUTO-0634","Hire to Retire / HR & Payroll","634","LEAVEREQUEST","Static page audit","Page/process configuration","Explicit COMMIT without explicit ROLLBACK in page source | Custom IG row-status DML; verify atomicity and optimistic locking","Page-level explicit transaction control","Slow response, retry, stale tab, validation error, or concurrent edit reaches this page pattern","Wrong, duplicate, partial, stale, or exposed ERP data","P1","Page-level explicit transaction control","One atomic server-side business service; commit once after all validation and DML; rollback on any exception","Confirm in staging with APEX Debug and database trace, then remediate using the recommended standard","Refactoring / Database Change","P1","Fast/slow network, double-click, retry, session expiry, same-record concurrency, and multiple-tab test","Open - requires developer verification"
"AUTO-0636","Hire to Retire / HR & Payroll","636","LOANREQUEST","Static page audit","Page/process configuration","Explicit COMMIT without explicit ROLLBACK in page source | Custom IG row-status DML; verify atomicity and optimistic locking | Transaction page has processes but no declarative page validation","Page-level explicit transaction control","Slow response, retry, stale tab, validation error, or concurrent edit reaches this page pattern","Wrong, duplicate, partial, stale, or exposed ERP data","P1","Page-level explicit transaction control","One atomic server-side business service; commit once after all validation and DML; rollback on any exception","Confirm in staging with APEX Debug and database trace, then remediate using the recommended standard","Refactoring / Database Change","P1","Fast/slow network, double-click, retry, session expiry, same-record concurrency, and multiple-tab test","Open - requires developer verification"
"AUTO-0639","Hire to Retire / HR & Payroll","639","LOANSANCTION","Static page audit","Page/process configuration","Explicit COMMIT without explicit ROLLBACK in page source | Custom IG row-status DML; verify atomicity and optimistic locking | Transaction page has processes but no declarative page validation","Page-level explicit transaction control","Slow response, retry, stale tab, validation error, or concurrent edit reaches this page pattern","Wrong, duplicate, partial, stale, or exposed ERP data","P1","Page-level explicit transaction control","One atomic server-side business service; commit once after all validation and DML; rollback on any exception","Confirm in staging with APEX Debug and database trace, then remediate using the recommended standard","Refactoring / Database Change","P1","Fast/slow network, double-click, retry, session expiry, same-record concurrency, and multiple-tab test","Open - requires developer verification"
"AUTO-0641","Hire to Retire / HR & Payroll","641","SALARY","Static page audit","Page/process configuration","Explicit COMMIT without explicit ROLLBACK in page source | Custom IG row-status DML; verify atomicity and optimistic locking | Unsaved-change warning disabled | Transaction page has processes but no declarative page validation","Page-level explicit transaction control","Slow response, retry, stale tab, validation error, or concurrent edit reaches this page pattern","Wrong, duplicate, partial, stale, or exposed ERP data","P1","Page-level explicit transaction control","One atomic server-side business service; commit once after all validation and DML; rollback on any exception","Confirm in staging with APEX Debug and database trace, then remediate using the recommended standard","Refactoring / Database Change","P1","Fast/slow network, double-click, retry, session expiry, same-record concurrency, and multiple-tab test","Open - requires developer verification"
"AUTO-0643","Cross-module / Other","643","ATTENDENCEREVISION","Static page audit","Page/process configuration","Explicit COMMIT without explicit ROLLBACK in page source | Custom IG row-status DML; verify atomicity and optimistic locking | Transaction page has processes but no declarative page validation","Page-level explicit transaction control","Slow response, retry, stale tab, validation error, or concurrent edit reaches this page pattern","Wrong, duplicate, partial, stale, or exposed ERP data","P1","Page-level explicit transaction control","One atomic server-side business service; commit once after all validation and DML; rollback on any exception","Confirm in staging with APEX Debug and database trace, then remediate using the recommended standard","Refactoring / Database Change","P1","Fast/slow network, double-click, retry, session expiry, same-record concurrency, and multiple-tab test","Open - requires developer verification"
"AUTO-0645","Visitor Management","645","Visitor In Out","Static page audit","Page/process configuration","Explicit COMMIT without explicit ROLLBACK in page source | Transaction page has processes but no declarative page validation","Page-level explicit transaction control","Slow response, retry, stale tab, validation error, or concurrent edit reaches this page pattern","Wrong, duplicate, partial, stale, or exposed ERP data","P1","Page-level explicit transaction control","One atomic server-side business service; commit once after all validation and DML; rollback on any exception","Confirm in staging with APEX Debug and database trace, then remediate using the recommended standard","Refactoring / Database Change","P1","Fast/slow network, double-click, retry, session expiry, same-record concurrency, and multiple-tab test","Open - requires developer verification"
"AUTO-0647","Visitor Management","647","Visitor In Out","Static page audit","Page/process configuration","Explicit COMMIT without explicit ROLLBACK in page source | Transaction page has processes but no declarative page validation","Page-level explicit transaction control","Slow response, retry, stale tab, validation error, or concurrent edit reaches this page pattern","Wrong, duplicate, partial, stale, or exposed ERP data","P1","Page-level explicit transaction control","One atomic server-side business service; commit once after all validation and DML; rollback on any exception","Confirm in staging with APEX Debug and database trace, then remediate using the recommended standard","Refactoring / Database Change","P1","Fast/slow network, double-click, retry, session expiry, same-record concurrency, and multiple-tab test","Open - requires developer verification"
"AUTO-0649","Cross-module / Other","649","Reimbursement Policy","Static page audit","Page/process configuration","Explicit COMMIT without explicit ROLLBACK in page source | Transaction page has processes but no declarative page validation","Page-level explicit transaction control","Slow response, retry, stale tab, validation error, or concurrent edit reaches this page pattern","Wrong, duplicate, partial, stale, or exposed ERP data","P1","Page-level explicit transaction control","One atomic server-side business service; commit once after all validation and DML; rollback on any exception","Confirm in staging with APEX Debug and database trace, then remediate using the recommended standard","Refactoring / Database Change","P1","Fast/slow network, double-click, retry, session expiry, same-record concurrency, and multiple-tab test","Open - requires developer verification"
"AUTO-0652","Cross-module / Other","652","On Duty Request","Static page audit","Page/process configuration","Explicit COMMIT without explicit ROLLBACK in page source | Transaction page has processes but no declarative page validation","Page-level explicit transaction control","Slow response, retry, stale tab, validation error, or concurrent edit reaches this page pattern","Wrong, duplicate, partial, stale, or exposed ERP data","P1","Page-level explicit transaction control","One atomic server-side business service; commit once after all validation and DML; rollback on any exception","Confirm in staging with APEX Debug and database trace, then remediate using the recommended standard","Refactoring / Database Change","P1","Fast/slow network, double-click, retry, session expiry, same-record concurrency, and multiple-tab test","Open - requires developer verification"
"AUTO-0654","Cross-module / Other","654","TRAVELINGMODE","Static page audit","Page/process configuration","Explicit COMMIT without explicit ROLLBACK in page source | Custom IG row-status DML; verify atomicity and optimistic locking | Transaction page has processes but no declarative page validation","Page-level explicit transaction control","Slow response, retry, stale tab, validation error, or concurrent edit reaches this page pattern","Wrong, duplicate, partial, stale, or exposed ERP data","P1","Page-level explicit transaction control","One atomic server-side business service; commit once after all validation and DML; rollback on any exception","Confirm in staging with APEX Debug and database trace, then remediate using the recommended standard","Refactoring / Database Change","P1","Fast/slow network, double-click, retry, session expiry, same-record concurrency, and multiple-tab test","Open - requires developer verification"
"AUTO-0656","Finance & Accounts","656","EXPENSETYPE","Static page audit","Page/process configuration","Transaction page has processes but no declarative page validation","Page process without declarative validation","Slow response, retry, stale tab, validation error, or concurrent edit reaches this page pattern","Unreliable behaviour or loss of unsaved work","P2","Page process without declarative validation","Add named server-side business validations and database constraints","Confirm in staging with APEX Debug and database trace, then remediate using the recommended standard","Quick Fix / Refactoring","P2","Fast/slow network, double-click, retry, session expiry, same-record concurrency, and multiple-tab test","Open - requires developer verification"
"AUTO-0658","Cross-module / Other","658","OD Request On Special Approval","Static page audit","Page/process configuration","Explicit COMMIT without explicit ROLLBACK in page source | Transaction page has processes but no declarative page validation","Page-level explicit transaction control","Slow response, retry, stale tab, validation error, or concurrent edit reaches this page pattern","Wrong, duplicate, partial, stale, or exposed ERP data","P1","Page-level explicit transaction control","One atomic server-side business service; commit once after all validation and DML; rollback on any exception","Confirm in staging with APEX Debug and database trace, then remediate using the recommended standard","Refactoring / Database Change","P1","Fast/slow network, double-click, retry, session expiry, same-record concurrency, and multiple-tab test","Open - requires developer verification"
"AUTO-0660","Cross-module / Other","660","Reimbursement Claim","Static page audit","Page/process configuration","Explicit COMMIT without explicit ROLLBACK in page source | Custom IG row-status DML; verify atomicity and optimistic locking | Transaction page has processes but no declarative page validation","Page-level explicit transaction control","Slow response, retry, stale tab, validation error, or concurrent edit reaches this page pattern","Wrong, duplicate, partial, stale, or exposed ERP data","P1","Page-level explicit transaction control","One atomic server-side business service; commit once after all validation and DML; rollback on any exception","Confirm in staging with APEX Debug and database trace, then remediate using the recommended standard","Refactoring / Database Change","P1","Fast/slow network, double-click, retry, session expiry, same-record concurrency, and multiple-tab test","Open - requires developer verification"
"AUTO-0662","Hire to Retire / HR & Payroll","662","CONVEYANCETYPE","Static page audit","Page/process configuration","Transaction page has processes but no declarative page validation","Page process without declarative validation","Slow response, retry, stale tab, validation error, or concurrent edit reaches this page pattern","Unreliable behaviour or loss of unsaved work","P2","Page process without declarative validation","Add named server-side business validations and database constraints","Confirm in staging with APEX Debug and database trace, then remediate using the recommended standard","Quick Fix / Refactoring","P2","Fast/slow network, double-click, retry, session expiry, same-record concurrency, and multiple-tab test","Open - requires developer verification"
"AUTO-0664","General Masters / Setup","664","PARTYATTRIBUTE","Static page audit","Page/process configuration","Transaction page has processes but no declarative page validation","Page process without declarative validation","Slow response, retry, stale tab, validation error, or concurrent edit reaches this page pattern","Unreliable behaviour or loss of unsaved work","P2","Page process without declarative validation","Add named server-side business validations and database constraints","Confirm in staging with APEX Debug and database trace, then remediate using the recommended standard","Quick Fix / Refactoring","P2","Fast/slow network, double-click, retry, session expiry, same-record concurrency, and multiple-tab test","Open - requires developer verification"
"AUTO-0666","Asset Management","666","Asset Opening","Static page audit","Page/process configuration","Explicit COMMIT without explicit ROLLBACK in page source | Unsaved-change warning disabled | Transaction page has processes but no declarative page validation","Page-level explicit transaction control","Slow response, retry, stale tab, validation error, or concurrent edit reaches this page pattern","Wrong, duplicate, partial, stale, or exposed ERP data","P1","Page-level explicit transaction control","One atomic server-side business service; commit once after all validation and DML; rollback on any exception","Confirm in staging with APEX Debug and database trace, then remediate using the recommended standard","Refactoring / Database Change","P1","Fast/slow network, double-click, retry, session expiry, same-record concurrency, and multiple-tab test","Open - requires developer verification"
"AUTO-0670","Asset Management","670","Asset Sale","Static page audit","Page/process configuration","Explicit COMMIT without explicit ROLLBACK in page source | Transaction page has processes but no declarative page validation","Page-level explicit transaction control","Slow response, retry, stale tab, validation error, or concurrent edit reaches this page pattern","Wrong, duplicate, partial, stale, or exposed ERP data","P1","Page-level explicit transaction control","One atomic server-side business service; commit once after all validation and DML; rollback on any exception","Confirm in staging with APEX Debug and database trace, then remediate using the recommended standard","Refactoring / Database Change","P1","Fast/slow network, double-click, retry, session expiry, same-record concurrency, and multiple-tab test","Open - requires developer verification"
"AUTO-0672","Asset Management","672","Asset Discard","Static page audit","Page/process configuration","Explicit COMMIT without explicit ROLLBACK in page source | Transaction page has processes but no declarative page validation","Page-level explicit transaction control","Slow response, retry, stale tab, validation error, or concurrent edit reaches this page pattern","Wrong, duplicate, partial, stale, or exposed ERP data","P1","Page-level explicit transaction control","One atomic server-side business service; commit once after all validation and DML; rollback on any exception","Confirm in staging with APEX Debug and database trace, then remediate using the recommended standard","Refactoring / Database Change","P1","Fast/slow network, double-click, retry, session expiry, same-record concurrency, and multiple-tab test","Open - requires developer verification"
"AUTO-0673","Finance & Accounts","673","Bank Reconsilation","Static page audit","Page/process configuration","Explicit COMMIT without explicit ROLLBACK in page source | Unsaved-change warning disabled | Transaction page has processes but no declarative page validation","Page-level explicit transaction control","Slow response, retry, stale tab, validation error, or concurrent edit reaches this page pattern","Wrong, duplicate, partial, stale, or exposed ERP data","P1","Page-level explicit transaction control","One atomic server-side business service; commit once after all validation and DML; rollback on any exception","Confirm in staging with APEX Debug and database trace, then remediate using the recommended standard","Refactoring / Database Change","P1","Fast/slow network, double-click, retry, session expiry, same-record concurrency, and multiple-tab test","Open - requires developer verification"
"AUTO-0675","Asset Management","675","Asset","Static page audit","Page/process configuration","Explicit COMMIT without explicit ROLLBACK in page source | Custom IG row-status DML; verify atomicity and optimistic locking | Transaction page has processes but no declarative page validation","Page-level explicit transaction control","Slow response, retry, stale tab, validation error, or concurrent edit reaches this page pattern","Wrong, duplicate, partial, stale, or exposed ERP data","P1","Page-level explicit transaction control","One atomic server-side business service; commit once after all validation and DML; rollback on any exception","Confirm in staging with APEX Debug and database trace, then remediate using the recommended standard","Refactoring / Database Change","P1","Fast/slow network, double-click, retry, session expiry, same-record concurrency, and multiple-tab test","Open - requires developer verification"
"AUTO-0677","Asset Management","677","Depreciation","Static page audit","Page/process configuration","Explicit COMMIT without explicit ROLLBACK in page source | Transaction page has processes but no declarative page validation","Page-level explicit transaction control","Slow response, retry, stale tab, validation error, or concurrent edit reaches this page pattern","Wrong, duplicate, partial, stale, or exposed ERP data","P1","Page-level explicit transaction control","One atomic server-side business service; commit once after all validation and DML; rollback on any exception","Confirm in staging with APEX Debug and database trace, then remediate using the recommended standard","Refactoring / Database Change","P1","Fast/slow network, double-click, retry, session expiry, same-record concurrency, and multiple-tab test","Open - requires developer verification"
"AUTO-0679","Asset Management","679","Asset Category Depreciation Rate List","Static page audit","Page/process configuration","Explicit COMMIT without explicit ROLLBACK in page source","Page-level explicit transaction control","Slow response, retry, stale tab, validation error, or concurrent edit reaches this page pattern","Wrong, duplicate, partial, stale, or exposed ERP data","P1","Page-level explicit transaction control","One atomic server-side business service; commit once after all validation and DML; rollback on any exception","Confirm in staging with APEX Debug and database trace, then remediate using the recommended standard","Refactoring / Database Change","P1","Fast/slow network, double-click, retry, session expiry, same-record concurrency, and multiple-tab test","Open - requires developer verification"
"AUTO-0682","Hire to Retire / HR & Payroll","682","Salary Voucher","Static page audit","Page/process configuration","Explicit COMMIT without explicit ROLLBACK in page source | Transaction page has processes but no declarative page validation","Page-level explicit transaction control","Slow response, retry, stale tab, validation error, or concurrent edit reaches this page pattern","Wrong, duplicate, partial, stale, or exposed ERP data","P1","Page-level explicit transaction control","One atomic server-side business service; commit once after all validation and DML; rollback on any exception","Confirm in staging with APEX Debug and database trace, then remediate using the recommended standard","Refactoring / Database Change","P1","Fast/slow network, double-click, retry, session expiry, same-record concurrency, and multiple-tab test","Open - requires developer verification"
"AUTO-0684","Hire to Retire / HR & Payroll","684","Salary Payment Advice List","Static page audit","Page/process configuration","Explicit COMMIT without explicit ROLLBACK in page source","Page-level explicit transaction control","Slow response, retry, stale tab, validation error, or concurrent edit reaches this page pattern","Wrong, duplicate, partial, stale, or exposed ERP data","P1","Page-level explicit transaction control","One atomic server-side business service; commit once after all validation and DML; rollback on any exception","Confirm in staging with APEX Debug and database trace, then remediate using the recommended standard","Refactoring / Database Change","P1","Fast/slow network, double-click, retry, session expiry, same-record concurrency, and multiple-tab test","Open - requires developer verification"
"AUTO-0686","Hire to Retire / HR & Payroll","686","Hold Salary","Static page audit","Page/process configuration","Explicit COMMIT without explicit ROLLBACK in page source | Transaction page has processes but no declarative page validation","Page-level explicit transaction control","Slow response, retry, stale tab, validation error, or concurrent edit reaches this page pattern","Wrong, duplicate, partial, stale, or exposed ERP data","P1","Page-level explicit transaction control","One atomic server-side business service; commit once after all validation and DML; rollback on any exception","Confirm in staging with APEX Debug and database trace, then remediate using the recommended standard","Refactoring / Database Change","P1","Fast/slow network, double-click, retry, session expiry, same-record concurrency, and multiple-tab test","Open - requires developer verification"
"AUTO-0688","Hire to Retire / HR & Payroll","688","Un-Hold Salary List","Static page audit","Page/process configuration","Explicit COMMIT without explicit ROLLBACK in page source","Page-level explicit transaction control","Slow response, retry, stale tab, validation error, or concurrent edit reaches this page pattern","Wrong, duplicate, partial, stale, or exposed ERP data","P1","Page-level explicit transaction control","One atomic server-side business service; commit once after all validation and DML; rollback on any exception","Confirm in staging with APEX Debug and database trace, then remediate using the recommended standard","Refactoring / Database Change","P1","Fast/slow network, double-click, retry, session expiry, same-record concurrency, and multiple-tab test","Open - requires developer verification"
"AUTO-0690","Hire to Retire / HR & Payroll","690","Opening Leave","Static page audit","Page/process configuration","Explicit COMMIT without explicit ROLLBACK in page source | Transaction page has processes but no declarative page validation","Page-level explicit transaction control","Slow response, retry, stale tab, validation error, or concurrent edit reaches this page pattern","Wrong, duplicate, partial, stale, or exposed ERP data","P1","Page-level explicit transaction control","One atomic server-side business service; commit once after all validation and DML; rollback on any exception","Confirm in staging with APEX Debug and database trace, then remediate using the recommended standard","Refactoring / Database Change","P1","Fast/slow network, double-click, retry, session expiry, same-record concurrency, and multiple-tab test","Open - requires developer verification"
"AUTO-0692","Asset Management","692","Asset Transfer","Static page audit","Page/process configuration","Explicit COMMIT without explicit ROLLBACK in page source | Transaction page has processes but no declarative page validation","Page-level explicit transaction control","Slow response, retry, stale tab, validation error, or concurrent edit reaches this page pattern","Wrong, duplicate, partial, stale, or exposed ERP data","P1","Page-level explicit transaction control","One atomic server-side business service; commit once after all validation and DML; rollback on any exception","Confirm in staging with APEX Debug and database trace, then remediate using the recommended standard","Refactoring / Database Change","P1","Fast/slow network, double-click, retry, session expiry, same-record concurrency, and multiple-tab test","Open - requires developer verification"
"AUTO-0694","Hire to Retire / HR & Payroll","694","Opening Loan","Static page audit","Page/process configuration","Explicit COMMIT without explicit ROLLBACK in page source | Transaction page has processes but no declarative page validation","Page-level explicit transaction control","Slow response, retry, stale tab, validation error, or concurrent edit reaches this page pattern","Wrong, duplicate, partial, stale, or exposed ERP data","P1","Page-level explicit transaction control","One atomic server-side business service; commit once after all validation and DML; rollback on any exception","Confirm in staging with APEX Debug and database trace, then remediate using the recommended standard","Refactoring / Database Change","P1","Fast/slow network, double-click, retry, session expiry, same-record concurrency, and multiple-tab test","Open - requires developer verification"
"AUTO-0696","Cross-module / Other","696","Full and Final","Static page audit","Page/process configuration","Explicit COMMIT without explicit ROLLBACK in page source | Transaction page has processes but no declarative page validation","Page-level explicit transaction control","Slow response, retry, stale tab, validation error, or concurrent edit reaches this page pattern","Wrong, duplicate, partial, stale, or exposed ERP data","P1","Page-level explicit transaction control","One atomic server-side business service; commit once after all validation and DML; rollback on any exception","Confirm in staging with APEX Debug and database trace, then remediate using the recommended standard","Refactoring / Database Change","P1","Fast/slow network, double-click, retry, session expiry, same-record concurrency, and multiple-tab test","Open - requires developer verification"
"AUTO-0702","Order to Cash / Sales","702","Sales Enquiry","Static page audit","Page/process configuration","Explicit COMMIT without explicit ROLLBACK in page source | Custom IG row-status DML; verify atomicity and optimistic locking | Unsaved-change warning disabled | Transaction page has processes but no declarative page validation","Page-level explicit transaction control","Slow response, retry, stale tab, validation error, or concurrent edit reaches this page pattern","Wrong, duplicate, partial, stale, or exposed ERP data","P1","Page-level explicit transaction control","One atomic server-side business service; commit once after all validation and DML; rollback on any exception","Confirm in staging with APEX Debug and database trace, then remediate using the recommended standard","Refactoring / Database Change","P1","Fast/slow network, double-click, retry, session expiry, same-record concurrency, and multiple-tab test","Open - requires developer verification"
"AUTO-0703","Order to Cash / Sales","703","Sales Enquiry Tracking","Static page audit","Page/process configuration","Explicit COMMIT without explicit ROLLBACK in page source | Custom IG row-status DML; verify atomicity and optimistic locking","Page-level explicit transaction control","Slow response, retry, stale tab, validation error, or concurrent edit reaches this page pattern","Wrong, duplicate, partial, stale, or exposed ERP data","P1","Page-level explicit transaction control","One atomic server-side business service; commit once after all validation and DML; rollback on any exception","Confirm in staging with APEX Debug and database trace, then remediate using the recommended standard","Refactoring / Database Change","P1","Fast/slow network, double-click, retry, session expiry, same-record concurrency, and multiple-tab test","Open - requires developer verification"
"AUTO-0704","Order to Cash / Sales","704","Sales Quotation List","Static page audit","Page/process configuration","Explicit COMMIT without explicit ROLLBACK in page source","Page-level explicit transaction control","Slow response, retry, stale tab, validation error, or concurrent edit reaches this page pattern","Wrong, duplicate, partial, stale, or exposed ERP data","P1","Page-level explicit transaction control","One atomic server-side business service; commit once after all validation and DML; rollback on any exception","Confirm in staging with APEX Debug and database trace, then remediate using the recommended standard","Refactoring / Database Change","P1","Fast/slow network, double-click, retry, session expiry, same-record concurrency, and multiple-tab test","Open - requires developer verification"
"AUTO-0705","Order to Cash / Sales","705","Sales Quotation","Static page audit","Page/process configuration","Explicit COMMIT without explicit ROLLBACK in page source | Custom IG row-status DML; verify atomicity and optimistic locking | Unsaved-change warning disabled","Page-level explicit transaction control","Slow response, retry, stale tab, validation error, or concurrent edit reaches this page pattern","Wrong, duplicate, partial, stale, or exposed ERP data","P1","Page-level explicit transaction control","One atomic server-side business service; commit once after all validation and DML; rollback on any exception","Confirm in staging with APEX Debug and database trace, then remediate using the recommended standard","Refactoring / Database Change","P1","Fast/slow network, double-click, retry, session expiry, same-record concurrency, and multiple-tab test","Open - requires developer verification"
"AUTO-0706","Order to Cash / Sales","706","Sales Enquiry","Static page audit","Page/process configuration","Explicit COMMIT without explicit ROLLBACK in page source | Custom IG row-status DML; verify atomicity and optimistic locking | Unsaved-change warning disabled | Transaction page has processes but no declarative page validation","Page-level explicit transaction control","Slow response, retry, stale tab, validation error, or concurrent edit reaches this page pattern","Wrong, duplicate, partial, stale, or exposed ERP data","P1","Page-level explicit transaction control","One atomic server-side business service; commit once after all validation and DML; rollback on any exception","Confirm in staging with APEX Debug and database trace, then remediate using the recommended standard","Refactoring / Database Change","P1","Fast/slow network, double-click, retry, session expiry, same-record concurrency, and multiple-tab test","Open - requires developer verification"
"AUTO-0708","Procure to Pay / Purchase","708","Purchase Enquiry ","Static page audit","Page/process configuration","Explicit COMMIT without explicit ROLLBACK in page source | Custom IG row-status DML; verify atomicity and optimistic locking | Unsaved-change warning disabled | Transaction page has processes but no declarative page validation","Page-level explicit transaction control","Slow response, retry, stale tab, validation error, or concurrent edit reaches this page pattern","Wrong, duplicate, partial, stale, or exposed ERP data","P1","Page-level explicit transaction control","One atomic server-side business service; commit once after all validation and DML; rollback on any exception","Confirm in staging with APEX Debug and database trace, then remediate using the recommended standard","Refactoring / Database Change","P1","Fast/slow network, double-click, retry, session expiry, same-record concurrency, and multiple-tab test","Open - requires developer verification"
"AUTO-0710","Procure to Pay / Purchase","710","Purchase Quotation","Static page audit","Page/process configuration","Explicit COMMIT without explicit ROLLBACK in page source | Custom IG row-status DML; verify atomicity and optimistic locking","Page-level explicit transaction control","Slow response, retry, stale tab, validation error, or concurrent edit reaches this page pattern","Wrong, duplicate, partial, stale, or exposed ERP data","P1","Page-level explicit transaction control","One atomic server-side business service; commit once after all validation and DML; rollback on any exception","Confirm in staging with APEX Debug and database trace, then remediate using the recommended standard","Refactoring / Database Change","P1","Fast/slow network, double-click, retry, session expiry, same-record concurrency, and multiple-tab test","Open - requires developer verification"
"AUTO-0712","General Masters / Setup","712","Comparative Statement","Static page audit","Page/process configuration","Explicit COMMIT without explicit ROLLBACK in page source","Page-level explicit transaction control","Slow response, retry, stale tab, validation error, or concurrent edit reaches this page pattern","Wrong, duplicate, partial, stale, or exposed ERP data","P1","Page-level explicit transaction control","One atomic server-side business service; commit once after all validation and DML; rollback on any exception","Confirm in staging with APEX Debug and database trace, then remediate using the recommended standard","Refactoring / Database Change","P1","Fast/slow network, double-click, retry, session expiry, same-record concurrency, and multiple-tab test","Open - requires developer verification"
"AUTO-0714","Procure to Pay / Purchase","714","Rate Contract","Static page audit","Page/process configuration","Explicit COMMIT without explicit ROLLBACK in page source | Custom IG row-status DML; verify atomicity and optimistic locking | Unsaved-change warning disabled | Transaction page has processes but no declarative page validation","Page-level explicit transaction control","Slow response, retry, stale tab, validation error, or concurrent edit reaches this page pattern","Wrong, duplicate, partial, stale, or exposed ERP data","P1","Page-level explicit transaction control","One atomic server-side business service; commit once after all validation and DML; rollback on any exception","Confirm in staging with APEX Debug and database trace, then remediate using the recommended standard","Refactoring / Database Change","P1","Fast/slow network, double-click, retry, session expiry, same-record concurrency, and multiple-tab test","Open - requires developer verification"
"AUTO-0716","General Masters / Setup","716","Process Routing Master","Static page audit","Page/process configuration","Explicit COMMIT without explicit ROLLBACK in page source | Custom IG row-status DML; verify atomicity and optimistic locking","Page-level explicit transaction control","Slow response, retry, stale tab, validation error, or concurrent edit reaches this page pattern","Wrong, duplicate, partial, stale, or exposed ERP data","P1","Page-level explicit transaction control","One atomic server-side business service; commit once after all validation and DML; rollback on any exception","Confirm in staging with APEX Debug and database trace, then remediate using the recommended standard","Refactoring / Database Change","P1","Fast/slow network, double-click, retry, session expiry, same-record concurrency, and multiple-tab test","Open - requires developer verification"
"AUTO-0718","General Masters / Setup","718","Process TAT Master","Static page audit","Page/process configuration","Explicit COMMIT without explicit ROLLBACK in page source | Custom IG row-status DML; verify atomicity and optimistic locking","Page-level explicit transaction control","Slow response, retry, stale tab, validation error, or concurrent edit reaches this page pattern","Wrong, duplicate, partial, stale, or exposed ERP data","P1","Page-level explicit transaction control","One atomic server-side business service; commit once after all validation and DML; rollback on any exception","Confirm in staging with APEX Debug and database trace, then remediate using the recommended standard","Refactoring / Database Change","P1","Fast/slow network, double-click, retry, session expiry, same-record concurrency, and multiple-tab test","Open - requires developer verification"
"AUTO-0720","Cross-module / Other","720","Process Escalation","Static page audit","Page/process configuration","Explicit COMMIT without explicit ROLLBACK in page source | Custom IG row-status DML; verify atomicity and optimistic locking | Transaction page has processes but no declarative page validation","Page-level explicit transaction control","Slow response, retry, stale tab, validation error, or concurrent edit reaches this page pattern","Wrong, duplicate, partial, stale, or exposed ERP data","P1","Page-level explicit transaction control","One atomic server-side business service; commit once after all validation and DML; rollback on any exception","Confirm in staging with APEX Debug and database trace, then remediate using the recommended standard","Refactoring / Database Change","P1","Fast/slow network, double-click, retry, session expiry, same-record concurrency, and multiple-tab test","Open - requires developer verification"
"AUTO-0721","Order to Cash / Sales","721","Sales Lifecycle Control Tower","Static page audit","Page/process configuration","Unsaved-change warning disabled | Transaction page has processes but no declarative page validation","Forms-style navigation without browser-state protection","Slow response, retry, stale tab, validation error, or concurrent edit reaches this page pattern","Unreliable behaviour or loss of unsaved work","P2","Forms-style navigation without browser-state protection","Enable unsaved-change protection and maintain a single final Save boundary","Confirm in staging with APEX Debug and database trace, then remediate using the recommended standard","Quick Fix / Refactoring","P2","Fast/slow network, double-click, retry, session expiry, same-record concurrency, and multiple-tab test","Open - requires developer verification"
"AUTO-0798","Finance & Accounts","798","New Ledger","Static page audit","Page/process configuration","Transaction page has processes but no declarative page validation","Page process without declarative validation","Slow response, retry, stale tab, validation error, or concurrent edit reaches this page pattern","Unreliable behaviour or loss of unsaved work","P2","Page process without declarative validation","Add named server-side business validations and database constraints","Confirm in staging with APEX Debug and database trace, then remediate using the recommended standard","Quick Fix / Refactoring","P2","Fast/slow network, double-click, retry, session expiry, same-record concurrency, and multiple-tab test","Open - requires developer verification"
"AUTO-0902","Finance & Accounts","902","Trial Balance Intelligence","Static page audit","Page/process configuration","Transaction page has processes but no declarative page validation","Page process without declarative validation","Slow response, retry, stale tab, validation error, or concurrent edit reaches this page pattern","Unreliable behaviour or loss of unsaved work","P2","Page process without declarative validation","Add named server-side business validations and database constraints","Confirm in staging with APEX Debug and database trace, then remediate using the recommended standard","Quick Fix / Refactoring","P2","Fast/slow network, double-click, retry, session expiry, same-record concurrency, and multiple-tab test","Open - requires developer verification"
"AUTO-9999","Cross-module / Other","9999","Login Page","Static page audit","Page/process configuration","Unsaved-change warning disabled | Transaction page has processes but no declarative page validation | Page marked public; verify business data exposure","Forms-style navigation without browser-state protection","Slow response, retry, stale tab, validation error, or concurrent edit reaches this page pattern","Unreliable behaviour or loss of unsaved work","P2","Forms-style navigation without browser-state protection","Enable unsaved-change protection and maintain a single final Save boundary","Confirm in staging with APEX Debug and database trace, then remediate using the recommended standard","Quick Fix + Security Review","P2","Fast/slow network, double-click, retry, session expiry, same-record concurrency, and multiple-tab test","Open - requires developer verification"
