"PAGE_ID","PAGE_NAME","PAGE_ALIAS","REGION_ID","REGION_NAME","REGION_STATIC_ID","PLUG_SOURCE_TYPE","QUERY_TABLE","REGION_SOURCE_01","REGION_SOURCE_02","REGION_SOURCE_03","REGION_SOURCE_04"
10,"Item Ledger","ITEM-LEDGER",781918885732158092,"Item Ledger","item-ledger","NATIVE_IG","","Select x. mytno,
       x.TRANSACTIONDATE,
       x.modulecode,
       case when x.modulecode = 'Opening' then
                  X.TRANSACTIONNO
            when x.modulecode = 'CCINVOICE' then
           '<a href=""'||APEX_UTIL.PREPARE_URL('f?p='||:APP_ID||':'||175||':'||:APP_SESSION||'::::'||'P175_TNO,P175_FORMSTATUS,P175_CALLEDFROMPAGE'||':'||x.MODULETNO||',CALLED'||',10'||':NO')||'"">'||X.TRANSACTIONNO||'</a>'
           when x.modulecode = 'INSPECTION' then
          '<a href=""'||APEX_UTIL.PREPARE_URL('f?p='||:APP_ID||':'||146||':'||:APP_SESSION||'::::'||'P146_TNO,P146_FORMSTATUS,P146_CALLEDFROMPAGE'||':'||x.MODULETNO||',CALLED'||',10'||':NO')||'"">'||X.TRANSACTIONNO||'</a>'
          when x.modulecode = 'KITTINGUNKITTING' then
          '<a href=""'||APEX_UTIL.PREPARE_URL('f?p='||:APP_ID||':'||97||':'||:APP_SESSION||'::::'||'P97_TNO,P97_FORMSTATUS,P97_CALLEDFROMPAGE'||':'||x.MODULETNO||',CALLED'||',10'||':NO')||'"">'||X.TRANSACTIONNO||'</a>'
          else X.TRANSACTIONNO
          end TransactionNo,
          x.Sku,

       --x.TransactionNo,
       x.STOCKINQUANTITY1,
       x.STOCKINAMOUNT,
       x.STOCKOUTQUANTITY1,
       x.STOCKOUTAMOUNT,
       --      x.BalanceQuantity,
       --      x.balanceamount,
       Sum(x.BalanceQuantity) over(Order By mytno rows unbounded preceding) BalanceQuantity,
       Sum(x.BalanceAmount) over(Order By mytno rows unbounded preceding) BalanceAmount,
       x.ITEMNAME,
       x.ITEMSPECIFICATION
  From (Select 1 As mytno,
               Null As TRANSACTIONDATE,
              'Opening' As modulecode,
               null as Moduletno,
               'Opening' As TransactionNo,
               Null As STOCKINQUANTITY1,
               --     Null As MEASURINGUNITCODE,
               Null As STOCKINAMOUNT,
               Null As STOCKOUTQUANTITY1,
               Null As STOCKOUTAMOUNT,
               Nvl(GetSLItemOpeningQuantity1(Null, :P10_ITEMCODE,:P10_ITEMSPECIFICATIONCODE, :GLOBAL_COMPANYCODE, :P10_FROMDATE),
                   0) As BalanceQuantity,
               Nvl(GetSLItemOpeningValue(Null, :P10_ITEMCODE,:P10_ITEMSPECIFICATIONCODE, :GLOBAL_COMPANYCODE, :P10_FROMDATE), 0) As balanceamount,
               NULL AS SKU,
               GETITEMNAME(:P10_ITEMCODE) AS ITEMNAME,
               GETITEMSPECIFICATIONNAME(:P10_ITEMCODE,:P10_ITEMSPECIFICATIONCODE) AS ITEMSPECIFICATION


          From dual
        Union All

        Select a.MyTNo,
               a.TRANSACTIONDATE,
               a.modulecode,
               a.moduletno,
               a.transactionno,
               a.STOCKINQUANTITY1,
               --E.MEASURINGUNITCODE,
               a.STOCKINAMOUNT,
               a.STOCKOUTQUANTITY1,
               a.STOCKOUTAMOUNT,
               Nvl(a.STOCKINQUANTITY1, 0) - Nvl(a.STOCKOUTQUANTITY1, 0) As balanceQuantity,
               Nvl(a.STOCKINAMOUNT, 0) - Nvl(a.STOCKOUTAMOUNT, 0) As balanceAmount,
                B.SKU,
                b.ITEMNAME,
                b.ITEMSPECIFICATIONNAME
          From Stockcard a, v_item_details b
         Where a.ModuleCode != 'ITEMOPENING'
           and a.ItemSpecificationCode = b.ItemSpecificationCode(+)
           and a.Itemcode             = b.ItemCode
              --   And a.StockTNo = c.TNO
              --   And c.StockModuleTNO = d.TNo(+)
              --   And A.MODULETNO = F.TNO(+)
           And a.CompanyCode = :GLOBAL_COMPANYCODE
        --    And A.ITEMCODE = :P10_ITEMCODE
        --    and a.ITEMSPECIFICATIONCODE = :P10_ITEMSPECIFICATIONCODE
           AND ( :P10_SKU IS NULL OR INSTR(':'||:P10_SKU||':',':'||B.SKU||':') > 0 )
           And a.TransactionDate Between :P10_FROMDATE And :P10_TODATE
           and ( :P10_TRANSACTION_NO IS NULL OR instr(':'||:P10_TRANSACTION_NO||':',':'||a.transactionno||':') > 0 )
           and ( :P10_ITEMCODE IS NULL OR instr(':'||:P10_ITEMCODE||':',':'||a.ITEMCODE||':') > 0 )
 ","          and ( :P10_ITEMSPECIFICATIONCODE IS NULL OR instr(':'||:P10_ITEMSPECIFICATIONCODE||':',':'||a.ITEMSPECIFICATIONCODE||':') > 0 )
           ) x



","",""
11,"Account Ledger ","ACCOUNT-LEDGER",926956271824446849,"New","new","NATIVE_IR","","
---- DT 20-NOV-2024
SELECT X.TNO,
       X.VOUCHERDATE,
       getlocationname(X.LOCATIONCODE) LocationCode,
       X.ACCOUNTNAME,
       X.VOUCHERNO,
       :P11_PARTY as party,
       ( SELECT DOCTYPECODE FROM VOUCHER WHERE TNO = X.TNO) AS VOUCHERTYPE,
      -- 'DETAIL' AS VRDETAIL,
       --'NARRATION' AS NARRATION,
       X.NARRATION AS NARRATION,
       abs(X.AMOUNT) as amount,
       CASE WHEN X.VOUCHERNO = 'CLOSING' THEN
               0
            ELSE
               X.DRAMOUNT
       END DRAMOUNT,
      CASE WHEN X.VOUCHERNO = 'CLOSING' THEN
               0
            ELSE
               X.CRAMOUNT
       END CRAMOUNT,
       CASE
         WHEN (SUM(X.Amount) OVER(ORDER BY VOUCHERDATE, TNO)) < 0 AND
              X.VOUCHERNO != 'CLOSING' THEN
          ROUND((SUM(X.Amount) OVER(ORDER BY VOUCHERDATE, TNO)), 2) * -1
         WHEN (SUM(X.Amount) OVER(ORDER BY VOUCHERDATE, TNO)) < 0 AND
              X.VOUCHERNO = 'CLOSING' THEN
          DECODE(X.AMOUNT + ABS(X.AMOUNT), 0, ROUND(X.AMOUNT * -1, 2))
         ELSE
          0
       END DRCLOSING,
       CASE
         WHEN (SUM(X.Amount) OVER(ORDER BY VOUCHERDATE, TNO)) > 0 AND
              X.VOUCHERNO != 'CLOSING' THEN
          ROUND((SUM(X.Amount) OVER(ORDER BY VOUCHERDATE, TNO)), 2)
         WHEN (SUM(X.Amount) OVER(ORDER BY VOUCHERDATE, TNO)) > 0 AND
              X.VOUCHERNO = 'CLOSING' THEN
          DECODE(X.AMOUNT + ABS(X.AMOUNT), 2 * X.AMOUNT, ROUND(X.AMOUNT, 2))
         ELSE
          0
       END CRCLOSING,
       'VOUCHER' AS VOUCHER,
     CASE WHEN NVL(X.BILLATTACHED,'NO')='YES' THEN
        getmodulename(X.MODULECODE)
        ELSE
          NULL
    END MODULEODE,
     --X.MODULETNO,

	  abs(Sum(x.Amount) over(Order By VOUCHERDATE, TNO rows unbounded preceding)) As ClosingAmount,

     Case When Sum(x.Amount) over(Order By VOUCHERDATE, TNO rows unbounded preceding) > 0 Then
    	         'Cr'
    			Else 'Dr'
     End ClosingType

  FROM (
         SELECT 1 AS TNO,
               TO_DATE(:P11_FROMDATE,'DD-MM-RRRR') AS VOUCHERDATE,
               NULL AS LOCATIONCODE,
               'OPENING' AS ACCOUNTNAME,
               'OPENING' AS VOUCHERNO,
               NULL AS NARRATION,
               (Select Sum(AMOUNT)
          From (
		        (Select Sum(x.AMOUNT) As AMOUNT
                   From VOUCHERDETAIL X
                  Where X.VOUCHERDATE < TO_DATE(:P11_FROMDATE, 'DD-MM-RRRR')
                    And
                        instr(':' || :P11_PARTY || ':',
                              ':' || X.ACCOUNTCODE || ':') > 0
                    And (:P11_LOCATION Is Null Or
                        instr(':' || :P11_LOCATION || ':',
                               ':' || X.LocationCode || ':') > 0)
                 /*Union All
                 Select Sum(openingamount)
                   From accountopening a
                  Where a.accountcode = :P11_PARTY
                    And a.locationcode = :P11_LOCATION
                    And A.COMPANYCODE = :GLOBAL_COMPANYCODE
                  */
                    ))) As AMOUNT,
               CASE
                 WHEN (Select Sum(AMOUNT)
          From ((Select Sum(x.AMOUNT) As AMOUNT
                   From VOUCHERDETAIL X
                  Where X.VOUCHERDATE < TO_DATE(:P11_FROMDATE, 'DD-MM-RRRR')
                    And
                        instr(':' || :P11_PARTY || ':',
                              ':' || X.ACCOUNTCODE || ':') > 0
                    And (&P11_LOCATION Is Null Or
                        instr(':' || :P11_LOCATION || ':',
                               ':' || X.LocationCode || ':') > 0)
                 /*Union All
                 Select Sum(openingamount)
                   From accountopening a
                  Where a.accountcode = :P11_PARTY
                    And a.locationcode = :P11_LOCATION
                    And A.COMPANYCODE = :GLOBA","L_COMPANYCODE
                  */
                    )))  < 0 THEN
                  (Select Sum(AMOUNT)
          From (
		        (Select Sum(x.AMOUNT) As AMOUNT
                   From VOUCHERDETAIL X, voucher y
                  Where x.tno = y.tno
				    and X.VOUCHERDATE < TO_DATE(:P11_FROMDATE, 'DD-MM-RRRR')
                    And
                        instr(':' || :P11_PARTY || ':',
                              ':' || X.ACCOUNTCODE || ':') > 0
                    And (:P11_LOCATION Is Null Or
                        instr(':' || :P11_LOCATION || ':',
                               ':' || X.LocationCode || ':') > 0)

				    and y.companycode = :Global_companycode
                /* Union All
                 Select Sum(openingamount)
                   From accountopening a
                  Where a.accountcode = :P11_PARTY
                    And a.locationcode = :P11_LOCATION
                    And A.COMPANYCODE = :GLOBAL_COMPANYCODE
					*/
					)))  * -1
                 ELSE
                  0
               END DRAMOUNT,
               CASE
                 WHEN (Select Sum(AMOUNT)
          From ((Select Sum(x.AMOUNT) As AMOUNT
                   From VOUCHERDETAIL X, Voucher y
                  Where x.tno = y.tno
				    and X.VOUCHERDATE < TO_DATE(:P11_FROMDATE, 'DD-MM-RRRR')
                    And
                        instr(':' || :P11_PARTY || ':',
                              ':' || X.ACCOUNTCODE || ':') > 0
                    And (:P11_LOCATION Is Null Or
                        instr(':' || :P11_LOCATION || ':',
                               ':' || X.LocationCode || ':') > 0)
				    and y.companycode = :Global_companycode
                 /*Union All
                 Select Sum(openingamount)
                   From accountopening a
                  Where a.accountcode = :P11_PARTY
                    And a.locationcode = :P11_LOCATION
                    And A.COMPANYCODE = :GLOBAL_COMPANYCODE
					*/
					)))  > 0 THEN
                  (Select Sum(AMOUNT)
          From ((Select Sum(x.AMOUNT) As AMOUNT
                   From VOUCHERDETAIL X, voucher y
                  Where X.VOUCHERDATE < TO_DATE(:P11_FROMDATE, 'DD-MM-RRRR')
				    and x.tno =y.tno
                    And
                        instr(':' || :P11_PARTY || ':',
                              ':' || X.ACCOUNTCODE || ':') > 0
                    And (:P11_LOCATION Is Null Or
                        instr(':' || :P11_LOCATION || ':',
                               ':' || X.LocationCode || ':') > 0)
					and y.companycode = :Global_companycode
                 /*Union All
                 Select Sum(openingamount)
                   From accountopening a
                  Where a.accountcode = :P11_PARTY
                    And a.locationcode = :P11_LOCATION
                    And A.COMPANYCODE = :GLOBAL_COMPANYCODE
					*/
					)))
                 ELSE
                  0
               END CRAMOUNT,
               (Select Sum(AMOUNT)
          From (
		        (Select Sum(x.AMOUNT) As AMOUNT
                   From VOUCHERDETAIL X, voucher y
                  Where X.VOUCHERDATE < TO_DATE(:P11_FROMDATE, 'DD-MM-RRRR')
				    and x.tno =y.tno
                    And
                        instr(':' || :P11_PARTY || ':',
                              ':' || X.ACCOUNTCODE || ':') > 0
                    And (:P11_LOCATION Is Null Or
                        instr(':' || :P11_LOCATION || ':',
                               ':' || X.LocationCode || ':') > 0)
				    and y.companycode = :Global_companycode
                 /*Union All
                 Select Sum(openingamount)
                   From accountopening a
                  Where a.accountcode = :P11_PARTY
                    And a.locationcode = :P11_LOCATION
                    And A.COMPANYCODE = :GLOBAL_COMPANYCODE
					*/
					)
				)
				)  AS"," CLOSING,
                NULL AS MODULECODE,
                --'OPENING' AS MODULETNO,
        NULL AS BILLATTACHED
          FROM DUAL
        UNION ALL

        SELECT X.TNO,

               X.VOUCHERDATE,
               X.LOCATIONCODE,
               getpartyname(X.ACCOUNTCODE) AS ACCOUNTNAME,
               X.VOUCHERNO,
               X.NARRATION,
               X.AMOUNT,
               DECODE(X.AMOUNT + ABS(X.AMOUNT), 0, ROUND(X.AMOUNT * -1, 2)) AS DRAMOUNT,
               DECODE(X.AMOUNT + ABS(X.AMOUNT), 2 * X.AMOUNT, ROUND(X.AMOUNT, 2)) AS CRAMOUNT,
               (SUM(X.Amount) OVER(ORDER BY X.VOUCHERDATE, X.TNO)) CLOSING,
               nvl(Y.MODULECODE,y.referencemodulecode) as modulecode,

         X.BILLATTACHED
            FROM Accountledgerreport X, Voucher y
         WHERE X.TNO = y.tno
           AND X.VOUCHERDATE BETWEEN TO_DATE(:P11_FROMDATE,'DD-MM-RRRR') AND TO_DATE(:P11_TODATE,'DD-MM-RRRR')
           AND X.CREATOR = '&APP_USER.'
           AND instr(':'||:P11_PARTY||':',':'||X.LEDGERACCOUNTCODE||':') > 0
           AND (:P11_LOCATION IS NULL OR instr(':'||:P11_LOCATION||':',':'||X.LocationCode||':') > 0)
        UNION ALL
        SELECT 99999999999 AS TNO,
               TO_DATE(:P11_TODATE,'DD-MM-RRRR') AS VOUCHERDATE,
               NULL AS LOCATIONCODE,
               'CLOSING' AS ACCOUNTNAME,
               'CLOSING' AS VOUCHERNO,
               NULL AS NARRATION,
               0 AS AMOUNT,
               CASE
                 WHEN (SELECT ROUND(SUM(AMOUNT), 2)
                  FROM VOUCHERDETAIL X
                 WHERE X.VOUCHERDATE <= TO_DATE(:P11_TODATE,'DD-MM-RRRR')
                   AND  instr(':'||:P11_PARTY||':',':'||X.ACCOUNTCODE||':') > 0
                   AND (:P11_LOCATION IS NULL OR instr(':'||:P11_LOCATION||':',':'||X.LocationCode||':') > 0)
               ) < 0 THEN
                  0
                 ELSE
                  0
               END DRAMOUNT,
               CASE
                 WHEN (SELECT ROUND(SUM(AMOUNT), 2)
                  FROM VOUCHERDETAIL X
                 WHERE X.VOUCHERDATE <= TO_DATE(:P11_TODATE,'DD-MM-RRRR')
                   AND instr(':'||:P11_PARTY||':',':'||X.ACCOUNTCODE||':') > 0
                   AND (:P11_LOCATION IS NULL OR instr(':'||:P11_LOCATION||':',':'||X.LocationCode||':') > 0)
               ) > 0 THEN
                  0
                 ELSE
                  0
               END CRAMOUNT,
               0 AS CLOSING,
               NULL AS MODULECODE,
               --NULL AS MODULETNO,
         NULL AS BILLATTACHED

          FROM DUAL

         ORDER BY VOUCHERDATE



        ) X
",""
103,"Employee List","EMPLOYEE-LIST1",587224639552375010,"Employee List","employee-list","NATIVE_IR","","select A.TNO,
       A.EMPLOYEECODE,
       A.EMPLOYEENAME,
       A.EMPLOYEESHORTNAME,
       A.DESIGNATIONCODE,
       C.DESIGNATIONNAME,
       A.DEPARTMENTCODE,
       B.DEPARTMENTNAME,
       A.EMPLOYEETYPECODE,
       A.CONTRACTORCODE,
       A.PAYMENTTERM,
       A.FATHERNAME,
       A.SEX,
       A.OTATTENDENCEHEADCODE,
       A.MARITALSTATUS,
       A.CATEGORYCODE,
       A.DATEOFBIRTH,
       A.DATEOFAPPOINTMENT,
       A.DATEOFJOINING,
       A.PUNCHCARDNO,
       A.PERMANENTAFTERDAY,
       A.PRESENTADDRESS,
       A.PRESENTCITYCODE,
       A.PRESENTSTATECODE,
       A.PRESENTPHONENO,
       A.PERMANENTADDRESS,
       A.PERMANENTCITYCODE,
       A.PERMANENTSTATECODE,
       A.PERMANENTPHONENO,
       A.OFFDAY,
       A.GROSSSALARY,
       A.PFDEDUCTIONON,
       A.PFACCOUNTNO,
       A.NOOFNOMINEE,
       A.ESICACCOUNTNO,
       A.NOOFDEPENDENCE,
       A.HOSPITALCODE,
       A.PAYMENTMODE,
       A.BANKACCOUNTNO,
       A.BANKCODE,
       A.SHIFTCODE,
       A.EMPLOYEENATURECODE,
       A.STAFFTYPECODE,
       A.REMARK,
       A.DATECREATED,
       A.DATEMODIFY,
       A.COMPANYCODE,
       A.EMPLOYEENATURE,
       A.EMPLOYMENTTYPECODE,
       A.MONEYTRANSFERMODECODE,
       A.NOOFDEPENDENTS,
       A.SALARYSCHEMECODE,
       A.STAFFTYPE,
       A.EMPLOYEEACCOUNTCODE,
       A.GENDER,
       A.LOANACCOUNTCODE,
       A.SALARYACCOUNTCODE,
       A.CREATOR,
       A.LOCATIONCODE,
       A.EMPLOYEEID,
       A.DATEOFRETIREMENT,
       A.DATEOFCONFIRMATION,
       A.PRODUCTIONCENTRECODE,
       A.REPORTTOEMPLOYEECODE,
       A.INCENTIVESCHEMECODE,
       A.VEHICLENO,
       --A.DESIGNATIONNAME,
       --A.DEPARTMENTNAME,
       to_char(A.CREATIONTIME,'DD-MM-YYYY HH24:MI:SS')CREATIONTIME,
       A.PRESENTPOLICESTATION,
       A.PERMANENTPOLICESTATION,
       A.BLOODGROUP,
       A.PANNO,
       A.DRIVINGLICENSENO,
       A.DRIVINGLICENSEEXPIRYDATE,
       A.OFFICEMOBILENO,
       A.OFFICEEMAILID,
       A.PLACEOFBIRTH,
       A.DATEOFRESIGNATION,
       A.SITECODE,
       A.SITENAME,
       A.BRANCHCODE,
       A.PERIODOFPREVIOUSSERVICEINMONTH,
       A.BONUSPERCENT,
       A.PRESENTPINCODE,
       A.ATTACHEDVEHICLENO,
       A.VEHICLEDESIGNATIONCODE,
       A.ESICESTABLISHMENTCODENO,
       A.INCENTIVESTARTDATE,
       A.UAN,
       A.ZONECODE,
       A.PERSONALEMAILID,
       A.PRESENTDISTRICTCODE,
       A.PERMANENTDISTRICTCODE,
       A.IFSCCODE,
       A.BANKBRANCHNAME,
       A.APPOINTMENTLETTERISSUEDATE,
       A.APPOINTMENTLETTERISSUENO,
       A.HUSBANDNAME,
       A.ADHARNO,
       A.OVERTIMESCHEMECODE,
       A.CATEGORY,
       A.MINORITY,
       A.OLDEMPLOYEECODE,
       A.EMPLOYEEIDTEMP
  from EMPLOYEE A , DEPARTMENT B , DESIGNATION C
  WHERE A.DEPARTMENTCODE = B.DEPARTMENTCODE(+)
  AND A.DESIGNATIONCODE = C.DESIGNATIONCODE(+)
  Order By A.TNO Desc","","",""
117,"Purchase Order List","PURCHASE-ORDER-LIST",944894414656371253,"Purchase Order Report","purchase-order-report","NATIVE_IR","","Select
      row_number() over(order by xxx.PurchaseOrderDate) SerialNo,
      xxx.TNo,
      xxx.SNo,
      xxx.LocationName,
      xxx.DocTypeName,
      xxx.PurchaseOrderNo,
      xxx.PurchaseOrderDate,
      xxx.PartyName,
      xxx.DeliveryDate,
      xxx.ItemCode,
      xxx.MaterialDetail,
      xxx.UOM,
      round(xxx.Quantity1,3) as Quantity1,
      xxx.UOM2,
      round(xxx.Quantity2,3) as Quantity2,
      xxx.AgentName,
      xxx.Rate,
      round(xxx.Amount,2) as Amount,
      xxx.CGST,
      xxx.SGST,
      xxx.IGST,
      xxx.TCS,
      round(xxx.FooterAmount,2) as FooterAmount,
      round((xxx.FooterAmount - (xxx.CGST + xxx.SGST + xxx.IGST + xxx.TCS)),2) as OtherAmount,
      round(xxx.TotalAmount,2) as TotalAmount,
      round(xxx.GRNReceivedQty,3) as GRNReceivedQty,
      round(xxx.GRNReceivedQty2,3) as GRNReceivedQty2,
      round(xxx.WBAcceptedWeight,3) as WBAcceptedWeight,
      round(xxx.WBNetWeight,3) as WBNetWeight,
      round(xxx.balanceQty,3) as BalanceQty,
      xxx.DocumentStatusCode,
      xxx.DocStatus,
      xxx.FreightTypeCode,
      xxx.GRNStatus,
     -- xxx.POStatus,
      xxx.Creator,
      xxx.CreationTime,
      'Attachment' as Attachment,
      '<a href=""'||APEX_UTIL.PREPARE_URL('f?p='||:APP_ID||':'||9993||':'||:APP_SESSION||'::::'||'P9993_TNO,P9993_REPNAME'||':'||xxx.TNO||','||'PurchaseOrder'||':NO')||'""><span aria-label=""Action""><span class=""fa fa-print""  aria-hidden=""true"" title=""Action""></span</span></a>' AS Print
From (
Select
      xx.TNo,
      xx.SNo,
      xx.LocationName,
      xx.DocTypeName,
      xx.PurchaseOrderNo,
      xx.PurchaseOrderDate,
      xx.PartyName,
      xx.DeliveryDate,
      xx.ItemCode,
      xx.MaterialDetail,
      xx.UOM,
      xx.Quantity1,
      xx.UOM2,
      xx.Quantity2,
      xx.AgentName,
      xx.Rate,
      xx.Amount,
      sum(xx.CGST)CGST,
      sum(xx.SGST)SGST,
      sum(xx.IGST)IGST,
      sum(xx.TCS)TCS,
      xx.FooterAmount,
      xx.TotalAmount,
      xx.GRNReceivedQty,
      xx.GRNReceivedQty2,
      xx.WBAcceptedWeight,
      xx.WBNetWeight,
      xx.balanceQty,
      xx.DocumentStatusCode,
      xx.DocStatus,
      xx.FreightTypeCode,
      xx.GRNStatus,
     -- xx.POStatus,
      xx.Creator,
      xx.CreationTime
From (
Select
      a.TNo,
      b.SNo,
      l.LocationName,
      d.DocTypeName,
      a.PurchaseOrderNo,
      a.PurchaseOrderDate,
      p.PartyCode,
      p.PartyName,
      a.DeliveryDate,
      e.ItemCode,
      e.ItemName,
      ee.ItemSpecificationName,
      e.ItemName||' ( '||ee.ItemSpecificationName||' )' as MaterialDetail,
      mu.MeasuringUnitName as UOM,
      b.Quantity1,
      e.MeasuringUnitCode2 as UOM2,
      b.Quantity2,
      GetPartyName(a.AgentCode) AgentName,
      B.Rate,
      b.Amount,
      Nvl(Decode(c.FooterHeadCode,'.CGST.',c.FooterValue),0) as CGST,
      Nvl(Decode(c.FooterHeadCode,'.SGST.',c.FooterValue),0) as SGST,
      Nvl(Decode(c.FooterHeadCode,'.IGST.',c.FooterValue),0) as IGST,
      Nvl(Decode(c.FooterHeadCode,'.TCS.',c.FooterValue),0) as TCS,
      b.FooterAmount,
      b.TotalAmount,
      g.GRNReceivedQuantity1 as GRNReceivedQty,
      g.GRNReceivedQuantity2 as GRNReceivedQty2,
      g.WBAcceptedWeight as WBAcceptedWeight,
      g.WBNetWeight as WBNetWeight,
      b.Quantity1 - g.GRNReceivedQuantity1 as balanceQty,
      dsd.DocumentStatusCode,
      case When dsd.DocumentStatusCode = 'ACTIVE' Then 'ACTIVE'
           When dsd.DocumentStatusCode is null Then 'NONACTIVE'
           When dsd.DocumentStatusCode = 'PREPARING' Then 'PREPARING'
           When dsd.DocumentStatusCode = 'PREPARED' Then 'PREPARED'
           When dsd.DocumentStatusCode = 'AUTHORISED' Then 'AUTHORISED'
           When dsd.DocumentStatusCode = 'CANCELED' Then 'CANCELED'
           When dsd.DocumentStatusCode = 'ONHOLD' Then 'ONHOLD'
           When dsd.DocumentStatusCode = 'SHORTCLOSED' Then 'SHORTCLOSED'
 ","          When dsd.DocumentStatusCode = 'CLOSED' Then 'CLOSED'
           When dsd.DocumentStatusCode = 'DEPTAPPROVED' Then 'DEPTAPPROVED'
           When dsd.DocumentStatusCode = 'STOREAPPROVED' Then 'STOREAPPROVED'
      End as DocStatus,
      ft.FreightTypeName as FreightTypeCode,
      Case --When g.GRNReceivedQuantity1 >= b.quantity1 - (b.quantity1 * b.lowertolerancepercent) / 100 Then 'DONE'--  g.GRNReceivedQuantity1 Then 'DONE'
           When g.GRNReceivedQuantity1 >= b.quantity1  Then 'DONE'
           When b.Quantity1 > g.GRNReceivedQuantity1 Then 'PARTIAL'
	       --When g.GRNReceivedQuantity1 is null or  b.Quantity1 > g.GRNReceivedQuantity1 Then 'PENDING'
           When g.GRNReceivedQuantity1 is null  Then 'PENDING'
      End as GRNStatus,
     -- nvl(decode(poc.PurchaseOrderTno,a.TNo,'SHORT-CLOSE'),'OPEN') as POStatus,
      'Attachment' as Attachment,
      'Details' as Property,
      'PURCHASEORDER' as Module,
      bue.EmployeeName||'( '||a.Creator||' )' as Creator,
      a.CreationTime
From  PurchaseOrder a, PurchaseOrderDetail b, PurchaseOrderDetailFooter c, Location l, DocType d, Party p,  Item e, ItemSpecification ee, MeasuringUnit mu, BossUser bu, Employee bue,
      (Select
            b.ItemCode,
            b.ItemSpecificationCode,
            a.PurchaseOrderTNo,
            sum(b.ReceivedQuantity1) as GRNReceivedQuantity1,
            sum(b.ReceivedQuantity2) as GRNReceivedQuantity2,
            sum(w.AcceptedWeight) as WBAcceptedWeight,
            sum(w.NetWeight) as WBNetWeight
      From  GRN a, GRNDetail b, Weighment w
      Where a.TNo = b.TNo
        and a.PurchaseOrderTNo is not null
        and a.WeighmentTNo = w.TNo(+)
      Group By b.ItemCode,
            b.ItemSpecificationCode,
            a.PurchaseOrderTNo
      ) g, DocumentStatusDetail dsd, --PurchaseOrderClose poc,
      FreightType ft
Where a.TNo = b.TNo(+)
  and b.TNo = c.TNo(+)
  and b.SNo = c.SNo(+)
  and a.LocationCode = l.LocationCode(+)
  and a.DocTypeCode = d.DocTypeCode(+)
  and a.PartyCode = p.PartyCode(+)
  and e.TNo = ee.TNo
  and b.ItemCode = e.ItemCode(+)
  and b.ItemSpecificationCode = ee.ItemSpecificationCode(+)
  and e.MeasuringUnitCode1 = mu.MeasuringUnitCode(+)
  and nvl(e.ItemClassificationCode,'MATERIAL') = 'MATERIAL'
  and b.TNo = g.PurchaseOrderTNo(+)
  and b.ItemCode = g.ItemCode(+)
  and b.ItemSpecificationCode = g.ItemSpecificationCode(+)
  and a.TNo = dsd.ModuleTno(+)
  --and a.TNo = poc.PurchaseOrderTNo(+)
  and a.Creator = bu.LoginName(+)
  and bu.EmployeeCode = bue.EmployeeCode(+)
  and a.FreightTypeCode = ft.FreightTypeCode(+)
  and (:P117_TODOLIST = 'YES' OR :P117_NEXTPROCESS = 'YES' OR (a.PurchaseOrderDate between :P117_FROMDATE and :P117_TODATE))
  and (:P117_TODOLIST = 'YES' OR :P117_NEXTPROCESS = 'YES' OR :P117_COMPANY is null or (instr(':'||:P117_COMPANY||':',':'||a.CompanyCode||':') > 0))
  and (:P117_TODOLIST = 'YES' OR :P117_NEXTPROCESS = 'YES' OR :P117_LOCATION is null or (instr(':'||:P117_LOCATION||':',':'||a.LocationCode||':') > 0))
  and (:P117_TODOLIST = 'YES' OR :P117_NEXTPROCESS = 'YES' OR :P117_DOCTYPE is null or (instr(':'||:P117_DOCTYPE||':',':'||a.DocTypeCode||':') > 0))
  and ( :P117_PARTYNAME IS NULL OR instr(':'||:P117_PARTYNAME||':',':'||a.PartyCode||':') > 0 )
  and ( :P117_ITEM IS NULL OR instr(':'||:P117_ITEM||':',':'||e.ItemCode||':') > 0 )
  and ( :P117_ITEMSPECIFICATION IS NULL OR instr(':'||:P117_ITEMSPECIFICATION||':',':'||ee.ItemSpecificationCode||':') > 0 )
-- added on 20-may-2024 Previleage
 and getlocationprivilege(a.locationcode,getmodulecodeforpageno(:APP_PAGE_ID),A.COMPANYCODE,:GLOBAL_LOGINNAME)='YES'
 AND getdoctypeprivilege(a.doctypecode,getmodulecodeforpageno(:APP_PAGE_ID),A.COMPANYCODE,:GLOBAL_LOGINNAME)='YES'
 and getcompanyprivilege(A.COMPANYCODE,GETMODULECODEFORPAGENO(:APP_PAGE_ID),:GLOBAL_LOGINNAME)='YES'
 -- and nvl(decode(poc.PurchaseOrderTno,a.TNo",",'SHORT-CLOSE'),'OPEN') like nvl(:P117_POSTATUS,'%')
 /*Case When g.GRNReceivedQuantity1 >= b.quantity1 - (b.quantity1 * b.lowertolerancepercent) / 100 Then 'DONE'--  g.GRNReceivedQuantity1 Then 'DONE'
           --When b.Quantity1 > g.GRNReceivedQuantity1 Then 'PARTIAL'
	       When g.GRNReceivedQuantity1 is null or  b.Quantity1 > g.GRNReceivedQuantity1 Then 'PENDING'
      End like nvl(:P117_GRNSTATUS,'%')
*/
/*  and Case When b.Quantity1 <= g.GRNReceivedQuantity1 Then 'DONE'
           When b.Quantity1 > g.GRNReceivedQuantity1 Then 'PARTIAL'
	       When g.GRNReceivedQuantity1 is null Then 'PENDING'
      End like nvl(:P117_GRNSTATUS,'%')
*/
  and case When dsd.DocumentStatusCode = 'ACTIVE' Then 'ACTIVE'
           When dsd.DocumentStatusCode is null Then 'NONACTIVE'
           When dsd.DocumentStatusCode = 'PREPARING' Then 'PREPARING'
           When dsd.DocumentStatusCode = 'PREPARED' Then 'PREPARED'
           When dsd.DocumentStatusCode = 'AUTHORISED' Then 'AUTHORISED'
           When dsd.DocumentStatusCode = 'CANCELED' Then 'CANCELED'
           When dsd.DocumentStatusCode = 'ONHOLD' Then 'ONHOLD'
           When dsd.DocumentStatusCode = 'SHORTCLOSED' Then 'SHORTCLOSED'
           When dsd.DocumentStatusCode = 'CLOSED' Then 'CLOSED'
           When dsd.DocumentStatusCode = 'DEPTAPPROVED' Then 'DEPTAPPROVED'
           When dsd.DocumentStatusCode = 'STOREAPPROVED' Then 'STOREAPPROVED'
      End  like nvl(:P117_STATUS,'%')
  and a.PurchaseOrderNo like nvl(:P117_PONO,'%')
  order by a.purchaseorderdate desc , a.purchaseorderno desc
  )xx
  --where xx.GRNSTATUS like nvl(:P117_GRNSTATUS,'%')
  where ( :P117_GRNSTATUS IS NULL OR instr(':'||:P117_GRNSTATUS||':',':'||xx.GRNSTATUS||':') > 0 )
Group By
        xx.TNo,
      xx.SNo,
      xx.LocationName,
      xx.DocTypeName,
      xx.PurchaseOrderNo,
      xx.PurchaseOrderDate,
      xx.PartyName,
      xx.DeliveryDate,
      xx.ItemCode,
      xx.MaterialDetail,
      xx.UOM,
      xx.Quantity1,
      xx.UOM2,
      xx.Quantity2,
      xx.AgentName,
      xx.Rate,
      xx.Amount,
      xx.FooterAmount,
      xx.TotalAmount,
      xx.GRNReceivedQty,
      xx.GRNReceivedQty2,
      xx.WBAcceptedWeight,
      xx.WBNetWeight,
      xx.balanceQty,
      xx.DocumentStatusCode,
      xx.DocStatus,
      xx.FreightTypeCode,
      xx.GRNStatus,
     -- xx.POStatus,
      xx.Creator,
      xx.CreationTime
)xxx
where (:P117_TODOLIST='NO' OR  (:P117_TODOLIST='YES' AND EXISTS ( SELECT 1 FROM ONTHETABLE_APEX YY WHERE YY.TNO=XXX.TNO) ))
AND ( :P117_NEXTPROCESS='NO' OR (:P117_NEXTPROCESS = 'YES' AND (  getdocumentstatuscode('PURCHASEORDER',XXX.TNO)='ACTIVE'
                                    AND  NOT EXISTS (Select 1 From MaterialIn AA Where AA.Purchaseordertno = XXX.TNO)
                                ))

 )
 ",""
118,"Purchase Order","PURCHASE-ORDER",653766931975247397,"General","general","NATIVE_FORM","","select TNO,
       COMPANYCODE,
       FINANCIALYEARCODE,
       LOCATIONCODE,
       DOCTYPECODE,
       DEPARTMENTCODE,
       EMPLOYEECODE,
       PURCHASEORDERNO,
       PURCHASEORDERDATE,
       DELIVERYDATE,
       CURRENCYUNITCODE,
       CURRENCYVALUE,
       WORKORDERTNO,
       PARTYCODE,
       QUOTATIONTNO,
       RATECONTRACTTNO,
       DELIVERYORDERTNO,
       INDENTTNO,
       PURCHASEORDERAMOUNT,
       SUBJECTTEXT,
       REFERENCETEXT,
       LETTERTEXT,
       TITLETEXT,
       REMARK,
       ITEMWISEFOOTER,
       SUMOFAMOUNT,
       SUMOFFOOTERAMOUNT,
       AGENTCODE,
       CREDITDAYS,
       STORAGELOCATIONCODE,
       STOCKDATE,
       COMMISSIONRATE,
       CREATOR,
       FREIGHTTYPECODE,
       FREIGHTCONTRACTTNO,
       FREIGHTRATE,
       ISEVENTRANSACTION,
       COMPARATIVESTATEMENTTNO,
       XPLANT,
       EXPARTYPLANT,
       LIFTINGFROMCITYCODE,
       UNLOADINGCITYCODE,
       TRANCTIONTYPECODE,
       TRANSACTIONTYPECODE,
       PAYMENTBYLC,
       NATUREOFSUPPLYCODE,
       PREDI,
       DELIVERYSCHEDULEWITHPO,
       ITEMWISESCHEDULE,
       REFERENCEPURCHASEORDERTNO,
       CREATIONTIME,
       PAIDAMOUNT,
       ROYALTYPERCENTAGE,
       ROYALTYPENALTYPERUNIT,
       ISFULLADVANCE,
       POADVANCEAMOUNT,
       PAYMENTADVICELOCATIONCODE,
       MARINEINSURANCETNO,
       MARINEINSURANCEAMOUNT,
       SAUDAPATRAKNO,
       SAUDAPATRAKDATE,
       lendingongross,
       shipto,
       customercode,
       pendingsotno,
       isopenspec,
       quantity
  from PURCHASEORDER","","",""
118,"Purchase Order","PURCHASE-ORDER",651062500031082203,"Detail","detail","NATIVE_IG","","select ROWID,
       TNO,
       SNO,
       INDENTTNO,
       ITEMCODE,
       ITEMSPECIFICATIONCODE,
       DESCRIPTION,
       GetMeasuringUnitNameFromItem(ITEMCODE) as Unit1,
       QUANTITY1,
       GetMeasuringUnit2NameFromItem(ITEMCODE) as Unit2,
       QUANTITY2,
       TOLERANCE,
       RECEIVEDQUANTITY1,
       RECEIVEDQUANTITY2,
       RATEMEASURINGUNITCODE,
       RATE,
       AMOUNT,
       FOOTERAMOUNT,
       TOTALAMOUNT,
       REMARK,
       DOCUMENTSTATUSCODE,
       MATERIALINQUANTITY1,
       MATERIALINQUANTITY2,
       LOWERTOLERANCEPERCENT,
       HIGHERTOLERANCEPERCENT,
       PURCHASEBILLQUANTITY1,
       PURCHASEBILLQUANTITY2,
       GATEPASSQUANTITY1,
       GATEPASSQUANTITY2,
       ACCEPTEDQUANTITY1,
       ACCEPTEDQUANTITY2,
       INSPECTEDQUANTITY1,
       INSPECTEDQUANTITY2,
       JOININSPECTEDQUANTITY1,
       JOININSPECTEDQUANTITY2,
       JOINACCEPTEDQUANTITY1,
       JOINACCEPTEDQUANTITY2,
       CHALANQUANTITY1,
       CHALANQUANTITY2,
       PBPASSQUANTITY1,
       PBPASSQUANTITY2,
       SHORTAGETOLERANCE,
       SHORTAGEDEDUCTIONFROM,
       SHORTAGETOLERANCEMETHOD,
       TAXRULECODE,
       DEDUCTIONBASISCODE,
       DEDUCTIONRATE,
       --PRORATA,
       --QUALITYCODE,
       WITHOUTDISCOUNTRATE,
       DISCOUNTPERCENTAGE,
       DISCOUNTRATE,
       RATEAFTERDISCOUNT,
       ISRATEINCLUSIVETAX,
       FREIGHTDEDUCTIONRATE,
       'Q' as Q,
       'FD' as FD
  from PURCHASEORDERDETAIL
  where tno = :P118_TNO","","",""
118,"Purchase Order","PURCHASE-ORDER",654000419029289318,"Terms and Conditions","terms-and-conditions","NATIVE_IG","","select ROWID,
       TNO,
       SNO,
       TERMSANDCONDITIONHEADCODE,
       TERMSANDCONDITION
  from PURCHASEORDERTAC
  where tno = :P118_TNO","","",""
118,"Purchase Order","PURCHASE-ORDER",654125604639489980,"FooterDetail","footerdetail","NATIVE_IG","","select ROWID,
       TNO,
       SNO,
       FOOTERHEADCODE,
       FOOTERPERCENT,
       FOOTERVALUE,
       SERIALNO,
       TAXFORMCODE,
       LEGENDSCODE
  from PURCHASEORDERDETAILFOOTER
  where tno = :P118_TNO
    and sno = :P118_SNO","","",""
118,"Purchase Order","PURCHASE-ORDER",658272093638398082,"Special Note","special-note","NATIVE_IG","","select ROWID,
       TNO,
       SNO,
       FOOTERNOTE
  from PURCHASEORDERFN
  where tno = :P118_TNO","","",""
118,"Purchase Order","PURCHASE-ORDER",1243898235897710871,"Attachment","attachment","NATIVE_IR","","select A.TNO,
       --A.SNO,
       --DESCRIPTION,
       A.ATTRIBUTEVALUE,
       A.ATTACHMENTBLOB,
       A.FILENAME,
       A.ATTRIBUTECODE,
       A.MODULETNO,
       A.MODULESNO,
       b.PARTYATTRIBUTEname
  from MODULEATTACHMENT A, partyattribute b
  WHERE A.MODULETNO = :P118_TNO
  and a.ATTRIBUTECODE = b.PARTYATTRIBUTECODE","","",""
118,"Purchase Order","PURCHASE-ORDER",658273239251398093,"Vendor Acceptance","vendor-acceptance","NATIVE_FORM","","select
       TNO,
       MODULECODE,
       MODULETNO,
       MODULESNO,
       ACCEPTANCEDATE,
       DELIVERYDATE,
       PERSONACCOUNTABLE,
       DESIGNATION,
       MOBILENO,
       ACCEPTANCE,
      -- ISUPDATED,
       EXPIRYTIME
  from MA_ACCEPTANCE
  where moduletno = :P118_TNO
","","",""
118,"Purchase Order","PURCHASE-ORDER",658274824140398109,"E-Mail","e-mail","NATIVE_FORM","","select TNO,
       MODULETNO,
       MODULESNO,
       MODULESN,
       MODULECODE,
      -- MODULETABLENAME,
      -- MODULESERIALNO,
       ATTRIBUTECODE,
       ATTRIBUTEVALUE,
      -- DESCRIPTION,
      -- ATTACHMENTBLOB,
      decode( nvl(FileName, 'NULL'), 'NULL', 'NO', 'YES') as FILENAME,
      -- MIMETYPE,
       REMARK
  from MODULEATTACHMENT
  where tno = :P118_TNO","","",""
127,"Storage Location List","STORAGE-LOCATION-LIST",593679801670085312,"Storage Location List","storage-location-list","NATIVE_IR","","select A.TNO,
       A.STORAGELOCATIONCODE,
       A.STORAGELOCATIONNAME,
       A.STORAGELOCATIONSHORTNAME,
       A.PARENTCODE,
       b.STORAGELOCATIONNAME as Parent ,
       A.REMARK,
       A.DATECREATED,
       A.DATEMODIFY,
       A.CREATOR,
       A.ISOUTOFPREMISES,
       A.ALLOCATIONINCCINVOICEALLOWED
  from STORAGELOCATION A , STORAGELOCATION B
  where A.STORAGELOCATIONCODE = B.STORAGELOCATIONCODE(+)
  Order By A.TNO Desc","","",""
141,"Stock  Division Wise","STOCK-DIVISION-WISE",689067459486981184,"Stock  Division Wise","stock-division-wise-2","NATIVE_IR","","Select
        row_number() over(order by x.Itemcode) SerialNo,
        x.Itemcode,
        x.ItemSpecificationCode,
        x.companycode,
        getcompanyname(x.companycode) as Company,
        /*Case
         When ROW_NUMBER()
          Over(Partition By x.Itemcode Order By x.Itemcode) = 1 Then
          x.Itemcode
         Else
          Null
       End Itemcode,*/
       Case
         When ROW_NUMBER()
          Over(Partition By x.Itemcode Order By x.Itemcode) = 1 Then
          x.ItemName
         Else
          Null
       End ItemName,
       /*Case
         When ROW_NUMBER()
          Over(Partition By x.Itemcode,ItemSpecificationCode Order By x.Itemcode,ItemSpecificationCode) = 1 Then
          x.ItemSpecificationCode
         Else
          Null
       End ItemSpecificationCode,
       */
       Case
         When ROW_NUMBER()
          Over(Partition By x.Itemcode,ItemSpecificationCode Order By x.Itemcode,ItemSpecificationCode) = 1 Then
          x.ItemSpecificationName
         Else
          Null
       End ItemSpecificationName,
       Case
         When ROW_NUMBER()
          Over(Partition By x.Itemcode,ItemSpecificationCode,x.locationcode Order By x.Itemcode,ItemSpecificationCode,x.locationcode ) = 1 Then
          x.locationname
         Else
          Null
       End locationname,
    /* ,
     x.ItemName,
     x.ItemSpecificationCode,
       x.ItemSpecificationName,*/
       x.storagelocationcode,
       x.storagelocationname,
       x.locationcode,
     --  x.locationname,
       getLLItemOpeningQuantity1(x.locationcode, x.StorageLocationCode, x.ItemCode, x.ItemSpecificationCode,  X.COMPANYCODE , (to_date(:P141_ASONDATE,'dd-mm-yyyy') + 1))
        As ClosingQty
  From (Select Distinct A.ITEMCODE,
                        A.ITEMNAME,
                        B.ITEMSPECIFICATIONCODE,
                        B.ITEMSPECIFICATIONNAME,
                        e.storagelocationcode,
                        e.storagelocationname,
                        f.locationcode,
                        f.locationname,
                        c.companycode
          From ITEM               A,
               ITEMSPECIFICATION  B,
               stock              c,
               stockstoragedetail d,
               Storagelocation    e,
               Location           f
         Where A.TNO = B.TNO
           And a.itemcode = c.itemcode
           And b.itemspecificationcode = c.itemspecificationcode
           And c.tno = d.tno
           And d.storagelocationcode = e.storagelocationcode
           ---- Filter
           AND LENGTH(:P141_ASONDATE) > 0
          AND INSTR(':'||:P141_COMPANY||':',':'||C.COMPANYCODE||':') > 0
          AND ( :P141_LOCATION is null or INSTR(':'||:P141_LOCATION||':',':'||C.LOCATIONCODE||':') > 0)
          AND ( :P141_ITEM IS NULL OR INSTR(':'||:P141_ITEM||':',':'||A.ITEMCODE||':') > 0 )
          AND ( :P141_ITEMNATURE IS NULL OR INSTR(':'||:P141_ITEMNATURE||':',':'||A.ITEMnaturecode||':') > 0 )
          AND ( :P141_ITEMSPECIFICATION IS NULL OR INSTR(':'||:P141_ITEMSPECIFICATION||':',':'||B.ITEMSPECIFICATIONCODE||':') > 0 )
          AND ( :P141_STORAGELOCATION IS NULL OR INSTR(':'||:P141_STORAGELOCATION||':',':'||E.STORAGELOCATIONCODE||':') > 0 )
           ) x
 Where
 getLLItemOpeningQuantity1(x.locationcode, x.StorageLocationCode, x.ItemCode, x.ItemSpecificationCode,  x.COMPANYCODE, (to_date(:P141_ASONDATE,'dd-mm-yyyy') + 1)) > 0;

","","",""
142,"Purchase Bill Register","PURCHASE-BILL-REGISTER",484351041090418341,"Purchase Bill Register Report","purchase-bill-register-report","NATIVE_IR","","Select   NVL(getdocumentstatuscode(GetModuleCodeForPageNo(:APP_PAGE_ID),xxx.TNO),'STATUS') AS Status ,
          xxx.TNo,
          xxx.SNo,
          xxx.LocationName,
          xxx.PurchaseBillNo,
          xxx.PurchaseBillDate,
          xxx.Vendor,
          xxx.PartyBillNo,
          xxx.partyBillDate,
          xxx.ItemCode,
          xxx.Item,
          xxx.UOM1,
          round(xxx.Quantity1,3) as Quantity1,
          xxx.UOM2,
          round(xxx.Quantity2,3) as Quantity2,
          xxx.Rate,
          xxx.UOM,
          round(xxx.Amount,2) as Amount,
          xxx.CGST,
          xxx.SGST,
          xxx.IGST,
          xxx.TCS,
          round(xxx.FooterAmount,2) as FooterAmount,
          round((xxx.FooterAmount - (xxx.CGST + xxx.SGST + xxx.IGST + xxx.TCS)),2) as OtherAmount,
          round(xxx.TotalAmount,2) as TotalAmount,
          xxx.PBPASS_STATUS,
          xxx.PBPassNo,
          xxx.PBPassDate,
		    xxx.locationcode,
		    xxx.vendoraddress,
          (SELECT SUM(footerpercent)
                  FROM Purchasebilldetailfooter
                 WHERE tno = xxx.tno
                   AND sno = xxx.sno
                   AND footerheadcode IN ('.CGST.', '.SGST.', '.IGST.')
          ) as footerpercent,
		  xxx.hsncode,
          xxx.creator,
          xxx.creationtime,
          xxx.purchaseordertno

        From (Select
                      xx.TNo,
                      xx.SNo,
                      xx.LocationName,
                      xx.PurchaseBillNo,
                      xx.PurchaseBillDate,
                      xx.Vendor,
                      xx.PartyBillNo,
                      xx.partyBillDate,
                      xx.ItemCode,
                      xx.Item,
                      xx.UOM1,
                      xx.Quantity1,
                      xx.UOM2,
                      xx.Quantity2,
                      xx.Rate,
                      xx.RateMeasuringUnitCode UOM,
                      xx.Amount,
                      sum(xx.CGST) CGST,
                      sum(xx.SGST) SGST,
                      sum(xx.IGST) IGST,
                      sum(xx.TCS) TCS,
                      xx.FooterAmount,
                      xx.TotalAmount,
                      xx.PBPASS_STATUS,
                      xx.PBPassNo,
                      xx.PBPassDate,
					  xx.locationcode,
					  xx.vendoraddress,
					  max(xx.footerpercent) as footerpercent,
					  xx.hsncode,
                      xx.creator,
                      xx.creationtime,
                      xx.purchaseordertno
              From (Select
                      a.TNo,
                      b.SNo,
					  a.locationcode,
                      l.LocationName,
                      a.PurchaseBillNo,
                      a.PurchaseBillDate,
                      p.PartyName as Vendor,
					  (p.officeaddress ||
                      decode(p.officeaddress2, NULL, NULL, ',' || p.officeaddress2) ||
                       decode(p.officeaddress3, NULL, NULL, ',' || p.officeaddress3) ||
                       decode(p.officeaddress4, NULL, NULL, ',' || p.officeaddress4) ||
                       decode(p.officecitycode,
                               NULL,
                               NULL,
                               ',' || getcityname(p.officecitycode)) ||
                       decode(p.officestatecode,
                               NULL,
                               NULL,
                               ',' || getstatename(p.officestatecode)) ||
                       decode(p.officepincode,
                               NULL,
                               NULL,
                               ', PIN CODE -' || p.officepincode)

                       ) as vendoraddress,
                      a.PartyBillNo,
                      a.partyBillDate,
                      e.ItemCode,
                      e.ItemName||' ~ '||ee.ItemSpecifi","cationName as Item,
					  ee.hsncode,
                      e.MeasuringUnitCode1 as UOM1,
                      Case When  e.ItemClassificationCode != 'SERVICE' then b.Quantity1
                      end as Quantity1,
                      e.MeasuringUnitCode2 as UOM2,
                      Case When  e.ItemClassificationCode != 'SERVICE' then b.Quantity2
                      end as Quantity2,
                      b.Rate,
                      b.RateMeasuringUnitCode,
                      b.Amount,
					  c.footerpercent,
                      nvl(Decode(c.FooterHeadCode,'.CGST.', c.FooterValue),0) as CGST,
                      nvl(Decode(c.FooterHeadCode,'.SGST.', c.FooterValue),0) as SGST,
                      nvl(Decode(c.FooterHeadCode,'.IGST.', c.FooterValue),0) as IGST,
                      nvl(Decode(c.FooterHeadCode,'.TCS.', c.FooterValue),0) as TCS,
                      b.FooterAmount,
                      b.TotalAmount,
                      nvl(Decode(pbp.PurchaseBillTNo,a.TNo,'PREPARED'),'PENDING') as PBPASS_STATUS,
                      pbp.PBPassNo,
                      pbp.PBPassDate,
                      a.creator,
                      a.creationtime,
                      GetPurchaseorderNo(a.purchaseordertno) as purchaseordertno
                From  PurchaseBill a, PurchaseBillDetail b, PurchaseBillDetailFooter c, Location l, Item e, ItemSpecification ee, Party p, PurchaseOrder po, PBPass pbp
                Where a.TNo = b.TNo
                  and b.TNo = c.TNO(+)
                  and b.SNo = c.SNo(+)
                  and a.LocationCode = l.LocationCode
                  and b.ItemCode = e.ItemCode(+)
                  and b.ItemSpecificationCode = ee.ItemSpecificationCode(+)
                  and a.PartyCode = p.PartyCode(+)
                  and a.PurchaseOrderTNo = po.TNo(+)
                  and a.PurchaseBillDate between :P142_FROMDATE and :P142_TODATE
                  and ( :P142_COMPANY is null or instr(':'||:P142_COMPANY||':',':'||a.CompanyCode||':') > 0)
                  and ( :P142_LOCATION is null or instr(':'||:P142_LOCATION||':',':'||a.LocationCode||':') > 0)
                  and ( :P142_PARTY IS NULL OR instr(':'||:P142_PARTY||':',':'||a.PartyCode||':') > 0 )
                  and ( :P142_ITEM IS NULL OR instr(':'||:P142_ITEM||':',':'||e.ItemCode||':') > 0 )
                  and ( :P142_ITEMSPECIFICATION IS NULL OR instr(':'||:P142_ITEMSPECIFICATION||':',':'||ee.ItemSpecificationCode||':') > 0 )
                  and nvl(Decode(pbp.PurchaseBillTNo,a.TNo,'PREPARED'),'PENDING') like nvl(:P142_PBPSTATUS,'%')
                  and a.TNo = pbp.PurchaseBillTNo(+)
                  and a.PurchaseBillNo like nvl(:P142_PBNO,'%')
                 -- and ( :P142_ITEMGROUP IS NULL OR instr(':'||:P142_ITEMGROUP||':',':'||e.ParentCode||':') > 0 )

                 and getlocationprivilege(a.locationcode,getmodulecodeforpageno(:APP_PAGE_ID),A.COMPANYCODE,:GLOBAL_LOGINNAME)='YES'
                 AND getdoctypeprivilege(a.doctypecode,getmodulecodeforpageno(:APP_PAGE_ID),A.COMPANYCODE,:GLOBAL_LOGINNAME)='YES'

                    )xx
                Group By
                       xx.TNo,
                       xx.SNo,
                       xx.LocationName,
                       xx.PurchaseBillNo,
                       xx.PurchaseBillDate,
                       xx.Vendor,
                       xx.PartyBillNo,
                       xx.partyBillDate,
                       xx.ItemCode,
                       xx.Item,
                       xx.UOM1,
                       xx.Quantity1,
                       xx.UOM2,
                       xx.Quantity2,
                       xx.Rate,
                       xx.RateMeasuringUnitCode,
                       xx.FooterAmount,
                       xx.Amount,
                       x","x.TotalAmount,
                       xx.PBPASS_STATUS,
                       xx.PBPassNo,
                       xx.PBPassDate,
					  xx.locationcode,
					  xx.vendoraddress,
					  xx.hsncode,
                      xx.creator,
                      xx.creationtime,
                      xx.purchaseordertno
                )xxx",""
143,"Purchase Bill","PURCHASE-BILL",600581388345171811,"General","general","NATIVE_FORM","","select TNO,
       COMPANYCODE,
       FINANCIALYEARCODE,
       LOCATIONCODE,
       DOCTYPECODE,
       PURCHASEBILLNO,
       PURCHASEBILLDATE,
       PARTYBILLNO,
       PARTYBILLDATE,
       PURCHASEORDERTNO,
       CURRENCYUNITCODE,
       CURRENCYVALUE,
       PARTYCODE,
       SUMOFAMOUNT,
       SUMOFFOOTERAMOUNT,
       PURCHASEBILLAMOUNT,
       REMARK,
       ITEMWISEFOOTER,
       SUPPLIERCODE,
       MANUFACTURERCODE,
       SUMOFFOOTERAMOUNTWITHRATE,
       JOBORDERTNO,
       DELIVERYORDERTNO,
       RAKETNO,
       CREATOR,
       BILLEDON,
       EXCISEBILLNO,
       EXCISEBILLDATE,
       BILLEDITEM,
       UPDATELANDINGIFSUPPLEMENTARY,
       TRANCTIONTYPECODE,
       TRANSACTIONTYPECODE,
       NATUREOFSUPPLYCODE,
       PORTCODE,
       BILLOFENTRYTNO,
       CREATIONTIME,
       FREIGHTADVANCEAMOUNT,
       TAXINROUND,
       billinroundfigure,
       purchasebillamountbeforeround,
       roundoff
  from PURCHASEBILL","","",""
143,"Purchase Bill","PURCHASE-BILL",600745117815249260,"DetailFooter","detailfooter","NATIVE_IG","","select ROWID,
       TNO,
       SNO,
       SERIALNO,
       FOOTERHEADCODE,
       FOOTERPERCENT,
       FOOTERVALUE,
       TAXFORMCODE,
       INCLUDEDINRATE,
       INCLUDEDWITHRATE,
       LEGENDSCODE,
       SN
  from PURCHASEBILLDETAILFOOTER
  where tno = :P143_TNO
  and sno = :P143_SNO","","",""
143,"Purchase Bill","PURCHASE-BILL",600815198305447250,"GRNSelection1","grnselection-2","NATIVE_IG","","select
       a.TNO,
       a.PURCHASEBILLTNO,
       a.PURCHASEORDERTNO,
       a.ISSELECTED,
       a.GRNTNO,
       a.GRNSNO,
       ' ' as PartyRefNo,
       b.ITEMCODE as Material,
       b.ITEMSPECIFICATIONCODE AS MATERIAL_DETAIL,
       b.RATEMEASURINGUNITCODE as Unit,
       b.CHALANQUANTITY1 as ChalanQty,
       b.RECEIVEDQUANTITY1 as Received,
       b.RECEIVEDQUANTITY1 as Accepted
  from GRNSELECTION_apex a, grndetail b
  where a.tno = :P143_TNO
  and a.grntno = b.tno
  and a.GRNSNO = b.sno","","",""
143,"Purchase Bill","PURCHASE-BILL",596723855758907765,"Detail","detail","NATIVE_IG","","select rowid , TNO,
       SNO,
       SERIALNO,
       PURCHASEORDERTNO,
       ITEMCODE,
       ITEMSPECIFICATIONCODE,
       DESCRIPTION,
       QUANTITY1,
       QUANTITY2,
       RATEMEASURINGUNITCODE,
       RATE,
       AMOUNT,
       FOOTERAMOUNT,
       TOTALAMOUNT,
       DOCUMENTSTATUSCODE,
       REMARK,
       OURRG23DNO,
       PARTYRG23DNO,
       ROUNDING,
       FOOTERAMOUNTWITHRATE,
       JOBORDERTNO,
       TAXRULECODE,
       PRORATA,
       QUALITYCODE,
       'GRN' as GRN,
       'FD' as FD,
       GetMeasuringUnit2NameFromItem(itemcode) as unit2,
       (SELECT PURCHASEORDERNO FROM PURCHASEORDER WHERE TNO = PURCHASEORDERTNO) as PURCHASEORDERNO

  from PURCHASEBILLDETAIL
  where tno = :P143_TNO","","",""
143,"Purchase Bill","PURCHASE-BILL",600746501858249274,"GRN","grn","NATIVE_IG","","select a.ROWID,
       a.GRNTNO,
       a.SNO,
       a.TNO,
       a.GRNSNO,
       a.DOCTYPECODE,
       b.acceptedquantity1,
       b.receivedquantity1,
       b.chalanquantity1,
       b.rejectedquantity1
  from PURCHASEBILLGRNDETAIL a , grndetail b
  where a.tno = :P143_TNO
  and a.sno = :P143_SNO
  and a.grntno = b.tno
  and a.grnsno = b.sno ","","",""
143,"Purchase Bill","PURCHASE-BILL",600813358654447232,"Terms & Conditions","terms-conditions","NATIVE_IG","","select ROWID,
       TNO,
       SNO,
       TERMSANDCONDITIONHEADCODE,
       TERMSANDCONDITION
  from PURCHASEBILLTAC
  where tno = :P143_TNO","","",""
143,"Purchase Bill","PURCHASE-BILL",1339747377681970406,"Attachment","attachment","NATIVE_IR","","select A.TNO,
       --A.SNO,
       --DESCRIPTION,
       A.ATTRIBUTEVALUE,
       A.ATTACHMENTBLOB,
       A.FILENAME,
       A.ATTRIBUTECODE,
       A.MODULETNO,
       A.MODULESNO,
       b.PARTYATTRIBUTEname
  from MODULEATTACHMENT A , partyattribute b
  WHERE A.MODULETNO = :P143_TNO
  and a.ATTRIBUTECODE = b.PARTYATTRIBUTECODE","","",""
144,"Stock Storage Location Wise","STOCK-STORAGE-LOCATION-WISE",621797707773646466,"Stock Stock Storage Location Wise","stock-stock-storage-location-wise-2","NATIVE_IR","","Select
         row_number() over(order by x.Itemcode) SerialNo,
        x.Itemcode,
        x.ItemSpecificationCode,
        x.companycode,
        getcompanyname(x.companycode) as Company,
        /*Case
         When ROW_NUMBER()
          Over(Partition By x.Itemcode Order By x.Itemcode) = 1 Then
          x.Itemcode
         Else
          Null
       End Itemcode,*/
       Case
         When ROW_NUMBER()
          Over(Partition By x.Itemcode Order By x.Itemcode) = 1 Then
          x.ItemName
         Else
          Null
       End ItemName,
       /*Case
         When ROW_NUMBER()
          Over(Partition By x.Itemcode,ItemSpecificationCode Order By x.Itemcode,ItemSpecificationCode) = 1 Then
          x.ItemSpecificationCode
         Else
          Null
       End ItemSpecificationCode,
       */
       Case
         When ROW_NUMBER()
          Over(Partition By x.Itemcode,ItemSpecificationCode Order By x.Itemcode,ItemSpecificationCode) = 1 Then
          x.ItemSpecificationName
         Else
          Null
       End ItemSpecificationName,

    /* ,
     x.ItemName,
     x.ItemSpecificationCode,
       x.ItemSpecificationName,*/
       x.storagelocationcode,
       x.storagelocationname,
       getSTLLItemOpeningQuantity1(:P144_LOCATION,
                                   x.storagelocationcode,
                                   x.ItemCode,
                                   x.ItemSpecificationCode,
                                   x.COMPANYCODE,
                                   :P144_ASONDATE) As ClosingQty
  From (Select Distinct A.ITEMCODE,
                        A.ITEMNAME,
                        B.ITEMSPECIFICATIONCODE,
                        B.ITEMSPECIFICATIONNAME,
                        e.storagelocationcode,
                        e.storagelocationname,
                        C.COMPANYCODE
          From ITEM               A,
               ITEMSPECIFICATION  B,
               stock              c,
               stockstoragedetail d,
               Storagelocation    e,
               Location           f
         Where A.TNO = B.TNO
           And a.itemcode = c.itemcode
           And b.itemspecificationcode = c.itemspecificationcode
           And c.tno = d.tno
           And d.storagelocationcode = e.storagelocationcode
           ---- Filter
           AND LENGTH(:P144_ASONDATE) > 0
          AND ( INSTR(':'||:P144_COMPANY||':',':'||C.COMPANYCODE||':') > 0)
          AND ( INSTR(':'||:P144_LOCATION||':',':'||C.LOCATIONCODE||':') > 0)
          AND ( :P144_ITEM IS NULL OR INSTR(':'||:P144_ITEM||':',':'||A.ITEMCODE||':') > 0 )
          AND ( :P144_ITEMSPECIFICATION IS NULL OR INSTR(':'||:P144_ITEMSPECIFICATION||':',':'||B.ITEMSPECIFICATIONCODE||':') > 0 )
          AND ( :P144_ITEMNATURE IS NULL OR INSTR(':'||:P144_ITEMNATURE||':',':'||a.itemnatureCODE||':') > 0 )
          AND ( :P144_STORAGELOCATION IS NULL OR INSTR(':'||:P144_STORAGELOCATION||':',':'||E.STORAGELOCATIONCODE||':') > 0 )
           ) x
  Where getSTLLItemOpeningQuantity1(:P144_LOCATION,
                                   x.storagelocationcode,
                                   x.ItemCode,
                                   x.ItemSpecificationCode,
                                   X.COMPANYCODE,
                                   :P144_ASONDATE) > 0

","","",""
145,"GRN Register","GRN-REGISTER",467319924760404589,"GRN Report","grn-report","NATIVE_IR","","Select
    a.TNo,
    b.SNo,
    l.LocationName,
    d.DocTypeName,
    a.GRNNo,
    a.GRNDate,
    p.PartyName,
    a.RefDocNo as PartyInvoiceNo,
    a.RefDocDate as PartyInvoiceDate,
    a.RefDocAmount as PartyInvoiceAmount,
    mi.MaterialInNo,
    mi.MaterialInDate,
    la.LoadingAdviceNo,
    la.LoadingAdviceDate,
    'PurchaseOrder' as Reference,
    po.TNo as ReferenceTNO,
    po.PurchaseOrderNo as ReferenceNo,
    po.PurchaseOrderDate as ReferenceDate,
    w.TNo as WeighmentTNo,
    w.WeighmentNo,
    w.WeighmentDate,
    W.Netweight,
    ROUND(nvl(b.acceptedquantity1,w.acceptedweight),3) as AcceptedWeight,
    t.PartyName as Transporter,
    a.VehicleNo,
    a.LRNO,
    a.LRDATE,
    e.ItemCode,
    e.ItemName||' ~ '||ee.ItemSpecificationName as Material,
    b.Description,
    e.MeasuringUnitCode1 as UOM,
    ROUND(b.ChalanQuantity1,3) AS ChalanQuantity1,
    ROUND(b.ReceivedQuantity1,3) AS ReceivedQuantity1,
    e.MeasuringUnitCode2 as UOM2,
    ROUND(b.ChalanQuantity2,3) AS ChalanQuantity2,
    ROUND(b.ReceivedQuantity2,3) AS ReceivedQuantity2,
    ROUND((ReceivedQuantity1- b.ChalanQuantity1),3) as Difference,
    ROUND((ReceivedQuantity2- b.ChalanQuantity2),3) as Difference2,
    Case When b.ChalanQuantity1 > b.ReceivedQuantity1 Then 'Shortage'
         When b.ChalanQuantity1 < b.ReceivedQuantity1 Then 'Excess'
         When b.ChalanQuantity1 = b.ReceivedQuantity1 Then 'Equal'
    End As ShortageExcess,

    dsd.DocumentStatusCode,
    b.WarrantyUpTo,
  --  'Details' as SerialNo,
    case When dsd.DocumentStatusCode = 'ACTIVE' Then 'ACTIVE'
           When dsd.DocumentStatusCode is null Then 'NONACTIVE'
           When dsd.DocumentStatusCode = 'PREPARING' Then 'PREPARING'
           When dsd.DocumentStatusCode = 'PREPARED' Then 'PREPARED'
           When dsd.DocumentStatusCode = 'AUTHORISED' Then 'AUTHORISED'
           When dsd.DocumentStatusCode = 'CANCELED' Then 'CANCELED'
           When dsd.DocumentStatusCode = 'ONHOLD' Then 'ONHOLD'
           When dsd.DocumentStatusCode = 'SHORTCLOSED' Then 'SHORTCLOSED'
           When dsd.DocumentStatusCode = 'CLOSED' Then 'CLOSED'
           When dsd.DocumentStatusCode = 'DEPTAPPROVED' Then 'DEPTAPPROVED'
           When dsd.DocumentStatusCode = 'STOREAPPROVED' Then 'STOREAPPROVED'
      End as DocStatus,
      b.Rate,
      b.Amount,
      GetDepartmentName(ii.DepartmentCode) as Department,
      GetEmployeeName(bu.EmployeeCode)||'('||a.Creator||')' as Creator,
      a.CreationTime,
      GETDINSPECTIONNO(a.TNO) as DINSPECTIONNO,
      GETDINSPECTIONDATE(a.TNO) as DINSPECTIONDATE,
      b.ACCEPTEDQUANTITY1 as PAcceptedQty,
      b.ACCEPTEDQUANTITY2 as SAcceptedQty,
      decode(GETDINSPECTIONNO(a.TNO),null,'PENDING' , 'PREPARED') as DStatus,
      ft.FreighttypeName,
      nvl(a.FreightRate,0) * nvl(b.ReceivedQuantity1,0) as FreightAmount,
            '<a href=""'||APEX_UTIL.PREPARE_URL('f?p='||:APP_ID||':'||9993||':'||:APP_SESSION||'::::'||'P9993_TNO,P9993_REPNAME'||':'||A.Tno||','||'GRN'||':NO')||'""><span aria-label=""Action""><span class=""fa fa-print""  aria-hidden=""true"" title=""Action""></span</span></a>' AS Print
From GRN a, GRNDetail b, Location l, DocType d, Party p, MaterialIn mi, Weighment w, PurchaseOrder po, Party t, DocumentStatusDetail dsd,
    Item e, ItemSpecification ee,LoadingAdvice la, -- StorageLocation sl, Inspection i,
    DInspectionDetail did, indent ii, BossUser bu, Freighttype ft
Where a.TNo = b.TNo(+)
  and a.LocationCode = l.LocationCode
  and a.DocTypeCode = d.DocTypeCode
  --and a.DocTypeCode = 'PURCHASE'
  and a.PartyCode = p.PartyCode
  and a.MaterialINTNo = mi.TNo(+)
  and a.LoadingAdviceTno = la.tno(+)
  and a.PurchaseOrderTNo = po.TNo(+)
  and a.WeighmentTNo = w.TNo(+)
  and a.TransporterCode = t.PartyCode(+)
  and a.TNo = dsd.ModuleTNo(+)
  and e.TNo = ee.TNo(+)
  and b.ItemCode = e.ItemCode(+)
  and b.ItemSpecificationCode = ee.ItemSp","ecificationCode(+)
  --and b.StorageLocationCode = sl.StorageLocationCode(+)
  --and a.TNo = i.GRNTNo(+)
  and b.TNo = did.GRNTNo(+)
  and b.ItemCode = did.ItemCode(+)
  and b.ItemSpecificationCode = did.ItemSpecificationCode(+)
  and did.IndentTNo = ii.TNo(+)
  and a.Creator = bu.LoginName(+)
  and a.FreighttypeCode = ft.FreighttypeCode(+)
  and getlocationprivilege(a.locationcode,getmodulecodeforpageno(:APP_PAGE_ID),A.COMPANYCODE,:GLOBAL_LOGINNAME)='YES'
 AND getdoctypeprivilege(a.doctypecode,getmodulecodeforpageno(:APP_PAGE_ID),A.COMPANYCODE,:GLOBAL_LOGINNAME)='YES'
 and getcompanyprivilege(A.COMPANYCODE,GETMODULECODEFORPAGENO(:APP_PAGE_ID),:GLOBAL_LOGINNAME)='YES'
  and a.GRNDate Between :P145_FROMDATE and :P145_TODATE
  --and instr(':'||:P145_COMPANY||':',':'||a.CompanyCode||':') > 0
  and ( :P145_COMPANY IS NULL OR instr(':'||:P145_COMPANY||':',':'||a.CompanyCode||':') > 0 )
  --and instr(':'||:P145_LOCATION||':',':'||a.LocationCode||':') > 0
  and ( :P145_LOCATION IS NULL OR instr(':'||:P145_LOCATION||':',':'||a.LocationCode||':') > 0 )
  --and instr(':'||:P145_DOCTYPE||':',':'||a.DocTypeCode||':') > 0
  and ( :P145_DOCTYPE IS NULL OR instr(':'||:P145_DOCTYPE||':',':'||a.DocTypeCode||':') > 0 )
  --and nvl(decode(I.GRNTno,a.TNo,'PREPARED'),'PENDING') like nvl(:P145_INSPECTIONSTATUS,'%')
  and ( :P145_PARTY IS NULL OR instr(':'||:P145_PARTY||':',':'||a.PartyCode||':') > 0 )
  and ( :P145_TRANSPORTER IS NULL OR instr(':'||:P145_TRANSPORTER||':',':'||a.TransporterCode||':') > 0 )
  and ( :P145_ITEM IS NULL OR instr(':'||:P145_ITEM||':',':'||e.ItemCode||':') > 0 )
  and ( :P145_SPECIFICATION IS NULL OR instr(':'||:P145_SPECIFICATION||':',':'||ee.ItemSpecificationCode||':') > 0 )
  and ( :P145_ITEMTYPE IS NULL OR instr(':'||:P145_ITEMTYPE||':',':'||e.itemtype||':') > 0 )
--   and ( :P145_DINSPECTIONSTATUS IS NULL OR instr(':'||:P145_DINSPECTIONSTATUS||':',':'||decode(GETDINSPECTIONNO(a.TNO),null,'PENDING' , 'PREPARED')||':') > 0 )
  and a.GRNNo like nvl(:P145_GRNNO,'%')
-- aDDED ON 28-MAY-2022
-- and ( :P145_ITEMGROUP IS NULL
--       or
--       exists (select 1 from (Select ITEMCODE,
--                parentcode,
--                RPAD('.', (Level - 1) * 2, '.') || itemcode As tree,
--                Level,
--                CONNECT_BY_ROOT itemcode As root_id,
--                '-' || LTRIM(SYS_CONNECT_BY_PATH(itemcode, '-'), '-') || '-' As path,
--                CONNECT_BY_ISLEAF As leaf
--           From item a
--          Start With parentcode in ( select itemcode from item xx where
--                                     instr(':'||:P145_ITEMGROUP||':',':'||xx.ItemCode||':') > 0)

--         Connect By parentcode = Prior itemcode
--          Order Siblings By itemcode) x where x.itemcode = e.itemcode
--         )
--   )

  and case When dsd.DocumentStatusCode = 'ACTIVE' Then 'ACTIVE'
           When dsd.DocumentStatusCode is null Then 'NONACTIVE'
           When dsd.DocumentStatusCode = 'PREPARING' Then 'PREPARING'
           When dsd.DocumentStatusCode = 'PREPARED' Then 'PREPARED'
           When dsd.DocumentStatusCode = 'AUTHORISED' Then 'AUTHORISED'
           When dsd.DocumentStatusCode = 'CANCELED' Then 'CANCELED'
           When dsd.DocumentStatusCode = 'ONHOLD' Then 'ONHOLD'
           When dsd.DocumentStatusCode = 'SHORTCLOSED' Then 'SHORTCLOSED'
           When dsd.DocumentStatusCode = 'CLOSED' Then 'CLOSED'
           When dsd.DocumentStatusCode = 'DEPTAPPROVED' Then 'DEPTAPPROVED'
           When dsd.DocumentStatusCode = 'STOREAPPROVED' Then 'STOREAPPROVED'
      End like nvl(:P145_STATUS,'%')
order by a.GRNNo desc, a.GRNDate desc
/*Union All
Select
    a.TNo,
    b.SNo,
    l.LocationName,
    d.DocTypeName,
    a.GRNNo,
    a.GRNDate,
    p.PartyName,
    a.RefDocNo as PartyInvoiceNo,
    a.RefDocDate as PartyInvoiceDate,
    a.RefDocAmount as PartyInvoiceAmount,
    mi",".MaterialInNo,
    mi.MaterialInDate,
    'CCInvoice' as Reference,
    cc.TNo as ReferenceTNO,
    cc.CCInvoiceNo as ReferenceNo,
    cc.CCInvoiceDate as ReferenceDate,
    w.TNo as WeighmentTNo,
    w.WeighmentNo,
    w.WeighmentDate,
    W.Netweight,
    nvl(b.acceptedquantity1,w.AcceptedWeight) as AcceptedWeight,
    t.PartyName as Transporter,
    a.VehicleNo,
    a.LRNO,
    a.LRDATE,
    e.ItemCode,
    e.ItemName||' ~ '||ee.ItemSpecificationName as Material,
    b.Description,
    e.MeasuringUnitCode1 as UOM,
    b.ChalanQuantity1,
    b.ReceivedQuantity1,
    ReceivedQuantity1- b.ChalanQuantity1  as Difference,
    Case When b.ChalanQuantity1 > b.ReceivedQuantity1 Then 'Shortage'
         When b.ChalanQuantity1 < b.ReceivedQuantity1 Then 'Excess'
         When b.ChalanQuantity1 = b.ReceivedQuantity1 Then 'Equal'
    End As ShortageExcess,
    sl.StorageLocationName,
    nvl(decode(I.GRNTno,a.TNo,'PREPARED'),'PENDING') as InspectionStatus,
    i.InspectionNo,
    i.InspectionDate,
    case When i.InspectionDate is not null Then null
         When i.InspectionDate is null Then (Sysdate - a.GrnDate)-1
    End as DaysPending,
    dsd.DocumentStatusCode,
    b.WarrantyUpTo,
    'Details' as SerialNo,
    case When dsd.DocumentStatusCode = 'ACTIVE' Then 'ACTIVE'
           When dsd.DocumentStatusCode is null Then 'NONACTIVE'
           When dsd.DocumentStatusCode = 'PREPARING' Then 'PREPARING'
           When dsd.DocumentStatusCode = 'PREPARED' Then 'PREPARED'
           When dsd.DocumentStatusCode = 'AUTHORISED' Then 'AUTHORISED'
           When dsd.DocumentStatusCode = 'CANCELED' Then 'CANCELED'
           When dsd.DocumentStatusCode = 'ONHOLD' Then 'ONHOLD'
           When dsd.DocumentStatusCode = 'SHORTCLOSED' Then 'SHORTCLOSED'
           When dsd.DocumentStatusCode = 'CLOSED' Then 'CLOSED'
           When dsd.DocumentStatusCode = 'DEPTAPPROVED' Then 'DEPTAPPROVED'
           When dsd.DocumentStatusCode = 'STOREAPPROVED' Then 'STOREAPPROVED'
      End as DocStatus,
      b.Rate,
      b.Amount,
      GetDepartmentName(di.DepartmentCode) as Department
From GRN a, GRNDetail b, Location l, DocType d, Party p, MaterialIn mi, Weighment w, CCInvoice cc, Party t, DocumentStatusDetail dsd,
    Item e, ItemSpecification ee, StorageLocation sl, Inspection i, Dinspection di
Where a.TNo = b.TNo
  and a.LocationCode = l.LocationCode
  and a.DocTypeCode = d.DocTypeCode
  and a.DocTypeCode IN ('INTRAUNITTRANSFER','INTERUNITTRANSFER')
  and a.PartyCode = p.PartyCode
  and a.MaterialINTNo = mi.TNo
  and a.InterUnitTransferCCInvoiceTNo = cc.TNo
  and a.WeighmentTNo = w.TNo(+)
  and a.TransporterCode = t.PartyCode(+)
  and a.TNo = dsd.ModuleTNo(+)
  and e.TNo = ee.TNo
  and b.ItemCode = e.ItemCode
  and b.ItemSpecificationCode = ee.ItemSpecificationCode
  and b.StorageLocationCode = sl.StorageLocationCode(+)
  and a.TNo = i.GRNTNo(+)
  and a.TNo = di.GRNTNo(+)
  and a.GRNDate Between :P145_FROMDATE and :P145_TODATE
  and instr(':'||:P145_COMPANY||':',':'||a.CompanyCode||':') > 0
  and instr(':'||:P145_LOCATION||':',':'||a.LocationCode||':') > 0
  and instr(':'||:P145_DOCTYPE||':',':'||a.DocTypeCode||':') > 0
  and nvl(decode(I.GRNTno,a.TNo,'PREPARED'),'PENDING') like nvl(:P145_INSPECTIONSTATUS,'%')
  and ( :P145_PARTY IS NULL OR instr(':'||:P145_PARTY||':',':'||a.PartyCode||':') > 0 )
  and ( :P145_TRANSPORTER IS NULL OR instr(':'||:P145_TRANSPORTER||':',':'||a.TransporterCode||':') > 0 )
  and ( :P145_ITEM IS NULL OR instr(':'||:P145_ITEM||':',':'||e.ItemCode||':') > 0 )
  and ( :P145_SPECIFICATION IS NULL OR instr(':'||:P145_SPECIFICATION||':',':'||ee.ItemSpecificationCode||':') > 0 )
  and ( :P145_ITEMGROUP IS NULL OR instr(':'||:P145_ITEMGROUP||':',':'||e.ParentCode||':') > 0 )
  and a.GRNNo like nvl(:P145_GRNNO,'%')
  and case When dsd.DocumentStatusCode = 'ACTIVE' Then 'ACTIVE'
           When dsd.DocumentStatusCode is null Then"," 'NONACTIVE'
           When dsd.DocumentStatusCode = 'PREPARING' Then 'PREPARING'
           When dsd.DocumentStatusCode = 'PREPARED' Then 'PREPARED'
           When dsd.DocumentStatusCode = 'AUTHORISED' Then 'AUTHORISED'
           When dsd.DocumentStatusCode = 'CANCELED' Then 'CANCELED'
           When dsd.DocumentStatusCode = 'ONHOLD' Then 'ONHOLD'
           When dsd.DocumentStatusCode = 'SHORTCLOSED' Then 'SHORTCLOSED'
           When dsd.DocumentStatusCode = 'CLOSED' Then 'CLOSED'
           When dsd.DocumentStatusCode = 'DEPTAPPROVED' Then 'DEPTAPPROVED'
           When dsd.DocumentStatusCode = 'STOREAPPROVED' Then 'STOREAPPROVED'
      End like nvl(:P145_STATUS,'%')
Union All
Select
    a.TNo,
    b.SNo,
    l.LocationName,
    d.DocTypeName,
    a.GRNNo,
    a.GRNDate,
    p.PartyName,
    a.RefDocNo as PartyInvoiceNo,
    a.RefDocDate as PartyInvoiceDate,
    a.RefDocAmount as PartyInvoiceAmount,
    mi.MaterialInNo,
    mi.MaterialInDate,
    'EquipmentTransfer' as Reference,
    etn.TNo as ReferenceTNO,
    etn.EquipmentTransferNoteNo as ReferenceNo,
    etn.EquipmentTransferNoteDate as ReferenceDate,
    w.TNo as WeighmentTNo,
    w.WeighmentNo,
    w.WeighmentDate,
    W.Netweight,
    nvl(b.acceptedquantity1,w.acceptedweight) as AcceptedWeight,
    t.PartyName as Transporter,
    a.VehicleNo,
    a.LRNO,
    a.LRDATE,
    e.ItemCode,
    e.ItemName||' ~ '||ee.ItemSpecificationName as Material,
    b.Description,
    e.MeasuringUnitCode1 as UOM,
    b.ChalanQuantity1,
    b.ReceivedQuantity1,
    ReceivedQuantity1- b.ChalanQuantity1  as Difference,
    Case When b.ChalanQuantity1 > b.ReceivedQuantity1 Then 'Shortage'
         When b.ChalanQuantity1 < b.ReceivedQuantity1 Then 'Excess'
         When b.ChalanQuantity1 = b.ReceivedQuantity1 Then 'Equal'
    End As ShortageExcess,
    sl.StorageLocationName,
    nvl(decode(I.GRNTno,a.TNo,'PREPARED'),'PENDING') as InspectionStatus,
    i.InspectionNo,
    i.InspectionDate,
    case When i.InspectionDate is not null Then null
         When i.InspectionDate is null Then (Sysdate - a.GrnDate)-1
    End as DaysPending,
    dsd.DocumentStatusCode,
    b.WarrantyUpTo,
    'Details' as SerialNo,
    case When dsd.DocumentStatusCode = 'ACTIVE' Then 'ACTIVE'
           When dsd.DocumentStatusCode is null Then 'NONACTIVE'
           When dsd.DocumentStatusCode = 'PREPARING' Then 'PREPARING'
           When dsd.DocumentStatusCode = 'PREPARED' Then 'PREPARED'
           When dsd.DocumentStatusCode = 'AUTHORISED' Then 'AUTHORISED'
           When dsd.DocumentStatusCode = 'CANCELED' Then 'CANCELED'
           When dsd.DocumentStatusCode = 'ONHOLD' Then 'ONHOLD'
           When dsd.DocumentStatusCode = 'SHORTCLOSED' Then 'SHORTCLOSED'
           When dsd.DocumentStatusCode = 'CLOSED' Then 'CLOSED'
           When dsd.DocumentStatusCode = 'DEPTAPPROVED' Then 'DEPTAPPROVED'
           When dsd.DocumentStatusCode = 'STOREAPPROVED' Then 'STOREAPPROVED'
      End as DocStatus,
      b.Rate,
      b.Amount,
      GetDepartmentName(di.DepartmentCode) as Department
From GRN a, GRNDetail b, Location l, DocType d, Party p, MaterialIn mi, Weighment w, EquipmentTransferNote etn, Party t, DocumentStatusDetail dsd,
    Item e, ItemSpecification ee, StorageLocation sl, Inspection i, DInspection di
Where a.TNo = b.TNo
  and a.LocationCode = l.LocationCode
  and a.DocTypeCode = d.DocTypeCode
  and a.DocTypeCode = 'EQUIPMENTTRANSFER'
  and a.PartyCode = p.PartyCode
  and a.MaterialINTNo = mi.TNo
  and mi.equipmenttransfernotetno = etn.TNo
  and a.WeighmentTNo = w.TNo(+)
  and a.TransporterCode = t.PartyCode(+)
  and a.TNo = dsd.ModuleTNo(+)
  and e.TNo = ee.TNo
  and b.ItemCode = e.ItemCode
  and b.ItemSpecificationCode = ee.ItemSpecificationCode
  and b.StorageLocationCode = sl.StorageLocationCode(+)
  and a.TNo = i.GRNTNo(+)
  and a.TNo = di.GRNTNo(+)
  and a.GRNDate Between :P145_FROMDATE and "
146,"GRN","GRN",635135915118316562,"GRN","grn","NATIVE_FORM","","select TNO,
       COMPANYCODE,
       FINANCIALYEARCODE,
       LOCATIONCODE,
       DOCTYPECODE,
       GRNNO,
       GRNDATE,
       PARTYCODE,
       WEIGHMENTTNO,
       MATERIALINTNO,
       PURCHASEORDERTNO,
       JOBORDERTNO,
       DELIVERYORDERTNO,
       TRANSPORTERCODE,
       DRIVERNAME,
       VEHICLETYPECODE,
       VEHICLENO,
       REFDOCTYPECODE,
       REFDOCNO,
      -- utl_i18n.unescape_reference(REFDOCNO) AS REFDOCNO,
       REFDOCDATE,
       REFDOCAMOUNT,
       FREIGHTTYPECODE,
       CCINVOICETNO,
       MODULECODE,
       MODULETNO,
       LRNO,
       GATEPASSTNO,
       LRDATE,
       DELIVERYORDERSNO,
       EMPLOYEECODE,
       CHALLANNO,
       POAMENDMENTTNO,
       UNLOADEDBY,
       COMPANYVEHICLECODE,
       FROMCITYCODE,
       FREIGHTRATE,
       FREIGHTAMOUNT,
       FREIGHTUNITCODE,
       FREIGHTPOSTEDTOSTOCK,
       LIFTINGFROMCITYCODE,
       FREIGHTADVANCEAMOUNT,
       FREIGHTADVANCEPERCENT,
       FREIGHTADVANCECHARGEDONCODE,
       LOADINGSTORAGELOCATIONCODE,
       DEDUCTIONRATE,
       DRIVERMOBILENO,
       INCLUDEINPURCHASEBILL,
       REMARK,
       CREATOR,
       CREATIONTIME,
       loadingadvicetno
  from GRN","","",""
146,"GRN","GRN",791584114826107354,"GrnDetail","grndetail","NATIVE_IG","","select a.rowid , a.TNO,
       a.SNO,
       a.ITEMCODE,
       a.ITEMSPECIFICATIONCODE,
       a.STOREAGELOCATIONCODE,
       a.CHALANQUANTITY1,
       a.RECEIVEDQUANTITY1,
       a.CHALANQUANTITY2,
       a.RECEIVEDQUANTITY2,
       a.INSPECTEDQUANTITY1,
       a.INSPECTEDQUANTITY2,
       a.ACCEPTEDQUANTITY1,
       a.ACCEPTEDQUANTITY2,
       a.REJECTEDQUANTITY1,
       a.REJECTEDQUANTITY2,
       a.JOININSPECTEDQUANTITY1,
       a.JOININSPECTEDQUANTITY2,
       a.JOINACCEPTEDQUANTITY1,
       a.JOINACCEPTEDQUANTITY2,
       a.JOINREJECTEDQUANTITY1,
       a.JOINREJECTEDQUANTITY2,
       a.RATE,
       a.RATEMEASURINGUNITCODE,
       a.DISCREPANCYAMOUNT,
       a.DISCREPANCYTYPECODE,
       a.DISCREPANCYQUANTITY1,
       a.DISCREPANCYQUANTITY2,
       a.AMOUNT,
       a.REMARK,
       a.PACKINGTYPECODE,
       a.DESCRIPTION,
    --   a.STORAGELOCATIONCODE,
       a.PURCHASEORDERTNO,
       a.JOBORDERTNO,
 --      a.MRNQUANTITY1,
     --  a.MRNQUANTITY2,
       a.PACKINGNOS,
       a.POAMENDMENTTNO,
      -- a.SERIALNO,
      -- a.ISEXCISABLE,
       --a.ISCAPITAL,
      -- a.MBILLNO,
       --a.MBILLDATE,
       a.QCLESSQUANTITY1,
       a.RECEIVEDQUANTITY1WITHOUTQC,
       a.PACKINGWEIGHT,
       a.FREIGHTPOSTEDTOSTOCK,
       a.JOBPOSTEDTOSTOCK,
       a.WARRANTYUPTO,
       a.PURCHASEPOSTEDTOSTOCK,
       a.PURCHASEPOSTEDTOSTOCKRATE,
       a.FREIGHTPOSTEDTOSTOCKRATE,
       a.JOBPOSTEDTOSTOCKRATE,
       'EQ' as EQ,
       'SD' as SD,
       'UD' as UD,
      GETDINSPECTIONNO(:P146_TNO) as DINSPECTIONNO,
      GETDINSPECTIONDATE(:P146_TNO) as DINSPECTIONDATE,
      GetMeasuringUnitNameFromItem(itemcode) as unit1,
      GetMeasuringUnit2NameFromItem(itemcode) as unit2,
      A.ITEMCODE as ITEMCODE1,
      A.ITEMSPECIFICATIONCODE as ITEMSPECIFICATIONCODE1,
      nvl(a.CHALANQUANTITY1,0) - nvl(a.RECEIVEDQUANTITY1,0) as RejectQuantity
  from GRNDETAIL a
  where a.tno = :P146_TNO

  ","","",""
146,"GRN","GRN",793114131398680152,"EQ","eq","NATIVE_IG","","select rowid , TNO,
       SNO,
       SN,
       COMPANYSERIALNO,
       QUANTITY1,
       QUANTITY2,
       WARRANTYUPTODATE,
       REMARK,
       WARRANTYPROVIDERCODE,
       MANUFACTUREMODELCODE,
       MANUFACTUREMAKECODE
  from GRNSERIALNO
  where tno = :P146_TNO
  and sno = :P146_SNO","","",""
146,"GRN","GRN",793149763636681631,"DetailStorage","detailstorage","NATIVE_IG","","select rowid , TNO,
       SNO,
       SN,
       STORAGELOCATIONCODE,
       INITIALREADING,
       FINALREADING,
       DIFFERENCEREADING,
       UNLOADINGQUANTITY1,
       UNLOADINGQUANTITY2,
       REMARK,
       rejectedquantity1,
       rejectedquantity2
  from GRNDETAILSTORAGE","","",""
146,"GRN","GRN",793185840067684253,"StockStorageDetail","stockstoragedetail","NATIVE_IG","","select rowid , TNO,
       SNO,
       SN,
       STOCKTNO,
       STORAGELOCATIONCODE,
       QUANTITY1,
       QUANTITY2
  from GRNSTOCKSTORAGEDETAIL
  where tno = :P146_TNO
  and sno = :P146_SNO","","",""
146,"GRN","GRN",793329189068469265,"GrnJob","grnjob","NATIVE_IG","","select ROWID,
       TNO,
       JOBTYPECODE,
       PARTYCODE,
       JOBORDERTNO,
       REMARK,
       SERIALNO,
       QUANTITY1,
       QUANTITY2,
       JOBPOSTEDTOSTOCK,
       JOBPOSTEDTOSTOCKRATE
  from GRNJOB
  where tno = :P146_TNO","","",""
146,"GRN","GRN",1375603989088055716,"Attachment","attachment","NATIVE_IR","","select A.TNO,
       --A.SNO,
       --DESCRIPTION,
       A.ATTRIBUTEVALUE,
       A.ATTACHMENTBLOB,
       A.FILENAME,
       A.ATTRIBUTECODE,
       A.MODULETNO,
       A.MODULESNO,
       b.PARTYATTRIBUTEname
  from MODULEATTACHMENT A, partyattribute b
  WHERE A.MODULETNO = :P146_TNO
  and a.ATTRIBUTECODE = b.PARTYATTRIBUTECODE","","",""
160,"Despatch Advice Register","DESPATCH-ADVICE-REGISTER",604865642406184046,"Dispatch Advice Register Report","dispatch-advice-register-report","NATIVE_IR","","--- Sales Order ---
Select
      a.TNo,
      l.LocationName,
      dt.DocTypeName,
      a.DespatchAdviceNo,
      a.DespatchAdviceDate,
      iut.SalesOrderNo as ReferenceNo,
      iut.SalesOrderDate as ReferenceDate,
      'Sales Order' as Reference,
      p.PartyName,
      t.PartyName as Transporter,
      e.EmployeeName||' ( '||e.EmployeeID||' )' as Employee,
      a.Drivername,
      a.VehicleNo,
      e.ItemCode,
      e.Itemname||' ~ '||ee.itemSpecificationName as Item,
      e.MeasuringUnitCode1,
      b.Quantity1,
      nvl(pt.PackingTypeName,e.MeasuringUnitCode2) as MeasuringUnitCode2 ,
      b.Quantity2,
      nvl(Decode(mo.ReferenceTNo,a.TNo,'PREPARED'),'PENDING') as MSTATUS,
      mo.MaterialOutNo,
      mo.MaterialOutDate,
      nvl(Decode(w.ReferenceTNo,a.TNo,'PREPARED'),'PENDING') as WSTATUS,
      w.WeighmentNo,
      w.WeighmentDate,
      bue.EmployeeName||' ( '||a.Creator||' )' as Creator,
      a.CreationTime,
                  '<a href=""'||APEX_UTIL.PREPARE_URL('f?p='||:APP_ID||':'||9993||':'||:APP_SESSION||'::::'||'P9993_TNO,P9993_REPNAME'||':'||A.Tno||','||'DespatchAdvice'||':NO')||'""><span aria-label=""Action""><span class=""fa fa-print""  aria-hidden=""true"" title=""Action""></span</span></a>' AS Print

From  DespatchAdvice a, DespatchAdviceDetail b, Location l, DocType dt, Party p, Party t, Employee e, BossUser bu, Employee bue, Item e, itemSpecification ee, SalesOrder iut,
      MaterialOut mo, Weighment w, PackingType pt
Where a.TNo = b.TNo(+)
  and a.Locationcode = l.LocationCode(+)
  and a.DocTypeCode = dt.DocTypeCode(+)
  and a.PartyCode = p.PartyCode(+)
  and a.TransporterCode = t.PartyCode(+)
  and a.EmployeeCode = e.EmployeeCode(+)
  and a.Creator = bu.LoginName(+)
  and bu.EmployeeCode = bue.EmployeeCode(+)
  and b.ItemCode = e.ItemCode(+)
  and b.ItemSpecificationCode = ee.ItemSpecificationCode(+)
  and a.ReferenceTNo = iut.TNo(+)
  and a.TNo = mo.ReferenceTNo(+)
  and a.TNo = w.ReferenceTNo(+)
  and b.PackingTypeCode = pt.PackingTypeCode(+)
  and trunc(a.DespatchAdviceDate) between :P160_FROMDATE and :P160_TODATE
  and ( :P160_COMPANY IS NULL OR instr(':'||:P160_COMPANY||':',':'||a.CompanyCode||':') > 0 )
  and ( :P160_LOCATION IS NULL OR instr(':'||:P160_LOCATION||':',':'||a.LocationCode||':') > 0 )
  and ( :P160_DOCTYPE IS NULL OR instr(':'||:P160_DOCTYPE||':',':'||a.DocTypeCode||':') > 0 )
  --and instr(':'||:P160_COMPANY||':',':'||a.CompanyCode||':') > 0
  --and instr(':'||:P160_LOCATION||':',':'||a.LocationCode||':') > 0
  --and instr(':'||:P160_DOCTYPE||':',':'||a.DocTypeCode||':') > 0
  and ( :P160_PARTY IS NULL OR instr(':'||:P160_PARTY||':',':'||a.PartyCode||':') > 0 )
  and ( :P160_TRANSPORTER IS NULL OR instr(':'||:P160_TRANSPORTER||':',':'||a.TransporterCode||':') > 0 )
  and ( :P160_ITEM IS NULL OR instr(':'||:P160_ITEM||':',':'||e.ItemCode||':') > 0 )
  and ( :P160_ITEMSPECIFICATION IS NULL OR instr(':'||:P160_ITEMSPECIFICATION||':',':'||ee.ItemSpecificationCode||':') > 0 )
  --and a.DespatchAdviceNo like nvl(:P160_DANO,'%')
  and (:P160_VEHICLENO is null or a.VehicleNo = :P160_VEHICLENO)
  and nvl(Decode(w.ReferenceTNo,a.TNo,'PREPARED'),'PENDING') like nvl(:P160_WSTATUS,'%')
  and nvl(Decode(mo.ReferenceTNo,a.TNo,'PREPARED'),'PENDING') like nvl(:P160_MSTATUS,'%')
  and getcompanyprivilege(a.COMPANYCODE,GETMODULECODEFORPAGENO(:APP_PAGE_ID),:GLOBAL_LOGINNAME)='YES'
  AND getlocationprivilege(a.locationcode,GETMODULECODEFORPAGENO(:APP_PAGE_ID),a.companycode,:global_loginname)='YES'
  AND getdoctypeprivilege(a.doctypecode,GETMODULECODEFORPAGENO(:APP_PAGE_ID),a.companycode,:global_loginname)='YES'","","",""
161,"Despatch Advice","DESPATCH-ADVICE",609616999661595195,"Despatch Advice","despatch-advice","NATIVE_FORM","","select a.TNO,
       a.LOCATIONCODE,
       a.DOCTYPECODE,
       a.COMPANYCODE,
       a.FINANCIALYEARCODE,
       a.DESPATCHADVICENO,
       a.DESPATCHADVICEDATE,
       a.PARTYCODE,
       a.TRANSPORTERCODE,
       a.DRIVERNAME,
       a.VEHICLETYPECODE,
       a.VEHICLENO,
       a.REFDOCTYPECODE,
       a.REFDOCUMENTNO,
       a.REFDOCUMENTDATE,
       a.REFDOCUMENTAMOUNT,
       a.REMARK,
       a.SALESORDERTNO,
       a.AGENTCODE,
       a.CONSIGNEECODE,
       a.REFERENCETNO,
       a.EMPLOYEECODE,
       a.WEIGHMENTTNO,
       a.CREATOR,
       a.MODULETNO,
       a.MODULECODE,
       a.CREATIONTIME,
       a.TRANSPORTALLOCATIONTNO,
       a.OLDVEHICLENO,
       NVL(getdocumentstatuscode(getmodulecodeforpageno(:APP_PAGE_ID), A.TNO),'STATUS') AS Status
  from DESPATCHADVICE a","","",""
161,"Despatch Advice","DESPATCH-ADVICE",606899533287733068,"Item Detail","item-detail","NATIVE_IG","","select a.rowid , A.TNO,
       A.SNO,
       A.ITEMCODE,
       A.ITEMSPECIFICATIONCODE,
       A.PACKINGTYPECODE,
       A.DESCRIPTION,
       A.RATE,
       A.QUANTITY1,
       --c.MEASURINGUNITCODE UOM1,
       A.QUANTITY2,
       --D.MEASURINGUNITCODE UOM2,
       A.REASONFORRETURN,
       A.REMARK,
       A.SERIALNO,
       A.ISWEIGHTTAKEN,
       A.WEIGHMENTTNO,
       A.PACKINGNOS,
       A.CANCELEDQUANTITY1,
       A.CANCELEDBY,
       GetMeasuringUnitNameFromItem(A.ITEMCODE) as UNIT1,
       GetMeasuringUnit2NameFromItem(A.ITEMCODE) as UNIT2,
       NULL AS Balance
  from DESPATCHADVICEDETAIL A
  where  A.TNO = :P161_TNO

","","",""
170,"Sales Order Register","SALES-ORDER-REGISTER",578271541182137349,"Sales Order Register","sales-order-register","NATIVE_IR","","Select NVL(getdocumentstatuscode(GetModuleCodeForPageNo(:APP_PAGE_ID),xxx.TNO),'STATUS') AS Status ,
      xxx.TNo,
      xxx.SalesOrderNo,
      xxx.SalesOrderDate,
      xxx.locationname,
      xxx.doctypename,
      xxx.Vendor,
      xxx.Consignee,
      xxx.cityname,
      xxx.Agent,
      xxx.PartyPONo,
      xxx.PartyPODate,
      xxx.ValidityUptoDate,
      xxx.ItemCode,
      xxx.ItemName,
      xxx.Item,
      xxx.UOM,
      xxx.Quantity1,
      XXX.Quantity2,
      xxx.Rate,
      xxx.Amount,
      xxx.CGST,
      xxx.SGST,
      xxx.IGST,
      xxx.TCS,
      xxx.FooterAmount,
      (xxx.FooterAmount - (xxx.CGST + xxx.SGST + xxx.IGST + xxx.TCS)) as OtherAmount,
      xxx.TotalAmount,
      xxx.Creator,
      xxx.CreationTime,
      xxx.DespatchQuantity,
      xxx.InvoiceQuantity,
      xxx.BalanceQuantity,
      xxx.freighttypename,
      xxx.duedays,
      xxx.CreditDays,
      xxx.TransactiontypeName,
      xxx.NatureOfSupplyName,
      xxx.POReceiptNo,
      '<a href=""'||APEX_UTIL.PREPARE_URL('f?p='||:APP_ID||':'||9993||':'||:APP_SESSION||'::::'||'P9993_TNO,P9993_REPNAME'||':'||XXX.Tno||','||'SalesOrder'||':NO')||'""><span aria-label=""Action""><span class=""fa fa-print""  aria-hidden=""true"" title=""Action""></span</span></a>' AS Print

From
    (Select
          xx.TNo,
          xx.SalesOrderNo,
          xx.SalesOrderDate,
          xx.locationname,
          xx.doctypename,
          xx.Vendor,
          xx.Consignee,
          xx.cityname,
          xx.Agent,
          xx.PartyPONo,
          xx.PartyPODate,
          xx.ValidityUptoDate,
          xx.ItemCode,
          xx.ItemName,
          xx.Item,
          xx.UOM,
          xx.Quantity1,
          xx.Quantity2,
          xx.Rate,
          xx.Amount,
          sum(xx.CGST) CGST,
          sum(xx.SGST) SGST,
          sum(xx.IGST) IGST,
          sum(xx.TCS) TCS,
          xx.FooterAmount,
          xx.TotalAmount,
          xx.Creator,
          xx.CreationTime,
          xx.DespatchQuantity,
          xx.InvoiceQuantity,
          xx.BalanceQuantity,
          xx.freighttypename,
          xx.duedays,
          xx.CreditDays,
          xx.TransactiontypeName,
          xx.NatureOfSupplyName,
          xx.POReceiptNo
    From
        (Select
              a.Tno,
              a.SalesOrderNo,
              a.SalesOrderDate,
              getlocationname(a.locationcode) as locationname,
              getdoctypename(a.doctypecode) as doctypename,
              GetPartyName(a.PartyCode) as Vendor,
              GetPartyName(a.ConsigneeCode) as Consignee,
              ct.cityname,
              GetPartyName(a.AgentCode) as Agent,
              a.PartyPONo,
              a.PartyPODate,
              a.ValidityUptoDate,
              e.ItemCode,
              e.ItemName,
              e.ItemName||' ~ '||ee.ItemSpecificationName as Item,
              e.MeasuringUnitCode1 UOM,
              b.Quantity1,
              b.quantity2,
              b.Rate,
              b.Amount,
              nvl(Decode(c.FooterHeadCode,'.CGST.', c.FooterValue),0) as CGST,
              nvl(Decode(c.FooterHeadCode,'.SGST.', c.FooterValue),0) as SGST,
              nvl(Decode(c.FooterHeadCode,'.IGST.', c.FooterValue),0) as IGST,
              nvl(Decode(c.FooterHeadCode,'.TCS.', c.FooterValue),0) as TCS,
              b.FooterAmount,
              b.TotalAmount,
              bue.EmployeeName||' ( '||a.Creator||')' as Creator,
              a.CreationTime,
              da.DespatchQuantity,
              cc.InvoiceQuantity,
              NVL(b.Quantity1,0) - NVL(cc.InvoiceQuantity,0) as BalanceQuantity,
              getfreighttypename(a.freighttypecode) as freighttypename,
              case when NVL(b.Quantity1,0) - NVL(cc.InvoiceQuantity,0) > 0 then
                        trunc(sysdate) - a.validityuptodate
                    else
                       0
              end duedays,","
              Case  When b.Quantity1 <= cc.InvoiceQuantity Then 'DONE'
                    When b.Quantity1 > cc.InvoiceQuantity Then 'PARTIAL'
                    When cc.InvoiceQuantity is null Then 'PENDING'
             End as InvoiceStatus,
            case When dsd.DocumentStatusCode = 'ACTIVE' Then 'ACTIVE'
                When dsd.DocumentStatusCode is null Then 'NONACTIVE'
                When dsd.DocumentStatusCode = 'PREPARING' Then 'PREPARING'
                When dsd.DocumentStatusCode = 'PREPARED' Then 'PREPARED'
                When dsd.DocumentStatusCode = 'AUTHORISED' Then 'AUTHORISED'
                When dsd.DocumentStatusCode = 'CANCELED' Then 'CANCELED'
                When dsd.DocumentStatusCode = 'ONHOLD' Then 'ONHOLD'
                When dsd.DocumentStatusCode = 'SHORTCLOSED' Then 'SHORTCLOSED'
                When dsd.DocumentStatusCode = 'CLOSED' Then 'CLOSED'
                When dsd.DocumentStatusCode = 'DEPTAPPROVED' Then 'DEPTAPPROVED'
                When dsd.DocumentStatusCode = 'STOREAPPROVED' Then 'STOREAPPROVED'
            End as DocStatus,
            a.CreditDays,
            tt.TransactiontypeName,
            ns.NatureOfSupplyName,
            por.POReceiptNo
        From  SalesOrder a, SalesOrderDetail b, SalesOrderDetailFooter c,
              Item e, ItemSpecification ee, ItemCategory ic,
              BossUser bu, Employee bue, party p, city ct,
              DocumentStatusDetail dsd, Transactiontype tt, NatureOfSupply ns,
              (
              Select
                    da.ReferenceTNo,
                    dd.ItemCode,
                    dd.ItemSpecificationCode,
                    sum(dd.Quantity1) as DespatchQuantity
              From  DespatchAdvice da, DespatchAdviceDetail dd
              Where da.TNo = dd.TNo
                and da.DocTypeCode = 'SALE'
              Group By da.ReferenceTNo,
                    dd.ItemCode,
                    dd.ItemSpecificationCode
              )da,
              (
              Select
                    cc.SalesOrderTNo,
                    cd.ItemCode,
                    cd.ItemSpecificationCode,
                    sum(cd.Quantity1) as InvoiceQuantity
              From  CCInvoice cc, CCInvoiceDetail cd
              Where cc.Tno = cd.TNo
                and cc.DocTypeCode = 'CHALANCUMINVOICE'
              Group By cc.SalesOrderTNo,
                    cd.ItemCode,
                    cd.ItemSpecificationCode
              )cc, POReceipt por
        Where a.TNo = b.TNo(+)
          and b.TNo = c.TNo(+)
          and b.SNo = c.SNo(+)
          and b.ItemCode = e.ItemCode
          and e.ItemCategoryCode = ic.ItemCategoryCode(+)
          and b.ItemSpecificationCode = ee.ItemSpecificationCode
          and a.Creator = bu.LoginName(+)
          and nvl(a.consigneecode,a.partycode)=p.partycode(+)
          and nvl(p.workscitycode,p.officecitycode)=ct.citycode(+)
          and bu.EmployeeCode = bue.EMployeeCode(+)
          and b.TNo = da.ReferenceTNo(+)
          and b.ItemCode = da.ItemCode(+)
          and b.ItemSpecificationCode = da.ItemSpecificationCode(+)
          and b.TNo = cc.SalesOrderTNo(+)
          and b.ItemCode = cc.ItemCode(+)
          and b.ItemSpecificationCode = cc.ItemSpecificationCode(+)
          and a.tno = dsd.moduletno(+)
          and a.TransactiontypeCode = tt.TransactiontypeCode(+)
          and a.NatureOfSupplyCode = ns.NatureOfSupplyCode(+)
          and a.POReceiptTno = por.Tno(+)
          and a.SalesOrderDate between :P170_FROMDATE and :P170_TODATE
          and (:P170_COMPANY is null or (instr(':'||:P170_COMPANY||':',':'||a.CompanyCode||':') > 0))
          and (:P170_LOCATION is null or (instr(':'||:P170_LOCATION||':',':'||a.LocationCode||':') > 0))
          and (:P170_DOCTYPE is null or (instr(':'||:P170_DOCTYPE||':',':'||a.DocTypeCode||':') > 0))
          and ( :P170_PARTY IS NULL O","R instr(':'||:P170_PARTY||':',':'||a.PartyCode||':') > 0 )
          and ( :P170_ITEM IS NULL OR instr(':'||:P170_ITEM||':',':'||e.ItemCode||':') > 0 )
          and ( :P170_ITEMSPECIFICATION IS NULL OR instr(':'||:P170_ITEMSPECIFICATION||':',':'||ee.ItemSpecificationCode||':') > 0 )
          and ( :P170_ITEMCATEGORY IS NULL OR ic.ItemCategoryCode = :P170_ITEMCATEGORY )
          and a.SalesOrderNo like nvl(:P170_SONO,'%')
          and Case  When b.Quantity1 <= cc.InvoiceQuantity Then 'DONE'
                    When b.Quantity1 > cc.InvoiceQuantity Then 'PARTIAL'
                    When cc.InvoiceQuantity is null Then 'PENDING'
             End like nvl(:P170_INVOICESTATUS,'%')
           and case When dsd.DocumentStatusCode = 'ACTIVE' Then 'ACTIVE'
                When dsd.DocumentStatusCode is null Then 'NONACTIVE'
                When dsd.DocumentStatusCode = 'PREPARING' Then 'PREPARING'
                When dsd.DocumentStatusCode = 'PREPARED' Then 'PREPARED'
                When dsd.DocumentStatusCode = 'AUTHORISED' Then 'AUTHORISED'
                When dsd.DocumentStatusCode = 'CANCELED' Then 'CANCELED'
                When dsd.DocumentStatusCode = 'ONHOLD' Then 'ONHOLD'
                When dsd.DocumentStatusCode = 'SHORTCLOSED' Then 'SHORTCLOSED'
                When dsd.DocumentStatusCode = 'CLOSED' Then 'CLOSED'
                When dsd.DocumentStatusCode = 'DEPTAPPROVED' Then 'DEPTAPPROVED'
                When dsd.DocumentStatusCode = 'STOREAPPROVED' Then 'STOREAPPROVED'
          End like nvl(:P170_STATUS,'%')
         )xx
    Group By xx.TNo,
          xx.SalesOrderNo,
          xx.SalesOrderDate,
          xx.locationname,
          xx.doctypename,
          xx.Vendor,
          xx.Consignee,
          xx.cityname,
          xx.Agent,
          xx.PartyPONo,
          xx.PartyPODate,
          xx.ValidityUptoDate,
          xx.ItemCode,
          xx.ItemName,
          xx.Item,
          xx.UOM,
          xx.Quantity1,
          XX.QUANTITY2,
          xx.Rate,
          xx.Amount,
          xx.FooterAmount,
          xx.TotalAmount,
          xx.Creator,
          xx.CreationTime,
          xx.DespatchQuantity,
          xx.InvoiceQuantity,
          xx.BalanceQuantity,
          xx.freighttypename,
          xx.duedays,
          xx.CreditDays,
          xx.TransactiontypeName,
          xx.NatureOfSupplyName,
          xx.POReceiptNo
    )xxx",""
171,"Sales Order","SALES-ORDER",926272177363933996,"General","general","NATIVE_FORM","","select TNO,
       COMPANYCODE,
       FINANCIALYEARCODE,
       LOCATIONCODE,
       DOCTYPECODE,
       DEPARTMENTCODE,
       EMPLOYEECODE,
       SALESORDERNO,
       SALESORDERDATE,
       DELIVERYDATE,
       CURRENCYUNITCODE,
       CURRENCYVALUE,
      -- WORKORDERTNO,
       PARTYCODE,
       consigneecode,
      -- QUOTATIONTNO,
      -- RATECONTRACTTNO,
      -- DELIVERYORDERTNO,
       --INDENTTNO,
      SALESORDERAMOUNT,
       SUBJECTTEXT,
       REFERENCETEXT,
       LETTERTEXT,
       TITLETEXT,
       REMARK,
       ITEMWISEFOOTER,
       SUMOFAMOUNT,
       SUMOFFOOTERAMOUNT,
       AGENTCODE,
       CREDITDAYS,
     --  STORAGELOCATIONCODE,
      -- STOCKDATE,
       COMMISSIONRATE,
       CREATOR,
       FREIGHTTYPECODE,
      --- FREIGHTCONTRACTTNO,
      -- FREIGHTRATE,
      -- ISEVENTRANSACTION,
       --COMPARATIVESTATEMENTTNO,
      -- XPLANT,
       --EXPARTYPLANT,
       --LIFTINGFROMCITYCODE,
       --UNLOADINGCITYCODE,
       --TRANCTIONTYPECODE,
       TRANSACTIONTYPECODE,
       --PAYMENTBYLC,
       NATUREOFSUPPLYCODE,
      -- PREDI,
      -- DELIVERYSCHEDULEWITHPO,
       --ITEMWISESCHEDULE,
       --REFERENCESALESORDERTNO,
       CREATIONTIME,
       salesexecutivecode,
       partypono,
       partypodate,
       executedat,
       poreceipttno,
       isopenspec,
       quantity,
       RevisionSalesOrderTNo
       --PAIDAMOUNT
      -- ROYALTYPERCENTAGE
       --ROYALTYPENALTYPERUNIT
      -- ISFULLADVANCE
      -- POADVANCEAMOUNT
       --PAYMENTADVICELOCATIONCODE
       --MARINEINSURANCETNO,
       --MARINEINSURANCEAMOUNT
       --SAUDAPATRAKNO,
       --SAUDAPATRAKDATE

  from SALESORDER","","",""
171,"Sales Order","SALES-ORDER",608830166257133542,"Detail","detail","NATIVE_IG","","with invoice_totals as (
  select d.itemcode,d.itemspecificationcode,sum(nvl(d.quantity1,0)) invoice_qty
    from ccinvoice h
    join ccinvoicedetail d on d.tno=h.tno
    join salesorder s on s.tno=h.salesordertno and s.companycode=h.companycode
   where h.salesordertno=:P171_TNO
     and getdocumentstatuscode('CCINVOICE',h.tno) in ('ACTIVE','CLOSED')
   group by d.itemcode,d.itemspecificationcode
), order_lines as (
  select a.*,
         nvl(sum(greatest(nvl(a.quantity1,0),0)) over (
           partition by a.tno,a.itemcode,a.itemspecificationcode
           order by a.sno rows between unbounded preceding and 1 preceding),0) prior_qty,
         row_number() over (partition by a.tno,a.itemcode,a.itemspecificationcode
                            order by a.sno desc) last_line
    from salesorderdetail a where a.tno=:P171_TNO
), resolved_lines as (
  select a.*,
         case when a.last_line=1 then greatest(nvl(i.invoice_qty,0)-a.prior_qty,0)
              else least(greatest(nvl(a.quantity1,0),0),
                         greatest(nvl(i.invoice_qty,0)-a.prior_qty,0))
          end actual_invoice_qty
    from order_lines a left join invoice_totals i
      on i.itemcode=a.itemcode
     and (i.itemspecificationcode=a.itemspecificationcode
          or (i.itemspecificationcode is null and a.itemspecificationcode is null))
)
select A.ROWID,
       A.TNO,
       A.SNO,
       A.ITEMCODE,
       A.ITEMSPECIFICATIONCODE,
       A.DESCRIPTION,
       A.QUANTITY1,
       greatest(nvl(A.QUANTITY1,0)-(select r.actual_invoice_qty from resolved_lines r where r.tno=A.tno and r.sno=A.sno),0) AS PENDINGQUANTITY1,
       A.QUANTITY2,
       A.RATEMEASURINGUNITCODE,
       A.INCLUSIVETAX,
       A.RATEINCLUSIVETAX,
       A.RATE,
       A.AMOUNT,
       A.FOOTERAMOUNT,
       A.TOTALAMOUNT,
       A.REMARK,
       A.LOWERTOLERANCEPERCENT,
       A.HIGHERTOLERANCEPERCENT,
       A.DESPATCHADVICEQUANTITY1,
       A.DESPATCHADVICEQUANTITY2,
       nvl(A.CCINVOICEQUANTITY1,0) AS CCINVOICEQUANTITY1,
       A.CCINVOICEQUANTITY2,
       A.TAXRULECODE,
       --B.MEASURINGUNITCODE1 AS UNIT1,
       --B.MEASURINGUNITCODE2 AS UNIT2,
       GetMeasuringUnitNameFromItem(itemcode) as unit1,
       GetMeasuringUnit2NameFromItem(itemcode) as unit2,
       'FD' as FD,
       (select r.actual_invoice_qty from resolved_lines r where r.tno=A.tno and r.sno=A.sno) AS CCINVOICEQTY1
  from SALESORDERDETAIL A
  where A.tno = :P171_TNO
    --AND A.ITEMCODE = B.ITEMCODE","","",""
171,"Sales Order","SALES-ORDER",926505664417975917,"Terms and Conditions","terms-and-conditions","NATIVE_IG","","select ROWID,
       TNO,
       SNO,
       TERMSANDCONDITIONHEADCODE,
       TERMSANDCONDITION
  from SALESORDERTAC
  where tno = :P171_TNO","","",""
171,"Sales Order","SALES-ORDER",926630850028176579,"FooterDetail","footerdetail","NATIVE_IG","","select ROWID,
       TNO,
       SNO,
       SN,
       FOOTERHEADCODE,
       FOOTERPERCENT,
       FOOTERVALUE,
       SERIALNO,
      -- TAXFORMCODE,
       LEGENDSCODE
  from SALESORDERDETAILFOOTER
  where tno = :P171_TNO
    and sno = :P171_SNO;
  ","","",""
171,"Sales Order","SALES-ORDER",930777339027084681,"Special Note","special-note","NATIVE_IG","","select ROWID,
       TNO,
       SNO,
       FOOTERNOTE
  from SALESORDERFN
  where tno = :P171_TNO","","",""
171,"Sales Order","SALES-ORDER",1516403481286397470,"Attachment","attachment","NATIVE_IR","","select A.TNO,
       --A.SNO,
       --DESCRIPTION,
       A.ATTRIBUTEVALUE,
       A.ATTACHMENTBLOB,
       A.FILENAME,
       A.ATTRIBUTECODE,
       A.MODULETNO,
       A.MODULESNO,
       b.PARTYATTRIBUTEname
  from MODULEATTACHMENT A, partyattribute b
  WHERE A.MODULETNO = :P171_TNO
  and a.ATTRIBUTECODE = b.PARTYATTRIBUTECODE","","",""
171,"Sales Order","SALES-ORDER",184865600881682380,"Revision","revision","NATIVE_IG","","select tno , salesorderno , salesorderdate from salesorder where RevisionSalesOrderTNo = :P171_TNO
union all
select tno , salesorderno , salesorderdate from salesorder where tno in (
select RevisionSalesOrderTNo from salesorder where tno = :P171_TNO

)","","",""
171,"Sales Order","SALES-ORDER",930780069529084708,"E-Mail","e-mail","NATIVE_FORM","","select TNO,
       MODULETNO,
       MODULESNO,
       MODULESN,
       MODULECODE,
      -- MODULETABLENAME,
      -- MODULESERIALNO,
       ATTRIBUTECODE,
       ATTRIBUTEVALUE,
      -- DESCRIPTION,
      -- ATTACHMENTBLOB,
      decode( nvl(FileName, 'NULL'), 'NULL', 'NO', 'YES') as FILENAME,
      -- MIMETYPE,
       REMARK
  from MODULEATTACHMENT
  where tno = :P171_TNO","","",""
174,"CC Invoice Register","CC-INVOICE-REGISTER",573917201776151631,"CC Invoice Register Report","cc-invoice-register-report","NATIVE_IR","","Select NVL(getdocumentstatuscode(GetModuleCodeForPageNo(:APP_PAGE_ID),xxx.TNO),'STATUS') AS Status ,
      xxx.Tno,
      xxx.LocationName,
      xxx.DocTypeName,
      xxx.CCInvoiceNo,
      xxx.CCInvoiceDate,
      xxx.DespatchAdviceNo,
      xxx.DespatchAdviceDate,
      xxx.SalesOrderNo,
      xxx.SalesOrderDate,
      xxx.PartyName,
      xxx.Consignee,
      xxx.Transporter,
      xxx.VehicleNo,
      xxx.LorryNo,
      xxx.LorryDate,
      xxx.FreightTypeName,
      xxx.FreightRate,
      xxx.FreightUnitCode,
      xxx.ItemCode,
      xxx.ItemName,
      xxx.Item,
      xxx.UOM,
      xxx.UOM2,
      xxx.Quantity1,
      xxx.Quantity2,
      xxx.Rate,
      xxx.Amount,
      xxx.CGST,
      xxx.SGST,
      xxx.IGST,
      xxx.TCS,
      xxx.FooterAmount,
      ABS(xxx.FooterAmount - (xxx.CGST + xxx.SGST + xxx.IGST + xxx.TCS)) as OtherAmount,
      xxx.TotalAmount,
      xxx.Creator,
      xxx.CreationTime,
      xxx.AgentName,
      xxx.CityName,
      xxx.StateName,
      xxx.loadingadviceno,
      xxx.VoucherStatus,
            '<a href=""'||APEX_UTIL.PREPARE_URL('f?p='||:APP_ID||':'||9993||':'||:APP_SESSION||'::::'||'P9993_TNO,P9993_REPNAME'||':'||xxx.Tno||','||'CCInvoice11'||':NO')||'""><span aria-label=""Action""><span class=""fa fa-print""  aria-hidden=""true"" title=""Action""></span</span></a>' AS Print

From (
        Select
              xx.Tno,
              xx.LocationName,
              xx.DocTypeName,
              xx.CCInvoiceNo,
              xx.CCInvoiceDate,
              xx.DespatchAdviceNo,
              xx.DespatchAdviceDate,
              xx.SalesOrderNo,
              xx.SalesOrderDate,
              xx.PartyName,
              xx.Consignee,
              xx.Transporter,
              xx.VehicleNo,
              xx.LorryNo,
              xx.LorryDate,
              xx.FreightTypeName,
              xx.FreightRate,
              xx.FreightUnitCode,
              xx.ItemCode,
              xx.ItemName,
              xx.Item,
              xx.UOM,
              xx.UOM2,
              xx.Quantity1,
              XX.Quantity2,
              xx.Rate,
              xx.Amount,
              sum(xx.CGST) CGST,
              sum(xx.SGST) SGST,
              sum(xx.IGST) IGST,
              sum(xx.TCS) TCS,
              xx.FooterAmount,
              xx.TotalAmount,
              xx.Creator,
              xx.CreationTime,
              xx.AgentName,
              xx.CityName,
              xx.StateName,
              xx.loadingadviceno,
              xx.VoucherStatus
        From (
                Select
                      a.Tno,
                      l.LocationName,
                      dt.DocTypeName,
                      a.CCInvoiceNo,
                      a.CCInvoiceDate,
                      da.DespatchAdviceNo,
                      da.DespatchAdviceDate,
                      so.SalesOrderNo,
                      so.SalesOrderDate,
                      GetPartyName(so.AgentCode) as AgentName,
                      p.PartyName,
                      GetCityName(p.OfficeCityCode) as CityName,
                      GetStateName(p.OfficeStateCode) as StateName,
                      GetPartyName(a.ConsigneeCode) as Consignee,
                      t.PartyName as Transporter,
                      a.VehicleNo,
                      a.LorryNo,
                      a.LorryDate,
                      ft.FreightTypeName,
                      a.FreightRate,
                      a.FreightUnitCode,
                      b.ItemCode,
                      e.ItemName,
                      e.ItemName||' ~ '||ee.ItemSpecificationName as Item,
                      e.MeasuringUnitCode1 as UOM,
                      e.MeasuringUnitCode2 as UOM2,
                      Case When  e.ItemClassificationCode != 'SERVICE' then b.Quantity1
                      end as Quantity1,
                      Case When  e.ItemClassif","icationCode != 'SERVICE' then b.Quantity2
                      end as Quantity2,
                      b.Rate,
                      b.Amount,
                      nvl(Decode(c.FooterHeadCode,'.CGST.', c.FooterValue),0) as CGST,
                      nvl(Decode(c.FooterHeadCode,'.SGST.', c.FooterValue),0) as SGST,
                      nvl(Decode(c.FooterHeadCode,'.IGST.', c.FooterValue),0)as IGST,
                      nvl(Decode(c.FooterHeadCode,'.TCS.', c.FooterValue),0) as TCS,
                      b.FooterAmount,
                      b.TotalAmount,
                      bue.EmployeeName||' ( '||a.Creator||')' as Creator,
                      a.CreationTime,
                      ld.loadingadviceno,
                      Case When vo.ModuleTno is not null then 'PREPAIRED'
                       When vo.ModuleTno is null then 'PENDING'
                       End  as VoucherStatus
                From  CCInvoice a, CCInvoiceDetail b, CCInvoiceDetailFooter c, Location l, DocType dt, Party p, Party t, Item e, itemSpecification ee, DespatchAdvice da,
                (
                    Select
                         s.TNo,
                         s.SalesOrderNo,
                         s.SalesOrderDate,
                         s.PartyCode,
                         s.ConsigneeCode,
                         s.AgentCode
                    From SalesOrder s )so,BossUser bu , Employee bue, DocumentStatusDetail dsd, FreightType ft , loadingadvice ld, Invoice ic, Voucher vo
                Where a.TNo = b.TNo(+)
                  and b.TNo = c.TNo(+)
                  and b.SNo = c.SNo(+)
                  and a.loadingadvicetno = ld.tno(+)
                  and a.LocationCode = l.LocationCode(+)
                  and a.DocTypeCode =  dt.DocTypeCode(+)
                  and a.DespatchAdviceTNo = da.TNo(+)
                  and a.SalesOrderTNo = so.TNo(+)
                  and a.PartyCode = p.PartyCode(+)
                  and a.TransporterCode = t.PartyCode(+)
                  and b.ItemCode = e.ItemCode(+)
                  and b.ItemSpecificationCode = ee.itemSpecificationCode(+)
                  and a.Creator = bu.LoginName(+)
                  and bu.EmployeeCode = bue.EMployeeCode(+)
                  and a.TNO = dsd.ModuleTNO(+)
                  and a.FreightTypeCode = ft.FreightTypeCode(+)
                  and a.Tno = ic.ModuleTno(+)
                  and ic.Tno = vo.ModuleTno(+)
                  and a.CCInvoiceDate between :P174_FROMDATE and :P174_TODATE
                  and ( :P174_LOCATION IS NULL OR instr(':'||:P174_LOCATION||':',':'||a.LocationCode||':') > 0 )
                  and ( :P174_DOCTYPE IS NULL OR instr(':'||:P174_DOCTYPE||':',':'||a.DocTypeCode||':') > 0 )
                 and ( :P174_COMPANY IS NULL OR instr(':'||:P174_COMPANY||':',':'||a.companycode||':') > 0 )
                   and ( :P174_AGENTCODE IS NULL OR SO.AGENTCODE = :P174_AGENTCODE)
                  and ( :P174_PARTY IS NULL OR instr(':'||:P174_PARTY||':',':'||a.PartyCode||':') > 0 )
                  and ( :P174_CONSIGNEE IS NULL OR instr(':'||:P174_CONSIGNEE||':',':'||so.ConsigneeCode||':') > 0 )
                  and ( :P174_TRANSPORTER IS NULL OR instr(':'||:P174_TRANSPORTER||':',':'||a.TransporterCode||':') > 0 )
                  and ( :P174_TRANSACTIONTYPE IS NULL OR instr(':'||:P174_TRANSACTIONTYPE||':',':'||a.TransactiontypeCode||':') > 0 )
                  and ( :P174_ITEM IS NULL OR instr(':'||:P174_ITEM||':',':'||e.ItemCode||':') > 0 )
                  and ( :P174_ITEMSPECIFICATION IS NULL OR instr(':'||:P174_ITEMSPECIFICATION||':',':'||ee.ItemSpecificationCode||':') > 0 )
                  and a.CCInvoiceNo like nvl(:P174_CCINO,'%')
                  and (:P174_VEHICLENO is null or a.VehicleNo = :P174_VEHICLENO)
                  and getcompanyprivilege(a.COMPANYCODE,GETMODULECODEFORPAGENO(:APP_PAGE_ID),:G","LOBAL_LOGINNAME)='YES'
                  AND getlocationprivilege(a.locationcode,GETMODULECODEFORPAGENO(:APP_PAGE_ID),a.companycode,:global_loginname)='YES'
                  AND getdoctypeprivilege(a.doctypecode,GETMODULECODEFORPAGENO(:APP_PAGE_ID),a.companycode,:global_loginname)='YES'
                  and case When dsd.DocumentStatusCode = 'ACTIVE' Then 'ACTIVE'
                           When dsd.DocumentStatusCode is null Then 'NONACTIVE'
                           When dsd.DocumentStatusCode = 'PREPARING' Then 'PREPARING'
                           When dsd.DocumentStatusCode = 'PREPARED' Then 'PREPARED'
                           When dsd.DocumentStatusCode = 'AUTHORISED' Then 'AUTHORISED'
                           When dsd.DocumentStatusCode = 'CANCELED' Then 'CANCELED'
                           When dsd.DocumentStatusCode = 'ONHOLD' Then 'ONHOLD'
                           When dsd.DocumentStatusCode = 'SHORTCLOSED' Then 'SHORTCLOSED'
                           When dsd.DocumentStatusCode = 'CLOSED' Then 'CLOSED'
                           When dsd.DocumentStatusCode = 'DEPTAPPROVED' Then 'DEPTAPPROVED'
                           When dsd.DocumentStatusCode = 'STOREAPPROVED' Then 'STOREAPPROVED'
                      End  like nvl(:P174_STATUS,'%')
                 AND (:P174_ITEMGROUP IS NULL
                      OR
                      EXISTS
                        (Select 1
                            From (Select ITEMCODE,
                                        parentcode,
                                        RPAD('.', (Level - 1) * 2, '.') || itemcode As tree,
                                        Level,
                                        CONNECT_BY_ROOT itemcode As root_id,
                                        '-' || LTRIM(SYS_CONNECT_BY_PATH(itemcode, '-'), '-') || '-' As path,
                                        CONNECT_BY_ISLEAF As leaf
                                    From item a
                                    Start With parentcode Is Null
                                    Connect By parentcode = Prior itemcode
                                    Order Siblings By itemcode
                                  ) x
                            Where X.ROOT_ID = :P174_ITEMGROUP
                              AND X.ITEMCODE = B.ITEMCODE
                        )
                    )
        )xx
        Group By
              xx.Tno,
              xx.LocationName,
              xx.DocTypeName,
              xx.CCInvoiceNo,
              xx.CCInvoiceDate,
              xx.DespatchAdviceNo,
              xx.DespatchAdviceDate,
              xx.SalesOrderNo,
              xx.SalesOrderDate,
              xx.PartyName,
              xx.Consignee,
              xx.Transporter,
              xx.VehicleNo,
              xx.LorryNo,
              xx.LorryDate,
              xx.FreightTypeName,
              xx.FreightRate,
              xx.FreightUnitCode,
              xx.ItemCode,
              xx.ItemName,
              xx.Item,
              xx.UOM,
              xx.UOM2,
              xx.Quantity1,
              xx.Quantity2,
              xx.Rate,
              xx.Amount,
              xx.FooterAmount,
              xx.TotalAmount,
              xx.Creator,
              xx.CreationTime,
              xx.AgentName,
              xx.CityName,
              xx.StateName,
              xx.loadingadviceno,
              xx.VoucherStatus
)xxx
Order by 1
",""
175,"CCInvoice","CCINVOICE",845947195447769895,"General","general","NATIVE_FORM","","select TNO,
       COMPANYCODE,
       FINANCIALYEARCODE,
       LOCATIONCODE,
       DOCTYPECODE,
       EMPLOYEECODE,
       CCINVOICENO,
       CCINVOICEDATE,
       CURRENCYUNITCODE,
       CURRENCYVALUE,
       PARTYCODE,
       CONSIGNEECODE,
       SUMOFAMOUNT,
       SUMOFFOOTERAMOUNT,
       CCINVOICEAMOUNT,
       despatchadvicetno,
       salesordertno,
       loadingadvicetno,
       AGENTCODE,
       ITEMWISEFOOTER,
       TRANSACTIONTYPECODE,
       NATUREOFSUPPLYCODE,
       REMARK,
       TRANSPORTERCODE,
       VEHICLETYPECODE,
       VEHICLENO,
       FREIGHTTYPECODE,
       FREIGHTRATE,
       FREIGHTUNITCODE,
       FREIGHTADVANCE,
       DRIVERNAME,
       LORRYNO,
       LORRYDATE,
       CREATOR,
       CREATIONTIME,
       FREIGHTCONTRACTTNO,
       nvl(GetDocumentStatusCode(GetModuleCodeForPageNo(:APP_PAGE_ID), a.Tno), 'Status') AS Status,
       ADJUSTEDADVANCEAMOUNT,
       addbusinessplace,
       roundingamount,
       ADDBUSINESSPLACEBUYER,
       DISTANCE
  from CCINVOICE a","","",""
175,"CCInvoice","CCINVOICE",506877634955647593,"Item Detail","item-detail","NATIVE_IG","","Select rowid,
       TNO,
       SNO,
       ITEMCODE,
       ITEMSPECIFICATIONCODE,
       getitemspecificationname(itemcode,itemspecificationcode) as ItemSpecificationName,
       DESCRIPTION,
       QUANTITY1,
       GetMeasuringUnitNameFromItem(ITEMCODE) AS MEASURINGUNITNAME1,
       QUANTITY2,
       GetMeasuringUnit2NameFromItem(ITEMCODE) AS MEASURINGUNITNAME2,
       'SD' As SD,
       RATE,
       AMOUNT,
       'FD' As FD,
       FOOTERAMOUNT,
       TOTALAMOUNT,
       REMARK,
       TAXRULECODE,
       PACKINGTYPECODE,
       PACKINGNOS ,
       RATEMEASURINGUNITCODE,
       DESPATCHCATEGORYCODE
  From CCINVOICEDETAIL
  WHERE TNO = :P175_TNO
    ","","",""
175,"CCInvoice","CCINVOICE",886482444989738645,"Detail Footer","detail-footer","NATIVE_IG","","select a.TNO,
       a.SNO,
       a.SN,
       a.SERIALNO,
       a.FOOTERHEADCODE,
       a.FOOTERPERCENT,
       a.FOOTERVALUE,
       a.LEGENDSCODE,
       b.includewithtaxableamount
  from CCINVOICEDETAILFOOTER a , footerhead b
  Where a.TNo = :P175_TNO
    and a.sno = :P175_SNO
    and a.footerheadcode = b.footerheadcode","","",""
175,"CCInvoice","CCINVOICE",515154983193807687,"CCInvoice Job","ccinvoice-job","NATIVE_IG","","select ROWID,
       TNO,
       JOBTYPECODE,
       PARTYCODE,
       JOBORDERTNO,
       REMARK,
       QUANTITY1,
       QUANTITY2
  from CCINVOICEJOB
  where tno = :P175_TNO","","",""
175,"CCInvoice","CCINVOICE",861321289561804906,"Stock  Detail","stock-detail","NATIVE_IG","","select ROWID,
       TNO,
       SNO,
       SN,
       STORAGELOCATIONCODE,
       STOCKTNO,
       QUANTITY1,
       partybillno,
       purchasebilltno,
       REMARK
  from CCINVOICESTOCKSTORAGEDETAIL
  Where TNo = :P175_TNO
    and SNO = :P175_SNO","","",""
175,"CCInvoice","CCINVOICE",505950149563692276,"Advancereceipt","advancereceipt","NATIVE_IG","","select ROWID,
       TNO,
       SNO,
       VOUCHERTNO,
       VOUCHERSNO,
       ADVANCERECEIPTTNO,
       ADVANCERECEIPTSNO,
       GSTRATE,
       ADJUSTEDADVANCEAMOUNT,
       CGSTRATE,
       SGSTRATE,
       IGSTRATE,
       CGSTAMOUNT,
       SGSTAMOUNT,
       IGSTAMOUNT
  from CCINVOICEADJUSTEDADVANCE
  where tno = :P175_TNO","","",""
175,"CCInvoice","CCINVOICE",872015676115668338,"Footer","footer","NATIVE_IG","","select TNO,
       SNO,
       SERIALNO,
       FOOTERHEADCODE,
       FOOTERPERCENT,
       FOOTERVALUE,
       LEGENDSCODE
  from CCINVOICEFOOTER
  Where TNo = :P175_TNO","","",""
175,"CCInvoice","CCINVOICE",514621638944855667,"Terms And Conditions","terms-and-conditions","NATIVE_IG","","select ROWID,
       TNO,
       SNO,
       TERMSANDCONDITIONHEADCODE,
       TERMSANDCONDITION
  from CCINVOICETAC
  where tno = :P175_TNO","","",""
175,"CCInvoice","CCINVOICE",250321555334926132,"E-WayBill Entry form","e-waybill-entry-form","NATIVE_FORM","","select TNO,
       MODULETNO,
       MODULECODE,
       SUPPLYTYPE,
       DOCNO,
       DOCDATE,
       OTHERPARTYGSTIN,
       SUPPLYSTATE,
       VEHICLENO,
       NOOFITEMS,
       EWBNO,
       EWBDATE,
       VALIDTILLDATE,
       ERRORS,
       REMARK,
       CREATOR,
       CREATIONTIME
  from EWAYBILL
 ","","",""
210,"Payable/Receivable Aging Report","PAYABLE-RECEIVABLE-AGING-REPORT",746296597373680276,"Creditors Aging Report","creditors-aging-report","NATIVE_IR","","With t_Allocated as (
	select
		aa.DrVoucherTNo as VoucherTNo,
		aa.DrVoucherSNo as VoucherSNo,
		round(-1 * sum(aa.Amount),2) as AllocatedAmount
	from DrCrAllocation aa, Voucher bb, Voucher cc
	where aa.DrVoucherTNo = bb.TNo
		and aa.CrVoucherTNo = cc.TNo
        and bb.VoucherDate <= :P210_ASONDATE
        and cc.VoucherDate <= :P210_ASONDATE
	group by
		aa.DrVoucherTNo,
		aa.DrVoucherSNo
	union all
	select
		aa.CrVoucherTNo as VoucherTNo,
		aa.CrVoucherSNo as VoucherSNo,
		round(sum(aa.Amount),2) as AllocatedAmount
	from DrCrAllocation aa, Voucher bb, Voucher cc
	where aa.DrVoucherTNo = bb.TNo
		and aa.CrVoucherTNo = cc.TNo
        and bb.VoucherDate <= :P210_ASONDATE
        and cc.VoucherDate <= :P210_ASONDATE
	group by
		aa.CrVoucherTNo,
		aa.CrVoucherSNo
), t_Bill as (
	select
		aa.TNo,
		bb.PartyBillNo,
		bb.PartyBillDate
	from PBPass aa, PurchaseBill bb
	where aa.PurchaseBillTNo = bb.TNo
	union all
	select
		aa.TNo,
		bb.PartyBillNo,
		bb.PartyBillDate
	from JBPass aa, JobBill bb
	where aa.JobBillTNo = bb.TNo
	union all
	select
		aa.TNo,
		aa.PartyBillNo,
		aa.PartyBillDate
	from FreightAdvice aa

	-- select
	-- 	aa.TNo,
	-- 	aa.PartyBillNo,
	-- 	aa.PartyBillDate
	-- from CashPurchase aa
	-- union all
	-- select
	-- 	aa.TNo,
	-- 	aa.PartyBillNo,
	-- 	aa.PartyBillDate
	-- from MiscellaneousExpense aa
	-- union all
	-- select
	-- 	aa.TNo,
	-- 	aa.BillNo AS PartyBillNo,
	-- 	aa.BillDate as PartyBillDate
	-- from ExternalServicesEntry aa
	-- union all
	-- select
	-- 	aa.TNo,
	-- 	aa.PartyBillNo,
	-- 	aa.PartyBillDate
	-- from NecessityCompletion aa
---- Dt.22-May-2023
  union all
	select
		aa.TNo,
		aa.CCInvoiceNo,
		aa.CCInvoiceDate
	from CCInvoice aa
  union all
	select
		aa.TNo,
		aa.ServiceBillNo,
		aa.ServiceBillDate
	from ServiceBill aa
  union all
	select
		aa.TNo,
		aa.CreditNoteNo,
		aa.CreditNoteDate
	from CreditNote aa
), t_Balance as (
        select
            a.TNo,
            a.SNo,
            a.VoucherDate,
            b.VoucherNo,
            a.LocationCode,
            d.BillNo as PartyBillNo,
            d.BillDate as PartyBillDate,
            trunc(sysdate) - nvl(d.BillDate, a.VoucherDate) as BillAge,
            a.AccountCode,
            round(a.Amount,2) as VoucherAmount,
            round(c.AllocatedAmount,2) as AllocatedAmount,
            round(a.Amount - nvl(c.AllocatedAmount, 0),2) as BalanceAmount
        from VoucherDetail a, Voucher b, t_Allocated c, AccountOpening d
        where a.TNo = b.TNo
            and a.TNO= c.VoucherTNo(+)
            and a.SNo = c.VoucherSNo(+)
            and a.ModuleTNo = d.TNo(+)
            and b.VoucherNo = 'OPENING'
            and round(a.Amount - nvl(c.AllocatedAmount, 0), 0) != 0
            and a.VoucherDate <= :P210_ASONDATE
            and ( :P210_LOCATION IS NULL OR instr(':'||:P210_LOCATION||':',':'||a.LocationCode||':') > 0)
            and ( :P210_PARTY IS NULL OR instr(':'||:P210_PARTY||':',':'||a.AccountCode||':') > 0 )
             and ( :P210_COMPANY IS NULL OR instr(':'||:P210_COMPANY||':',':'||B.CompanyCode||':') > 0 )
             and a.LocationCode is not null
        union all
        select
            a.TNo,
            a.SNo,
            a.VoucherDate,
            b.VoucherNo,
            a.LocationCode,
            d.PartyBillNo,
            d.PartyBillDate,
            trunc(sysdate) - nvl(d.PartyBillDate, a.VoucherDate) as BillAge,
            a.AccountCode,
            round(a.Amount,2) as VoucherAmount,
            round(c.AllocatedAmount,2) as AllocatedAmount,
            round(a.Amount - nvl(c.AllocatedAmount, 0),2) as BalanceAmount
        from VoucherDetail a, Voucher b, t_Allocated c, t_Bill d
        where a.TNo = b.TNo
            and a.TNO= c.VoucherTNo(+)
            and a.SNo = c.VoucherSNo(+)
            and b.ModuleTNo = d.TNo(+)
            and b.VoucherNo != 'OPENING'
            and round","(a.Amount - nvl(c.AllocatedAmount, 0), 0) != 0
            and a.VoucherDate <= :P210_ASONDATE
            and ( :P210_LOCATION IS NULL OR instr(':'||:P210_LOCATION||':',':'||a.LocationCode||':') > 0)
            and ( :P210_PARTY IS NULL OR instr(':'||:P210_PARTY||':',':'||a.AccountCode||':') > 0 )
            and ( :P210_COMPANY IS NULL OR instr(':'||:P210_COMPANY||':',':'||B.CompanyCode||':') > 0 )
            and a.LocationCode is not null
)
select rownum as serialno, xx.* from (
select
   --rownum as serialno,
    --x.LocationCode,
    y.PartyName,
    Y.MSME,
    case when y.PARTYTYPECODE = 'CUSTOMER'THEN
              sum(case when x.BillAge <= 30 then (-1) * x.BalanceAmount else 0 end)
         ELSE sum(case when x.BillAge <= 30 then x.BalanceAmount else 0 end)
     END as Balance0t30,
     case when y.PARTYTYPECODE = 'CUSTOMER'THEN
                sum(case when x.BillAge between 31 and 60  then (-1) * x.BalanceAmount else 0 end)
           ELSE sum(case when x.BillAge between 31 and 60  then  x.BalanceAmount else 0 end)
     END as Balance31to60,
    case when y.PARTYTYPECODE = 'CUSTOMER'THEN
              sum(case when x.BillAge between 61 and 90  then (-1) * x.BalanceAmount else 0 end)
         else sum(case when x.BillAge between 61 and 90  then x.BalanceAmount else 0 end)
    END as Balance61to90,

    case when y.PARTYTYPECODE = 'CUSTOMER'THEN
                sum(case when x.BillAge between 91 and 120  then (-1) * x.BalanceAmount else 0 end)
         else sum(case when x.BillAge between 91 and 120  then x.BalanceAmount else 0 end)
    end as Balance91to120,

    case when y.PARTYTYPECODE = 'CUSTOMER'THEN
                sum(case when x.BillAge between 121 and 150  then (-1) * x.BalanceAmount else 0 end)
         else sum(case when x.BillAge between 121 and 150  then x.BalanceAmount else 0 end)
    end as Balance121to150,

    case when y.PARTYTYPECODE = 'CUSTOMER'THEN
              sum(case when x.BillAge between 151 and 180  then (-1) * x.BalanceAmount else 0 end)
         else sum(case when x.BillAge between 151 and 180  then x.BalanceAmount else 0 end)
    end as Balance151to180,

    case when y.PARTYTYPECODE = 'CUSTOMER'THEN
              sum(case when x.BillAge > 180 then (-1) * x.BalanceAmount else 0 end)
         else sum(case when x.BillAge > 180 then x.BalanceAmount else 0 end)
    end as BalanceAbove180,

    case when y.PARTYTYPECODE = 'CUSTOMER'THEN
            (-1) * round(sum(x.BalanceAmount),2)
         else round(sum(x.BalanceAmount),2)
    end as TotalBalance,
      X.AccountCode
from t_Balance x, Party y
where x.AccountCode = y.PartyCode
    and y.PartyTypeCode IN ('CUSTOMER','SUPPLIER','CONTRACTOR','TRANSPORTER','AGENT')
    and ( :P210_PARTYTYPE IS NULL OR instr(':'||:P210_PARTYTYPE||':',':'||y.PARTYTYPECODE||':') > 0 )
    and :P210_ASONDATE is not null
   and ( :P210_MSME IS NULL OR NVL(Y.MSME,'NO') = :P210_MSME )
group by  --x.LocationCode,
    y.PartyName,
    x.AccountCode,
    y.PARTYTYPECODE,
    Y.MSME
    --rownum
having round(sum(x.BalanceAmount), 3) != 0
order by y.PartyName --, x.LocationCode
)  xx

","",""
281,"Pending Sales Order followup","PENDING-SALES-ORDER-FOLLOWUP",184866605333682390,"Invoice","invoice","NATIVE_IR","","select
   row_number() over(order by X.Tno) SerialNo,

getlocationname(x.LOCATIONCODE) location , x.tno , b.ccinvoiceno from (
select LOCATIONCODE , max(tno)as  tno  from ccinvoice group by LOCATIONCODE ) x ,
ccinvoice b
where x.tno = b.tno","","",""
281,"Pending Sales Order followup","PENDING-SALES-ORDER-FOLLOWUP",200106339216295538,"Pending Sales Order followup","pending-sales-order-followup","NATIVE_IG","","Select b.tno,b.sno,
          row_number() over(order by a.Locationcode) SerialNo,
       getlocationname(a.locationcode) location,
       getpartyname(a.partycode) party,
       --a.salesorderno,

       getpartyname(a.CONSIGNEECODE) CustomerName,
       b.Itemcode,

       getitemname(b.itemcode) As ItemName,
       b.itemspecificationcode,
       getitemspecificationname(b.itemcode, b.itemspecificationcode) As Specification,
       b.rate,
       Sum(b.quantity1) OrderQty,
       Sum(c.InvQty) Deliveredqty,
       Sum(b.quantity1) - nvl(Sum(c.InvQty),0) As BalanceQty,
       Sum(d.gst) || '%' As GSTExtra,
       getcityname(p.OFFICECITYCODE) Destinationcity,
       a.partypono CustomerRefNo,
       a.partypodate customerRefDate,
       a.salesorderno,
       a.CREDITDAYS paymentterms,
       a.TRANSACTIONTYPECODE ,
       B.DOCUMENTSTATUSCODE
  From SalesOrder a,
       SalesOrderDetail b,
       (Select
               bb.itemcode,
               bb.itemspecificationcode,
               sum(bb.quantity1) As InvQty,
               aa.salesordertno
          From ccinvoice aa, ccinvoicedetail bb
         Where aa.tno = bb.tno
         group by bb.itemcode,
               bb.itemspecificationcode,
               aa.salesordertno) c,
       (Select tno, sno, sum(footerpercent) As gst
          From salesorderdetailfooter
        Group By tno, sno
        ) d ,
        party p
 Where a.tno = b.tno
   and a.CONSIGNEECODE = p.partycode
   And b.itemcode = c.itemcode(+)
   And b.itemspecificationcode = c.itemspecificationcode(+)
   And a.tno = c.salesordertno(+)
   And b.tno = d.tno(+)
   And b.sno = d.sno(+)
   and  A.salesorderDATE <= :P281_FROMDATE
and ( :P281_LOCATION IS NULL OR instr(':'||:P281_LOCATION||':',':'||A.LOCATIONCODE||':') > 0 )
and ( :P281_PARTY IS NULL OR instr(':'||:P281_PARTY||':',':'||A.PARTYCODE||':') > 0 )
and ( :P281_COMPANY IS NULL OR instr(':'||:P281_COMPANY||':',':'||A.companyCODE||':') > 0 )
and ( :P281_DOCUMENTSTATUSCODE IS NULL OR instr(':'||:P281_DOCUMENTSTATUSCODE||':',':'||B.DOCUMENTSTATUSCODE||':') > 0 )
-- Group By Rollup(a.locationcode, a.partycode, b.itemcode), b.rate
 Group By a.locationcode,
          a.partycode,
          a.CONSIGNEECODE,
          b.itemcode,
          b.rate,
          b.itemspecificationcode,
          p.OFFICECITYCODE,
          a.partypono,
          a.partypodate,
          a.salesorderno,
          a.CREDITDAYS ,
          a.TRANSACTIONTYPECODE ,
          B.DOCUMENTSTATUSCODE,
          b.tno,
          b.sno
having Sum(b.quantity1) - nvl(Sum(c.InvQty),0) > 0
 /*Order By a.locationcode,
          a.partycode,
          b.itemcode,
          b.itemspecificationcode,
          b.rate,
          p.OFFICECITYCODE,
          a.partypono,
          a.partypodate,
          a.salesorderno*/","","",""
283,"Payment Of Transporter Advance","FREIGHT-ADVANCE-REGISTER1",200131459923335683,"Payment Of Transporter Advance","payment-of-transporter-advance","NATIVE_IR","","Select
       row_number() over(order by a.CCINVOICEDATE) SerialNo,
       a.ccinvoiceno As challanNo,
       a.ccinvoicedate As challanDate,
       a.transportercode,
       getpartyname(a.transportercode) As TransporterName,
       a.vehicleno,
       d.Quantity1,
       a.freightrate As Rate,
       Nvl(d.Quantity1, 0) * Nvl(a.freightrate, 0) As Freight,
       a.freightadvance As Advance,
       b.sourceplacecode,
       getcityname(b.sourceplacecode) As SourceLocation,
       b.destinationplacecode,
       getcityname(b.destinationplacecode) As DestinationLocation,
	   a.consigneecode,
	   getpartyname(a.partycode) as Consignee,
       c.Outwardfrano As FreightApprovalNo,
       getlocationname(a.locationcode) as location
  From ccinvoice a,
       loadingadvice b,
       Outwardfra c,
       (Select aa.tno, Sum(aa.quantity1) As Quantity1
          From ccinvoicedetail aa
         Group By aa.tno) d
 Where a.loadingadvicetno = b.tno(+)
   And b.outwardfratno = c.tno(+)
   And a.tno = d.tno(+)
   and a.ccinvoicedate between :P283_FROMDATE and :P283_TODATE
and ( :P283_LOCATION IS NULL OR instr(':'||:P283_LOCATION||':',':'||A.LOCATIONCODE||':') > 0 )
and ( :P283_COMPANY IS NULL OR instr(':'||:P283_COMPANY||':',':'||A.companyCODE||':') > 0 )
and ( :P283_TRANSPORTER IS NULL OR instr(':'||:P283_TRANSPORTER||':',':'||A.transportercode||':') > 0 )
and ( :P283_SOURCE IS NULL OR instr(':'||:P283_SOURCE||':',':'||b.sourceplacecode||':') > 0 )
and ( :P283_DESTINATION IS NULL OR instr(':'||:P283_DESTINATION||':',':'||b.destinationplacecode||':') > 0 )","","",""
291,"Purchase Party Payment Register","PURCHASE-PARTY-AMOUNT-REPORT",186894187453791355,"Purchase Party Amount Register","purchase-party-amount-register","NATIVE_IR","","select  row_number() over(order by CHALLANDATE) SerialNo,
    TNO,
    LOADINGADVICENO,
    AGENT,
    CHALLANNO,
    CHALLANDATE,
    SALEPARTYNAME,
    PURCHASEORDERNO,
    PURCHASEPARTYNAME,
    PURCHASEBILLNO,
    PURCHASEORDERDATE,
    PURCHASEBILLDATE,
    PURCHASEAMOUNT,
    POITEM,
    POSPECIFICATION,
    QUANTITY,
    SAUDARATE,
     SAUDAAMOUNT,
     PASSEDAMOUNT,
     PARTYPAYMENT,
     BALANCEAMOUNT,
     PAYDATE,
     TDS,
     BASICBEFOREGSTTAX,
     sum(SGST) SGST ,
     sum(CGST) CGST,
     sum(IGST) IGST,
     PAYDAYS,
     DUEDATE,
     OVERDAYS,
     TRANSPORTERCOMPANY,
      VEHICLENO,
      LRNO,
      FREIGHTRATE,
      FREIGHTAMOUNT,
      FREIGHTADVANCE
      PARTYBILLTNO
 from (
select distinct

        A.TNO,
        a.LOADINGADVICEno,
        getpartyname(so.agentcode)                  agent,
        nvl(mi.REFDOCNO , cc.CCINVOICENO)       as challanno,
        nvl(mi.REFDOCDATE , cc.CCINVOICEDATE)   as challandate,
        GETPARTYNAME(so.partycode)              AS Salepartyname,
        po.purchaseorderno                      as purchaseorderno,
        getpartyname(po.partycode)              as purchasepartyname,
        pb.PARTYBILLNO                          as purchasebillno,
        po.purchaseorderdate                    as purchaseorderdate,
        pb.PARTYBILLDATE                        as purchasebilldate,
        pbp.totalamount                         as Purchaseamount,
        getitemname(po.itemcode)                POITEM,
        getitemspecificationname(po.itemcode , po.itemspecificationcode) POSpecification,
        pbp.quantity1                           as quantity,
        po.RATEAFTERDISCOUNT                    as saudarate,
        pbp.quantity1 * po.RATEAFTERDISCOUNT    as saudaamount,
        pbp.AMOUNTAFTERTDS                      as passedamount,
        nvl(pa.amount,0)                        as partypayment,
        pbp.AMOUNTAFTERTDS-nvl(pa.amount,0)     as Balanceamount,
        pa.paymentadvicedate                    as paydate,
        pbp.footervalue                         as TDS,
        pbp.amount                              as basicbeforegsttax,
       -- po.footeramount as TAX,
       case  when pbp.footerheadcode='.SGST.' then
        pbp.footervalue1
        else
        0
        end ""SGST"",
        case  when pbp.footerheadcode='.CGST.' then
        pbp.footervalue1
        else
        0
        end ""CGST"",
        case  when pbp.footerheadcode='.IGST.' then
        pbp.footervalue1
        else
        0
        end ""IGST"",
        po.CREDITDAYS                               as Paydays,
        pb.purchasebilldate + po.CREDITDAYS                  as duedate,
       trunc(sysdate) - (pb.purchasebilldate + po.CREDITDAYS) as overdays,
        getpartyname(cc.TRANSPORTERCODE)            as transportercompany,
        cc.VEHICLENO,
        cc.LORRYNO LRNO,
       cc.FREIGHTRATE,
       cc.FREIGHTRATE * pbp.quantity1 FREIGHTamount,
       cc.FREIGHTADVANCE,
       pb.Tno as PartyBillTno

  from LOADINGADVICE A, LOADINGADVICEDETAIL F, ccinvoice cc ,  grn ,
  (
        select a.tno , a.purchaseorderno , a.partycode , b.itemcode , b.itemspecificationcode , b.RATEAFTERDISCOUNT ,
        a.purchaseorderdate , b.amount , b.quantity1 , b.footeramount , a.CREDITDAYS , c.footerheadcode , c.footervalue
        from purchaseorder a , purchaseorderdetail b , purchaseorderdetailfooter c
        where a.tno = b.tno
        and b.tno = c.tno
        and b.sno = c.sno

    )po ,
    (
        select a.tno , a.salesorderno, b.itemcode , b.itemspecificationcode , a.agentcode , b.rate ,
        b.amount , a.partycode
        from SALESORDER a , SALESORDERdetail b
        where a.tno = b.tno

    )so ,
    (
        select a.tno , a.joborderno, b.itemcode , b.itemspecificationcode
        from JOBORDER a , JOB","ORDERdetail b
        where a.tno = b.tno

    )jo,
    (
        select a.REFDOCNO , a.REFDOCDATE , a.tno , a.loadingadvicetno , b.itemcode , b.itemspecificationcode ,
        a.LRNO
        from materialin a , materialindetail b
         where a.tno = b.tno

    )mi,
    (
        select  a.tno ,  b.itemcode , b.itemspecificationcode , b.quantity1 , a.purchaseordertno , a.purchasebillno , a.purchasebilldate ,
                a.PARTYBILLNO , a.PARTYBILLDATE , c.grntno
        from purchasebill a , purchasebilldetail b , purchasebillgrndetail c
         where a.tno = b.tno
         and b.tno = c.tno
         and b.sno = c.sno

    )pb,
    (
        select  a.tno ,  b.itemcode , b.itemspecificationcode , b.quantity1 , b.amount , a.purchasebilltno , c.FOOTERVALUE ,
                b.totalamount , a.AMOUNTAFTERTDS , d.footerheadcode , d.footervalue footervalue1
        from pbpass a , pbpassdetail b , PBPASSTDSDETAIL c , pbpassdetailfooter d
         where a.tno = b.tno
         and a.tno = c.tno
         and b.tno = d.tno
         and b.sno = d.sno

    )pbp,
    (
        select a.paymentadvicedate , b.REFERENCEMODULETNO , sum(b.amount) amount , sum(b.TDSAMOUNT) tds
        from paymentadvice a , paymentadvicereference b
            where a.tno = b.tno
            group by a.paymentadvicedate ,b.REFERENCEMODULETNO
    )pa
  WHERE A.PURCHASEORDERTNO              = po.TNO(+)
  AND A.TNO                             = F.TNO
    and f.itemcode                      = po.itemcode
    and f.itemspecificationcode         = po.itemspecificationcode
    AND A.SALESORDERTNO                 = so.TNO(+)
     and f.itemcode                     = so.itemcode(+)
    and f.itemspecificationcode         = so.itemspecificationcode(+)
    AND A.JOBORDERTNO                   = jo.TNO(+)
     and f.itemcode                     = jo.itemcode(+)
    and f.itemspecificationcode         = jo.itemspecificationcode(+)
     AND A.tno                          = mi.loadingadvicetno(+)
     and f.itemcode                     = mi.itemcode(+)
    and f.itemspecificationcode         = mi.itemspecificationcode(+)
    AND A.purchaseordertno              = pb.purchaseordertno(+)
     and f.itemcode                     = pb.itemcode(+)
    and f.itemspecificationcode         = pb.itemspecificationcode(+)

     AND pb.tno                         = pbp.purchasebilltno(+)
     and f.itemcode                     = pbp.itemcode(+)
    and f.itemspecificationcode         = pbp.itemspecificationcode(+)


    AND pbp.purchasebilltno             = pa.REFERENCEMODULETNO(+)
    and a.tno                           = cc.loadingadvicetno(+)
    and a.tno = grn.loadingadvicetno(+)
    and grn.tno = pb.grntno(+)
    --and f.quantity1  = pb.quantity1
   --and a.tno = 54995810
  and a.loadingadviceDATE between :P291_FROMDATE and :P291_TODATE
  and ( :P291_PARTY IS NULL OR instr(':'||:P291_PARTY||':',':'||a.SUPPLIERCODE||':') > 0 )
  and ( :P291_LOCATION IS NULL OR instr(':'||:P291_LOCATION||':',':'||a.LocationCode||':') > 0 )
  and ( :P291_COMPANY IS NULL OR instr(':'||:P291_COMPANY||':',':'||a.CompanyCode||':') > 0 )
     and ( :P291_PURCHASEBILL IS NULL OR instr(':'||:P291_PURCHASEBILL||':',':'||pb.Tno||':') > 0 )

   -- order by A.LOADINGADVICEDATE desc,A.LOADINGADVICENO
) x
group by  TNO, LOADINGADVICENO, AGENT, CHALLANNO, CHALLANDATE, SALEPARTYNAME, PURCHASEORDERNO, PURCHASEPARTYNAME,
PURCHASEBILLNO, PURCHASEORDERDATE, PURCHASEBILLDATE, PURCHASEAMOUNT, POITEM, POSPECIFICATION, QUANTITY, SAUDARATE,
 SAUDAAMOUNT, PASSEDAMOUNT, PARTYPAYMENT, BALANCEAMOUNT, PAYDATE, TDS, BASICBEFOREGSTTAX,  PAYDAYS,
 DUEDATE,OVERDAYS,
  TRANSPORTERCOMPANY, VEHICLENO, LRNO, FREIGHTRATE, FREIGHTAMOUNT, FREIGHTADVANCE, PARTYBILLTNO","",""
298,"Due Outstanding Balance","DUE-OUTSTANDING-BALANCE",205938038314268688,"Due Outstanding Balance","due-outstanding-balance-2","NATIVE_IR","","Select
     --  row_number() over(order by a.PartyCode) SerialNo,
       a.Party,
       A.PARTYCODE,
       Sum(a.TotalOutstanding) As OutstandingAmount,
       Sum(a.DueAmount) As DueAmount/*,
       a.DueDate,
       a.Zonetype,
        a.CompanyCode,
        a.PartyCode,
        a.LocationCode*/
From (Select
        GetPartyName(a.PartyCode) as party,
        a.CompanyCode,
        a.PartyCode,
        a.LocationCode,
        Sum(a.CCInvoiceAmount - Nvl(a.PaidAmount, 0)) TotalOutstanding,
        Null As DueAmount,
         (a.ccinvoicedate + b.creditdays) as DueDate,
         c.Zonetype
      From ccinvoice a, salesorder b, Party c
      Where a.salesordertno = b.tno(+)
        and a.PartyCode = c.PartyCode(+)
      Group By getpartyname(a.partycode),
       a.ccinvoicedate,
       b.creditdays,
       a.CompanyCode,
       a.PartyCode,
       a.LocationCode,
        c.Zonetype
Union All
       Select
          GetPartyName(a.PartyCode) as party,
          a.CompanyCode,
          a.PartyCode,
          a.LocationCode,
          Null as TotalOutstanding,
          Sum(a.CCInvoiceAmount - Nvl(a.PaidAmount, 0)) as DueAmount,
          (a.ccinvoicedate + b.creditdays) as DueDate,
           c.Zonetype
       From ccinvoice a, salesorder b, Party c
       Where a.salesordertno = b.tno(+)
        and a.PartyCode = c.PartyCode(+)
        And a.ccinvoicedate + b.creditdays <= Trunc(Sysdate)
       Group By getpartyname(a.partycode),
         a.ccinvoicedate,
         b.creditdays,
         a.CompanyCode,
         a.PartyCode,
         a.LocationCode,
         c.Zonetype)a
 Where trunc(a.DueDate) <= :P298_DUEDATE
 and ( :P298_COMPANY IS NULL OR instr(':'||:P298_COMPANY||':',':'||a.CompanyCode||':') > 0 )
 and ( :P298_PARTY IS NULL OR instr(':'||:P298_PARTY||':',':'||a.PartyCode||':') > 0 )
 and ( :P298_LOCATION IS NULL OR instr(':'||:P298_LOCATION||':',':'||a.LocationCode||':') > 0 )
 and ( :P298_ZONE IS NULL OR instr(':'||:P298_ZONE||':',':'||a.Zonetype||':') > 0 )
 Group By a.party,A.PARTYCODE
 /*,
      a.DueDate,
      a.Zonetype,
       a.CompanyCode,
        a.PartyCode,
        a.LocationCode
*/","","",""
327,"PURCHASE BILL LEDGER","PURCHASE-BILL-LEDGER",593666934239704869,"PURCHASE BILL LEDGER","purchase-bill-ledger","NATIVE_IR","","Select
    a.PBPassNo,
    a.PBPassDate,
    c.PartyName,
    GetPartyAttributeValue(a.PartyCode,'GSTINNO') as PartyGSTNO,
    d.VoucherNo,
    y.Quantity1,
    y.Amount,
    x.CGST,
    x.SGST,
    x.IGST,
    x.TCS,
    a.SumOfTDSAmount,
    a.RoundOff,
    a.AmountAfterTDS,
    e.PartyBillNo,
    e.PartyBillDate,
    nvl(y.Amount,0) + nvl(x.CGST,0) + nvl(x.SGST,0) + nvl(x.IGST,0) + nvl(x.TCS,0) as TotalPurchaseAmount,
    nvl((nvl(y.Amount,0) + nvl(x.CGST,0) + nvl(x.SGST,0) + nvl(x.IGST,0) + nvl(x.TCS,0)),0) - nvl(a.SumofTDSAmount,0) as GrossTotal
From PBPass a,
 (Select
     aa.Tno,
     sum(nvl(Decode(bb.FooterHeadCode,'.CGST.', bb.FooterValue),0)) as CGST,
     sum(nvl(Decode(bb.FooterHeadCode,'.SGST.', bb.FooterValue),0)) as SGST,
     sum(nvl(Decode(bb.FooterHeadCode,'.IGST.', bb.FooterValue),0))as IGST,
     sum(nvl(Decode(bb.FooterHeadCode,'.TCS.', bb.FooterValue),0)) as TCS
    From PBPassDetail aa, PBPassDetailFooter bb
    Where aa.Tno = bb.Tno
      and aa.Sno = bb.Sno
      and bb.FooterHeadCode in ('.CGST.','.SGST.','.IGST.')
    Group By aa.Tno
      )x,
  (Select
      aa.Tno,
      sum(aa.Quantity1) as Quantity1,
      sum(aa.Amount) as Amount
    From PBPassDetail aa
    Group By aa.Tno) y,
    Party c, Voucher d, PurchaseBill e
Where a.Tno = x.Tno(+)
  and a.Tno = y.Tno(+)
  and a.PartyCode = c.PartyCode
  and a.Tno = d.ModuleTno(+)
  and d.ModuleTno is not null
  and a.PurchaseBillTno = e.Tno(+)
  and a.PBPassDate between :P327_FROMDATE and :P327_TODATE
  and ( :P327_COMPANY is null or instr(':'||:P327_COMPANY||':',':'||a.CompanyCode||':') > 0)
   and ( :P327_LOCATION is null or instr(':'||:P327_LOCATION||':',':'||a.LocationCode||':') > 0)
  and ( :P327_TRANSACTIONTYPE is null or instr(':'||:P327_TRANSACTIONTYPE||':',':'|| a.TransactiontypeCode||':') > 0)
-- Group By a.tno,
--     a.PBPassNo,
--     a.PBPassDate,
--     c.PartyName,
--     a.PartyCode,
--     d.VoucherNo,
--     a.SumOfTDSAmount,
--     a.RoundOff,
--     a.AmountAfterTDS,
--     e.PartyBillNo,
--     e.PartyBillDate","","",""
329,"CCINVOICE LEDGER","CCINVOICE-LEDGER",627443024571574857,"CCINVOICE LEDGER","ccinvoice-ledger","NATIVE_IR","","Select
    a.CCInvoiceNo,
    a.CCInvoiceDate,
    c.PartyName,
    GetPartyAttributeValue(a.PartyCode,'GSTINNO') as PartyGSTNO,
    d.VoucherNo,
    y.Quantity1,
    y.Amount,
    x.CGST,
    x.SGST,
    x.IGST,
    x.TCS,
    NVL(y.Amount,0) + NVL(x.CGST, 0) + NVL(x.SGST,0) + NVL(x.IGST,0) + NVL(x.TCS,0) as GrossTotal
From CCInvoice a,
 (Select
     aa.Tno,
     sum(nvl(Decode(bb.FooterHeadCode,'.CGST.', bb.FooterValue),0)) as CGST,
     sum(nvl(Decode(bb.FooterHeadCode,'.SGST.', bb.FooterValue),0)) as SGST,
     sum(nvl(Decode(bb.FooterHeadCode,'.IGST.', bb.FooterValue),0))as IGST,
     sum(nvl(Decode(bb.FooterHeadCode,'.TCS.', bb.FooterValue),0)) as TCS
    From CCInvoiceDetail aa, CCInvoiceDetailFooter bb
    Where aa.Tno = bb.Tno
      and aa.Sno = bb.Sno
      and bb.FooterHeadCode in ('.CGST.','.SGST.','.IGST.')
    Group By aa.Tno
      )x,
  (Select
     aa.Tno,
     sum(aa.Quantity1) as Quantity1,
     sum(aa.Amount) as Amount
    From CCInvoiceDetail aa, Item bb
    Where aa.ItemCode = bb.ItemCode
    and bb.ItemClassificationCode != 'SERVICE'
    Group By aa.Tno) y,
    Party c,Invoice ic, Voucher d
Where a.Tno = x.Tno(+)
  and a.Tno = y.Tno(+)
  and a.PartyCode = c.PartyCode
  and a.Tno = ic.ModuleTno(+)
  and ic.Tno = d.ModuleTno(+)
  and d.ModuleTno is not null
  and a.CCInvoiceDate between :P329_FROMDATE and :P329_TODATE
  and ( :P329_COMPANY is null or instr(':'||:P329_COMPANY||':',':'||a.CompanyCode||':') > 0)
  and ( :P329_LOCATION is null or instr(':'||:P329_LOCATION||':',':'||a.LocationCode||':') > 0)
  and ( :P329_TRANSACTIONTYPE is null or instr(':'||:P329_TRANSACTIONTYPE||':',':'||a.TransactiontypeCode||':') > 0)

","","",""
362,"Payment Followup","PAYMENT-FOLLOWUP",44821821083098859,"Report Region","report-region","NATIVE_IR","","SELECT
     CCI.CCINVOICEDATE,
     CCI.CCINVOICENO,
     P.PARTYNAME,
     V.VOUCHERNO,
     V.VOUCHERDATE,
     E.EMPLOYEENAME AS SALESPERSON,
     SO.CREDITDAYS,
     SO.SALESORDERAMOUNT,
     CCI.CCINVOICEAMOUNT,
     SO.SALESORDERAMOUNT - CCI.CCINVOICEAMOUNT AS SO_CCI_AMOUNT,
     NVL(BR.AMOUNT,0) AS PAYMENT_RECEIVED,
     NVL(CCI.CCINVOICEAMOUNT,0) - NVL(BR.AMOUNT,0) AS BALANCE_AMOUNT,
     (CCI.CCINVOICEDATE + SO.CREDITDAYS) AS DUE_DATE,
     TRUNC(SYSDATE) - (CCI.CCINVOICEDATE + SO.CREDITDAYS) AS OVERDUEDAYS,

     CASE
        -- WHEN NVL(CCI.CCINVOICEAMOUNT,0) - NVL(BR.AMOUNT,0) <= 0 THEN 'Paid'
        WHEN (TRUNC(SYSDATE) - (CCI.CCINVOICEDATE + SO.CREDITDAYS)) <= 0 THEN 'Pending'
        WHEN (TRUNC(SYSDATE) - (CCI.CCINVOICEDATE + SO.CREDITDAYS)) < 5 THEN 'Due'
        WHEN (TRUNC(SYSDATE) - (CCI.CCINVOICEDATE + SO.CREDITDAYS)) <= 10 THEN 'Overdue'
        ELSE 'Seriously-Overdue'
     END AS PAYMENT_STATUS

FROM CCINVOICE CCI
LEFT JOIN SALESORDER SO ON CCI.SALESORDERTNO = SO.TNO
LEFT JOIN VOUCHER V ON V.MODULETNO = (SELECT TNO FROM INVOICE WHERE MODULETNO = CCI.TNO)
LEFT JOIN PARTY P ON P.PARTYCODE = SO.PARTYCODE
LEFT JOIN EMPLOYEE E ON E.EMPLOYEECODE = SO.SALESEXECUTIVECODE
LEFT JOIN DFREIGHTBILLRECEIPTDETAIL BR ON BR.MODULETNO = (SELECT TNO FROM INVOICE WHERE MODULETNO = CCI.TNO)

WHERE CCI.SALESORDERTNO IS NOT NULL
  AND V.VOUCHERNO IS NOT NULL
  AND NVL(CCI.CCINVOICEAMOUNT,0) - NVL(BR.AMOUNT,0) > 0
  AND CCI.CCINVOICEDATE BETWEEN :P362_FROMDATE AND :P362_TODATE
  AND ( :P362_PARTY IS NULL OR instr(':'||:P362_PARTY||':',':'||P.PARTYCODE||':') > 0 )

ORDER BY CCI.CCINVOICEDATE DESC;
","","",""
378,"GRN Pending for Purchase Bill Report","GRN-PENDING-PURCHASE-BILL-REPORT",59275451967807191,"Pending Purchase Bill Report","pending-purchase-bill-report","NATIVE_IR","","SELECT
       G.TNO
     , G.COMPANYCODE
     , G.FINANCIALYEARCODE
     , G.LOCATIONCODE
     , G.GRNNO
     , G.GRNDATE
     , G.PARTYCODE
     , G.MATERIALINTNO
     , G.PURCHASEORDERTNO
     , G.TRANSPORTERCODE
     , G.VEHICLETYPECODE
     , G.VEHICLENO
     , CASE G.REFDOCTYPECODE WHEN 'CHLN' THEN 'CHALLAN' WHEN 'BILL' THEN 'BILL' END AS REFDOCTYPECODE
     , G.REFDOCNO
     , G.REFDOCDATE
     , TO_CHAR(G.REFDOCAMOUNT,'999G999G999G999G990D00') AS REFDOCAMOUNT
     , G.FREIGHTTYPECODE
     , G.LRNO
     , G.LRDATE
     , TO_CHAR(G.FREIGHTRATE,'999G999G999G999G990D00') AS FREIGHTRATE
     , G.FREIGHTUNITCODE
     , G.LOADINGADVICETNO
     , GD.ITEMCODE
     , GD.ITEMSPECIFICATIONCODE
     , GD.CHALANQUANTITY1
     , GD.RECEIVEDQUANTITY1
     , GD.CHALANQUANTITY2
     , GD.RECEIVEDQUANTITY2
     , GD.INSPECTEDQUANTITY1
     , GD.INSPECTEDQUANTITY2
     , GD.ACCEPTEDQUANTITY1
     , GD.ACCEPTEDQUANTITY2
     , GD.REJECTEDQUANTITY1
     , GD.REJECTEDQUANTITY2
     , PO.PURCHASEORDERNO
     , PO.PURCHASEORDERDATE
     , MI.MATERIALINNO
     , MI.MATERIALINDATE
     , LA.LOADINGADVICENO
     , LA.LOADINGADVICEDATE
     , P.PARTYNAME AS PARTYNAME
     , T.PARTYNAME AS TRANSPORTERNAME
     , L.LOCATIONNAME
     , DT.DOCTYPENAME
     , C.COMPANYNAME
     , VI.ITEMNAME
     , VI.ITEMSPECIFICATIONNAME
     , VI.ITEMCATEGORYNAME
     , VI.UOM1
     , VT.VEHICLETYPENAME
     , FT.FREIGHTTYPENAME
     , GETDOCUMENTSTATUSCODE('GRN',G.TNO) AS DOCSTATUS
     , '' AS PARTY_DETAILS
     , '' AS TRANSPORTER_DETAILS
     , '' AS ITEM_QTY_DETAILS
     , '' AS REFERENCE_DOCUMENTS
     , '' AS GRN_DETAILS
     , '' AS ITEM_DETAILS

     , CASE
           WHEN check_module_view_access('PURCHASEORDER', :APP_USER, :GLOBAL_COMPANYCODE) = 1 THEN
               apex_page.get_url(
                   p_page   => 118,
                   p_items  => 'P118_TNO',
                   p_values => g.PURCHASEORDERTNO
               )
           ELSE
               apex_util.prepare_url('f?p=' || :APP_ID || ':378:' || :APP_SESSION)
       END AS po_link

       , CASE
           WHEN check_module_view_access('MATERIALIN', :APP_USER, :GLOBAL_COMPANYCODE) = 1 THEN
               apex_page.get_url(
                   p_page   => 69,
                   p_items  => 'P69_TNO',
                   p_values => g.MATERIALINTNO
               )
           ELSE
               apex_util.prepare_url('f?p=' || :APP_ID || ':378:' || :APP_SESSION)
       END AS MATERIALIN_link

       , CASE
           WHEN check_module_view_access('LOADINGADVICE', :APP_USER, :GLOBAL_COMPANYCODE) = 1 THEN
               apex_page.get_url(
                   p_page   => 155,
                   p_items  => 'P155_TNO',
                   p_values => g.LOADINGADVICETNO
               )
           ELSE
               apex_util.prepare_url('f?p=' || :APP_ID || ':378:' || :APP_SESSION)
       END AS LOADING_ADVICE_link

       , CASE
           WHEN check_module_view_access('GRN', :APP_USER, :GLOBAL_COMPANYCODE) = 1 THEN
               apex_page.get_url(
                   p_page   => 146,
                   p_items  => 'P146_TNO',
                   p_values => g.TNO
               )
           ELSE
               apex_util.prepare_url('f?p=' || :APP_ID || ':378:' || :APP_SESSION)
       END AS GRN_link
FROM GRN G
INNER JOIN GRNDETAIL GD     ON G.TNO = GD.TNO
LEFT JOIN V_ITEM_DETAILS VI ON VI.ITEMCODE = GD.ITEMCODE AND VI.ITEMSPECIFICATIONCODE = GD.ITEMSPECIFICATIONCODE
LEFT JOIN PARTY P           ON P.PARTYCODE = G.PARTYCODE
LEFT JOIN PARTY T           ON T.PARTYCODE = G.TRANSPORTERCODE
LEFT JOIN LOCATION L        ON L.LOCATIONCODE = G.LOCATIONCODE
LEFT JOIN DOCTYPE DT        ON DT.DOCTYPECODE = G.DOCTYPECODE
LEFT JOIN COMPANY C         ON C.COMPANYCODE = G.COMPANYCODE
LEFT JOIN PURCHASEORDER PO  ON PO.TNO = G.PURCHASEORDERTNO
LEFT JOIN MATERIALIN MI     ON MI.TNO = G",".MATERIALINTNO
LEFT JOIN LOADINGADVICE LA  ON LA.TNO = G.LOADINGADVICETNO
LEFT JOIN VEHICLETYPE VT    ON VT.VEHICLETYPECODE = G.VEHICLETYPECODE
LEFT JOIN FREIGHTTYPE FT    ON FT.FREIGHTTYPECODE = G.FREIGHTTYPECODE
WHERE G.GRNDATE BETWEEN TO_DATE(TRIM(SUBSTR(:P378_DATE_RANGE, 1, INSTR(:P378_DATE_RANGE, ' - ') - 1)), 'DD-MM-YYYY')
                    AND TO_DATE(TRIM(SUBSTR(:P378_DATE_RANGE, INSTR(:P378_DATE_RANGE, ' - ') + 3)), 'DD-MM-YYYY')
  AND NOT EXISTS (
      SELECT 1
      FROM PURCHASEBILLGRNDETAIL X
      WHERE X.GRNTNO = GD.TNO
        AND X.GRNSNO = GD.SNO
  )
  -- Optimized Sargable Predicates using NVL instead of OR conditions
  AND G.LOCATIONCODE           = NVL(:P378_LOCATION, G.LOCATIONCODE)
  AND G.DOCTYPECODE            = NVL(:P378_DOCTYPE, G.DOCTYPECODE)
  AND G.PARTYCODE              = NVL(:P378_PARTY, G.PARTYCODE)
  AND GD.ITEMCODE              = NVL(:P378_ITEM, GD.ITEMCODE)
  AND GD.ITEMSPECIFICATIONCODE = NVL(:P378_ITEM_SPECIFICATION, GD.ITEMSPECIFICATIONCODE)
order by g.tno desc
;","",""
403,"GST Input Report As Per Transaction","GST-INPUT-REPORT-AS-PER-TRANSACTION",536200138419635956,"GST Input Report","gst-input-report","NATIVE_IR","","select
      row_number() over(order by a.VOUCHERDATE) SerialNo,
      getlocationname(A.locationcode) AS NAMEOFSITE,
       getlocationattributevalue(A.LOCATIONCODE, 'STATE') AS STATEOFSITE,
       A.entryno,
       getmodulename(A.ModuleCode) as module,
       A.Voucherno,
       A.VOUCHERDATE,
       NULL AS DRACCOUNTINERP,
       A.PARTYNAME AS CRACCOUNTINERP,
       NULL AS CONSIDEREDINGSTR3B,
       NULL AS ACTUALMONTHOFGSTR3B,
       NULL AS SHOWNINGSTR2A,
       NULL AS ACTUALMONTHOFGSTR2A,
       TG.TAXREGISTRATIONTYPENAME AS DEALERTYPE,
       TG.TAXMECHANISM AS TYPEOFREGISTRATION,
       NS.NatureOfSupplyName AS GSTRATEAPPLICABILITY,
       a.FooterNatureName as ITCAVAILABILITY,
       A.PartyName AS NAMEOFSUPPLIER,
       getpartyaddress(A.PARTYCODE) AS SUPPLIERADDRESS,
       A.StateName AS SUPPLIERSTATE,
       A.gststatecode,
       getpartyattributevalue(A.PARTYCODE, 'GSTINNO') AS SUPPLIERGSTIN,
       getpartyattributevalue(A.PARTYCODE, 'PANNO') AS SUPPLIERPANNO,
      -- A.GRNNO,
      -- A.GRNDATE,
       A.Quantity1 AS QUANTITY,
       I.MEASURINGUNITCODE1 AS UNIT,
       A.BillNo AS INVOICENO,
       A.BILLDATE AS INVOICEDATE,
       NULL AS APPLICABILITYOFWAYBILL,
       NULL AS EWAYBILLNO,
       decode(a.ByModuleCode, 'MISCELLANEOUSEXPENSE', getPartyName(a.ItemCode),  NVL(GETITEMNAME(A.ITEMCODE), getjobtypename(A.JOBTYPECODE))) AS PARTICULAROFITEMJOB,
       NULL AS BRODGROUPNAME,
       NVL(A.HSN, A.SAC) AS HSNSAC,
       A.TransactionTypeCode,
       A.footerpercent AS GSTTAXRATE,
       A.TaxableAmount AS TAXABLEVALUEBEFORETAX,
       A.IGST,
       A.CGST,
       A.SGST,
       NVL(A.IGST, 0) + NVL(A.CGST, 0) + NVL(A.SGST, 0) AS TOTALTAX,
       NVL(A.billamount, 0) -
       NVL(nvl(a.taxableamount,0) + (NVL(A.IGST, 0) + NVL(A.CGST, 0) + NVL(A.SGST, 0)), 0) AS OTHERINCIDENTALAMOUNT,
       A.billamount AS INVOICEAMOUNT,
       PY.PAYMENTVOUCHERDATE AS ACTUALPAYMENTDAYS,
       PY.PAYMENTVOUCHERNO AS PAYMENTVOUCHERNO,
       NULL AS REASONFORNONITCAVAILABLE,
       NULL AS ORIGINALINVOICEYESNO,
       A.PURCHASEACCOUNTNAME,
       A.PURCHASEGROUPNAME
  from gsttaxinoutdetail a,
       PARTY P,
       TAXREGISTRATIONTYPE TG,
       NATUREOFSUPPLY NS,
       ITEM I,
       JOBTYPE J,
       (SELECT ZZ.TNO          AS BILLVOUCHERTNO,
               ZZ.MODULETNO,
               XX.CRVOUCHERTNO,
               YY.VOUCHERNO    AS PAYMENTVOUCHERNO,
               YY.VOUCHERDATE  AS PAYMENTVOUCHERDATE
          FROM DRCRALLOCATION XX, VOUCHER YY, VOUCHER ZZ
         WHERE XX.MODULETNO = YY.TNO
           AND YY.DOCTYPECODE = 'PAYMENT'
           AND XX.CRVOUCHERTNO = ZZ.TNO) PY

 where a.type = 'INWARD'
   AND A.PARTYCODE = P.PARTYCODE(+)
   AND P.TAXREGISTRATIONTYPECODE = TG.TAXREGISTRATIONTYPECODE(+)
   AND A.NatureOfSupplyCode = NS.NATUREOFSUPPLYCODE(+)
   AND A.ITEMCODE = I.ITEMCODE(+)
   and A.JOBTYPECODE = J.JOBTYPECODE(+)
   AND A.Vouchertno = PY.BILLVOUCHERTNO(+)
 /*  AND ( NVL(A.IGST,0) > 0 OR NVL(A.CGST,0) > 0)*/
  and instr(':'||:P403_LOCATION||':',':'||a.LocationCode||':') > 0
  and a.VoucherDate between :P403_FROMDATE and :P403_TODATE
  and ( :P403_PARTY IS NULL OR instr(':'||:P403_PARTY||':',':'||a.PartyCode||':') > 0 )
  and ( :P403_MODULECODE IS NULL OR instr(':'||:P403_MODULECODE||':',':'||a.MODULECODE||':') > 0 )

/*  and a.ModuleCode like  nvl(:P403_BANK,'%')*/
;","","",""
404,"GST Output Report As Per Transaction","GST-OUTPUT-REPORT-AS-PER-TRANSACTION",556095672323672456,"GST Output Report","gst-output-report","NATIVE_IR","","select
          row_number() over(order by a.VOUCHERDATE) SerialNo,
       getlocationname(A.locationcode) AS NAMEOFSITE,
       getlocationattributevalue(A.LOCATIONCODE, 'STATE') AS STATEOFSITE,
       A.entryno,
       A.ModuleCode,
       A.Voucherno,
       A.VOUCHERDATE,
       NULL AS DRACCOUNTINERP,
       A.PARTYNAME AS CRACCOUNTINERP,
       NULL AS CONSIDEREDINGSTR3B,
       NULL AS ACTUALMONTHOFGSTR3B,
       NULL AS SHOWNINGSTR1,
       NULL AS ACTUALMONTHOFGSTR1,
       A.PartyName AS NAMEOFCUSTOMER,
       getpartyaddress(A.PARTYCODE) AS SUPPLIERADDRESS,
       A.StateName AS SUPPLIERSTATE,
       A.gststatecode,
       getpartyattributevalue(A.PARTYCODE, 'GSTINNO') AS CUSTOMERGSTIN,
       getpartyattributevalue(A.PARTYCODE, 'PANNO') AS CUSTOMERPANNO,
      A.Quantity1 AS QUANTITY,
       I.MEASURINGUNITCODE1 AS UNIT,
       A.BillNo AS INVOICENO,
       A.BILLDATE AS INVOICEDATE,
       Case
         When A.ModuleCode = 'INVOICE' Then
          (Select bb.VehicleNO
             From Invoice aa, ccinvoice bb
            Where aa.Moduletno = bb.tno
              And aa.tno = a.tno)
         When A.ModuleCode = 'FREIGHTADVICE' Then
          (Select Case
                    When AA.MODULECODE = 'GRN' Then
                     (Select vehicleno From grn Where tno = aa.moduletno)
                    When aa.modulecode = 'CCINVOICE' Then
                     (Select vehicleno From ccinvoice Where tno = aa.moduletno)
                    Else
                     Null
                  End VehicleNo
             From FREIGHTADVICEDETAIL AA
            Where aa.tno = a.tno
              And aa.sno = a.sno)
         Else
          Null
       End VehicleNo,
       NULL AS APPLICABILITYOFWAYBILL,
       NULL AS EWAYBILLNO,
       NVL(GETITEMNAME(A.ITEMCODE), getjobtypename(A.JOBTYPECODE)) AS PARTICULAROFITEMJOB,
       NULL AS BRODGROUPNAME,
       NVL(A.HSN, A.SAC) AS HSNSAC,
        A.TransactionTypeCode,
       A.footerpercent AS GSTTAXRATE,
       A.TaxableAmount AS TAXABLEVALUEBEFORETAX,
       A.IGST,
       A.CGST,
       A.SGST,
       NVL(A.IGST, 0) + NVL(A.CGST, 0) + NVL(A.SGST, 0) AS TOTALTAX,
       (NVL(A.BILLAMOUNT, 0) - NVL((NVL(A.TaxableAmount,0) + NVL(A.IGST, 0) + NVL(A.CGST, 0) + NVL(A.SGST, 0) ), 0) ) AS OTHERINCIDENTALAMOUNT,
       A.BILLAMOUNT AS INVOICEAMOUNT,
       PY.PAYMENTVOUCHERDATE AS ACTUALPAYMENTDAYS,
       PY.PAYMENTVOUCHERNO AS PAYMENTVOUCHERNO,
       NULL AS REASONFORNONITCAVAILABLE,
       NULL AS ORIGINALINVOICEYESNO,

       NULL AS ADVANCERECEIPTVOUCHERNO,
       NULL AS ADVANCERECEIPTVOUCHERDATE,
       NULL AS ADVANCETAXABLEAMOUNT,
       NULL AS IGSTONADVANCE,
       NULL AS CGSTONADVANCE,
       NULL AS SGSTONADVANCE,
       NULL AS TOTALTAXONADVANCE,
       NULL AS DIFFERENCEAMOUNT,
       K.ACKNO,
       K.ACKDATE,
       K.IRN

  from gsttaxinoutdetail a,
       PARTY P,
       TAXREGISTRATIONTYPE TG,
       NATUREOFSUPPLY NS,
       ITEM I,
       JOBTYPE J,
       EINVOICE K,
       (SELECT ZZ.TNO          AS BILLVOUCHERTNO,
               ZZ.MODULETNO,
               XX.CRVOUCHERTNO,
               YY.VOUCHERNO    AS PAYMENTVOUCHERNO,
               YY.VOUCHERDATE  AS PAYMENTVOUCHERDATE
          FROM DRCRALLOCATION XX, VOUCHER YY, VOUCHER ZZ
         WHERE XX.MODULETNO = YY.TNO
           AND YY.DOCTYPECODE IN ('JOURNAL','RECEIPT')
           AND XX.DRVOUCHERTNO = ZZ.TNO) PY

 where a.type = 'OUTWARD'
   AND A.PARTYCODE = P.PARTYCODE(+)
   AND P.TAXREGISTRATIONTYPECODE = TG.TAXREGISTRATIONTYPECODE(+)
   AND A.NatureOfSupplyCode = NS.NATUREOFSUPPLYCODE(+)
   AND A.ITEMCODE = I.ITEMCODE(+)
   and A.JOBTYPECODE = J.JOBTYPECODE(+)
   AND A.TNO = K.MODULETNO(+)
   AND A.Vouchertno = PY.BILLVOUCHERTNO(+)
   AND ((( NVL(A.IGST,0) > 0 OR NVL(A.SGST,0) > 0) AND :P404_ALL = 'NO')
        OR
       NVL(:P404_ALL,'NO') = 'YES'
   )
  and instr(':'||:P404_LOCATION||':',':'||a.","LocationCode||':') > 0
  and NVL(a.VoucherDate,A.ENTRYDATE) between :P404_FROMDATE and :P404_TODATE
  and ( :P404_PARTY IS NULL OR instr(':'||:P404_PARTY||':',':'||a.PartyCode||':') > 0 )
  and ( :P404_MODULECODE IS NULL OR instr(':'||:P404_MODULECODE||':',':'||a.ModuleCode||':') > 0 )
  and A.ModuleCode <> 'PAYMENTADVICE'
","",""
407,"Stock Statement","STOCK-STATEMENT",554632835197078041,"Stock Statement","stock-statement-2","NATIVE_IR","","SELECT DISTINCT
                -- row_number() over(order by a.Tno) SerialNo,
                :P407_FROMDATE,
                :P407_TODATE,
                 A.PARENTCODE AS ITEMGROUP,
                GETITEMNAME(A.PARENTCODE) AS ITEMGROUPNAME,
                C.LOCATIONCODE,
                GETLOCATIONNAME(C.LOCATIONCODE) LOCATIONNAME,
                D.STORAGELOCATIONCODE,
                GETSTORAGELOCATIONNAME(D.STORAGELOCATIONCODE) STORAGELOCATIONNAME,
                A.ITEMCODE,
                A.ITEMNAME,
                B.ITEMSPECIFICATIONCODE,
                B.ITEMSPECIFICATIONNAME,
                A.STOCKACCOUNTCODE,
                A.CONSUMPTIONACCOUNTCODE,
                GETPARTYNAME(A.STOCKACCOUNTCODE) STOCKACCOUNTNAME,
                GETPARTYNAME(A.CONSUMPTIONACCOUNTCODE) CONSUMPTIONACCOUNTNAME,
                A.MEASURINGUNITCODE1 AS UOM1,
                A.MEASURINGUNITCODE2 AS UOM2,
                GETMEASURINGUNITNAME(A.MEASURINGUNITCODE1) AS PUOMNAME,
                GETMEASURINGUNITNAME(A.MEASURINGUNITCODE2) AS SUOMNAME,
                (NVL((SELECT NVL(SUM(Y.STOCKQUANTITY1), 0)
                       FROM (SELECT * FROM STOCK WHERE INSTR(':'||:P407_COMPANY||':',':'||COMPANYCODE||':') > 0) X, STOCKSTORAGEDETAIL Y
                      WHERE X.ITEMCODE = A.ITEMCODE
                        AND X.ITEMSPECIFICATIONCODE =
                            B.ITEMSPECIFICATIONCODE
                        AND X.TNO = Y.TNO
                        AND X.STOCKDATE <= :P407_FROMDATE
                        AND X.LOCATIONCODE = C.LOCATIONCODE
                        AND X.STOCKMODULECODE = 'ITEMOPENING'
                        AND Y.STORAGELOCATIONCODE = D.STORAGELOCATIONCODE
                     ),
                     0) +

                NVL((SELECT NVL(SUM(Y.STOCKQUANTITY1), 0)
                       FROM (SELECT * FROM STOCK WHERE INSTR(':'||:P407_COMPANY||':',':'||COMPANYCODE||':') > 0) X, STOCKSTORAGEDETAIL Y
                      WHERE X.ITEMCODE = A.ITEMCODE
                        AND X.ITEMSPECIFICATIONCODE =
                            B.ITEMSPECIFICATIONCODE
                        AND X.TNO = Y.TNO
                        AND X.STOCKDATE < :P407_FROMDATE
                        AND X.LOCATIONCODE = C.LOCATIONCODE
                        AND X.STOCKMODULECODE != 'ITEMOPENING'
                        AND Y.STORAGELOCATIONCODE = D.STORAGELOCATIONCODE),
                     0) -
                NVL((SELECT NVL(SUM(P.USEDSTOCKQUANTITY1), 0)
                       FROM (SELECT * FROM STOCK WHERE INSTR(':'||:P407_COMPANY||':',':'||COMPANYCODE||':') > 0) Z, USEDSTOCKSTORAGEDETAIL P
                      WHERE P.STOCKTNO = Z.TNO
                        AND Z.ITEMCODE = A.ITEMCODE
                        AND Z.ITEMSPECIFICATIONCODE =
                            B.ITEMSPECIFICATIONCODE
                        AND P.USEDSTOCKDATE < :P407_FROMDATE
                        AND Z.LOCATIONCODE = C.LOCATIONCODE
                        AND P.STORAGELOCATIONCODE = D.STORAGELOCATIONCODE
                      GROUP BY Z.ITEMCODE, Z.ITEMSPECIFICATIONCODE),
                     0)) AS OPENINGQTY1,
                --
                (NVL((SELECT NVL(SUM(Y.STOCKQUANTITY2), 0)
                       FROM (SELECT * FROM STOCK WHERE INSTR(':'||:P407_COMPANY||':',':'||COMPANYCODE||':') > 0) X, STOCKSTORAGEDETAIL Y
                      WHERE X.ITEMCODE = A.ITEMCODE
                        AND X.ITEMSPECIFICATIONCODE =
                            B.ITEMSPECIFICATIONCODE
                        AND X.TNO = Y.TNO
                        AND X.STOCKDATE <= :P407_FROMDATE
                        AND X.LOCATIONCODE = C.LOCATIONCODE
                        AND X.STOCKMODULECODE = 'ITEMOPENING'
                        AND Y.STORAGELOCATIONCODE = D.STORAGELOCATIONCODE
                    ),
                     0) +
               ","
                NVL((SELECT NVL(SUM(Y.STOCKQUANTITY2), 0)
                       FROM (SELECT * FROM STOCK WHERE INSTR(':'||:P407_COMPANY||':',':'||COMPANYCODE||':') > 0) X, STOCKSTORAGEDETAIL Y
                      WHERE X.ITEMCODE = A.ITEMCODE
                        AND X.ITEMSPECIFICATIONCODE =
                            B.ITEMSPECIFICATIONCODE
                        AND X.TNO = Y.TNO
                        AND X.STOCKDATE < :P407_FROMDATE
                        AND X.LOCATIONCODE = C.LOCATIONCODE
                        AND X.STOCKMODULECODE != 'ITEMOPENING'
                        AND Y.STORAGELOCATIONCODE = D.STORAGELOCATIONCODE),
                     0) -
                NVL((SELECT NVL(SUM(P.USEDSTOCKQUANTITY2), 0)
                       FROM (SELECT * FROM STOCK WHERE INSTR(':'||:P407_COMPANY||':',':'||COMPANYCODE||':') > 0) Z, USEDSTOCKSTORAGEDETAIL P
                      WHERE P.STOCKTNO = Z.TNO
                        AND Z.ITEMCODE = A.ITEMCODE
                        AND Z.ITEMSPECIFICATIONCODE =
                            B.ITEMSPECIFICATIONCODE
                        AND P.USEDSTOCKDATE < :P407_FROMDATE
                        AND Z.LOCATIONCODE = C.LOCATIONCODE
                        AND P.STORAGELOCATIONCODE = D.STORAGELOCATIONCODE
                      GROUP BY Z.ITEMCODE, Z.ITEMSPECIFICATIONCODE),
                     0)) AS OPENINGQTY2,

                --
                (NVL((SELECT NVL(ROUND(SUM(Y.STOCKQUANTITY1 * X.RATE), 2), 0)
                       FROM (SELECT * FROM STOCK WHERE INSTR(':'||:P407_COMPANY||':',':'||COMPANYCODE||':') > 0) X, STOCKSTORAGEDETAIL Y
                      WHERE X.ITEMCODE = A.ITEMCODE
                        AND X.ITEMSPECIFICATIONCODE =
                            B.ITEMSPECIFICATIONCODE
                        AND X.TNO = Y.TNO
                        AND X.STOCKDATE <= :P407_FROMDATE
                        AND X.STOCKMODULECODE = 'ITEMOPENING'
                        AND X.LOCATIONCODE = C.LOCATIONCODE
                        AND Y.STORAGELOCATIONCODE = D.STORAGELOCATIONCODE

                     ),
                     0)

                +

                NVL((SELECT NVL(ROUND(SUM(Y.STOCKQUANTITY1 * X.RATE), 2), 0)
                       FROM (SELECT * FROM STOCK WHERE INSTR(':'||:P407_COMPANY||':',':'||COMPANYCODE||':') > 0) X, STOCKSTORAGEDETAIL Y
                      WHERE X.ITEMCODE = A.ITEMCODE
                        AND X.ITEMSPECIFICATIONCODE =
                            B.ITEMSPECIFICATIONCODE
                        AND X.TNO = Y.TNO
                        AND X.STOCKDATE < :P407_FROMDATE
                        AND X.STOCKMODULECODE != 'ITEMOPENING'
                        AND X.LOCATIONCODE = C.LOCATIONCODE
                        AND Y.STORAGELOCATIONCODE = D.STORAGELOCATIONCODE

                     ),
                     0) -
                NVL((SELECT NVL(ROUND(SUM(Q.USEDSTOCKQUANTITY1 * Z.RATE), 2),
                                0)
                       FROM (SELECT * FROM STOCK WHERE INSTR(':'||:P407_COMPANY||':',':'||COMPANYCODE||':') > 0) Z, USEDSTOCKSTORAGEDETAIL Q
                      WHERE Q.STOCKTNO = Z.TNO
                        AND Z.ITEMCODE = A.ITEMCODE
                        AND Z.ITEMSPECIFICATIONCODE =
                            B.ITEMSPECIFICATIONCODE
                        AND Q.USEDSTOCKDATE < :P407_FROMDATE
                        AND Z.LOCATIONCODE = C.LOCATIONCODE
                        AND Q.STORAGELOCATIONCODE = D.STORAGELOCATIONCODE
                      GROUP BY Z.ITEMCODE, Z.ITEMSPECIFICATIONCODE),
                     0)) AS OPENINGAMT,

                (SELECT NVL(SUM(Y.STOCKQUANTITY1), 0)
                   FROM (SELECT * FROM STOCK WHERE INSTR(':'||:P407_COMPANY||':',':'||COMPANYCODE||':') > 0",") X, STOCKSTORAGEDETAIL Y
                  WHERE X.ITEMCODE = A.ITEMCODE
                    AND X.ITEMSPECIFICATIONCODE = B.ITEMSPECIFICATIONCODE
                    AND X.STOCKDATE BETWEEN :P407_FROMDATE AND :P407_TODATE
                    AND X.TNO = Y.TNO
                    AND X.LOCATIONCODE = C.LOCATIONCODE
                    AND Y.STORAGELOCATIONCODE = D.STORAGELOCATIONCODE
                 -- ADDED ON 30-MAY-2022
                    AND X.STOCKMODULECODE != 'ITEMOPENING'
                    ----
                 ) AS RECEIPTQTY1,
                (SELECT NVL(SUM(Y.STOCKQUANTITY2), 0)
                   FROM (SELECT * FROM STOCK WHERE INSTR(':'||:P407_COMPANY||':',':'||COMPANYCODE||':') > 0) X, STOCKSTORAGEDETAIL Y
                  WHERE X.ITEMCODE = A.ITEMCODE
                    AND X.ITEMSPECIFICATIONCODE = B.ITEMSPECIFICATIONCODE
                    AND X.STOCKDATE BETWEEN :P407_FROMDATE AND :P407_TODATE
                    AND X.TNO = Y.TNO
                    AND X.LOCATIONCODE = C.LOCATIONCODE
                    AND Y.STORAGELOCATIONCODE = D.STORAGELOCATIONCODE
                 -- ADDED ON 30-MAY-2022
                    AND X.STOCKMODULECODE != 'ITEMOPENING'
                    ----
                 ) AS RECEIPTQTY2,

                (SELECT NVL(ROUND(SUM(Y.STOCKQUANTITY1 * X.RATE), 2), 0)
                   FROM (SELECT * FROM STOCK WHERE INSTR(':'||:P407_COMPANY||':',':'||COMPANYCODE||':') > 0) X, STOCKSTORAGEDETAIL Y
                  WHERE X.ITEMCODE = A.ITEMCODE
                    AND X.ITEMSPECIFICATIONCODE = B.ITEMSPECIFICATIONCODE
                    AND X.STOCKDATE BETWEEN :P407_FROMDATE AND :P407_TODATE
                    AND X.TNO = Y.TNO
                    AND X.LOCATIONCODE = C.LOCATIONCODE
                    AND Y.STORAGELOCATIONCODE = D.STORAGELOCATIONCODE
                 -- ADDED ON 30-MAY-2022
                    AND X.STOCKMODULECODE != 'ITEMOPENING'
                    ----
                 ) AS RECEIPTAMT,

                (SELECT NVL(SUM(R.USEDSTOCKQUANTITY1), 0)
                   FROM (SELECT * FROM STOCK WHERE INSTR(':'||:P407_COMPANY||':',':'||COMPANYCODE||':') > 0) Z, USEDSTOCKSTORAGEDETAIL R
                  WHERE R.STOCKTNO = Z.TNO
                    AND Z.ITEMCODE = A.ITEMCODE
                    AND Z.ITEMSPECIFICATIONCODE = B.ITEMSPECIFICATIONCODE
                    AND R.USEDSTOCKDATE BETWEEN :P407_FROMDATE AND
                        :P407_TODATE
                    AND Z.LOCATIONCODE = C.LOCATIONCODE
                    AND R.STORAGELOCATIONCODE = D.STORAGELOCATIONCODE

                  GROUP BY Z.ITEMCODE, Z.ITEMSPECIFICATIONCODE) AS ISSUEQTY1,
                (SELECT NVL(SUM(R.USEDSTOCKQUANTITY2), 0)
                   FROM (SELECT * FROM STOCK WHERE INSTR(':'||:P407_COMPANY||':',':'||COMPANYCODE||':') > 0) Z, USEDSTOCKSTORAGEDETAIL R
                  WHERE R.STOCKTNO = Z.TNO
                    AND Z.ITEMCODE = A.ITEMCODE
                    AND Z.ITEMSPECIFICATIONCODE = B.ITEMSPECIFICATIONCODE
                    AND R.USEDSTOCKDATE BETWEEN :P407_FROMDATE AND
                        :P407_TODATE
                    AND Z.LOCATIONCODE = C.LOCATIONCODE
                    AND R.STORAGELOCATIONCODE = D.STORAGELOCATIONCODE

                  GROUP BY Z.ITEMCODE, Z.ITEMSPECIFICATIONCODE) AS ISSUEQTY2,

                (SELECT NVL(ROUND(SUM(S.USEDSTOCKQUANTITY1 * Z.RATE), 2), 0)
                   FROM (SELECT * FROM STOCK WHERE INSTR(':'||:P407_COMPANY||':',':'||COMPANYCODE||':') > 0) Z, USEDSTOCKSTORAGEDETAIL S
                  WHERE S.STOCKTNO = Z.TNO
                    AND Z.ITEMCODE = A.ITEMCODE
                    AND Z.ITEMSPECIFICATIONCODE = B.ITEMSPECIFICATIONCODE
                    AND S.USEDSTOCKDATE BETWEEN :P407_FROMDATE AND
                        :P407_TODATE
          ","          AND Z.LOCATIONCODE = C.LOCATIONCODE
                    AND S.STORAGELOCATIONCODE = D.STORAGELOCATIONCODE

                  GROUP BY Z.ITEMCODE, Z.ITEMSPECIFICATIONCODE) AS ISSUEAMT,

                ----

                (NVL((SELECT NVL(SUM(Y.STOCKQUANTITY1), 0)
                       FROM (SELECT * FROM STOCK WHERE INSTR(':'||:P407_COMPANY||':',':'||COMPANYCODE||':') > 0) X, STOCKSTORAGEDETAIL Y
                      WHERE X.ITEMCODE = A.ITEMCODE
                        AND X.ITEMSPECIFICATIONCODE =
                            B.ITEMSPECIFICATIONCODE
                        AND X.TNO = Y.TNO
                        AND X.STOCKDATE <= :P407_TODATE
                        AND X.LOCATIONCODE = C.LOCATIONCODE
                        AND Y.STORAGELOCATIONCODE = D.STORAGELOCATIONCODE

                     ),
                     0) -
                NVL((SELECT SUM(T.USEDSTOCKQUANTITY1)
                       FROM (SELECT * FROM STOCK WHERE INSTR(':'||:P407_COMPANY||':',':'||COMPANYCODE||':') > 0) Z, USEDSTOCKSTORAGEDETAIL T
                      WHERE T.STOCKTNO = Z.TNO
                        AND Z.ITEMCODE = A.ITEMCODE
                        AND Z.ITEMSPECIFICATIONCODE =
                            B.ITEMSPECIFICATIONCODE
                        AND T.USEDSTOCKDATE <= :P407_TODATE
                        AND Z.LOCATIONCODE = C.LOCATIONCODE
                        AND T.STORAGELOCATIONCODE = D.STORAGELOCATIONCODE

                      GROUP BY Z.ITEMCODE, Z.ITEMSPECIFICATIONCODE),
                     0)) AS CLOSINGQTY1,
                --
                (NVL((SELECT NVL(SUM(Y.STOCKQUANTITY2), 0)
                       FROM (SELECT * FROM STOCK WHERE INSTR(':'||:P407_COMPANY||':',':'||COMPANYCODE||':') > 0) X, STOCKSTORAGEDETAIL Y
                      WHERE X.ITEMCODE = A.ITEMCODE
                        AND X.ITEMSPECIFICATIONCODE =
                            B.ITEMSPECIFICATIONCODE
                        AND X.TNO = Y.TNO
                        AND X.STOCKDATE <= :P407_TODATE
                        AND X.LOCATIONCODE = C.LOCATIONCODE
                        AND Y.STORAGELOCATIONCODE = D.STORAGELOCATIONCODE

                     ),
                     0) -
                NVL((SELECT SUM(T.USEDSTOCKQUANTITY2)
                       FROM (SELECT * FROM STOCK WHERE INSTR(':'||:P407_COMPANY||':',':'||COMPANYCODE||':') > 0) Z, USEDSTOCKSTORAGEDETAIL T
                      WHERE T.STOCKTNO = Z.TNO
                        AND Z.ITEMCODE = A.ITEMCODE
                        AND Z.ITEMSPECIFICATIONCODE =
                            B.ITEMSPECIFICATIONCODE
                        AND T.USEDSTOCKDATE <= :P407_TODATE
                        AND Z.LOCATIONCODE = C.LOCATIONCODE
                        AND T.STORAGELOCATIONCODE = D.STORAGELOCATIONCODE

                      GROUP BY Z.ITEMCODE, Z.ITEMSPECIFICATIONCODE),
                     0)) AS CLOSINGQTY2,

                --
                (NVL((SELECT ROUND(SUM(Y.STOCKQUANTITY1 * X.RATE), 2)
                       FROM (SELECT * FROM STOCK WHERE INSTR(':'||:P407_COMPANY||':',':'||COMPANYCODE||':') > 0) X, STOCKSTORAGEDETAIL Y
                      WHERE X.ITEMCODE = A.ITEMCODE
                        AND X.ITEMSPECIFICATIONCODE =
                            B.ITEMSPECIFICATIONCODE
                        AND X.TNO = Y.TNO
                        AND X.STOCKDATE <= :P407_TODATE
                        AND X.LOCATIONCODE = C.LOCATIONCODE
                        AND Y.STORAGELOCATIONCODE = D.STORAGELOCATIONCODE

                     ),
                     0) -
                NVL((SELECT ROUND(SUM(U.USEDSTOCKQUANTITY1 * Z.RATE), 2)
                       FROM (SELECT * FROM STOCK WHERE INSTR(':'||:P4"
722,"Sales Quotation 360","SALES-QUOTATION-360",71015799510217864718,"Sales Quotation 360","slc360-content","NATIVE_PLSQL","","begin imart_slc_360.render('QUOTATION', :P722_TNO); end;","","",""
723,"Sales Order 360","SALES-ORDER-360",71015799510217864720,"Sales Order 360","slc360-content","NATIVE_PLSQL","","begin imart_slc_360.render('ORDER', :P723_TNO); end;","","",""
929,"Bill Detail","AP-BILL-DETAIL",12862579821301436,"Bill Detail","command-header","NATIVE_SQL_REPORT","","With Asof As (Select to_date(nvl(:P929_TODATE, to_char(trunc(sysdate),'DD-MM-RRRR')),'DD-MM-RRRR') D From dual),
     B As (
       Select d.AccountCode Pty, d.CompanyCode Cmp, d.LocationCode Loc, cast(null as varchar2(100)) Pnl,
              v.VoucherNo Vno, v.DocTypeCode Dtc, v.ModuleCode Mc,
              coalesce(i.InvoiceNo, sb.ServiceBillNo, cn.CreditNoteNo, ao.BillNo, v.VoucherNo) Ref,
              Case When v.VoucherNo = 'OPENING'          Then 'Opening Carry-forward'
                   When v.ModuleCode = 'PBPASS'          Then 'Purchase Bill'
                   When v.ModuleCode = 'JBPASS'          Then 'Job Bill'
                   When v.ModuleCode = 'FREIGHTADVICE'   Then 'Freight Bill'
                   When v.ModuleCode = 'CASHPURCHASE'    Then 'Cash Purchase'
                   When v.ModuleCode In ('NECESSITYCOMPLETION','NECESSITYSLIP')
                                                         Then 'Necessity Expense'
                   When v.ModuleCode = 'EXTERNALSERVICESENTRY'
                     Or v.DocTypeCode = 'SERVICEBILL'    Then 'Service Bill'
                   When v.ModuleCode = 'DEBITNOTE'
                     Or v.DocTypeCode = 'DEBITNOTE'      Then 'Debit Note'
                   When v.ModuleCode = 'BILLDISCOUNTINGVOUCHER'
                                                         Then 'Bill Discounting'
                   When v.ModuleCode In ('INVOICE','CCINVOICE')
                     Or v.DocTypeCode = 'SALE'           Then 'Contra Sale'
                   When v.DocTypeCode In ('PAYMENT','CASHPAYMENT','BANKPAYMENT')
                                                         Then 'Payment to Vendor'
                   When v.DocTypeCode = 'RECEIPT'        Then 'Receipt / Credit-in'
                   Else 'Journal' End Cls
         From VoucherDetail d
         Join Voucher v On v.Tno = d.Tno
         Left Join Invoice     i  On v.ModuleCode = 'INVOICE'     And i.Tno  = v.ModuleTno
         Left Join ServiceBill sb On v.ModuleCode = 'SERVICEBILL' And sb.Tno = v.ModuleTno
         Left Join CreditNote  cn On v.ModuleCode = 'CREDITNOTE'  And cn.Tno = v.ModuleTno
         Left Join AccountOpening ao On v.VoucherNo = 'OPENING'   And ao.Tno = d.ModuleTno
        Where d.Tno = :P929_TNO And d.Sno = :P929_SNO)
Select '<div class=""ds-ap-head"">'
    || '<div class=""ds-ap-eyebrow"">Payables &middot; Open Item Detail</div>'
    || '<h1 class=""ds-ap-title"">' || apex_escape.html(nvl(b.Ref,'Open item')) || '</h1>'
    || '<div class=""ds-ap-sub"">'
       || apex_escape.html(nvl(p.PartyName, b.Pty))
       || ' &middot; voucher ' || apex_escape.html(b.Vno) || '</div>'
    || '<div class=""ds-ap-context"">'
    || '<span class=""ds-ap-chip""><span class=""fa fa-tag""></span>Class <b>' || b.Cls || '</b></span>'
    || '<span class=""ds-ap-chip""><span class=""fa fa-crosshairs""></span>As at <b>' || to_char(a.D,'DD-MM-RRRR') || '</b></span>'
    || '<span class=""ds-ap-chip""><span class=""fa fa-building-o""></span>Company <b>'
       || apex_escape.html(nvl(c.CompanyName, b.Cmp)) || '</b></span>'
    || '<span class=""ds-ap-chip""><span class=""fa fa-map-marker""></span>Location <b>'
       || apex_escape.html(nvl(l.LocationName, b.Loc)) || '</b></span>'
    || '<span class=""ds-ap-chip""><span class=""fa fa-hashtag""></span>Ledger line <b>'
       || :P929_TNO || ' / ' || :P929_SNO || '</b></span>'
    || '</div></div>' As HEAD
  From B b Cross Join Asof a
  Left Join Party p On p.PartyCode = b.Pty
  Left Join Company c On c.CompanyCode = b.Cmp
  Left Join Location l On l.LocationCode = b.Loc","","",""
929,"Bill Detail","AP-BILL-DETAIL",12864389818301438,"Financial Movement","movement","NATIVE_SQL_REPORT","","/* THE ARITHMETIC, SHOWN RATHER THAN ASSERTED.
     Original amount
   - allocations settled on or before the As-of Date
   = Outstanding
   Both allocation directions are handled: for a DEBIT item the
   allocations are the credits applied to it, for a CREDIT item they
   are the debits it was applied against. The two are summed with
   opposite signs, exactly as the canonical layer does. */
With Asof As (Select to_date(nvl(:P929_TODATE, to_char(trunc(sysdate),'DD-MM-RRRR')),'DD-MM-RRRR') D From dual),
     Alc As (
       Select -Sum(a.Amount) Amt, Count(*) N
         From DrCrAllocation a, Voucher dv, Voucher cv, Asof
        Where dv.Tno = a.DrVoucherTno And cv.Tno = a.CrVoucherTno
          And dv.VoucherDate <= Asof.D And cv.VoucherDate <= Asof.D
          And a.DrVoucherTno = :P929_TNO And a.DrVoucherSno = :P929_SNO
       Union All
       Select Sum(a.Amount), Count(*)
         From DrCrAllocation a, Voucher dv, Voucher cv, Asof
        Where dv.Tno = a.DrVoucherTno And cv.Tno = a.CrVoucherTno
          And dv.VoucherDate <= Asof.D And cv.VoucherDate <= Asof.D
          And a.CrVoucherTno = :P929_TNO And a.CrVoucherSno = :P929_SNO),
     A As (Select nvl(Sum(Amt),0) Amt, nvl(Sum(N),0) N From Alc),
     D As (
       Select d.Amount Amt,
              coalesce(pt.DocDt, jt.DocDt, ao.BillDate, d.VoucherDate) DocDate,
              coalesce(pt.DueDt, jt.DueDt, ao.BillDueDate) DueDate
         From VoucherDetail d
         Join Voucher v On v.Tno = d.Tno
         Left Join (Select pp.Tno Tno,
                           coalesce(Max(pb.PartyBillDate), Max(pb.PurchaseBillDate)) DocDt,
                           Max(pb.PurchaseBillDate)
                             + coalesce(Max(po.CreditDays), Max(pty.CreditDays)) DueDt
                      From PBPass pp
                      Join PurchaseBill pb On pb.Tno = pp.PurchaseBillTno
                      Left Join PurchaseBillDetail pbd On pbd.Tno = pb.Tno
                      Left Join PurchaseOrder po On po.Tno = pbd.PurchaseOrderTno
                      Left Join Party pty On pty.PartyCode = pb.PartyCode
                     Group By pp.Tno) pt On v.ModuleCode = 'PBPASS' And pt.Tno = v.ModuleTno
         Left Join (Select jp.Tno Tno,
                           coalesce(Max(jb.PartyBillDate), Max(jb.JobBillDate)) DocDt,
                           Max(jb.JobBillDate) + nvl(Max(jo.CreditDays),0) DueDt
                      From JBPass jp
                      Join JobBill jb On jb.Tno = jp.JobBillTno
                      Left Join JobOrder jo On jo.Tno = jb.JobOrderTno
                     Group By jp.Tno) jt On v.ModuleCode = 'JBPASS' And jt.Tno = v.ModuleTno
         Left Join AccountOpening ao On v.VoucherNo = 'OPENING'   And ao.Tno = d.ModuleTno
        Where d.Tno = :P929_TNO And d.Sno = :P929_SNO)
Select '<div class=""ds-apexp"">'
    || '<div class=""ds-apexp-cell ds-apexp-cell--pay""><dl>'
    || '<dt>' || Case When d.Amt < 0 Then 'Original Payable' Else 'Original Credit' End || '</dt><dd>&#8377;'
    || to_char(Round(Abs(d.Amt),2),'FM999G99G99G990D00') || '</dd>'
    || '<div class=""ds-apexp-sub"">document dated ' || to_char(d.DocDate,'DD-MM-RRRR')
    || Case When d.DueDate Is Not Null Then ' &middot; due ' || to_char(d.DueDate,'DD-MM-RRRR')
            Else ' &middot; <b>no due date on the source document</b>' End
    || '</div></dl></div>'
    || '<div class=""ds-apexp-cell ds-apexp-cell--dr""><dl>'
    || '<dt>Settled</dt><dd>&#8377;'
    || to_char(Round(Abs(a.Amt),2),'FM999G99G99G990D00') || '</dd>'
    || '<div class=""ds-apexp-sub"">' || to_char(a.N,'FM999G990')
    || Case When a.N = 1 Then ' settlement' Else ' settlements' End
    || ' dated on or before the As-of Date</div></dl></div>'
    || '<div class=""ds-apexp-cell ds-apexp-cell--net""><dl>'
    || '<dt>' || Case When -(d.Amt - a.Amt) >= 0 Then 'Outstanding' Else 'Credit Remaining' End || '</dt><dd>&#8377;'
    |","| to_char(Round(Abs(d.Amt - a.Amt),2),'FM999G99G99G990D00') || '</dd>'
    || '<div class=""ds-apexp-sub"">original less settled</div>'
    /* The arithmetic is spelled out so a reader never has to take on
       trust that the three figures above belong together. */
    || '<span class=""ds-apexp-tie ds-apexp-tie--ok""><span class=""fa fa-check""></span>'
    || to_char(Round(Abs(d.Amt),2),'FM999G99G99G990D00') || ' &minus; '
    || to_char(Round(Abs(a.Amt),2),'FM999G99G99G990D00') || ' = '
    || to_char(Round(Abs(d.Amt - a.Amt),2),'FM999G99G99G990D00') || '</span>'
    || '</dl></div></div>' As BAND
  From D d Cross Join A a","",""
929,"Bill Detail","AP-BILL-DETAIL",12864991135301439,"Source Document","rule-source","NATIVE_STATIC","","<div class=""ds-dash-section"">
  <h2>Source Document</h2>
  <p>Where this item came from, and the complete double entry it belongs to</p>
</div>","","",""
929,"Bill Detail","AP-BILL-DETAIL",12866357213301472,"Originating Document","source-doc","NATIVE_SQL_REPORT","","/* One row per attribute, so a document type with fields another type
   does not have simply contributes fewer rows - rather than forcing a
   single wide row full of nulls that a reader has to interpret. */
With V As (Select v.*, d.ModuleTno DtlModuleTno
             From Voucher v Join VoucherDetail d On d.Tno = v.Tno
            Where d.Tno = :P929_TNO And d.Sno = :P929_SNO)
Select Ord, Attribute, Val From (
  Select 10 Ord, 'Document type' Attribute,
         apex_escape.html(nvl(v.ModuleCode, v.DocTypeCode)) Val From V v
  Union All
  Select 20, 'Invoice number', apex_escape.html(i.InvoiceNo)
    From V v Join Invoice i On v.ModuleCode = 'INVOICE' And i.Tno = v.ModuleTno
  Union All
  Select 30, 'Invoice date', to_char(i.InvoiceDate,'DD-MM-RRRR')
    From V v Join Invoice i On v.ModuleCode = 'INVOICE' And i.Tno = v.ModuleTno
  Union All
  Select 40, 'Due date', nvl(to_char(i.DueDate,'DD-MM-RRRR'),'<b>not set on the invoice</b>')
    From V v Join Invoice i On v.ModuleCode = 'INVOICE' And i.Tno = v.ModuleTno
  Union All
  Select 50, 'Invoice amount', to_char(Round(i.InvoiceAmount,2),'FM999G99G99G990D00')
    From V v Join Invoice i On v.ModuleCode = 'INVOICE' And i.Tno = v.ModuleTno
  Union All
  Select 60, 'Agent', apex_escape.html(nvl(ag.PartyName, i.AgentCode))
    From V v Join Invoice i On v.ModuleCode = 'INVOICE' And i.Tno = v.ModuleTno
    Left Join Party ag On ag.PartyCode = i.AgentCode
   Where i.AgentCode Is Not Null
  Union All
  Select 70, 'Commercial invoice', apex_escape.html(cc.CCInvoiceNo)
    From V v Join Invoice i On v.ModuleCode = 'INVOICE' And i.Tno = v.ModuleTno
    Join CCInvoice cc On cc.Tno = i.ModuleTno
  Union All
  Select 80, 'Service bill number', apex_escape.html(sb.ServiceBillNo)
    From V v Join ServiceBill sb On v.ModuleCode = 'SERVICEBILL' And sb.Tno = v.ModuleTno
  Union All
  Select 90, 'Service bill due date', nvl(to_char(sb.DueDate,'DD-MM-RRRR'),'not set')
    From V v Join ServiceBill sb On v.ModuleCode = 'SERVICEBILL' And sb.Tno = v.ModuleTno
  Union All
  Select 100, 'Credit note number', apex_escape.html(cn.CreditNoteNo)
    From V v Join CreditNote cn On v.ModuleCode = 'CREDITNOTE' And cn.Tno = v.ModuleTno
  Union All
  /* Opening carry-forward links through the DETAIL ModuleTno, not the
     header's - the only place a pre-cutover bill date survives. */
  Select 110, 'Migrated bill number', apex_escape.html(ao.BillNo)
    From V v Join AccountOpening ao On v.VoucherNo = 'OPENING' And ao.Tno = v.DtlModuleTno
  Union All
  Select 120, 'Original bill date',
         nvl(to_char(ao.BillDate,'DD-MM-RRRR'),
             '<b>not preserved at migration &mdash; age is floored at the cutover (AP-O01)</b>')
    From V v Join AccountOpening ao On v.VoucherNo = 'OPENING' And ao.Tno = v.DtlModuleTno
  Union All
  Select 130, 'Original due date',
         nvl(to_char(ao.BillDueDate,'DD-MM-RRRR'),
             '<b>not preserved at migration &mdash; cannot be aged on the Due basis (AP-O02)</b>')
    From V v Join AccountOpening ao On v.VoucherNo = 'OPENING' And ao.Tno = v.DtlModuleTno
  Union All
  Select 140, 'Voucher number', apex_escape.html(v.VoucherNo) From V v
  Union All
  Select 150, 'Voucher date', to_char(v.VoucherDate,'DD-MM-RRRR') From V v
  Union All
  Select 160, 'Voucher type', apex_escape.html(v.DocTypeCode) From V v
  Union All
  Select 170, 'Posted by', apex_escape.html(v.Creator) From V v Where v.Creator Is Not Null
  Union All
  Select 180, 'Posted on', to_char(v.CreationTime,'DD-MM-RRRR HH24:MI') From V v Where v.CreationTime Is Not Null
  Union All
  Select 190, 'Bank reference', apex_escape.html(v.MoneyTransferReferenceNo)
    From V v Where v.MoneyTransferReferenceNo Is Not Null
  Union All
  Select 200, 'Payment mode', apex_escape.html(v.MoneyTransferModeCode)
    From V v Where v.MoneyTransferModeCode Is Not Null
) Where Val Is Not Null Order By Ord","","",""
929,"Bill Detail","AP-BILL-DETAIL",12863715987301437,"General Ledger Entry","gl-lines","NATIVE_SQL_REPORT","","/* Every line of the voucher this item belongs to, so the reader can see
   the complete double entry. The item itself is marked. A DEBIT is a
   NEGATIVE Amount, so the two sides are split by sign and shown as
   positive figures under their own headings. */
Select Case When d.Sno = :P929_SNO Then
            '<b>' || apex_escape.html(nvl(p.PartyName, d.AccountCode)) || '</b>'
            || ' <span class=""ds-apchip ds-apchip--info"">this item</span>'
       Else apex_escape.html(nvl(p.PartyName, d.AccountCode)) End As ACCOUNT,
       d.AccountCode                                    As ACCOUNT_CODE,
       Round(Case When d.Amount < 0 Then -d.Amount End,2) As DEBIT,
       Round(Case When d.Amount > 0 Then  d.Amount End,2) As CREDIT,
       substr(d.Narration,1,200)      As NARRATION
  From VoucherDetail d
  Left Join Party p On p.PartyCode = d.AccountCode
 Where d.Tno = :P929_TNO
 Order By d.Sno","","",""
929,"Bill Detail","AP-BILL-DETAIL",12864815933301438,"Settlement","rule-settle","NATIVE_STATIC","","<div class=""ds-dash-section"">
  <h2>Settlement History</h2>
  <p>Every allocation against this item, with the counterpart voucher on the other side of it</p>
</div>","","",""
929,"Bill Detail","AP-BILL-DETAIL",12865026703301439,"Settlements","settlements","NATIVE_IR","","/* The allocation bridge, listed rather than joined. Both directions are
   unioned so the page works whether the item is a bill being settled by
   receipts, or a receipt being applied against bills. Allocations dated
   after the As-of Date are shown but flagged, because they are excluded
   from the Outstanding figure above and a reader who cannot see them
   would think the arithmetic was wrong. */
With Asof As (Select to_date(nvl(:P929_TODATE, to_char(trunc(sysdate),'DD-MM-RRRR')),'DD-MM-RRRR') D From dual)
Select cv.Tno                                          As COUNTERPART_TNO,
       'Receipt / credit applied to this bill'         As DIRECTION,
       cv.VoucherNo                                    As COUNTERPART_VOUCHER,
       cv.VoucherDate                                  As COUNTERPART_DATE,
       cv.DocTypeCode                                  As COUNTERPART_TYPE,
       nvl(p.PartyName, cd.AccountCode) As COUNTERPART_ACCOUNT,
       Round(a.Amount,2)                               As ALLOCATED,
       nvl(a.ModuleCode,'-')         As ALLOCATION_SOURCE,
       nvl(l.LocationName, cd.LocationCode) As COUNTERPART_LOCATION,
       Case When cv.VoucherDate > (Select D From Asof)
                 Then '<span class=""ds-apchip ds-apchip--warn"">After As-of &mdash; excluded</span>'
            Else '<span class=""ds-apchip ds-apchip--pass"">Counted</span>' End As STATUS
  From DrCrAllocation a
  Join Voucher cv On cv.Tno = a.CrVoucherTno
  Left Join VoucherDetail cd On cd.Tno = a.CrVoucherTno And cd.Sno = a.CrVoucherSno
  Left Join Party p On p.PartyCode = cd.AccountCode
  Left Join Location l On l.LocationCode = cd.LocationCode
 Where a.DrVoucherTno = :P929_TNO And a.DrVoucherSno = :P929_SNO
Union All
Select dv.Tno,
       'This credit applied against a bill',
       dv.VoucherNo, dv.VoucherDate, dv.DocTypeCode,
       apex_escape.html(nvl(p.PartyName, dd.AccountCode)),
       Round(a.Amount,2),
       apex_escape.html(nvl(a.ModuleCode,'-')),
       apex_escape.html(nvl(l.LocationName, dd.LocationCode)),
       Case When dv.VoucherDate > (Select D From Asof)
                 Then '<span class=""ds-apchip ds-apchip--warn"">After As-of &mdash; excluded</span>'
            Else '<span class=""ds-apchip ds-apchip--pass"">Counted</span>' End
  From DrCrAllocation a
  Join Voucher dv On dv.Tno = a.DrVoucherTno
  Left Join VoucherDetail dd On dd.Tno = a.DrVoucherTno And dd.Sno = a.DrVoucherSno
  Left Join Party p On p.PartyCode = dd.AccountCode
  Left Join Location l On l.LocationCode = dd.LocationCode
 Where a.CrVoucherTno = :P929_TNO And a.CrVoucherSno = :P929_SNO","","",""
929,"Bill Detail","AP-BILL-DETAIL",12864779267301438,"Ledger against Documents","rule-crosscheck","NATIVE_STATIC","","<div class=""ds-dash-section"">
  <h2>Ledger against the ERP's Own Documents</h2>
  <p>What the bill-pass and payment-advice documents say about this bill, and where they differ from the ledger &mdash; control AP-X01</p>
</div>","","",""
929,"Bill Detail","AP-BILL-DETAIL",12862742557301437,"Ledger vs the ERP's Own Documents","doc-crosscheck","NATIVE_SQL_REPORT","","/* CONTROL AP-X01, at the grain of one bill.
   The ledger figure above is authoritative. This region shows what the
   OPERATIONAL documents say about the same bill and names the gap,
   because the two disagree on 1,790 of 8,630 passes by Rs 78.12 Cr net
   and a reader who is shown only one of them cannot know which.

   PbPass.PaidAmount is the ERP's own cached paid figure. It is written
   by some flows and not others - populated on 1,231 of 8,626 passes -
   so it is displayed as a cached figure and never used to compute
   anything. PaymentAdviceReference is what an advice STATES it pays,
   which misses every payment made by bank-statement upload or direct
   voucher; that is the usual cause of the gap. */
With Asof As (Select to_date(nvl(:P929_TODATE, to_char(trunc(sysdate),'DD-MM-RRRR')),'DD-MM-RRRR') D From dual),
     Led As (
       /* the ledger, exactly as the movement band above computes it */
       Select d.Amount Amt,
              d.Amount - nvl((
                Select Sum(x.Amt) From (
                  Select -Sum(a.Amount) Amt
                    From DrCrAllocation a, Voucher dv, Voucher cv, Asof
                   Where dv.Tno = a.DrVoucherTno And cv.Tno = a.CrVoucherTno
                     And dv.VoucherDate <= Asof.D And cv.VoucherDate <= Asof.D
                     And a.DrVoucherTno = d.Tno And a.DrVoucherSno = d.Sno
                  Union All
                  Select Sum(a.Amount)
                    From DrCrAllocation a, Voucher dv, Voucher cv, Asof
                   Where dv.Tno = a.DrVoucherTno And cv.Tno = a.CrVoucherTno
                     And dv.VoucherDate <= Asof.D And cv.VoucherDate <= Asof.D
                     And a.CrVoucherTno = d.Tno And a.CrVoucherSno = d.Sno) x),0) Open_
         From VoucherDetail d Cross Join Asof
        Where d.Tno = :P929_TNO And d.Sno = :P929_SNO),
     Doc As (
       /* the document layer, for a purchase-bill pass only - the one
          module where an operational figure exists at all */
       Select nvl(p.PBPassAmount,0) PassAmt,
              nvl(p.SumOfTdsAmount,0) Tds,
              p.PaidAmount CachedPaid,
              nvl((Select Sum(r.Amount) From PaymentAdviceReference r
                    Where r.ReferenceModuleCode = 'PURCHASEBILL'
                      And r.ReferenceModuleTno = p.PurchaseBillTno),0) AdvBill,
              nvl((Select Sum(r.Amount) From PaymentAdviceReference r
                    Where r.ReferenceModuleCode = 'PURCHASEORDER'
                      And r.ReferenceModuleTno In
                          (Select pbd.PurchaseOrderTno From PurchaseBillDetail pbd
                            Where pbd.Tno = p.PurchaseBillTno)),0) AdvPo,
              nvl((Select Sum(nvl(dn.DebitNoteAmount,0)) From DebitNote dn
                    Where dn.ReferenceModuleCode = 'PBPASS'
                      And dn.ReferenceModuleTno = p.Tno),0) DnAmt
         From Voucher v
         Join PBPass p On p.Tno = v.ModuleTno
        Where v.Tno = :P929_TNO And v.ModuleCode = 'PBPASS')
Select Ord, Line, Amt, Note From (
  Select 10 Ord, 'Ledger: outstanding on this item' Line,
         Round(l.Open_,2) Amt,
         'the authoritative figure - Amount less allocations dated on or before the As-of Date' Note
    From Led l
  Union All
  Select 20, 'Document: pass amount', Round(d.PassAmt,2),
         'PBPass.PBPassAmount' From Doc d
  Union All
  Select 30, 'Document: less TDS withheld', Round(-d.Tds,2),
         'PBPass.SumOfTdsAmount' From Doc d
  Union All
  Select 40, 'Document: less debit notes', Round(-d.DnAmt,2),
         'DebitNote rows referencing this pass' From Doc d
  Union All
  Select 50, 'Document: less payments stated by advices', Round(-(d.AdvBill + d.AdvPo),2),
         'PaymentAdviceReference against the bill and its orders' From Doc d
  Union All
  Select 60, 'Document: implied outstanding',
         Round(d.PassAmt - d.Tds - d.DnAmt"," - d.AdvBill - d.AdvPo,2),
         'what the operational documents alone would conclude' From Doc d
  Union All
  Select 70, 'Difference (ledger less documents)',
         Round(l.Open_ - (d.PassAmt - d.Tds - d.DnAmt - d.AdvBill - d.AdvPo),2),
         Case When Abs(l.Open_ - (d.PassAmt - d.Tds - d.DnAmt - d.AdvBill - d.AdvPo)) < 1
              Then 'the two views agree on this bill'
              Else 'payments settled outside the advice system - bank-statement upload or direct voucher - '
                   || 'are invisible to the document view. Control AP-X01; the ledger figure stands.' End
    From Led l Cross Join Doc d
  Union All
  Select 80, 'ERP cached paid figure (not used)',
         Round(d.CachedPaid,2),
         Case When d.CachedPaid Is Null
              Then 'PbPass.PaidAmount is NULL on this pass - it is populated on 1,231 of 8,626 and is never used to compute outstanding'
              Else 'PbPass.PaidAmount, shown for reference only - written by some flows and not others, so no figure on this dashboard derives from it' End
    From Doc d
) Order By Ord","",""
929,"Bill Detail","AP-BILL-DETAIL",12863243545301437,"Exceptions on This Item","exceptions","NATIVE_SQL_REPORT","","/* The same control predicates as page 715, narrowed to this one item.
   A control that does not fire is not listed - this is a per-item
   finding list, not the full matrix. */
With Asof As (Select to_date(nvl(:P929_TODATE, to_char(trunc(sysdate),'DD-MM-RRRR')),'DD-MM-RRRR') D From dual),
     Alc As (
       Select -Sum(a.Amount) Amt From DrCrAllocation a, Voucher dv, Voucher cv, Asof
        Where dv.Tno = a.DrVoucherTno And cv.Tno = a.CrVoucherTno
          And dv.VoucherDate <= Asof.D And cv.VoucherDate <= Asof.D
          And a.DrVoucherTno = :P929_TNO And a.DrVoucherSno = :P929_SNO
       Union All
       Select Sum(a.Amount) From DrCrAllocation a, Voucher dv, Voucher cv, Asof
        Where dv.Tno = a.DrVoucherTno And cv.Tno = a.CrVoucherTno
          And dv.VoucherDate <= Asof.D And cv.VoucherDate <= Asof.D
          And a.CrVoucherTno = :P929_TNO And a.CrVoucherSno = :P929_SNO),
     A As (Select nvl(Sum(Amt),0) Amt From Alc),
     I As (
       Select d.Amount Amt, d.CompanyCode Cmp, cast(null as varchar2(100)) Pnl, d.LocationCode Loc, d.VoucherDate Vdt,
              v.VoucherNo Vno, v.DocTypeCode Dtc,
              coalesce(pt.DueDt, jt.DueDt, ao.BillDueDate) DueDate,
              ao.BillDate AoBillDate, ao.BillDueDate AoBillDue,
              -(d.Amount - (Select Amt From A)) Pay
         From VoucherDetail d
         Join Voucher v On v.Tno = d.Tno
         Left Join (Select pp.Tno Tno,
                           coalesce(Max(pb.PartyBillDate), Max(pb.PurchaseBillDate)) DocDt,
                           Max(pb.PurchaseBillDate)
                             + coalesce(Max(po.CreditDays), Max(pty.CreditDays)) DueDt
                      From PBPass pp
                      Join PurchaseBill pb On pb.Tno = pp.PurchaseBillTno
                      Left Join PurchaseBillDetail pbd On pbd.Tno = pb.Tno
                      Left Join PurchaseOrder po On po.Tno = pbd.PurchaseOrderTno
                      Left Join Party pty On pty.PartyCode = pb.PartyCode
                     Group By pp.Tno) pt On v.ModuleCode = 'PBPASS' And pt.Tno = v.ModuleTno
         Left Join (Select jp.Tno Tno,
                           coalesce(Max(jb.PartyBillDate), Max(jb.JobBillDate)) DocDt,
                           Max(jb.JobBillDate) + nvl(Max(jo.CreditDays),0) DueDt
                      From JBPass jp
                      Join JobBill jb On jb.Tno = jp.JobBillTno
                      Left Join JobOrder jo On jo.Tno = jb.JobOrderTno
                     Group By jp.Tno) jt On v.ModuleCode = 'JBPASS' And jt.Tno = v.ModuleTno
         Left Join AccountOpening ao On v.VoucherNo = 'OPENING'   And ao.Tno = d.ModuleTno
        Where d.Tno = :P929_TNO And d.Sno = :P929_SNO)
Select Code, Nm, Sev, Detail From (
  Select 'AP-B02' Code, 'Cannot be aged' Nm, 'High' Sev,
         'The source document carries no due date and this ERP holds no credit terms to derive one from.' Detail
    From I i Where i.Pay > 0.005 And i.DueDate Is Null
  Union All
  Select 'AP-O01','Opening item, original bill date lost','High',
         'Migrated at the 31-03-2026 cutover without its original bill date, so its age is understated.'
    From I i Where i.Vno = 'OPENING' And i.AoBillDate Is Null And Abs(i.Pay) > 0.005
  Union All
  Select 'AP-O02','Opening item, original due date lost','Medium',
         'Cannot be aged on the Due Date basis; falls into Cannot Age.'
    From I i Where i.Vno = 'OPENING' And i.AoBillDue Is Null And i.Pay > 0.005
  Union All
  Select 'AP-P03','Receipt cash unapplied over 90 days','Critical',
         'Received ' || to_char((Select D From Asof) - i.Vdt) || ' days ago and still not applied to any bill.'
    From I i Cross Join Asof Where i.Dtc = 'RECEIPT' And i.Pay < -0.005 And Asof.D - i.Vdt > 90
  Union All
  Select 'AP-A07','Allocation exceeds the item','Critical',
         'More has been allocated against this line than the line is wo","rth; its balance has flipped sign.'
    From I i Where Abs((Select Amt From A)) > Abs(i.Amt) + 0.005
  Union All
  Select 'AP-M01','Posted with incomplete business scope','Critical',
         'Company or location is missing, so the payable cannot be assigned to a complete Ironmart business scope.'
    From I i Where i.Cmp Is Null Or i.Loc Is Null
  Union All
  Select 'AP-M02','Location marked DO NOT USE','High',
         'The location master names this location as unusable, yet this payable is posted to it.'
    From I i Join Location l On l.LocationCode = i.Loc
   Where upper(l.LocationName) Like '%DO NOT USE%'
) Order By Case Sev When 'Critical' Then 1 When 'High' Then 2 Else 3 End, Code","",""
929,"Bill Detail","AP-BILL-DETAIL",12864540277301438,"Go to","quick-links","NATIVE_SQL_REPORT","","/* The quick-links strip: one card per sibling page in this section.
   One report ROW per card, so the report's own tbody becomes the
   grid (see `.ds-kpiwrap` in design-system.css) and the number of
   cards can vary with the reader's privileges without the layout
   caring.

   AUTHORISATION. The menu gates each entry on
   GetApexReportPrivilege, but that function returns a PL/SQL
   BOOLEAN and therefore cannot be called from SQL. Its logic is
   reproduced below against the same three tables, INCLUDING the
   hard-coded 'BOSS' bypass it carries, so a card appears only
   where the menu entry would. A reader never sees a card for a
   page they cannot open. If that function's rule changes, this
   predicate has to change with it - that duplication is the price
   of the boolean return type.

   Page 698 (Bill Detail) is deliberately absent: it is keyed on a
   specific (Tno, Sno) and is meaningless without one, so it is
   reached by clicking a bill, never from a menu. */
With Pg As (
  Select 920 Id, 'AP Command Centre'          Nm, 'Payable, due and overdue, payments, advances and the exceptions behind every number' Sub, 'fa-dashboard'              Ic From dual Union All
  Select 921,    'Vendor-wise Payable',           'One row per vendor, with ageing and the netting position',             'fa-users'                  From dual Union All
  Select 922,    'Bill-wise Payable',             'Every open item at line level, with its source document',              'fa-list-alt'               From dual Union All
  Select 923,    'Creditor 360',                  'One vendor from every angle - bills, payments, advances, statement',   'fa-user'                   From dual Union All
  Select 924,    'Payments and Settlement',       'Cash actually paid, which bank paid it, how much is applied',          'fa-upload'                 From dual Union All
  Select 925,    'Advances and Unapplied Payments','Money already with vendors, and the payable it could clear',          'fa-hand-o-up'              From dual Union All
  Select 926,    'Unbilled Liability (GRNI)',     'Goods received, no supplier bill yet - tied to the GR/IR account',     'fa-truck'                  From dual Union All
  Select 927,    'Exceptions and Controls',       'Every control, what it tests, and the records that fail it',           'fa-exclamation-triangle'   From dual Union All
  Select 928,    'Reconciliation and Data Health','The open-item register against the general-ledger control account',    'fa-balance-scale'          From dual Union All
  Select 930,    'Trends and Cash Forecast',      'How the position moved, and the cash the due dates demand',            'fa-line-chart'             From dual Union All
  Select 931,    'Daily Payment MIS',             'One day: position, movement, dues and what remains unexplained',       'fa-calendar-o'             From dual Union All
  Select 932,    'Weekly AP Review',              'Opening against closing, and the controls that failed in the week',    'fa-calendar'               From dual Union All
  Select 933,    'Monthly Management MIS',        'The management pack, reconciled to the GL at the foot',                'fa-file-text-o'            From dual)
Select '<a class=""ds-kpi ds-kpi--link ds-kpi--teal"" href=""'
    || apex_page.get_url(
         p_page        => Pg.Id,
         p_clear_cache => to_char(Pg.Id),
         /* Page 700 is a single-day report and has no From/To pair -
            naming an item that does not exist on the target page
            fails at run time, so its filter list is built separately. */
         p_items  => Case When Pg.Id = 931
                          Then 'P931_DAY,P931_COMPANY,P931_LOCATION'
                          Else 'P'||Pg.Id||'_FROMDATE,P'||Pg.Id||'_TODATE,P'
                               ||Pg.Id||'_COMPANY,P'||Pg.Id||'_LOCATION' End,
         p_values => Case When Pg",".Id = 931
                          Then :P929_TODATE ||',,,'
                          Else :P929_FROMDATE ||','|| :P929_TODATE ||',,,' End)
    || '""><span class=""ds-kpi-ic fa ' || Pg.Ic || '""></span>'
    || '<div class=""ds-kpi-body""><div class=""ds-kpi-t"">' || Pg.Nm || '</div>'
    || '<div class=""ds-kpi-sub"">' || Pg.Sub || '</div></div></a>' As CARD
  From Pg
 Where Pg.Id <> 929
 Order By Pg.Id","",""
934,"Purchase Command Centre","PURCHASE-COMMAND-CENTRE",955503712290436075,"Purchase Command Centre","command-header","NATIVE_SQL_REPORT","","Select
                  '<div class=""ds-hero"">'
                  || '<div class=""ds-hero-row"">'
                  || '<span class=""ds-hero-icon""><span class=""fa fa-shopping-cart""></span></span>'
                  || '<span class=""ds-hero-text"">'
                  || '<span class=""ds-hero-eyebrow"">Procurement Intelligence</span>'
                  || '<span class=""ds-hero-title"">Purchase Command Centre</span>'
                  || '<span class=""ds-hero-sub"">Gain complete visibility across the '
                  || 'purchase-to-pay chain. Track, analyse and act on procurement metrics '
                  || 'in real time.</span>'
                  || '<a class=""ds-hero-cta"" href=""' || apex_page.get_url(
                       p_page        => 940,
                       p_clear_cache => '940',
                       p_items       => 'P940_FROMDATE,P940_TODATE,P940_COMPANY,P940_LOCATION,P940_PANEL,P940_SUPPLIER,P940_ITEM,P940_ITEMGROUP',
                       p_values      =>    :P934_FROMDATE ||','|| :P934_TODATE
                                    ||','|| :P934_COMPANY  ||','|| :P934_LOCATION
                                    ||','|| :P934_PANEL    ||','|| :P934_SUPPLIER
                                    ||','|| :P934_ITEM     ||','|| :P934_ITEMGROUP)
                     || '"">Purchase Analytics <span class=""fa fa-arrow-right""></span></a>'
                  || '</span></div>'
                  || '<div class=""ds-hero-art""></div>'
                  || '<div class=""ds-hero-chips"">'
                  || '<span class=""ds-chip""><span class=""fa fa-calendar ds-chip-ic""></span>'
                     || '<span class=""ds-chip-k"">Period</span><b>'
                     || apex_escape.html(:P934_FROMDATE) || ' &ndash; '
                     || apex_escape.html(:P934_TODATE) || '</b>'
                     || '<i class=""ds-chip-sub"">'
                     || to_char(to_date(:P934_TODATE,'DD-MM-RRRR')
                             - to_date(:P934_FROMDATE,'DD-MM-RRRR') + 1) || ' days</i></span>'
                  || '<span class=""ds-chip""><span class=""fa fa-building-o ds-chip-ic""></span>'
                     || '<span class=""ds-chip-k"">Company</span><b>'
                     || apex_escape.html(nvl(GetCompanyName(:P934_COMPANY),'All companies'))
                     || '</b></span>'
                  || '<span class=""ds-chip""><span class=""fa fa-map-marker ds-chip-ic""></span>'
                     || '<span class=""ds-chip-k"">Location</span><b>'
                     || apex_escape.html(nvl(GetLocationName(:P934_LOCATION),'All locations'))
                     || '</b></span>'
                  || Case When :P934_SUPPLIER Is Not Null
                          Then '<span class=""ds-chip""><span class=""fa fa-user-o ds-chip-ic""></span>'
                               || '<span class=""ds-chip-k"">Supplier</span><b>'
                               || apex_escape.html(GetPartyName(:P934_SUPPLIER)) || '</b></span>'
                          Else '' End
                  || Case When :P934_ITEMGROUP Is Not Null
                          Then '<span class=""ds-chip""><span class=""fa fa-sitemap ds-chip-ic""></span>'
                               || '<span class=""ds-chip-k"">Item group</span><b>'
                               || apex_escape.html(:P934_ITEMGROUP) || '</b></span>'
                          Else '' End
                  || Case When :P934_ITEM Is Not Null
                          Then '<span class=""ds-chip""><span class=""fa fa-cube ds-chip-ic""></span>'
                               || '<span class=""ds-chip-k"">Item</span><b>'
                               || apex_escape.html(:P934_ITEM) || '</b></span>'
                          Else '' End
                  || '<span class=""ds-chip ds-chip--live""><span class=""fa fa-calendar-check-o ds-chip-ic""></span>'
                     || '<span class=""ds-chip-k"">Bills as of</span><b>'
                ","     || apex_escape.html(nvl(to_char(
                          (Select Max(h.PurchaseBillDate) From PCC_PurchaseBill h
                            Where ((Select SAGAR.GetUserPanelAB_apex() From dual) Is Null
                                   Or h.Panel = (Select SAGAR.GetUserPanelAB_apex() From dual))),
                          'DD-Mon-RRRR'),'no bills visible'))
                     || '</b></span>'
                  || '</div></div>' As HEAD
                From dual
                ","",""
934,"Purchase Command Centre","PURCHASE-COMMAND-CENTRE",959347997794803042,"Quick Periods","quick-periods","NATIVE_STATIC","","<div class=""ds-periods"">
  <span class=""ds-periods-lbl"">Quick period</span>
  <button type=""button"" class=""ds-period"" data-range=""month"">This Month</button>
  <button type=""button"" class=""ds-period"" data-range=""quarter"">This Quarter</button>
  <button type=""button"" class=""ds-period"" data-range=""fy"">This FY</button>
  <button type=""button"" class=""ds-period"" data-range=""d30"">Last 30 Days</button>
  <button type=""button"" class=""ds-period"" data-range=""d90"">Last 90 Days</button>
</div>","","",""
934,"Purchase Command Centre","PURCHASE-COMMAND-CENTRE",955504115363436075,"Procurement Pulse","rule-pulse","NATIVE_STATIC","","<div class=""ds-purchase-section"">
  <h2>Procurement Pulse</h2>
  <p>Where the period stands. Value is the taxable bill line
     (PurchaseBillDetail.Amount) and reconciles to the Purchase Bill Register.
     Each card compares against the immediately preceding period of equal
     length, and says so plainly where there is no prior period.</p>
</div>","","",""
934,"Purchase Command Centre","PURCHASE-COMMAND-CENTRE",955504277934436075,"Procurement Pulse KPIs","kpi-strip","NATIVE_SQL_REPORT","","With ItemTree As (
       Select ItemCode From Item
        Where :P934_ITEMGROUP Is Not Null
        Start With ItemCode = :P934_ITEMGROUP
      Connect By Prior ItemCode = ParentCode
       Union All
       Select ItemCode From Item Where :P934_ITEMGROUP Is Null),
-- PRIOR PERIOD: same length, immediately preceding.
-- [FROM - (TO - FROM + 1), FROM)
Win As (
       Select to_date(:P934_FROMDATE,'DD-MM-RRRR') F,
              to_date(:P934_TODATE,'DD-MM-RRRR')   T
         From dual),
Prv As (
       Select F - (T - F + 1) PF, F - 1 PT From Win),
-- BILL LINES — the value grain.
Bill As (
       Select h.TNo, h.PartyCode, h.PurchaseBillDate,
              d.ItemCode, d.Amount
         From PCC_PurchaseBill h
         Join PurchaseBillDetail d On d.TNo = h.TNo
        Where h.PurchaseBillDate Between (Select F From Win) And (Select T From Win)
          And ((Select SAGAR.GetUserPanelAB_apex() From dual) Is Null
               Or h.Panel = (Select SAGAR.GetUserPanelAB_apex() From dual))
          And (:P934_PANEL Is Null Or h.Panel = :P934_PANEL)
          And (:P934_COMPANY  Is Null Or h.CompanyCode  = :P934_COMPANY)
          And (:P934_LOCATION Is Null Or h.LocationCode = :P934_LOCATION)
          And (:P934_SUPPLIER Is Null Or h.PartyCode    = :P934_SUPPLIER)
          And (:P934_ITEM     Is Null Or d.ItemCode     = :P934_ITEM)
          And d.ItemCode In (Select ItemCode From ItemTree)),
PrvBill As (
       Select d.Amount, h.TNo
         From PCC_PurchaseBill h
         Join PurchaseBillDetail d On d.TNo = h.TNo
        Where h.PurchaseBillDate Between (Select PF From Prv) And (Select PT From Prv)
          And ((Select SAGAR.GetUserPanelAB_apex() From dual) Is Null
               Or h.Panel = (Select SAGAR.GetUserPanelAB_apex() From dual))
          And (:P934_PANEL Is Null Or h.Panel = :P934_PANEL)
          And (:P934_COMPANY  Is Null Or h.CompanyCode  = :P934_COMPANY)
          And (:P934_LOCATION Is Null Or h.LocationCode = :P934_LOCATION)
          And (:P934_SUPPLIER Is Null Or h.PartyCode    = :P934_SUPPLIER)
          And (:P934_ITEM     Is Null Or d.ItemCode     = :P934_ITEM)
          And d.ItemCode In (Select ItemCode From ItemTree)),
Agg As (
       Select Sum(Amount) Val, Count(*) Lines,
              Count(Distinct TNo) Bills,
              Count(Distinct ItemCode) Items,
              Count(Distinct PartyCode) Parties
         From Bill),
PrvAgg As (
       Select Sum(Amount) Val, Count(Distinct TNo) Bills From PrvBill),
-- RECEIPTS. GrnDetail holds no rate or amount of its own, so a receipt is
-- PRICED FROM ITS ORDER LINE: the GRN header carries PurchaseOrderTNo, and
-- the matching PurchaseOrderDetail line for the same item supplies the rate.
-- Receipts that cannot be traced to an order line stay UNPRICED, which is
-- why the card reports the coverage (""N% of lines priced"") beside the value
-- instead of quietly presenting a partial figure as a total.
Rec As (
       Select Count(Distinct g.TNo) Grns,
              Sum(gd.ReceivedQuantity1) RecQty,
              Sum(gd.RejectedQuantity1) RejQty,
              Count(*) Lines,
              Count(Case When gd.Amount Is Not Null Then 1 End) PricedLines,
              Sum(gd.Amount) RecValue
         From PCC_Grn g
         Join GrnDetail gd On gd.TNo = g.TNo
        Where g.GrnDate Between (Select F From Win) And (Select T From Win)
          And ((Select SAGAR.GetUserPanelAB_apex() From dual) Is Null
               Or g.Panel = (Select SAGAR.GetUserPanelAB_apex() From dual))
          And (:P934_PANEL Is Null Or g.Panel = :P934_PANEL)
          And (:P934_COMPANY  Is Null Or g.CompanyCode  = :P934_COMPANY)
          And (:P934_LOCATION Is Null Or g.LocationCode = :P934_LOCATION)
          And (:P934_SUPPLIER Is Null Or g.PartyCode = :P934_SUPPLIER)),
-- BILL PASS. PBPass is 1:1 with PurchaseBill (unique on PurchaseBillTNo), so
-- joining it cannot multipl","y the grain.
Pass As (
       Select Sum(p.PBPassAmount) Passed, Count(*) Passes
         From PCC_PBPass p
         Join PCC_PurchaseBill h On h.TNo = p.PurchaseBillTNo
        Where h.PurchaseBillDate Between (Select F From Win) And (Select T From Win)
          And ((Select SAGAR.GetUserPanelAB_apex() From dual) Is Null
               Or h.Panel = (Select SAGAR.GetUserPanelAB_apex() From dual))
          And (:P934_PANEL Is Null Or h.Panel = :P934_PANEL)
          And (:P934_COMPANY  Is Null Or h.CompanyCode  = :P934_COMPANY)
          And (:P934_LOCATION Is Null Or h.LocationCode = :P934_LOCATION)
          And (:P934_SUPPLIER Is Null Or h.PartyCode    = :P934_SUPPLIER)),
-- OWED TO SUPPLIERS. The supplier ledger closing balance is the only figure
-- that survives every settlement route, so it is what this card reports.
-- THREE PROPERTIES MAKE IT UNLIKE EVERY OTHER CARD, and all three are
-- printed on the card rather than left for the reader to discover:
--   1. it is a SNAPSHOT AS AT TODAY, not a period figure — the date filter
--      does not narrow it;
--   2. it therefore INCLUDES BALANCES CARRIED FROM EARLIER YEARS;
--   3. PartyCurrentClosing carries neither LocationCode NOR Panel —
--      MEASURED: its only columns are CompanyCode, PartyCode, Closing and
--      ClosingAmount — so neither the location filter nor the panel filter
--      can narrow it. Company is the only scope that applies.
-- Only negative closings are counted: a negative balance is money owed TO
-- the supplier. Positive balances are advances and are excluded rather than
-- netted off, which would understate the exposure.
Owed As (
       Select Sum(-c.Closing) Owed, Count(*) Parties
         From SAGAR.PartyCurrentClosing c
        Where c.Closing < 0
          -- NO panel predicate: the table has no Panel column. This is the
          -- one measure on the page that panel scoping cannot reach, and the
          -- card says so.
          And (:P934_COMPANY Is Null Or c.CompanyCode = :P934_COMPANY)
          And (:P934_SUPPLIER Is Null Or c.PartyCode  = :P934_SUPPLIER)),
-- PAID. VoucherDetail.Amount is signed double-entry — the supplier leg is
-- negative, the bank leg positive — so summing it unfiltered returns zero.
-- The negative-leg filter is what makes it a payment.
-- NOTE: only the 'PAYMENT' doc type is corroborated in this repository.
-- MKSPL additionally used CASHPAYMENT and BANKPAYMENT; if those codes exist
-- in IRONMART they must be added here or this card understates.
Pay As (
       Select Sum(-vd.Amount) Paid, Count(Distinct v.TNo) Vouchers
         From PCC_Voucher v
         Join VoucherDetail vd On vd.TNo = v.TNo
        Where v.DocTypeCode = 'PAYMENT'
          And vd.Amount < 0
          And v.VoucherDate Between (Select F From Win) And (Select T From Win)
          And ((Select SAGAR.GetUserPanelAB_apex() From dual) Is Null
               Or v.Panel = (Select SAGAR.GetUserPanelAB_apex() From dual))
          And (:P934_PANEL Is Null Or v.Panel = :P934_PANEL)
          And (:P934_COMPANY Is Null Or v.CompanyCode = :P934_COMPANY)),
-- FREIGHT. FreightAdvice is the transporter billing document and the only
-- defensible freight source: Grn.FreightAmount is not populated, and the
-- transportation footer head appears on a handful of documents.
Fr As (
       Select Sum(f.FreightAdviceAmount) Frt, Count(*) Advices
         From PCC_FreightAdvice f
        Where f.FreightAdviceDate Between (Select F From Win) And (Select T From Win)
          And ((Select SAGAR.GetUserPanelAB_apex() From dual) Is Null
               Or f.Panel = (Select SAGAR.GetUserPanelAB_apex() From dual))
          And (:P934_PANEL Is Null Or f.Panel = :P934_PANEL)
          And (:P934_COMPANY Is Null Or f.CompanyCode = :P934_COMPANY)
          And (:P934_TRANSPORTER Is Null Or f.TransporterCode = :P934_TRANSPORTER)),
SparkBillM As (
       Select Trunc(Pu","rchaseBillDate,'MM') mn,
              Sum(Amount) val, Count(Distinct TNo) bills
         From Bill Group By Trunc(PurchaseBillDate,'MM')),
SparkGrnM As (
       Select Trunc(g.GrnDate,'MM') mn, Count(Distinct g.TNo) grns
         From PCC_Grn g
        Where Exists (Select 1 From GrnDetail valid_line Where valid_line.TNo = g.TNo)
          And g.GrnDate Between (Select F From Win) And (Select T From Win)
          And ((Select SAGAR.GetUserPanelAB_apex() From dual) Is Null
               Or g.Panel = (Select SAGAR.GetUserPanelAB_apex() From dual))
          And (:P934_PANEL Is Null Or g.Panel = :P934_PANEL)
          And (:P934_COMPANY  Is Null Or g.CompanyCode  = :P934_COMPANY)
          And (:P934_LOCATION Is Null Or g.LocationCode = :P934_LOCATION)
          And (:P934_SUPPLIER Is Null Or g.PartyCode = :P934_SUPPLIER)
        Group By Trunc(g.GrnDate,'MM')),
SparkPV As (
       Select Case When Pts Is Null Then ''
            Else '<svg class=""ds-spark ds-spark--gold"" viewBox=""0 0 100 36"" '
              || 'preserveAspectRatio=""none"" aria-hidden=""true"">'
              || '<polygon class=""ds-spark-fill"" points=""0,36 ' || Pts || ' 100,36""/>'
              || '<polyline class=""ds-spark-line"" points=""' || Pts || '""/>'
              || '</svg>' End Svg
         From (
           Select Listagg(px||','||py, ' ') Within Group (Order By rn) Pts
             From (
               Select Round((rn-1)*100/Greatest(cnt-1,1)) px,
                      Round(33 - (v-lo)*30/Greatest(hi-lo,1)) py, rn
                 From (
                   Select val v,
                          Row_Number() Over(Order By mn) rn,
                          Count(*) Over() cnt,
                          Min(val) Over() lo, Max(val) Over() hi
                     From SparkBillM)))),
SparkPB As (
       Select Case When Pts Is Null Then ''
            Else '<svg class=""ds-spark ds-spark--blue"" viewBox=""0 0 100 36"" '
              || 'preserveAspectRatio=""none"" aria-hidden=""true"">'
              || '<polygon class=""ds-spark-fill"" points=""0,36 ' || Pts || ' 100,36""/>'
              || '<polyline class=""ds-spark-line"" points=""' || Pts || '""/>'
              || '</svg>' End Svg
         From (
           Select Listagg(px||','||py, ' ') Within Group (Order By rn) Pts
             From (
               Select Round((rn-1)*100/Greatest(cnt-1,1)) px,
                      Round(33 - (v-lo)*30/Greatest(hi-lo,1)) py, rn
                 From (
                   Select bills v,
                          Row_Number() Over(Order By mn) rn,
                          Count(*) Over() cnt,
                          Min(bills) Over() lo, Max(bills) Over() hi
                     From SparkBillM)))),
SparkGR As (
       Select Case When Pts Is Null Then ''
            Else '<svg class=""ds-spark ds-spark--teal"" viewBox=""0 0 100 36"" '
              || 'preserveAspectRatio=""none"" aria-hidden=""true"">'
              || '<polygon class=""ds-spark-fill"" points=""0,36 ' || Pts || ' 100,36""/>'
              || '<polyline class=""ds-spark-line"" points=""' || Pts || '""/>'
              || '</svg>' End Svg
         From (
           Select Listagg(px||','||py, ' ') Within Group (Order By rn) Pts
             From (
               Select Round((rn-1)*100/Greatest(cnt-1,1)) px,
                      Round(33 - (v-lo)*30/Greatest(hi-lo,1)) py, rn
                 From (
                   Select grns v,
                          Row_Number() Over(Order By mn) rn,
                          Count(*) Over() cnt,
                          Min(grns) Over() lo, Max(grns) Over() hi
                     From SparkGrnM))))
Select
  -- ---- 1. TOTAL PURCHASE VALUE ---------------------------------------
  '<div class=""ds-kpi ds-kpi--value ds-kpi--clickable"" data-kpi-goto=""p668BillReg"" title=""SUM(PurchaseBillDetail.Amount) '
  || 'over bills dated in the period. Taxable line value; excludes footer tax"," '
  || 'carried on the bill header."">'
  || '<span class=""ds-kpi-ic""><span class=""fa fa-inr""></span></span>'
  || '<span class=""ds-kpi-body"">'
  || '<span class=""ds-kpi-t"">Total Purchase Value</span>'
  || '<span class=""ds-kpi-n"">'
     || Case When nvl(a.Val,0) >= 10000000
             Then 'Rs ' || to_char(Round(a.Val/10000000,2),'FM99G990D00') || ' Cr'
             When nvl(a.Val,0) >= 100000
             Then 'Rs ' || to_char(Round(a.Val/100000,2),'FM99G990D00') || ' L'
             Else 'Rs ' || to_char(nvl(a.Val,0),'FM99G99G990D00') End
     || '</span>'
  || '<span class=""ds-kpi-sub"">'
     -- Where there is no prior period the card SAYS SO, rather than
     -- showing 0% or infinity.
     || Case When nvl(pa.Val,0) = 0
             Then '<span class=""ds-delta ds-delta--flat"">No prior period</span>'
             When pa.Val * 100 < a.Val
             Then '<span class=""ds-delta ds-delta--flat"">No comparable prior period</span>'
             When a.Val > pa.Val
             Then '<span class=""ds-delta ds-delta--up"">&uarr; '
                  || to_char(Round(100*(a.Val-pa.Val)/pa.Val,1),'FM99999990D0')
                  || '%</span>'
             When a.Val < pa.Val
             Then '<span class=""ds-delta ds-delta--down"">&darr; '
                  || to_char(Round(100*(pa.Val-a.Val)/pa.Val,1),'FM99999990D0')
                  || '%</span>'
             Else '<span class=""ds-delta ds-delta--flat"">no change</span>' End
     || ' &middot; ' || to_char(a.Lines,'FM999G999') || ' bill lines'
     || ' &middot; ' || to_char(a.Items,'FM999G999') || ' distinct items'
  || '</span></span>' || spv.Svg || '</div>' As KPI1,
  -- ---- 2. PURCHASE BILLS ---------------------------------------------
  '<div class=""ds-kpi ds-kpi--bill ds-kpi--clickable"" data-kpi-goto=""p668BillReg"" title=""COUNT(DISTINCT PurchaseBill.TNo) '
  || 'in the period."">'
  || '<span class=""ds-kpi-ic""><span class=""fa fa-file-text-o""></span></span>'
  || '<span class=""ds-kpi-body"">'
  || '<span class=""ds-kpi-t"">Purchase Bills</span>'
  || '<span class=""ds-kpi-n"">' || to_char(nvl(a.Bills,0),'FM999G999') || '</span>'
  || '<span class=""ds-kpi-sub"">'
     || Case When nvl(pa.Bills,0) = 0
             Then '<span class=""ds-delta ds-delta--flat"">No prior period</span>'
             When pa.Bills * 100 < a.Bills
             Then '<span class=""ds-delta ds-delta--flat"">No comparable prior period</span>'
             When a.Bills > pa.Bills
             Then '<span class=""ds-delta ds-delta--up"">&uarr; '
                  || to_char(Round(100*(a.Bills-pa.Bills)/pa.Bills,1),'FM99999990D0')
                  || '%</span>'
             When a.Bills < pa.Bills
             Then '<span class=""ds-delta ds-delta--down"">&darr; '
                  || to_char(Round(100*(pa.Bills-a.Bills)/pa.Bills,1),'FM99999990D0')
                  || '%</span>'
             Else '<span class=""ds-delta ds-delta--flat"">no change</span>' End
     || ' &middot; supplier invoices entered against receipts</span>'
  || '</span>' || spb.Svg || '</div>' As KPI2,
  -- ---- 3. GRN RECEIPTS -----------------------------------------------
  '<div class=""ds-kpi ds-kpi--input ds-kpi--clickable"" data-kpi-goto=""p668Pipeline"" title=""COUNT(DISTINCT Grn.TNo). '
  || 'Documents with receipt lines. Value is SUM(GrnDetail.Amount), matching the GRN Register. Each receipt line is counted once; missing amounts remain unpriced."">'
  || '<span class=""ds-kpi-ic""><span class=""fa fa-truck""></span></span>'
  || '<span class=""ds-kpi-body"">'
  || '<span class=""ds-kpi-t"">GRN Receipts</span>'
  || '<span class=""ds-kpi-n"">' || to_char(nvl(r.Grns,0),'FM999G999') || '</span>'
  || '<span class=""ds-kpi-sub"">'
     || Case When nvl(r.PricedLines,0) = 0
             Then '<span class=""ds-muted"">no stored receipt amount</span>'
             Else Case When nvl(r.RecValue,0) >= 10000000
                       Then 'Rs ' || to_char(Round(r.Rec"
934,"Purchase Command Centre","PURCHASE-COMMAND-CENTRE",955505160699436077,"Sourcing Funnel","rule-sourcing","NATIVE_STATIC","","<div class=""ds-purchase-section"">
  <h2>Sourcing Funnel</h2>
  <p>How demand became an order. Requisition is drawn as a standalone stage,
     not as the head of the funnel — Indent.RequisitionTno is not populated,
     and drawing the arrow would invent a relationship the data does not
     support.</p>
  <p class=""ds-clickhint""><span class=""ds-clickhint-ic fa fa-hand-o-up""></span> Click any <strong>stage</strong> in the table below &mdash; its full register opens in <strong>&ldquo;Documents Behind the Stage&rdquo;</strong> right underneath.</p>
</div>","","",""
934,"Purchase Command Centre","PURCHASE-COMMAND-CENTRE",955505275295436077,"Sourcing Stages","sourcing-funnel","NATIVE_SQL_REPORT","","With Win As (
       Select to_date(:P934_FROMDATE,'DD-MM-RRRR') F,
              to_date(:P934_TODATE,'DD-MM-RRRR')   T
         From dual),
Stg As (
  -- Requisition is NOT a stage here. Indent.RequisitionTno is not populated,
  -- so a requisition cannot be tied to the indent that followed it — showing
  -- it as the head of the funnel would draw a relationship the data does not
  -- support. The funnel starts where demand becomes traceable.
  Select 10 Seq, 'Indent' Stage, 'fa-list-alt' Ic, 'Direct route' Route,
         Count(*) Docs,
         'Internal demand for material. No supplier chosen yet. An indent '
         || 'can go straight to a purchase order.' Meaning
    From PCC_Indent x Cross Join Win w
   Where x.IndentDate Between w.F And w.T
     And ((Select SAGAR.GetUserPanelAB_apex() From dual) Is Null
          Or x.Panel = (Select SAGAR.GetUserPanelAB_apex() From dual))
     And (:P934_PANEL Is Null Or x.Panel = :P934_PANEL)
     And (:P934_COMPANY Is Null Or x.CompanyCode = :P934_COMPANY)
     And (:P934_LOCATION Is Null Or x.LocationCode = :P934_LOCATION)
  Union All
  Select 20, 'Enquiry', 'fa-question-circle-o', 'Tender route', Count(*),
         'Formal tender floated to the market. Sent to several suppliers '
         || 'at once.'
    From PCC_Enquiry x Cross Join Win w
   Where x.EnquiryDate Between w.F And w.T
     And ((Select SAGAR.GetUserPanelAB_apex() From dual) Is Null
          Or x.Panel = (Select SAGAR.GetUserPanelAB_apex() From dual))
     And (:P934_PANEL Is Null Or x.Panel = :P934_PANEL)
     And (:P934_COMPANY Is Null Or x.CompanyCode = :P934_COMPANY)
     And (:P934_LOCATION Is Null Or x.LocationCode = :P934_LOCATION)
  Union All
  -- Quotations OUTNUMBER enquiries, and that is correct rather than a
  -- defect: several suppliers quote against one enquiry. The meaning column
  -- says so, because a reader watching a ""funnel"" widen will otherwise
  -- assume the figures are wrong.
  Select 30, 'Quotation', 'fa-comments-o', 'Tender route', Count(*),
         'Supplier responses against an enquiry. May outnumber enquiries '
         || 'because several suppliers quote on each one.'
    From PCC_Quotation x Cross Join Win w
   Where x.QuotationDate Between w.F And w.T
     And ((Select SAGAR.GetUserPanelAB_apex() From dual) Is Null
          Or x.Panel = (Select SAGAR.GetUserPanelAB_apex() From dual))
     And (:P934_PANEL Is Null Or x.Panel = :P934_PANEL)
     And (:P934_COMPANY Is Null Or x.CompanyCode = :P934_COMPANY)
     And (:P934_LOCATION Is Null Or x.LocationCode = :P934_LOCATION)
  Union All
  Select 40, 'Comparative Statement', 'fa-balance-scale', 'Tender route',
         Count(*),
         'Quotations set side by side so the buying decision is recorded '
         || 'rather than assumed.'
    From PCC_ComparativeStatement x Cross Join Win w
   Where x.ComparativeStatementDate Between w.F And w.T
     And ((Select SAGAR.GetUserPanelAB_apex() From dual) Is Null
          Or x.Panel = (Select SAGAR.GetUserPanelAB_apex() From dual))
     And (:P934_PANEL Is Null Or x.Panel = :P934_PANEL)
     And (:P934_COMPANY Is Null Or x.CompanyCode = :P934_COMPANY)
     And (:P934_LOCATION Is Null Or x.LocationCode = :P934_LOCATION)
  Union All
  Select 50, 'Purchase Order', 'fa-shopping-cart', 'Both routes', Count(*),
         'Orders with detail lines. Both sourcing routes converge here, '
         || 'and everything downstream is measured from it.'
    From PCC_PurchaseOrder x Cross Join Win w
   Where Exists (Select 1 From PurchaseOrderDetail valid_line Where valid_line.TNo = x.TNo)
     And x.PurchaseOrderDate Between w.F And w.T
     And ((Select SAGAR.GetUserPanelAB_apex() From dual) Is Null
          Or x.Panel = (Select SAGAR.GetUserPanelAB_apex() From dual))
     And (:P934_PANEL Is Null Or x.Panel = :P934_PANEL)
     And (:P934_COMPANY Is Null Or x.CompanyCode = :P934_COMPANY)
     And (:P93","4_LOCATION Is Null Or x.LocationCode = :P934_LOCATION)
     And (:P934_SUPPLIER Is Null Or x.PartyCode = :P934_SUPPLIER))
Select
  s.Seq,
  -- Stage layout is an INLINE STYLE, not a stylesheet class. The label is an
  -- anchor inside a report cell, and the theme's `td a` rules keep knocking
  -- the icon chip out of the flex line. An inline style outranks any
  -- stylesheet rule without needing !important.
  '<a class=""ds-stage-drill"" href=""javascript:void(0);"" data-k=""' || s.Seq || '""'
  || ' style=""display:inline-flex;align-items:center;'
  || 'gap:9px;font-weight:600;text-decoration:none;"">'
  || '<span style=""display:grid;place-items:center;width:26px;height:26px;'
  || 'font-size:12px;border-radius:7px;color:var(--ds-dash-gold);background:var(--ds-dash-gold-bg);'
  || 'flex:0 0 auto;""><span class=""fa ' || s.Ic || '""></span></span>'
  || apex_escape.html(s.Stage) || '</a>' As STAGE,
  '<span class=""ds-pill ds-pill--'
  || Case s.Route When 'Tender route'  Then 'info'
                  When 'Direct route'  Then 'accent'
                  Else 'muted' End
  || '"">' || apex_escape.html(s.Route) || '</span>' As ROUTE,
  s.Docs As DOCS,
  -- Share against the LARGEST stage, not the first. These stages are not a
  -- strict funnel, so a drop-off bar would misrepresent them.
  '<span class=""ds-sharecell""><span class=""ds-bar ds-bar--gold""><i style=""width:'
  || to_char(Round(100 * s.Docs / Nullif(Max(s.Docs) Over (),0),1),'FM99999990D0')
  || '%""></i></span></span>' As VOLUME,
  '<span class=""ds-muted"">' || apex_escape.html(s.Meaning) || '</span>'
    As MEANING
From Stg s
Order By s.Seq","",""
934,"Purchase Command Centre","PURCHASE-COMMAND-CENTRE",955505948783436077,"How Orders Were Sourced","route-split","NATIVE_SQL_REPORT","","With chart_q As (
Select Route, Count(*) Orders
  From (
    Select Case
             When o.QuotationTno Is Not Null Then 'Tender'
             When o.IndentTno    Is Not Null Then 'Direct indent'
             Else 'Ad hoc'
           End Route
      From PCC_PurchaseOrder o
     Where Exists (Select 1 From PurchaseOrderDetail valid_line Where valid_line.TNo = o.TNo)
       And o.PurchaseOrderDate
           Between to_date(:P934_FROMDATE,'DD-MM-RRRR')
               And to_date(:P934_TODATE,'DD-MM-RRRR')
       And ((Select SAGAR.GetUserPanelAB_apex() From dual) Is Null
            Or o.Panel = (Select SAGAR.GetUserPanelAB_apex() From dual))
       And (:P934_PANEL Is Null Or o.Panel = :P934_PANEL)
       And (:P934_COMPANY  Is Null Or o.CompanyCode  = :P934_COMPANY)
       And (:P934_LOCATION Is Null Or o.LocationCode = :P934_LOCATION)
       And (:P934_SUPPLIER Is Null Or o.PartyCode    = :P934_SUPPLIER))
 Group By Route
 Order By Orders Desc
)
Select
  '<div class=""ds-svgdonut"" data-chart-type=""donut"" data-total-label=""orders"" data-focus-item=""P934_STAGE_FOCUS"" data-refresh-target=""p668StageDetail"" data-json=""' ||
  apex_escape.html_attribute(
    json_arrayagg(json_object('l' value to_char(q.ROUTE), 'v' value q.ORDERS, 'k' value 50, 'd' value q.ROUTE, 'u' value null returning clob)
                  order by q.ORDERS Desc returning clob)) || '""></div>' As CHART_ROW
  From chart_q q","","",""
934,"Purchase Command Centre","PURCHASE-COMMAND-CENTRE",955506204417436077,"Order Value by Type","order-value-by-type","NATIVE_SQL_REPORT","","With chart_q As (
Select nvl((Select dt.DocTypeName From DocType dt
             Where dt.DocTypeCode = o.DocTypeCode), o.DocTypeCode) ORDER_TYPE,
       Round(Sum(od.Amount) / 100000, 2) VALUE_LAC
  From PCC_PurchaseOrder o
  Join PurchaseOrderDetail od On od.TNo = o.TNo
 Where o.PurchaseOrderDate
       Between to_date(:P934_FROMDATE,'DD-MM-RRRR')
           And to_date(:P934_TODATE,'DD-MM-RRRR')
   And ((Select SAGAR.GetUserPanelAB_apex() From dual) Is Null
        Or o.Panel = (Select SAGAR.GetUserPanelAB_apex() From dual))
   And (:P934_PANEL Is Null Or o.Panel = :P934_PANEL)
   And (:P934_COMPANY  Is Null Or o.CompanyCode  = :P934_COMPANY)
   And (:P934_LOCATION Is Null Or o.LocationCode = :P934_LOCATION)
   And (:P934_SUPPLIER Is Null Or o.PartyCode    = :P934_SUPPLIER)
 Group By o.DocTypeCode
 Order By Sum(od.Amount) Desc
)
Select
  '<div class=""ds-svgdonut"" data-chart-type=""donut"" data-total-label=""Rs lakh"" data-focus-item=""P934_EXEC_FOCUS"" data-refresh-target=""p668ExecDetail"" data-json=""' ||
  apex_escape.html_attribute(
    json_arrayagg(json_object('l' value to_char(q.ORDER_TYPE), 'v' value q.VALUE_LAC, 'k' value 10, 'd' value q.ORDER_TYPE, 'u' value null returning clob)
                  order by q.VALUE_LAC Desc returning clob)) || '""></div>' As CHART_ROW
  From chart_q q","","",""
934,"Purchase Command Centre","PURCHASE-COMMAND-CENTRE",955506573351436077,"Pipeline by Document Type","pipeline-doctype","NATIVE_SQL_REPORT","","With Win As (
       Select to_date(:P934_FROMDATE,'DD-MM-RRRR') F,
              to_date(:P934_TODATE,'DD-MM-RRRR')   T
         From dual),
Ord As (
  Select o.DocTypeCode,
         Count(Distinct o.TNo) Orders,
         Sum(od.Amount) OrderValue,
         Count(*) Lines,
         Sum(Case When nvl(od.Quantity1,0) > 0
                   And nvl(od.ReceivedQuantity1,0) >= od.Quantity1
                  Then 1 Else 0 End) LinesFull
    From PCC_PurchaseOrder o
    Join PurchaseOrderDetail od On od.TNo = o.TNo
   Cross Join Win w
   Where o.PurchaseOrderDate Between w.F And w.T
     And ((Select SAGAR.GetUserPanelAB_apex() From dual) Is Null
          Or o.Panel = (Select SAGAR.GetUserPanelAB_apex() From dual))
     And (:P934_PANEL Is Null Or o.Panel = :P934_PANEL)
     And (:P934_COMPANY  Is Null Or o.CompanyCode  = :P934_COMPANY)
     And (:P934_LOCATION Is Null Or o.LocationCode = :P934_LOCATION)
     And (:P934_SUPPLIER Is Null Or o.PartyCode    = :P934_SUPPLIER)
   Group By o.DocTypeCode),
Bil As (
  Select o.DocTypeCode, Sum(d.Amount) Billed
    From PCC_PurchaseBill h
    Join PurchaseBillDetail d On d.TNo = h.TNo
    Join PCC_PurchaseOrder o On o.TNo = h.PurchaseOrderTNo
   Cross Join Win w
   Where o.PurchaseOrderDate Between w.F And w.T
     And ((Select SAGAR.GetUserPanelAB_apex() From dual) Is Null
          Or h.Panel = (Select SAGAR.GetUserPanelAB_apex() From dual))
     And (:P934_PANEL Is Null Or h.Panel = :P934_PANEL)
     And (:P934_COMPANY Is Null Or o.CompanyCode = :P934_COMPANY)
     And (:P934_LOCATION Is Null Or o.LocationCode = :P934_LOCATION)
     And (:P934_SUPPLIER Is Null Or o.PartyCode = :P934_SUPPLIER)
     And (:P934_PANEL Is Null Or o.Panel = :P934_PANEL)
     And ((Select SAGAR.GetUserPanelAB_apex() From dual) Is Null Or o.Panel = (Select SAGAR.GetUserPanelAB_apex() From dual))
     And Exists (Select 1 From PurchaseOrderDetail valid_line Where valid_line.TNo = o.TNo)
   Group By o.DocTypeCode)
Select
  nvl((Select dt.DocTypeName From DocType dt
        Where dt.DocTypeCode = o.DocTypeCode), o.DocTypeCode) As ORDER_TYPE,
  o.Orders As ORDERS,
  Round(o.OrderValue / 100000, 2) As ORDER_VALUE_LAC,
  '<span class=""ds-sharecell""><span class=""ds-bar ds-bar--teal""><i style=""width:'
  || to_char(Round(100 * o.LinesFull / Nullif(o.Lines,0),1),'FM99999990D0')
  || '%""></i></span><b>'
  || to_char(Round(100 * o.LinesFull / Nullif(o.Lines,0),1),'FM99999990D0')
  || '%</b></span>' As RECEIVED,
  Case When nvl(o.OrderValue,0) > 0
       Then '<span class=""ds-sharecell""><span class=""ds-bar ds-bar--blue""><i style=""width:'
            || to_char(Least(Round(100 * nvl(b.Billed,0) / o.OrderValue,1),100),'FM99999990D0')
            || '%""></i></span><b>'
            || to_char(Round(100 * nvl(b.Billed,0) / o.OrderValue,1),'FM99999990D0')
            || '%</b></span>'
       Else '<span class=""ds-muted"">no order value</span>' End As BILLED
From Ord o
Left Join Bil b On b.DocTypeCode = o.DocTypeCode
Order By o.OrderValue Desc","","",""
934,"Purchase Command Centre","PURCHASE-COMMAND-CENTRE",956811687836443110,"Documents Behind the Stage","stage-detail","NATIVE_IR","","With Win As (
       Select to_date(:P934_FROMDATE,'DD-MM-RRRR') F,
              to_date(:P934_TODATE,'DD-MM-RRRR')   T
         From dual)
-- Each branch repeats its stage's predicates from Sourcing Stages VERBATIM.
-- A drill-down shorter than the count that opened it is the one failure mode
-- that may never happen.
Select x.IndentNo                                     As DOCUMENT_NO,
       x.IndentDate                                   As DOCUMENT_DATE,
       'Indent'                                       As STAGE,
       GetLocationName(x.LocationCode)                As LOCATION,
       Cast(Null As Varchar2(240))                    As PARTY,
       'Department ' || x.DepartmentCode              As DETAIL,
       Cast(Null As Number) As VALUE_RS,
       apex_page.get_url(p_page=>108,p_clear_cache=>'108',p_items=>'P108_TNO,P108_CALLEDFROMPAGE',p_values=>to_char(x.TNo,'FM9999999999999999990')||',934') As TARGET_URL
  From PCC_Indent x Cross Join Win w
 Where :P934_STAGE_FOCUS = '10'
   And x.IndentDate Between w.F And w.T
   And ((Select SAGAR.GetUserPanelAB_apex() From dual) Is Null
        Or x.Panel = (Select SAGAR.GetUserPanelAB_apex() From dual))
   And (:P934_PANEL Is Null Or x.Panel = :P934_PANEL)
   And (:P934_COMPANY Is Null Or x.CompanyCode = :P934_COMPANY)
     And (:P934_LOCATION Is Null Or x.LocationCode = :P934_LOCATION)
Union All
Select x.EnquiryNo                                    As DOCUMENT_NO,
       x.EnquiryDate                                  As DOCUMENT_DATE,
       'Enquiry'                                      As STAGE,
       GetLocationName(x.LocationCode)                As LOCATION,
       Cast(Null As Varchar2(240))                    As PARTY,
       'Generated for ' || x.GeneratedFor             As DETAIL,
       Cast(Null As Number) As VALUE_RS,
       apex_page.get_url(p_page=>708,p_clear_cache=>'708',p_items=>'P708_TNO,P708_CALLEDFROMPAGE',p_values=>to_char(x.TNo,'FM9999999999999999990')||',934') As TARGET_URL
  From PCC_Enquiry x Cross Join Win w
 Where :P934_STAGE_FOCUS = '20'
   And x.EnquiryDate Between w.F And w.T
   And ((Select SAGAR.GetUserPanelAB_apex() From dual) Is Null
        Or x.Panel = (Select SAGAR.GetUserPanelAB_apex() From dual))
   And (:P934_PANEL Is Null Or x.Panel = :P934_PANEL)
   And (:P934_COMPANY Is Null Or x.CompanyCode = :P934_COMPANY)
     And (:P934_LOCATION Is Null Or x.LocationCode = :P934_LOCATION)
Union All
Select x.QuotationNo                                  As DOCUMENT_NO,
       x.QuotationDate                                As DOCUMENT_DATE,
       'Quotation'                                    As STAGE,
       GetLocationName(x.LocationCode)                As LOCATION,
       GetPartyName(x.PartyCode)                      As PARTY,
       'Valid to ' || to_char(x.ValidityDate,'DD-Mon-RRRR') As DETAIL,
       x.QuotationAmount As VALUE_RS,
       apex_page.get_url(p_page=>710,p_clear_cache=>'710',p_items=>'P710_TNO,P710_CALLEDFROMPAGE',p_values=>to_char(x.TNo,'FM9999999999999999990')||',934') As TARGET_URL
  From PCC_Quotation x Cross Join Win w
 Where :P934_STAGE_FOCUS = '30'
   And x.QuotationDate Between w.F And w.T
   And ((Select SAGAR.GetUserPanelAB_apex() From dual) Is Null
        Or x.Panel = (Select SAGAR.GetUserPanelAB_apex() From dual))
   And (:P934_PANEL Is Null Or x.Panel = :P934_PANEL)
   And (:P934_COMPANY Is Null Or x.CompanyCode = :P934_COMPANY)
     And (:P934_LOCATION Is Null Or x.LocationCode = :P934_LOCATION)
Union All
Select x.ComparativeStatementNo                       As DOCUMENT_NO,
       x.ComparativeStatementDate                     As DOCUMENT_DATE,
       'Comparative Statement'                        As STAGE,
       GetLocationName(x.LocationCode)                As LOCATION,
       Cast(Null As Varchar2(240))                    As PARTY,
       'Against enquiry ' || to_char(x.EnquiryTNo)    As DETAIL,
       Cast(","Null As Number) As VALUE_RS,
       apex_page.get_url(p_page=>712,p_clear_cache=>'712',p_items=>'P712_TNO,P712_CALLEDFROMPAGE',p_values=>to_char(x.TNo,'FM9999999999999999990')||',934') As TARGET_URL
  From PCC_ComparativeStatement x Cross Join Win w
 Where :P934_STAGE_FOCUS = '40'
   And x.ComparativeStatementDate Between w.F And w.T
   And ((Select SAGAR.GetUserPanelAB_apex() From dual) Is Null
        Or x.Panel = (Select SAGAR.GetUserPanelAB_apex() From dual))
   And (:P934_PANEL Is Null Or x.Panel = :P934_PANEL)
   And (:P934_COMPANY Is Null Or x.CompanyCode = :P934_COMPANY)
     And (:P934_LOCATION Is Null Or x.LocationCode = :P934_LOCATION)
Union All
Select x.PurchaseOrderNo                              As DOCUMENT_NO,
       x.PurchaseOrderDate                            As DOCUMENT_DATE,
       'Purchase Order'                               As STAGE,
       GetLocationName(x.LocationCode)                As LOCATION,
       GetPartyName(x.PartyCode)                      As PARTY,
       'Delivery ' || to_char(x.DeliveryDate,'DD-Mon-RRRR') As DETAIL,
       x.PurchaseOrderAmount As VALUE_RS,
       apex_page.get_url(p_page=>939,p_clear_cache=>'939',p_items=>'P939_TNO',p_values=>to_char(x.TNo,'FM9999999999999999990')) As TARGET_URL
  From PCC_PurchaseOrder x Cross Join Win w
 Where :P934_STAGE_FOCUS = '50'
   And Exists (Select 1 From PurchaseOrderDetail valid_line Where valid_line.TNo = x.TNo)
     And x.PurchaseOrderDate Between w.F And w.T
   And ((Select SAGAR.GetUserPanelAB_apex() From dual) Is Null
        Or x.Panel = (Select SAGAR.GetUserPanelAB_apex() From dual))
   And (:P934_PANEL Is Null Or x.Panel = :P934_PANEL)
   And (:P934_COMPANY Is Null Or x.CompanyCode = :P934_COMPANY)
     And (:P934_LOCATION Is Null Or x.LocationCode = :P934_LOCATION)
   And (:P934_SUPPLIER Is Null Or x.PartyCode = :P934_SUPPLIER)
Order By 2 Desc, 1","",""
934,"Purchase Command Centre","PURCHASE-COMMAND-CENTRE",977428660770983532,"Purchase Order Register","reg-s-po","NATIVE_IR","","Select to_char(o.TNo,'FM9999999999999999990') As TNO_KEY,
       o.PurchaseOrderNo                 As PO_NO,
       o.PurchaseOrderDate               As PO_DATE,
       GetPartyName(o.PartyCode)         As SUPPLIER,
       GetLocationName(o.LocationCode)   As LOCATION,
       o.DeliveryDate                    As DELIVERY,
       o.PurchaseOrderAmount             As PO_VALUE,
       o.PaidAmount                      As PAID,
       o.DepartmentCode                  As DEPT
  From PCC_PurchaseOrder o
 Where :P934_STAGE_FOCUS = '50'
   And Exists (Select 1 From PurchaseOrderDetail valid_line Where valid_line.TNo = o.TNo)
   And o.PurchaseOrderDate Between to_date(:P934_FROMDATE,'DD-MM-RRRR') And to_date(:P934_TODATE,'DD-MM-RRRR')
   And ((Select SAGAR.GetUserPanelAB_apex() From dual) Is Null Or o.Panel = (Select SAGAR.GetUserPanelAB_apex() From dual))
   And (:P934_PANEL    Is Null Or o.Panel        = :P934_PANEL)
   And (:P934_COMPANY  Is Null Or o.CompanyCode  = :P934_COMPANY)
   And (:P934_LOCATION Is Null Or o.LocationCode = :P934_LOCATION)
   And (:P934_SUPPLIER Is Null Or o.PartyCode    = :P934_SUPPLIER)
 Order By o.PurchaseOrderDate Desc, o.PurchaseOrderNo Desc","","",""
934,"Purchase Command Centre","PURCHASE-COMMAND-CENTRE",979431044117127667,"Indent Register","reg-s-indent","NATIVE_IR","","Select to_char(i.TNo,'FM9999999999999999990') As TNO_KEY,
       i.IndentNo                    As INDENT_NO,
       i.IndentDate                  As INDENT_DATE,
       GetLocationName(i.LocationCode) As LOCATION,
       i.DepartmentCode              As DEPT,
       i.Remark                      As REMARK
  From PCC_Indent i
 Where :P934_STAGE_FOCUS = '10'
   And i.IndentNo Is Not Null
   And i.IndentDate Between to_date(:P934_FROMDATE,'DD-MM-RRRR') And to_date(:P934_TODATE,'DD-MM-RRRR')
   And ((Select SAGAR.GetUserPanelAB_apex() From dual) Is Null Or i.Panel = (Select SAGAR.GetUserPanelAB_apex() From dual))
   And (:P934_PANEL    Is Null Or i.Panel        = :P934_PANEL)
   And (:P934_COMPANY  Is Null Or i.CompanyCode  = :P934_COMPANY)
   And (:P934_LOCATION Is Null Or i.LocationCode = :P934_LOCATION)
 Order By i.IndentDate Desc, i.IndentNo Desc","","",""
934,"Purchase Command Centre","PURCHASE-COMMAND-CENTRE",979431739716127688,"Enquiry Register","reg-s-enquiry","NATIVE_IR","","Select to_char(e.TNo,'FM9999999999999999990') As TNO_KEY,
       e.EnquiryNo                    As ENQUIRY_NO,
       e.EnquiryDate                  As ENQUIRY_DATE,
       GetLocationName(e.LocationCode) As LOCATION,
       e.Subject                      As SUBJECT,
       e.Remark                       As REMARK
  From PCC_Enquiry e
 Where :P934_STAGE_FOCUS = '20'
   And e.EnquiryNo Is Not Null
   And e.EnquiryDate Between to_date(:P934_FROMDATE,'DD-MM-RRRR') And to_date(:P934_TODATE,'DD-MM-RRRR')
   And ((Select SAGAR.GetUserPanelAB_apex() From dual) Is Null Or e.Panel = (Select SAGAR.GetUserPanelAB_apex() From dual))
   And (:P934_PANEL    Is Null Or e.Panel        = :P934_PANEL)
   And (:P934_COMPANY  Is Null Or e.CompanyCode  = :P934_COMPANY)
   And (:P934_LOCATION Is Null Or e.LocationCode = :P934_LOCATION)
 Order By e.EnquiryDate Desc, e.EnquiryNo Desc","","",""
934,"Purchase Command Centre","PURCHASE-COMMAND-CENTRE",979432415228127689,"Quotation Register","reg-s-quotation","NATIVE_IR","","Select to_char(q.TNo,'FM9999999999999999990') As TNO_KEY,
       q.QuotationNo                  As QUOTATION_NO,
       q.QuotationDate                As QUOTATION_DATE,
       GetPartyName(q.PartyCode)      As SUPPLIER,
       q.QuotationAmount              As AMOUNT,
       q.ValidityDate                 As VALIDITY,
       q.Remark                       As REMARK
  From PCC_Quotation q
 Where :P934_STAGE_FOCUS = '30'
   And q.QuotationNo Is Not Null
   And q.QuotationDate Between to_date(:P934_FROMDATE,'DD-MM-RRRR') And to_date(:P934_TODATE,'DD-MM-RRRR')
   And ((Select SAGAR.GetUserPanelAB_apex() From dual) Is Null Or q.Panel = (Select SAGAR.GetUserPanelAB_apex() From dual))
   And (:P934_PANEL    Is Null Or q.Panel        = :P934_PANEL)
   And (:P934_COMPANY  Is Null Or q.CompanyCode  = :P934_COMPANY)
   And (:P934_LOCATION Is Null Or q.LocationCode = :P934_LOCATION)
   And (:P934_SUPPLIER Is Null Or q.PartyCode    = :P934_SUPPLIER)
 Order By q.QuotationDate Desc, q.QuotationNo Desc","","",""
934,"Purchase Command Centre","PURCHASE-COMMAND-CENTRE",979433219546127689,"Comparative Statement Register","reg-s-cs","NATIVE_IR","","Select to_char(c.TNo,'FM9999999999999999990') As TNO_KEY,
       c.ComparativeStatementNo       As CS_NO,
       c.ComparativeStatementDate     As CS_DATE,
       GetLocationName(c.LocationCode) As LOCATION,
       c.DepartmentCode               As DEPT,
       c.Remark                       As REMARK
  From PCC_ComparativeStatement c
 Where :P934_STAGE_FOCUS = '40'
   And c.ComparativeStatementNo Is Not Null
   And c.ComparativeStatementDate Between to_date(:P934_FROMDATE,'DD-MM-RRRR') And to_date(:P934_TODATE,'DD-MM-RRRR')
   And ((Select SAGAR.GetUserPanelAB_apex() From dual) Is Null Or c.Panel = (Select SAGAR.GetUserPanelAB_apex() From dual))
   And (:P934_PANEL    Is Null Or c.Panel        = :P934_PANEL)
   And (:P934_COMPANY  Is Null Or c.CompanyCode  = :P934_COMPANY)
   And (:P934_LOCATION Is Null Or c.LocationCode = :P934_LOCATION)
 Order By c.ComparativeStatementDate Desc, c.ComparativeStatementNo Desc","","",""
934,"Purchase Command Centre","PURCHASE-COMMAND-CENTRE",955507194643436078,"Purchase-to-Pay","rule-pipeline","NATIVE_STATIC","","<div class=""ds-purchase-section"">
  <h2>Purchase-to-Pay Execution</h2>
  <p>Document flow from order to payment, with conversion against the order
     stage. Gate entry and goods receipt carry <em>no value</em> by design —
     GrnDetail holds no usable rate or amount in this ERP — so those cells
     render an en-dash rather than a zero.</p>
  <p class=""ds-clickhint""><span class=""ds-clickhint-ic fa fa-hand-o-up""></span> Click any <strong>stage</strong> in the table below &mdash; its full register opens in <strong>&ldquo;Documents Behind the Execution Stage&rdquo;</strong> right underneath.</p>
</div>","","",""
934,"Purchase Command Centre","PURCHASE-COMMAND-CENTRE",955507297284436103,"Execution Pipeline","pipeline","NATIVE_SQL_REPORT","","With Win As (
       Select to_date(:P934_FROMDATE,'DD-MM-RRRR') F,
              to_date(:P934_TODATE,'DD-MM-RRRR')   T
         From dual),
-- Computed ONCE in its own CTE. As a scalar subquery inside the stage
-- select list it referenced w.F/w.T beside Count(Distinct ...) and Oracle
-- rejected it with ORA-00937 — the trap the blueprint warns about.
GrnVal As (
  Select Sum(gd.Amount) Val
    From PCC_Grn g
    Join GrnDetail gd On gd.TNo = g.TNo
   Cross Join Win w
   Where g.GrnDate Between w.F And w.T
     And ((Select SAGAR.GetUserPanelAB_apex() From dual) Is Null
          Or g.Panel = (Select SAGAR.GetUserPanelAB_apex() From dual))
     And (:P934_PANEL Is Null Or g.Panel = :P934_PANEL)
     And (:P934_COMPANY  Is Null Or g.CompanyCode  = :P934_COMPANY)
     And (:P934_LOCATION Is Null Or g.LocationCode = :P934_LOCATION)
     And (:P934_SUPPLIER Is Null Or g.PartyCode = :P934_SUPPLIER)),
Stg As (
  -- 10. PURCHASE ORDER — value is real: PurchaseOrderDetail.Amount.
  Select 10 Seq, 'Purchase Order' Stage, 'fa-shopping-cart' Ic,
         Count(Distinct o.TNo) Docs, Sum(od.Amount) Val,
         'Orders with detail lines raised in the period; committed line value.' Note
    From PCC_PurchaseOrder o
    Join PurchaseOrderDetail od On od.TNo = o.TNo
   Cross Join Win w
   Where o.PurchaseOrderDate Between w.F And w.T
     And ((Select SAGAR.GetUserPanelAB_apex() From dual) Is Null
          Or o.Panel = (Select SAGAR.GetUserPanelAB_apex() From dual))
     And (:P934_PANEL Is Null Or o.Panel = :P934_PANEL)
     And (:P934_COMPANY  Is Null Or o.CompanyCode  = :P934_COMPANY)
     And (:P934_LOCATION Is Null Or o.LocationCode = :P934_LOCATION)
     And (:P934_SUPPLIER Is Null Or o.PartyCode    = :P934_SUPPLIER)
  Union All
  -- 20. MATERIAL IN / GATE ENTRY — no value exists at this stage.
  Select 20, 'Material In / Gate Entry', 'fa-sign-in',
         Count(*), Null,
         'Vehicle arrival and weighment. The ERP records no value here.'
    From PCC_MaterialIn x Cross Join Win w
   Where x.MaterialInDate Between w.F And w.T
     And ((Select SAGAR.GetUserPanelAB_apex() From dual) Is Null
          Or x.Panel = (Select SAGAR.GetUserPanelAB_apex() From dual))
     And (:P934_PANEL Is Null Or x.Panel = :P934_PANEL)
     And (:P934_COMPANY  Is Null Or x.CompanyCode  = :P934_COMPANY)
     And (:P934_LOCATION Is Null Or x.LocationCode = :P934_LOCATION)
     And (:P934_SUPPLIER Is Null Or x.PartyCode = :P934_SUPPLIER)
  Union All
  -- 30. GRN — priced from the order line, since GrnDetail holds no rate of
  -- its own. Receipts not traceable to an order contribute quantity but no
  -- value, so this figure is a floor rather than a complete total.
  Select 30, 'GRN (Goods Received)', 'fa-truck',
         Count(Distinct x.TNo),
         -- Max() around the scalar makes the select list uniformly
         -- aggregated. A bare scalar subquery here is NOT a group function
         -- and Oracle rejects it with ORA-00937 even though it returns one row.
         Max((Select Val From GrnVal)),
         'GRNs with receipt lines. Stored GRN line amounts, matching the GRN Register; each receipt line counted once.'
    From PCC_Grn x Cross Join Win w
   Where Exists (Select 1 From GrnDetail valid_line Where valid_line.TNo = x.TNo)
     And x.GrnDate Between w.F And w.T
     And ((Select SAGAR.GetUserPanelAB_apex() From dual) Is Null
          Or x.Panel = (Select SAGAR.GetUserPanelAB_apex() From dual))
     And (:P934_PANEL Is Null Or x.Panel = :P934_PANEL)
     And (:P934_COMPANY  Is Null Or x.CompanyCode  = :P934_COMPANY)
     And (:P934_LOCATION Is Null Or x.LocationCode = :P934_LOCATION)
     And (:P934_SUPPLIER Is Null Or x.PartyCode = :P934_SUPPLIER)
  Union All
  -- 40. PURCHASE BILL — the value grain.
  Select 40, 'Purchase Bill', 'fa-file-text-o',
         Count(Distinct h.TNo), Sum(d.Amount),
         'Supplier invoice. Taxable line val","ue, excludes footer tax.'
    From PCC_PurchaseBill h
    Join PurchaseBillDetail d On d.TNo = h.TNo
   Cross Join Win w
   Where h.PurchaseBillDate Between w.F And w.T
     And ((Select SAGAR.GetUserPanelAB_apex() From dual) Is Null
          Or h.Panel = (Select SAGAR.GetUserPanelAB_apex() From dual))
     And (:P934_PANEL Is Null Or h.Panel = :P934_PANEL)
     And (:P934_COMPANY  Is Null Or h.CompanyCode  = :P934_COMPANY)
     And (:P934_LOCATION Is Null Or h.LocationCode = :P934_LOCATION)
     And (:P934_SUPPLIER Is Null Or h.PartyCode    = :P934_SUPPLIER)
  Union All
  -- 50. BILL PASS.
  Select 50, 'Bill Pass', 'fa-check-square-o',
         Count(*), Sum(p.PBPassAmount),
         'Approval for payment. One pass per bill.'
    From PCC_PBPass p
    Join PCC_PurchaseBill h On h.TNo = p.PurchaseBillTNo
   Cross Join Win w
   Where h.PurchaseBillDate Between w.F And w.T
     And ((Select SAGAR.GetUserPanelAB_apex() From dual) Is Null
          Or h.Panel = (Select SAGAR.GetUserPanelAB_apex() From dual))
     And (:P934_PANEL Is Null Or h.Panel = :P934_PANEL)
     And (:P934_COMPANY  Is Null Or h.CompanyCode  = :P934_COMPANY)
     And (:P934_LOCATION Is Null Or h.LocationCode = :P934_LOCATION)
     And (:P934_SUPPLIER Is Null Or h.PartyCode    = :P934_SUPPLIER)
  Union All
  -- 60. PAID — ledger. NOTE: this row counts payment VOUCHERS, a different
  -- unit from bill counts, so its conversion % is NOT a funnel drop-off.
  Select 60, 'Paid', 'fa-credit-card',
         Count(Distinct v.TNo), Sum(-vd.Amount),
         'Payment vouchers in the period. Counts vouchers, not bills — the '
         || 'conversion figure here is not a funnel drop-off.'
    From PCC_Voucher v
    Join VoucherDetail vd On vd.TNo = v.TNo
   Cross Join Win w
   Where v.DocTypeCode = 'PAYMENT'
     And vd.Amount < 0
     And v.VoucherDate Between w.F And w.T
     And ((Select SAGAR.GetUserPanelAB_apex() From dual) Is Null
          Or v.Panel = (Select SAGAR.GetUserPanelAB_apex() From dual))
     And (:P934_PANEL Is Null Or v.Panel = :P934_PANEL)
     And (:P934_COMPANY Is Null Or v.CompanyCode = :P934_COMPANY))
Select
  s.Seq,
  '<a class=""ds-exec-drill"" href=""javascript:void(0);"" data-k=""' || s.Seq || '""'
  || ' style=""display:inline-flex;align-items:center;'
  || 'gap:9px;font-weight:600;text-decoration:none;"">'
  || '<span style=""display:grid;place-items:center;width:26px;height:26px;'
  || 'font-size:12px;border-radius:7px;color:var(--ds-dash-gold);background:var(--ds-dash-gold-bg);'
  || 'flex:0 0 auto;""><span class=""fa ' || s.Ic || '""></span></span>'
  || apex_escape.html(s.Stage) || '</a>' As STAGE,
  s.Docs As DOCS,
  -- A stage that genuinely carries no value renders an en-dash, NOT a zero.
  Case When s.Val Is Null
       Then '<span class=""ds-muted"">no value at this stage</span>'
       Else '<b>'
            || Case When s.Val >= 10000000
                    Then 'Rs ' || to_char(Round(s.Val/10000000,2),'FM99G990D00') || ' Cr'
                    When s.Val >= 100000
                    Then 'Rs ' || to_char(Round(s.Val/100000,2),'FM99G990D00') || ' L'
                    Else 'Rs ' || to_char(s.Val,'FM99G99G990D00') End
            || '</b>' End As VALUE,
  -- Expressed as ""% OF ORDERS"", not as a funnel drop-off. These stages count
  -- different document types against a common baseline, so a stage can and
  -- routinely does exceed 100% — one order produces many gate entries, and
  -- documents raised late in the window have not had time to progress. A
  -- drop-off framing would read those as leakage, which they are not.
  Case
    When s.Seq = 10 Then '<span class=""ds-pill ds-pill--muted"">baseline</span>'
    Else '<span class=""ds-pill ds-pill--'
         || Case When 100 * s.Docs / Nullif(First_Value(s.Docs)
                       Over (Order By s.Seq),0) >= 90 Then 'good'
                 When 100 * s.Docs / Nullif(First_Value(s.Docs)
    ","                   Over (Order By s.Seq),0) >= 60 Then 'info'
                 Else 'warn' End
         || '"">'
         || to_char(Round(100 * s.Docs / Nullif(First_Value(s.Docs)
                       Over (Order By s.Seq),0),1),'FM99999990D0')
         || '% of orders</span>'
  End As CONVERSION,
  '<span class=""ds-muted"">' || apex_escape.html(s.Note) || '</span>' As NOTE
From Stg s
Order By s.Seq",""
934,"Purchase Command Centre","PURCHASE-COMMAND-CENTRE",955507963620436104,"Pipeline Conversion - click a segment to view orders","pipeline-conversion","NATIVE_SQL_REPORT","","With chart_q As (
Select BUCKET, Count(*) ORDERS, Min(SortKey) SORT_KEY, Min(BucketKey) BUCKET_KEY
  From (
    Select o.TNo,
           Case
             When Exists (Select 1 From PurchaseOrderClose poc
                           Where poc.PurchaseOrderTNo = o.TNo)
                  Then 'Short-closed'
             When Sum(Case When nvl(od.Quantity1,0) > 0
                            And nvl(od.ReceivedQuantity1,0) >= od.Quantity1
                           Then 1 Else 0 End) = Count(*)
                  Then 'Fully received'
             When Sum(nvl(od.ReceivedQuantity1,0)) > 0
                  Then 'Part received'
             Else 'Awaiting material'
           End BUCKET,
           Case
             When Exists (Select 1 From PurchaseOrderClose poc
                           Where poc.PurchaseOrderTNo = o.TNo) Then 4
             When Sum(Case When nvl(od.Quantity1,0) > 0
                            And nvl(od.ReceivedQuantity1,0) >= od.Quantity1
                           Then 1 Else 0 End) = Count(*) Then 3
             When Sum(nvl(od.ReceivedQuantity1,0)) > 0 Then 2
             Else 1
           End SortKey,
           Case
             When Exists (Select 1 From PurchaseOrderClose poc
                           Where poc.PurchaseOrderTNo = o.TNo) Then 'CLOSED'
             When Sum(Case When nvl(od.Quantity1,0) > 0
                            And nvl(od.ReceivedQuantity1,0) >= od.Quantity1
                           Then 1 Else 0 End) = Count(*) Then 'FULL'
             When Sum(nvl(od.ReceivedQuantity1,0)) > 0 Then 'PART'
             Else 'AWAIT'
           End BucketKey
      From PCC_PurchaseOrder o
      Join PurchaseOrderDetail od On od.TNo = o.TNo
     Where o.PurchaseOrderDate
           Between to_date(:P934_FROMDATE,'DD-MM-RRRR')
               And to_date(:P934_TODATE,'DD-MM-RRRR')
       And ((Select SAGAR.GetUserPanelAB_apex() From dual) Is Null
            Or o.Panel = (Select SAGAR.GetUserPanelAB_apex() From dual))
       And (:P934_PANEL Is Null Or o.Panel = :P934_PANEL)
       And (:P934_COMPANY  Is Null Or o.CompanyCode  = :P934_COMPANY)
       And (:P934_LOCATION Is Null Or o.LocationCode = :P934_LOCATION)
       And (:P934_SUPPLIER Is Null Or o.PartyCode    = :P934_SUPPLIER)
     Group By o.TNo)
 Group By BUCKET
 Order By SORT_KEY
)
Select
  '<div class=""ds-svgdonut"" data-chart-type=""donut"" data-total-label=""orders"" data-focus-item=""P934_PIPE_FOCUS"" data-refresh-target=""p668PipeOrders"" data-json=""' ||
  apex_escape.html_attribute(
    json_arrayagg(json_object('l' value to_char(q.BUCKET), 'v' value q.ORDERS, 'k' value q.BUCKET_KEY, 'd' value q.BUCKET, 'u' value null returning clob)
                  order by q.SORT_KEY returning clob)) || '""></div>' As CHART_ROW
  From chart_q q","","",""
934,"Purchase Command Centre","PURCHASE-COMMAND-CENTRE",955508243754436104,"Orders Behind the Selected Slice","pipeline-orders","NATIVE_IR","","Select
  x.PurchaseOrderNo As ORDER_NO,
  x.PurchaseOrderDate As ORDER_DATE,
  GetPartyName(x.PartyCode) As SUPPLIER,
  GetLocationName(x.LocationCode) As LOCATION,
  x.Lines As LINES,
  x.OrderedQty As ORDERED_QTY,
  x.AwaitingQty As AWAITING_QTY,
  x.OrderValue As ORDER_VALUE,
  x.PendingValue As PENDING_VALUE,
  x.PartyCode As PARTYCODE,
  x.TNo As PO_TNO
From (
  Select o.TNo, o.PurchaseOrderNo, o.PurchaseOrderDate,
         o.PartyCode, o.LocationCode,
         Count(*) Lines,
         Sum(od.Quantity1) OrderedQty,
         Sum(od.Quantity1 - Least(nvl(od.ReceivedQuantity1,0), od.Quantity1)) AwaitingQty,
         Sum(od.Amount) OrderValue,
         Sum(od.Amount * (od.Quantity1
           - Least(nvl(od.ReceivedQuantity1,0), od.Quantity1))
           / Nullif(od.Quantity1,0)) PendingValue,
         Case
           When Exists (Select 1 From PurchaseOrderClose poc
                         Where poc.PurchaseOrderTNo = o.TNo) Then 'CLOSED'
           When Sum(Case When nvl(od.Quantity1,0) > 0
                          And nvl(od.ReceivedQuantity1,0) >= od.Quantity1
                         Then 1 Else 0 End) = Count(*) Then 'FULL'
           When Sum(nvl(od.ReceivedQuantity1,0)) > 0 Then 'PART'
           Else 'AWAIT'
         End BucketKey
    From PCC_PurchaseOrder o
    Join PurchaseOrderDetail od On od.TNo = o.TNo
   Where :P934_PIPE_FOCUS Is Not Null
     And o.PurchaseOrderDate
         Between to_date(:P934_FROMDATE,'DD-MM-RRRR')
             And to_date(:P934_TODATE,'DD-MM-RRRR')
     And ((Select SAGAR.GetUserPanelAB_apex() From dual) Is Null
          Or o.Panel = (Select SAGAR.GetUserPanelAB_apex() From dual))
     And (:P934_PANEL Is Null Or o.Panel = :P934_PANEL)
     And (:P934_COMPANY  Is Null Or o.CompanyCode  = :P934_COMPANY)
     And (:P934_LOCATION Is Null Or o.LocationCode = :P934_LOCATION)
     And (:P934_SUPPLIER Is Null Or o.PartyCode    = :P934_SUPPLIER)
   Group By o.TNo, o.PurchaseOrderNo, o.PurchaseOrderDate,
            o.PartyCode, o.LocationCode) x
Where x.BucketKey = :P934_PIPE_FOCUS
Order By x.OrderValue Desc","","",""
934,"Purchase Command Centre","PURCHASE-COMMAND-CENTRE",956812435630443136,"Documents Behind the Execution Stage","exec-detail","NATIVE_IR","","With Win As (
       Select to_date(:P934_FROMDATE,'DD-MM-RRRR') F,
              to_date(:P934_TODATE,'DD-MM-RRRR')   T
         From dual)
-- Each branch repeats its stage's predicates from the Execution Pipeline
-- VERBATIM, including the panel function and the location filter.
Select o.PurchaseOrderNo                              As DOCUMENT_NO,
       o.PurchaseOrderDate                            As DOCUMENT_DATE,
       'Purchase Order'                               As STAGE,
       GetLocationName(o.LocationCode)                As LOCATION,
       GetPartyName(o.PartyCode)                      As PARTY,
       'Delivery ' || to_char(o.DeliveryDate,'DD-Mon-RRRR') As DETAIL,
       o.PurchaseOrderAmount As VALUE_RS,
       apex_page.get_url(p_page=>939,p_clear_cache=>'939',p_items=>'P939_TNO',p_values=>to_char(o.TNo,'FM9999999999999999990')) As TARGET_URL
  From PCC_PurchaseOrder o Cross Join Win w
 Where :P934_EXEC_FOCUS = '10'
   And Exists (Select 1 From PurchaseOrderDetail valid_line Where valid_line.TNo = o.TNo)
   And o.PurchaseOrderDate Between w.F And w.T
   And ((Select SAGAR.GetUserPanelAB_apex() From dual) Is Null
        Or o.Panel = (Select SAGAR.GetUserPanelAB_apex() From dual))
   And (:P934_PANEL Is Null Or o.Panel = :P934_PANEL)
   And (:P934_COMPANY Is Null Or o.CompanyCode = :P934_COMPANY)
   And (:P934_LOCATION Is Null Or o.LocationCode = :P934_LOCATION)
   And (:P934_SUPPLIER Is Null Or o.PartyCode = :P934_SUPPLIER)
Union All
Select x.MaterialInNo                                 As DOCUMENT_NO,
       x.MaterialInDate                               As DOCUMENT_DATE,
       'Material In / Gate Entry'                     As STAGE,
       GetLocationName(x.LocationCode)                As LOCATION,
       GetPartyName(x.PartyCode)                      As PARTY,
       'Vehicle ' || x.VehicleNo                      As DETAIL,
       x.RefDocAmount As VALUE_RS,
       apex_page.get_url(p_page=>69,p_clear_cache=>'69',p_items=>'P69_TNO,P69_CALLEDFROMPAGE',p_values=>to_char(x.TNo,'FM9999999999999999990')||',934') As TARGET_URL
  From PCC_MaterialIn x Cross Join Win w
 Where :P934_EXEC_FOCUS = '20'
   And x.MaterialInDate Between w.F And w.T
   And ((Select SAGAR.GetUserPanelAB_apex() From dual) Is Null
        Or x.Panel = (Select SAGAR.GetUserPanelAB_apex() From dual))
   And (:P934_PANEL Is Null Or x.Panel = :P934_PANEL)
   And (:P934_COMPANY Is Null Or x.CompanyCode = :P934_COMPANY)
   And (:P934_LOCATION Is Null Or x.LocationCode = :P934_LOCATION)
   And (:P934_SUPPLIER Is Null Or x.PartyCode = :P934_SUPPLIER)
Union All
Select x.GrnNo                                        As DOCUMENT_NO,
       x.GrnDate                                      As DOCUMENT_DATE,
       'GRN (Goods Received)'                         As STAGE,
       GetLocationName(x.LocationCode)                As LOCATION,
       GetPartyName(x.PartyCode)                      As PARTY,
       'Against order ' || to_char(x.PurchaseOrderTNo) As DETAIL,
       (Select Sum(d.Amount) From GrnDetail d Where d.TNo=x.TNo) As VALUE_RS,
       apex_page.get_url(p_page=>146,p_clear_cache=>'146',p_items=>'P146_TNO,P146_CALLEDFROMPAGE',p_values=>to_char(x.TNo,'FM9999999999999999990')||',934') As TARGET_URL
  From PCC_Grn x Cross Join Win w
 Where :P934_EXEC_FOCUS = '30'
   And Exists (Select 1 From GrnDetail valid_line Where valid_line.TNo = x.TNo)
   And x.GrnDate Between w.F And w.T
   And ((Select SAGAR.GetUserPanelAB_apex() From dual) Is Null
        Or x.Panel = (Select SAGAR.GetUserPanelAB_apex() From dual))
   And (:P934_PANEL Is Null Or x.Panel = :P934_PANEL)
   And (:P934_COMPANY Is Null Or x.CompanyCode = :P934_COMPANY)
   And (:P934_LOCATION Is Null Or x.LocationCode = :P934_LOCATION)
   And (:P934_SUPPLIER Is Null Or x.PartyCode = :P934_SUPPLIER)
Union All
Select h.PurchaseBillNo                               As DOCUMENT_NO,
       h.PurchaseBi","llDate                             As DOCUMENT_DATE,
       'Purchase Bill'                                As STAGE,
       GetLocationName(h.LocationCode)                As LOCATION,
       GetPartyName(h.PartyCode)                      As PARTY,
       'Supplier bill ' || h.PartyBillNo              As DETAIL,
       h.PurchaseBillAmount As VALUE_RS,
       apex_page.get_url(p_page=>937,p_clear_cache=>'937',p_items=>'P937_TNO',p_values=>to_char(h.TNo,'FM9999999999999999990')) As TARGET_URL
  From PCC_PurchaseBill h Cross Join Win w
 Where :P934_EXEC_FOCUS = '40'
   And h.PurchaseBillDate Between w.F And w.T
   And ((Select SAGAR.GetUserPanelAB_apex() From dual) Is Null
        Or h.Panel = (Select SAGAR.GetUserPanelAB_apex() From dual))
   And (:P934_PANEL Is Null Or h.Panel = :P934_PANEL)
   And (:P934_COMPANY Is Null Or h.CompanyCode = :P934_COMPANY)
   And (:P934_LOCATION Is Null Or h.LocationCode = :P934_LOCATION)
   And (:P934_SUPPLIER Is Null Or h.PartyCode = :P934_SUPPLIER)
Union All
Select p.PBPassNo                                     As DOCUMENT_NO,
       p.PBPassDate                                   As DOCUMENT_DATE,
       'Bill Pass'                                    As STAGE,
       GetLocationName(h.LocationCode)                As LOCATION,
       GetPartyName(h.PartyCode)                      As PARTY,
       'Against bill ' || h.PurchaseBillNo            As DETAIL,
       h.PurchaseBillAmount As VALUE_RS,
       apex_page.get_url(p_page=>152,p_clear_cache=>'152',p_items=>'P152_TNO,P152_CALLEDFROMPAGE',p_values=>to_char(p.TNo,'FM9999999999999999990')||',934') As TARGET_URL
  From PCC_PBPass p Join PCC_PurchaseBill h On h.TNo = p.PurchaseBillTNo Cross Join Win w
 Where :P934_EXEC_FOCUS = '50'
   And h.PurchaseBillDate Between w.F And w.T
   And ((Select SAGAR.GetUserPanelAB_apex() From dual) Is Null
        Or h.Panel = (Select SAGAR.GetUserPanelAB_apex() From dual))
   And (:P934_PANEL Is Null Or h.Panel = :P934_PANEL)
   And (:P934_COMPANY Is Null Or h.CompanyCode = :P934_COMPANY)
   And (:P934_LOCATION Is Null Or h.LocationCode = :P934_LOCATION)
   And (:P934_SUPPLIER Is Null Or h.PartyCode = :P934_SUPPLIER)
Union All
Select v.VoucherNo                                    As DOCUMENT_NO,
       v.VoucherDate                                  As DOCUMENT_DATE,
       'Paid'                                         As STAGE,
       GetLocationName(v.LocationCode)                As LOCATION,
       Cast(Null As Varchar2(240))                    As PARTY,
       'Payment voucher'                              As DETAIL,
       (Select Sum(Abs(vd.Amount)) From VoucherDetail vd Where vd.TNo = v.TNo And vd.Amount < 0) As VALUE_RS,
       apex_page.get_url(p_page=>156,p_clear_cache=>'156',p_items=>'P156_TNO,P156_CALLEDFROMPAGE',p_values=>to_char(v.TNo,'FM9999999999999999990')||',934') As TARGET_URL
  From PCC_Voucher v Cross Join Win w
 Where :P934_EXEC_FOCUS = '60'
   And v.VoucherDate Between w.F And w.T
   And v.DocTypeCode = 'PAYMENT'
   And Exists (Select 1 From VoucherDetail vd
                Where vd.TNo = v.TNo And vd.Amount < 0)
   And ((Select SAGAR.GetUserPanelAB_apex() From dual) Is Null
        Or v.Panel = (Select SAGAR.GetUserPanelAB_apex() From dual))
   And (:P934_PANEL Is Null Or v.Panel = :P934_PANEL)
   And (:P934_COMPANY Is Null Or v.CompanyCode = :P934_COMPANY)
Order By 2 Desc, 1","",""
934,"Purchase Command Centre","PURCHASE-COMMAND-CENTRE",979433990265127689,"Purchase Order Register (Execution)","reg-e-po","NATIVE_IR","","Select to_char(o.TNo,'FM9999999999999999990') As TNO_KEY,
       o.PurchaseOrderNo                 As PO_NO,
       o.PurchaseOrderDate               As PO_DATE,
       GetPartyName(o.PartyCode)         As SUPPLIER,
       GetLocationName(o.LocationCode)   As LOCATION,
       o.DeliveryDate                    As DELIVERY,
       o.PurchaseOrderAmount             As PO_VALUE,
       o.PaidAmount                      As PAID,
       o.DepartmentCode                  As DEPT
  From PCC_PurchaseOrder o
 Where :P934_EXEC_FOCUS = '10'
   And Exists (Select 1 From PurchaseOrderDetail valid_line Where valid_line.TNo = o.TNo)
   And o.PurchaseOrderDate Between to_date(:P934_FROMDATE,'DD-MM-RRRR') And to_date(:P934_TODATE,'DD-MM-RRRR')
   And ((Select SAGAR.GetUserPanelAB_apex() From dual) Is Null Or o.Panel = (Select SAGAR.GetUserPanelAB_apex() From dual))
   And (:P934_PANEL    Is Null Or o.Panel        = :P934_PANEL)
   And (:P934_COMPANY  Is Null Or o.CompanyCode  = :P934_COMPANY)
   And (:P934_LOCATION Is Null Or o.LocationCode = :P934_LOCATION)
   And (:P934_SUPPLIER Is Null Or o.PartyCode    = :P934_SUPPLIER)
 Order By o.PurchaseOrderDate Desc, o.PurchaseOrderNo Desc","","",""
934,"Purchase Command Centre","PURCHASE-COMMAND-CENTRE",979434965220127690,"Material In Register","reg-e-materialin","NATIVE_IR","","Select to_char(m.TNo,'FM9999999999999999990') As TNO_KEY,
       m.MaterialInNo                  As MIN_NO,
       m.MaterialInDate                As MIN_DATE,
       GetPartyName(m.PartyCode)       As SUPPLIER,
       GetLocationName(m.LocationCode) As LOCATION,
       m.VehicleNo                     As VEHICLE,
       m.NetWeight                     As NET_WT,
       m.Remark                        As REMARK
  From PCC_MaterialIn m
 Where :P934_EXEC_FOCUS = '20'
   And m.MaterialInNo Is Not Null
   And m.MaterialInDate Between to_date(:P934_FROMDATE,'DD-MM-RRRR') And to_date(:P934_TODATE,'DD-MM-RRRR')
   And ((Select SAGAR.GetUserPanelAB_apex() From dual) Is Null Or m.Panel = (Select SAGAR.GetUserPanelAB_apex() From dual))
   And (:P934_PANEL    Is Null Or m.Panel        = :P934_PANEL)
   And (:P934_COMPANY  Is Null Or m.CompanyCode  = :P934_COMPANY)
   And (:P934_LOCATION Is Null Or m.LocationCode = :P934_LOCATION)
   And (:P934_SUPPLIER Is Null Or m.PartyCode    = :P934_SUPPLIER)
 Order By m.MaterialInDate Desc, m.MaterialInNo Desc","","",""
934,"Purchase Command Centre","PURCHASE-COMMAND-CENTRE",979435822441127690,"GRN Register","reg-e-grn","NATIVE_IR","","Select to_char(g.TNo,'FM9999999999999999990') As TNO_KEY,
       g.GrnNo                         As GRN_NO,
       g.GrnDate                       As GRN_DATE,
       GetPartyName(g.PartyCode)       As SUPPLIER,
       GetLocationName(g.LocationCode) As LOCATION,
       g.VehicleNo                     As VEHICLE,
       g.ChallanNo                     As CHALLAN,
       g.Remark                        As REMARK
  From PCC_Grn g
 Where :P934_EXEC_FOCUS = '30'
   And Exists (Select 1 From GrnDetail valid_line Where valid_line.TNo = g.TNo)
   And g.GrnDate Between to_date(:P934_FROMDATE,'DD-MM-RRRR') And to_date(:P934_TODATE,'DD-MM-RRRR')
   And ((Select SAGAR.GetUserPanelAB_apex() From dual) Is Null Or g.Panel = (Select SAGAR.GetUserPanelAB_apex() From dual))
   And (:P934_PANEL    Is Null Or g.Panel        = :P934_PANEL)
   And (:P934_COMPANY  Is Null Or g.CompanyCode  = :P934_COMPANY)
   And (:P934_LOCATION Is Null Or g.LocationCode = :P934_LOCATION)
   And (:P934_SUPPLIER Is Null Or g.PartyCode    = :P934_SUPPLIER)
 Order By g.GrnDate Desc, g.GrnNo Desc","","",""
934,"Purchase Command Centre","PURCHASE-COMMAND-CENTRE",979436741235127690,"Purchase Bill Register","reg-e-bill","NATIVE_IR","","Select to_char(b.TNo,'FM9999999999999999990') As TNO_KEY,
       b.PurchaseBillNo                As BILL_NO,
       b.PurchaseBillDate              As BILL_DATE,
       GetPartyName(b.PartyCode)       As SUPPLIER,
       b.PartyBillNo                   As PARTY_BILL_NO,
       b.PartyBillDate                 As PARTY_BILL_DATE,
       b.PurchaseBillAmount            As BILL_AMOUNT,
       GetLocationName(b.LocationCode) As LOCATION
  From PCC_PurchaseBill b
 Where :P934_EXEC_FOCUS = '40'
   And b.PurchaseBillNo Is Not Null
   And b.PurchaseBillDate Between to_date(:P934_FROMDATE,'DD-MM-RRRR') And to_date(:P934_TODATE,'DD-MM-RRRR')
   And ((Select SAGAR.GetUserPanelAB_apex() From dual) Is Null Or b.Panel = (Select SAGAR.GetUserPanelAB_apex() From dual))
   And (:P934_PANEL    Is Null Or b.Panel        = :P934_PANEL)
   And (:P934_COMPANY  Is Null Or b.CompanyCode  = :P934_COMPANY)
   And (:P934_LOCATION Is Null Or b.LocationCode = :P934_LOCATION)
   And (:P934_SUPPLIER Is Null Or b.PartyCode    = :P934_SUPPLIER)
 Order By b.PurchaseBillDate Desc, b.PurchaseBillNo Desc","","",""
934,"Purchase Command Centre","PURCHASE-COMMAND-CENTRE",979437653110127691,"Bill Pass Register","reg-e-billpass","NATIVE_IR","","Select to_char(p.TNo,'FM9999999999999999990') As TNO_KEY,
       p.PBPassNo                      As PASS_NO,
       p.PBPassDate                    As PASS_DATE,
       GetPartyName(h.PartyCode)       As SUPPLIER,
       p.PBPassAmount                  As PASS_AMOUNT,
       p.PaidAmount                    As PAID,
       p.DueDate                       As DUE_DATE
  From PCC_PBPass p
  Join PCC_PurchaseBill h On h.TNo = p.PurchaseBillTNo
 Where :P934_EXEC_FOCUS = '50'
   And p.PBPassNo Is Not Null
   And p.PBPassDate Between to_date(:P934_FROMDATE,'DD-MM-RRRR') And to_date(:P934_TODATE,'DD-MM-RRRR')
   And ((Select SAGAR.GetUserPanelAB_apex() From dual) Is Null Or p.Panel = (Select SAGAR.GetUserPanelAB_apex() From dual))
   And (:P934_PANEL    Is Null Or p.Panel        = :P934_PANEL)
   And (:P934_COMPANY  Is Null Or p.CompanyCode  = :P934_COMPANY)
   And (:P934_LOCATION Is Null Or p.LocationCode = :P934_LOCATION)
   And (:P934_SUPPLIER Is Null Or h.PartyCode    = :P934_SUPPLIER)
 Order By p.PBPassDate Desc, p.PBPassNo Desc","","",""
934,"Purchase Command Centre","PURCHASE-COMMAND-CENTRE",979438447062127711,"Payment Register","reg-e-paid","NATIVE_IR","","Select to_char(v.TNo,'FM9999999999999999990') As TNO_KEY,
       v.VoucherNo                     As VOUCHER_NO,
       v.VoucherDate                   As VOUCHER_DATE,
       v.Narration                     As NARRATION,
       Sum(-vd.Amount)                 As AMOUNT
  From PCC_Voucher v
  Join VoucherDetail vd On vd.TNo = v.TNo
 Where :P934_EXEC_FOCUS = '60'
   And v.DocTypeCode = 'PAYMENT'
   And vd.Amount < 0
   And v.VoucherDate Between to_date(:P934_FROMDATE,'DD-MM-RRRR') And to_date(:P934_TODATE,'DD-MM-RRRR')
   And ((Select SAGAR.GetUserPanelAB_apex() From dual) Is Null Or v.Panel = (Select SAGAR.GetUserPanelAB_apex() From dual))
   And (:P934_PANEL    Is Null Or v.Panel        = :P934_PANEL)
   And (:P934_COMPANY  Is Null Or v.CompanyCode  = :P934_COMPANY)
 Group By v.TNo, v.VoucherNo, v.VoucherDate, v.Narration
 Order By v.VoucherDate Desc, v.VoucherNo Desc","","",""
934,"Purchase Command Centre","PURCHASE-COMMAND-CENTRE",955509307197436104,"Order Book","rule-orderbook","NATIVE_STATIC","","<div class=""ds-purchase-section"">
  <h2>Order Book</h2>
  <p>Orders raised in the last ten days, and the full order-to-payment cycle
     per supplier. The ten-day window is measured backwards from the
     <em>To&nbsp;Date</em> above, not from the newest row in the table &mdash;
     order dates contain keying errors, and anchoring to the newest row would
     land the window in empty space.</p>
</div>","","",""
934,"Purchase Command Centre","PURCHASE-COMMAND-CENTRE",955509420186436104,"Orders in the Last 10 Days","recent-orders","NATIVE_IR","","Select
  o.PurchaseOrderNo As ORDER_NO,
  o.PurchaseOrderDate As ORDER_DATE,
  GetPartyName(o.PartyCode) As SUPPLIER,
  GetLocationName(o.LocationCode) As LOCATION,
  nvl((Select dt.DocTypeName From DocType dt
        Where dt.DocTypeCode = o.DocTypeCode), o.DocTypeCode) As TYPE,
  Count(*) As LINES,
  Sum(od.Amount) As ORDER_VALUE,
  '<span class=""ds-pill ds-pill--'
  || Case
       When Sum(Case When nvl(od.Quantity1,0) > 0
                      And nvl(od.ReceivedQuantity1,0) >= od.Quantity1
                     Then 1 Else 0 End) = Count(*) Then 'good'
       When Sum(nvl(od.ReceivedQuantity1,0)) > 0 Then 'warn'
       Else 'muted' End
  || '"">'
  || Case
       When Sum(Case When nvl(od.Quantity1,0) > 0
                      And nvl(od.ReceivedQuantity1,0) >= od.Quantity1
                     Then 1 Else 0 End) = Count(*) Then 'Fully received'
       When Sum(nvl(od.ReceivedQuantity1,0)) > 0 Then 'Part received'
       Else 'Awaiting material' End
  || '</span>' As STATUS,
  o.PartyCode As PARTYCODE,
  o.TNo As PO_TNO
From PCC_PurchaseOrder o
Join PurchaseOrderDetail od On od.TNo = o.TNo
Where o.PurchaseOrderDate
      >  to_date(:P934_TODATE,'DD-MM-RRRR') - 10
  And o.PurchaseOrderDate <= to_date(:P934_TODATE,'DD-MM-RRRR')
  And ((Select SAGAR.GetUserPanelAB_apex() From dual) Is Null
       Or o.Panel = (Select SAGAR.GetUserPanelAB_apex() From dual))
  And (:P934_PANEL Is Null Or o.Panel = :P934_PANEL)
  And (:P934_COMPANY  Is Null Or o.CompanyCode  = :P934_COMPANY)
  And (:P934_LOCATION Is Null Or o.LocationCode = :P934_LOCATION)
  And (:P934_SUPPLIER Is Null Or o.PartyCode    = :P934_SUPPLIER)
Group By o.PurchaseOrderNo, o.PurchaseOrderDate, o.PartyCode,
         o.LocationCode, o.DocTypeCode, o.TNo
Order By o.PurchaseOrderDate Desc, o.PurchaseOrderNo Desc","","",""
934,"Purchase Command Centre","PURCHASE-COMMAND-CENTRE",955510616699436105,"Supplier Order-to-Payment Cycle","order-cycle","NATIVE_IR","","With Win As (
       Select to_date(:P934_FROMDATE,'DD-MM-RRRR') F,
              to_date(:P934_TODATE,'DD-MM-RRRR')   T
         From dual),
-- Unit comes from the ITEM master: PurchaseOrderDetail carries no rate-unit
-- column in this application.
Lines As (
  Select o.PartyCode,
         nvl((Select m.MeasuringUnitName From MeasuringUnit m
               Where m.MeasuringUnitCode = i.MeasuringUnitCode1),
             'no unit') Uom,
         od.Quantity1 Qty,
         Least(nvl(od.ReceivedQuantity1,0), od.Quantity1) Recd,
         od.Amount Amt
    From PCC_PurchaseOrder o
    Join PurchaseOrderDetail od On od.TNo = o.TNo
    Left Join Item i On i.ItemCode = od.ItemCode
   Cross Join Win w
   Where o.PurchaseOrderDate Between w.F And w.T
     And nvl(od.Quantity1,0) > 0
     And ((Select SAGAR.GetUserPanelAB_apex() From dual) Is Null
          Or o.Panel = (Select SAGAR.GetUserPanelAB_apex() From dual))
     And (:P934_PANEL Is Null Or o.Panel = :P934_PANEL)
     And (:P934_COMPANY  Is Null Or o.CompanyCode  = :P934_COMPANY)
     And (:P934_LOCATION Is Null Or o.LocationCode = :P934_LOCATION)
     And (:P934_SUPPLIER Is Null Or o.PartyCode    = :P934_SUPPLIER)),
PerUom As (
  Select PartyCode, Uom, Sum(Qty) Qty, Sum(Recd) Recd
    From Lines Group By PartyCode, Uom),
Agg As (
  Select PartyCode,
         Count(*) UomCount,
         listagg(to_char(Qty,'FM999G999G990') || ' ' || Uom, ' &middot; ')
           Within Group (Order By Qty Desc) QtyText,
         Sum(Qty) TotQty, Sum(Recd) TotRecd
    From PerUom Group By PartyCode),
Val As (
  Select PartyCode, Sum(Amt) Ordered From Lines Group By PartyCode),
Pss As (
  Select h.PartyCode, Sum(p.PBPassAmount) Passed, Sum(p.PaidAmount) PaidAdv
    From PCC_PBPass p
    Join PCC_PurchaseBill h On h.TNo = p.PurchaseBillTNo
   Cross Join Win w
   Where h.PurchaseBillDate Between w.F And w.T
     And ((Select SAGAR.GetUserPanelAB_apex() From dual) Is Null
          Or h.Panel = (Select SAGAR.GetUserPanelAB_apex() From dual))
     And (:P934_PANEL Is Null Or h.Panel = :P934_PANEL)
     And (:P934_COMPANY Is Null Or h.CompanyCode = :P934_COMPANY)
   Group By h.PartyCode)
Select
  a.PartyCode As PARTYCODE,
  GetPartyName(a.PartyCode) As SUPPLIER,
  a.QtyText As QUANTITY_ORDERED,
  -- Suppressed on multi-unit suppliers: a ratio across incompatible units
  -- would be arithmetic without meaning.
  Case When a.UomCount = 1 And a.TotQty > 0
       Then '<span class=""ds-sharecell""><span class=""ds-bar ds-bar--teal""><i style=""width:'
            || to_char(Least(Round(100*a.TotRecd/a.TotQty,1),100),'FM99999990D0')
            || '%""></i></span><b>'
            || to_char(Round(100*a.TotRecd/a.TotQty,1),'FM99999990D0') || '%</b></span>'
       Else '<span class=""ds-muted"">mixed units</span>' End As RECEIVED,
  v.Ordered As ORDERED,
  p.Passed As PASSED,
  p.PaidAdv As PAID,
  Case When p.Passed Is Not Null
       Then nvl(p.Passed,0) - nvl(p.PaidAdv,0) End As OUTSTANDING
From Agg a
Join Val v On v.PartyCode = a.PartyCode
Left Join Pss p On p.PartyCode = a.PartyCode
Order By v.Ordered Desc","","",""
934,"Purchase Command Centre","PURCHASE-COMMAND-CENTRE",955511608711436105,"Flow Over Time","rule-flow","NATIVE_STATIC","","<div class=""ds-purchase-section"">
  <h2>Flow Over Time</h2>
  <p>Monthly purchase value, and the live position at the gate. The trend is a
     single series by design — a count and a value never share an axis.</p>
</div>","","",""
934,"Purchase Command Centre","PURCHASE-COMMAND-CENTRE",955511725935436106,"Monthly Purchase Value - click a point to view supplier results","trend-chart","NATIVE_SQL_REPORT","","With ItemTree As (
       Select ItemCode From Item
        Where :P934_ITEMGROUP Is Not Null
        Start With ItemCode = :P934_ITEMGROUP
      Connect By Prior ItemCode = ParentCode
       Union All
       Select ItemCode From Item Where :P934_ITEMGROUP Is Null)
, chart_q As (
Select
  to_char(Trunc(h.PurchaseBillDate,'MM'),'Mon-RR') MONTH_LABEL,
  Round(Sum(d.Amount) / 100000, 2) VALUE_LAC,
  -- Projected so a bar click can rescope the whole dashboard to that month.
  to_char(Trunc(h.PurchaseBillDate,'MM'),'DD-MM-RRRR') MONTH_FROM,
  to_char(Last_Day(h.PurchaseBillDate),'DD-MM-RRRR')   MONTH_TO,
  Trunc(h.PurchaseBillDate,'MM') SORT_KEY
From PCC_PurchaseBill h
Join PurchaseBillDetail d On d.TNo = h.TNo
Where h.PurchaseBillDate
      Between to_date(:P934_FROMDATE,'DD-MM-RRRR')
          And to_date(:P934_TODATE,'DD-MM-RRRR')
  And ((Select SAGAR.GetUserPanelAB_apex() From dual) Is Null
       Or h.Panel = (Select SAGAR.GetUserPanelAB_apex() From dual))
  And (:P934_PANEL Is Null Or h.Panel = :P934_PANEL)
  And (:P934_COMPANY  Is Null Or h.CompanyCode  = :P934_COMPANY)
  And (:P934_LOCATION Is Null Or h.LocationCode = :P934_LOCATION)
  And (:P934_SUPPLIER Is Null Or h.PartyCode    = :P934_SUPPLIER)
  And (:P934_ITEM     Is Null Or d.ItemCode     = :P934_ITEM)
  And d.ItemCode In (Select ItemCode From ItemTree)
Group By Trunc(h.PurchaseBillDate,'MM'), Last_Day(h.PurchaseBillDate)
Order By SORT_KEY
)
Select
  '<div class=""ds-p668-viz"" data-chart-type=""line"" data-total-label=""Rs lakh"" data-json=""' ||
  apex_escape.html_attribute(
    json_arrayagg(json_object('l' value to_char(q.MONTH_LABEL), 'v' value q.VALUE_LAC, 'f' value q.MONTH_FROM, 't' value q.MONTH_TO, 'u' value null returning clob)
                  order by q.SORT_KEY returning clob)) || '""></div>' As CHART_ROW
  From chart_q q","","",""
934,"Purchase Command Centre","PURCHASE-COMMAND-CENTRE",955512201419436106,"Material In &rarr; Receipt","material-in-receipt","NATIVE_SQL_REPORT","","With Win As (
       Select to_date(:P934_FROMDATE,'DD-MM-RRRR') F,
              to_date(:P934_TODATE,'DD-MM-RRRR')   T
         From dual),
Mi As (
  Select Count(*) Docs,
         -- Measured: IsGrnPrepared carries YES / NO, nothing else.
         Count(Case When mi.IsGrnPrepared = 'YES' Then 1 End) Booked,
         Count(Case When nvl(mi.IsGrnPrepared,'NO') <> 'YES' Then 1 End) Awaiting,
         Count(Distinct mi.VehicleNo) Vehicles,
         Count(mi.VehicleNo) WithVehicle,
         Count(mi.GateInTime) WithGateIn,
         Count(Case When mi.GateInTime Is Not Null
                     And mi.GateOutTime Is Null Then 1 End) OnSite
    From PCC_MaterialIn mi Cross Join Win w
   Where mi.MaterialInDate Between w.F And w.T
     And ((Select SAGAR.GetUserPanelAB_apex() From dual) Is Null
          Or mi.Panel = (Select SAGAR.GetUserPanelAB_apex() From dual))
     And (:P934_PANEL Is Null Or mi.Panel = :P934_PANEL)
     And (:P934_COMPANY  Is Null Or mi.CompanyCode  = :P934_COMPANY)
     And (:P934_LOCATION Is Null Or mi.LocationCode = :P934_LOCATION))
Select 10 Seq,
       'Material In documents' As MEASURE,
       to_char(Docs,'FM999G999G990') As FIGURE,
       'Gate entries recorded in the period' As BASIS
  From Mi
Union All
Select 20, 'Booked as a receipt',
       to_char(Booked,'FM999G999G990')
       || Case When Docs > 0
               Then ' (' || to_char(Round(100*Booked/Docs,1),'FM99999990D0') || '%)'
               Else '' End,
       'MaterialIn.IsGrnPrepared = YES'
  From Mi
Union All
Select 30, 'Awaiting a receipt',
       to_char(Awaiting,'FM999G999G990'),
       'Material taken in at the gate, GRN not yet prepared'
  From Mi
Union All
Select 40, 'Distinct vehicles',
       to_char(Vehicles,'FM999G999G990'),
       'VehicleNo is populated on '
       || Case When Docs > 0
               Then to_char(Round(100*WithVehicle/Docs,3),'FM990D000') || '%'
               Else 'no' End
       || ' of gate entries'
  From Mi
Union All
-- The self-disclosing row. Below 50% coverage the figure is suppressed and
-- the reason is printed instead, because a confident-looking count drawn
-- from a near-empty column is worse than no count at all.
Select 50, 'Live gate occupancy',
       Case When Docs > 0 And WithGateIn / Docs >= 0.5
            Then to_char(OnSite,'FM999G999G990') || ' on site now'
            Else '<span class=""ds-muted"">not recorded by this ERP</span>'
       End,
       'GateInTime populated on ' || to_char(WithGateIn,'FM999G999G990')
       || ' of ' || to_char(Docs,'FM999G999G990') || ' rows in this window'
  From Mi
 Order By 1","","",""
934,"Purchase Command Centre","PURCHASE-COMMAND-CENTRE",955512786689436106,"Purchase by Financial Year - click a column to view supplier results","purchase-by-fy","NATIVE_SQL_REPORT","","With chart_q As (
Select fy.FinancialYearCode As FIN_YEAR,
       Round(Sum(d.Amount) / 10000000, 2) As VALUE_CR,
       Min(fy.FinancialYearBegin) As SORT_KEY,
       to_char(Min(fy.FinancialYearBegin),'DD-MM-RRRR') FILTER_FROM,
       to_char(Max(fy.FinancialYearEnd),'DD-MM-RRRR') FILTER_TO
  From PCC_PurchaseBill h
  Join PurchaseBillDetail d On d.TNo = h.TNo
  Join FinancialYear fy
    On h.PurchaseBillDate Between fy.FinancialYearBegin
                              And fy.FinancialYearEnd
 Where ((Select SAGAR.GetUserPanelAB_apex() From dual) Is Null
        Or h.Panel = (Select SAGAR.GetUserPanelAB_apex() From dual))
   And (:P934_PANEL Is Null Or h.Panel = :P934_PANEL)
   And (:P934_COMPANY  Is Null Or h.CompanyCode  = :P934_COMPANY)
   And (:P934_LOCATION Is Null Or h.LocationCode = :P934_LOCATION)
   And (:P934_SUPPLIER Is Null Or h.PartyCode    = :P934_SUPPLIER)
 Group By fy.FinancialYearCode
 Order By SORT_KEY
)
Select
  '<div class=""ds-p668-viz"" data-chart-type=""column"" data-total-label=""Rs crore"" data-json=""' ||
  apex_escape.html_attribute(
    json_arrayagg(json_object('l' value to_char(q.FIN_YEAR), 'v' value q.VALUE_CR, 'f' value q.FILTER_FROM, 't' value q.FILTER_TO, 'u' value null returning clob)
                  order by q.SORT_KEY returning clob)) || '""></div>' As CHART_ROW
  From chart_q q","","",""
934,"Purchase Command Centre","PURCHASE-COMMAND-CENTRE",966092524076763796,"Purchase Value by Item Category","category-spend","NATIVE_SQL_REPORT","","With chart_q As (
/* Item Category is an IRONMART master dimension. Billed purchase value by category
   for the selected period/scope. */
Select CATEGORY, CATCODE, VALUE_LAC
  From (Select Case When i.ItemCategoryCode Is Null Then 'Uncategorised'
                    Else nvl(GetItemCategoryName(i.ItemCategoryCode), i.ItemCategoryCode) End CATEGORY,
               nvl(i.ItemCategoryCode,'') CATCODE,
               Round(Sum(d.Amount)/100000,2) VALUE_LAC
          From PCC_PurchaseBill h
          Join PurchaseBillDetail d On d.TNo = h.TNo
          Left Join Item i On i.ItemCode = d.ItemCode
         Where h.PurchaseBillDate Between to_date(:P934_FROMDATE,'DD-MM-RRRR') And to_date(:P934_TODATE,'DD-MM-RRRR')
           And ((Select SAGAR.GetUserPanelAB_apex() From dual) Is Null Or h.Panel = (Select SAGAR.GetUserPanelAB_apex() From dual))
           And (:P934_PANEL    Is Null Or h.Panel        = :P934_PANEL)
           And (:P934_COMPANY  Is Null Or h.CompanyCode  = :P934_COMPANY)
           And (:P934_LOCATION Is Null Or h.LocationCode = :P934_LOCATION)
           And (:P934_SUPPLIER Is Null Or h.PartyCode    = :P934_SUPPLIER)
         Group By i.ItemCategoryCode
        Having Sum(d.Amount) > 0)
 Order By VALUE_LAC Desc
)
Select
  '<div class=""ds-svgdonut"" data-chart-type=""donut"" data-total-label=""Rs lakh"" data-filter-item=""P934_ITEMGROUP"" data-refresh-target=""p668BillReg"" data-json=""' ||
  apex_escape.html_attribute(
    json_arrayagg(json_object('l' value to_char(q.CATEGORY), 'v' value q.VALUE_LAC, 'k' value q.CATCODE returning clob)
                  order by q.VALUE_LAC Desc returning clob)) || '""></div>' As CHART_ROW
  From chart_q q","","",""
934,"Purchase Command Centre","PURCHASE-COMMAND-CENTRE",976401251083085417,"Location Concentration (Top 12 + Others)","loc-lolli","NATIVE_SQL_REPORT","","/* Lollipop companion to the category donut - billed purchase value by
   location/unit (top 12 + the rest grouped), rendered as an HTML row
   list (same ds-lolli pattern as the Store dashboard). P934_LOCATION is
   deliberately NOT submitted: filtering value-by-location to a single
   location would leave one row. */
With D As (
Select Case When rn <= 12 Then LBL Else 'All other locations' End As LBL,
       Round(Sum(Amt)/100000,2)                                    As VAL_LAC
  From (
    Select nvl(GetLocationName(h.LocationCode), h.LocationCode) LBL,
           Sum(d.Amount) Amt,
           Row_Number() Over (Order By Sum(d.Amount) Desc) rn
      From PCC_PurchaseBill h
      Join PurchaseBillDetail d On d.TNo = h.TNo
     Where h.PurchaseBillDate Between to_date(:P934_FROMDATE,'DD-MM-RRRR') And to_date(:P934_TODATE,'DD-MM-RRRR')
       And ((Select SAGAR.GetUserPanelAB_apex() From dual) Is Null Or h.Panel = (Select SAGAR.GetUserPanelAB_apex() From dual))
       And (:P934_PANEL    Is Null Or h.Panel        = :P934_PANEL)
       And (:P934_COMPANY  Is Null Or h.CompanyCode  = :P934_COMPANY)
       And (:P934_SUPPLIER Is Null Or h.PartyCode    = :P934_SUPPLIER)
     Group By nvl(GetLocationName(h.LocationCode), h.LocationCode)
    Having Sum(d.Amount) > 0)
 Group By Case When rn <= 12 Then LBL Else 'All other locations' End),
     M As (Select Max(VAL_LAC) MX From D)
Select '<div class=""ds-lolli ds-lolli--'
    || Case When VAL_LAC >= 100 Then 'hi' When VAL_LAC >= 50 Then 'mid' Else 'lo' End || '"">'
    || '<span class=""ds-lolli-label"" title=""'||apex_escape.html_attribute(LBL)||'"">'||apex_escape.html(LBL)||'</span>'
    || '<span class=""ds-lolli-track""><span class=""ds-lolli-line"" style=""width:'
       || to_char(greatest(round(VAL_LAC/nullif(M.MX,0)*100),3)) || '%""></span><span class=""ds-lolli-dot""></span></span>'
    || '<span class=""ds-lolli-val"">'
       || Case When VAL_LAC >= 100 Then '&#8377;'||to_char(VAL_LAC/100,'FM99G990D00')||' Cr'
               Else '&#8377;'||to_char(VAL_LAC,'FM990D00')||' L' End
       || '</span></div>' As ROW_HTML
  From D Cross Join M
 Order By VAL_LAC Desc","","",""
934,"Purchase Command Centre","PURCHASE-COMMAND-CENTRE",955513226124436133,"Where the Money Goes","rule-supplier","NATIVE_STATIC","","<div class=""ds-purchase-section"">
  <h2>Where the Money Goes</h2>
  <p>Concentration by supplier and by location, then the full supplier table
     with an ABC classification. The two charts deliberately ignore the
     supplier and location filters — a ""value by supplier"" chart narrowed to
     one supplier would leave a single bar.</p>
</div>","","",""
934,"Purchase Command Centre","PURCHASE-COMMAND-CENTRE",955513380162436133,"Top 12 Suppliers by Purchase Value - click a bar to filter results","supplier-bar","NATIVE_SQL_REPORT","","With chart_q As (
Select * From (
  Select GetPartyName(h.PartyCode) SUPPLIER,
         h.PartyCode FILTER_KEY,
         Round(Sum(d.Amount) / 100000, 2) VALUE_LAC
    From PCC_PurchaseBill h
    Join PurchaseBillDetail d On d.TNo = h.TNo
   Where h.PurchaseBillDate
         Between to_date(:P934_FROMDATE,'DD-MM-RRRR')
             And to_date(:P934_TODATE,'DD-MM-RRRR')
     And ((Select SAGAR.GetUserPanelAB_apex() From dual) Is Null
          Or h.Panel = (Select SAGAR.GetUserPanelAB_apex() From dual))
     And (:P934_PANEL Is Null Or h.Panel = :P934_PANEL)
     And (:P934_COMPANY  Is Null Or h.CompanyCode  = :P934_COMPANY)
     And (:P934_LOCATION Is Null Or h.LocationCode = :P934_LOCATION)
   Group By h.PartyCode
   Order By Sum(d.Amount) Desc)
 Where rownum <= 12
)
Select
  '<div class=""ds-p668-viz"" data-chart-type=""hbar"" data-total-label=""Rs lakh"" data-filter-item=""P934_SUPPLIER"" data-refresh-target=""p668SupTable"" data-json=""' ||
  apex_escape.html_attribute(
    json_arrayagg(json_object('l' value to_char(q.SUPPLIER), 'v' value q.VALUE_LAC, 'k' value q.FILTER_KEY, 'd' value q.SUPPLIER, 'u' value null returning clob)
                  order by q.VALUE_LAC Desc returning clob)) || '""></div>' As CHART_ROW
  From chart_q q","","",""
934,"Purchase Command Centre","PURCHASE-COMMAND-CENTRE",955513870881436133,"Purchase Value by Location - click a bar to filter results","location-bar","NATIVE_SQL_REPORT","","With chart_q As (
Select GetLocationName(h.LocationCode) LOCATION,
       h.LocationCode FILTER_KEY,
       Round(Sum(d.Amount) / 100000, 2) VALUE_LAC
  From PCC_PurchaseBill h
  Join PurchaseBillDetail d On d.TNo = h.TNo
 Where h.PurchaseBillDate
       Between to_date(:P934_FROMDATE,'DD-MM-RRRR')
           And to_date(:P934_TODATE,'DD-MM-RRRR')
   And ((Select SAGAR.GetUserPanelAB_apex() From dual) Is Null
        Or h.Panel = (Select SAGAR.GetUserPanelAB_apex() From dual))
   And (:P934_PANEL Is Null Or h.Panel = :P934_PANEL)
   And (:P934_COMPANY  Is Null Or h.CompanyCode = :P934_COMPANY)
   And (:P934_SUPPLIER Is Null Or h.PartyCode   = :P934_SUPPLIER)
 Group By h.LocationCode
 Order By Sum(d.Amount) Desc
)
Select
  '<div class=""ds-p668-viz"" data-chart-type=""hbar"" data-total-label=""Rs lakh"" data-filter-item=""P934_LOCATION"" data-refresh-target=""p668SupTable"" data-json=""' ||
  apex_escape.html_attribute(
    json_arrayagg(json_object('l' value to_char(q.LOCATION), 'v' value q.VALUE_LAC, 'k' value q.FILTER_KEY, 'd' value q.LOCATION, 'u' value null returning clob)
                  order by q.VALUE_LAC Desc returning clob)) || '""></div>' As CHART_ROW
  From chart_q q","","",""
934,"Purchase Command Centre","PURCHASE-COMMAND-CENTRE",955514382165436133,"Supplier Performance","supplier-table","NATIVE_IR","","With ItemTree As (
       Select ItemCode From Item
        Where :P934_ITEMGROUP Is Not Null
        Start With ItemCode = :P934_ITEMGROUP
      Connect By Prior ItemCode = ParentCode
       Union All
       Select ItemCode From Item Where :P934_ITEMGROUP Is Null),
Val As (
  Select h.PartyCode,
         Sum(d.Amount) Val,
         Count(Distinct h.TNo) Bills,
         Count(Distinct d.ItemCode) Items,
         Max(h.PurchaseBillDate) LastBill
    From PCC_PurchaseBill h
    Join PurchaseBillDetail d On d.TNo = h.TNo
   Where h.PurchaseBillDate
         Between to_date(:P934_FROMDATE,'DD-MM-RRRR')
             And to_date(:P934_TODATE,'DD-MM-RRRR')
     And ((Select SAGAR.GetUserPanelAB_apex() From dual) Is Null
          Or h.Panel = (Select SAGAR.GetUserPanelAB_apex() From dual))
     And (:P934_PANEL Is Null Or h.Panel = :P934_PANEL)
     And (:P934_COMPANY  Is Null Or h.CompanyCode  = :P934_COMPANY)
     And (:P934_LOCATION Is Null Or h.LocationCode = :P934_LOCATION)
     And d.ItemCode In (Select ItemCode From ItemTree)
     And (:P934_ITEM Is Null Or d.ItemCode = :P934_ITEM)
   Group By h.PartyCode),
-- DELIVERY, at ORDER grain. GrnDetail carries no order reference in this
-- application, so a receipt is matched to its order on the GRN HEADER
-- (Grn.PurchaseOrderTNo) and the earliest receipt per order is compared with
-- the promised date. Orders with no delivery date or no receipt are EXCLUDED
-- rather than counted as late — counting them would flatter the figure.
Deliv As (
  Select PartyCode,
         Count(*) Legs,
         Sum(Case When DeliveryDate >= FirstGrn Then 1 Else 0 End) OnTime,
         Avg(DeliveryDate - FirstGrn) AvgDays
    From (
      Select o.PartyCode, o.DeliveryDate,
             (Select Min(g.GrnDate) From PCC_Grn g
               Where g.PurchaseOrderTNo = o.TNo) FirstGrn
        From PCC_PurchaseOrder o
       Where o.PurchaseOrderDate
             Between to_date(:P934_FROMDATE,'DD-MM-RRRR')
                 And to_date(:P934_TODATE,'DD-MM-RRRR')
         And o.DeliveryDate Is Not Null
         And ((Select SAGAR.GetUserPanelAB_apex() From dual) Is Null
              Or o.Panel = (Select SAGAR.GetUserPanelAB_apex() From dual))
         And (:P934_PANEL Is Null Or o.Panel = :P934_PANEL)
         And (:P934_COMPANY Is Null Or o.CompanyCode = :P934_COMPANY)
         And (:P934_LOCATION Is Null Or o.LocationCode = :P934_LOCATION)
         And (:P934_SUPPLIER Is Null Or o.PartyCode = :P934_SUPPLIER))
   Where FirstGrn Is Not Null
   Group By PartyCode)
Select * From (
Select
  v.PartyCode As PARTYCODE,
  GetPartyName(v.PartyCode) As SUPPLIER,
  v.Val As PURCHASE_VALUE,
  v.Bills As BILLS,
  v.Items As ITEMS,
  dl.Legs As ORDER_LEGS,
  Case When dl.Legs > 0
       Then Round(100 * dl.OnTime / dl.Legs, 1) End As ONTIME_PCT,
  Round(dl.AvgDays, 1) As AVG_DELIVERY_DAYS,
  v.LastBill As LAST_BILL,
  Round(100 * v.Val / Nullif(Sum(v.Val) Over (),0), 2) As SHARE_PCT,
  Round(100 * Sum(v.Val) Over (Order By v.Val Desc, v.PartyCode
                               Rows Between Unbounded Preceding
                                        And Current Row)
            / Nullif(Sum(v.Val) Over (),0), 2) As CUMULATIVE_PCT,
  Case
    When 100 * Sum(v.Val) Over (Order By v.Val Desc, v.PartyCode
                                Rows Between Unbounded Preceding
                                         And Current Row)
             / Nullif(Sum(v.Val) Over (),0) <= 80 Then 'A'
    When 100 * Sum(v.Val) Over (Order By v.Val Desc, v.PartyCode
                                Rows Between Unbounded Preceding
                                         And Current Row)
             / Nullif(Sum(v.Val) Over (),0) <= 95 Then 'B'
    Else 'C'
  End As ABC_CLASS
From Val v
Left Join Deliv dl On dl.PartyCode = v.PartyCode
) ranked
Where :P934_SUPPLIER Is Null Or ranked.PARTYCODE = :P934_SUPPLIER
Order By PURCHASE_VALUE Desc","","",""
934,"Purchase Command Centre","PURCHASE-COMMAND-CENTRE",955515727765436134,"What Is Being Bought","rule-material","NATIVE_STATIC","","<div class=""ds-purchase-section"">
  <h2>What Is Being Bought</h2>
  <p>Top items by value, and the split by unit of measure. Quantity is
     reported <em>within</em> each unit and is never totalled across the
     report — showing that a cross-unit total is not available is the whole
     point of the second section.</p>
</div>","","",""
934,"Purchase Command Centre","PURCHASE-COMMAND-CENTRE",955515856705436134,"Top 12 Items by Purchase Value - click a bar to view results","item-bar","NATIVE_SQL_REPORT","","With ItemTree As (
       Select ItemCode From Item
        Where :P934_ITEMGROUP Is Not Null
        Start With ItemCode = :P934_ITEMGROUP
      Connect By Prior ItemCode = ParentCode
       Union All
       Select ItemCode From Item Where :P934_ITEMGROUP Is Null)
, chart_q As (
Select * From (
  Select i.ItemName ITEM,
         d.ItemCode FILTER_KEY,
         Round(Sum(d.Amount) / 100000, 2) VALUE_LAC
    From PCC_PurchaseBill h
    Join PurchaseBillDetail d On d.TNo = h.TNo
    Join Item i On i.ItemCode = d.ItemCode
   Where h.PurchaseBillDate
         Between to_date(:P934_FROMDATE,'DD-MM-RRRR')
             And to_date(:P934_TODATE,'DD-MM-RRRR')
     And ((Select SAGAR.GetUserPanelAB_apex() From dual) Is Null
          Or h.Panel = (Select SAGAR.GetUserPanelAB_apex() From dual))
     And (:P934_PANEL Is Null Or h.Panel = :P934_PANEL)
     And (:P934_COMPANY  Is Null Or h.CompanyCode  = :P934_COMPANY)
     And (:P934_LOCATION Is Null Or h.LocationCode = :P934_LOCATION)
     And (:P934_SUPPLIER Is Null Or h.PartyCode    = :P934_SUPPLIER)
     And d.ItemCode In (Select ItemCode From ItemTree)
   Group By i.ItemName, d.ItemCode
   Order By Sum(d.Amount) Desc)
 Where rownum <= 12
)
Select
  '<div class=""ds-p668-viz"" data-chart-type=""hbar"" data-total-label=""Rs lakh"" data-filter-item=""P934_ITEM"" data-refresh-target=""uom-mix"" data-json=""' ||
  apex_escape.html_attribute(
    json_arrayagg(json_object('l' value to_char(q.ITEM), 'v' value q.VALUE_LAC, 'k' value q.FILTER_KEY, 'd' value q.ITEM, 'u' value null returning clob)
                  order by q.VALUE_LAC Desc returning clob)) || '""></div>' As CHART_ROW
  From chart_q q","","",""
934,"Purchase Command Centre","PURCHASE-COMMAND-CENTRE",955516351360436134,"Purchase Value by Unit of Measure","uom-mix","NATIVE_SQL_REPORT","","With ItemTree As (
       Select ItemCode From Item
        Where :P934_ITEMGROUP Is Not Null
        Start With ItemCode = :P934_ITEMGROUP
      Connect By Prior ItemCode = ParentCode
       Union All
       Select ItemCode From Item Where :P934_ITEMGROUP Is Null)
Select
  nvl(m.MeasuringUnitName,'No unit recorded') As UOM,
  Sum(d.Amount) As VALUE_RS,
  Sum(d.Quantity1) As QTY,
  '<span class=""ds-sharecell""><span class=""ds-bar ds-bar--teal""><i style=""width:'
  || to_char(Round(100 * Sum(d.Amount)
                 / Nullif(Sum(Sum(d.Amount)) Over (),0),1),'FM99999990D0')
  || '%""></i></span><b>'
  || to_char(Round(100 * Sum(d.Amount)
                 / Nullif(Sum(Sum(d.Amount)) Over (),0),1),'FM99999990D0')
  || '%</b></span>' As SHARE_PCT
From PCC_PurchaseBill h
Join PurchaseBillDetail d On d.TNo = h.TNo
Left Join MeasuringUnit m
       On m.MeasuringUnitCode = d.RateMeasuringUnitCode
Where h.PurchaseBillDate
      Between to_date(:P934_FROMDATE,'DD-MM-RRRR')
          And to_date(:P934_TODATE,'DD-MM-RRRR')
  And ((Select SAGAR.GetUserPanelAB_apex() From dual) Is Null
       Or h.Panel = (Select SAGAR.GetUserPanelAB_apex() From dual))
  And (:P934_PANEL Is Null Or h.Panel = :P934_PANEL)
  And (:P934_COMPANY  Is Null Or h.CompanyCode  = :P934_COMPANY)
  And (:P934_LOCATION Is Null Or h.LocationCode = :P934_LOCATION)
  And (:P934_SUPPLIER Is Null Or h.PartyCode    = :P934_SUPPLIER)
  And (:P934_ITEM     Is Null Or d.ItemCode     = :P934_ITEM)
  And d.ItemCode In (Select ItemCode From ItemTree)
Group By nvl(m.MeasuringUnitName,'No unit recorded')
Order By Sum(d.Amount) Desc","","",""
934,"Purchase Command Centre","PURCHASE-COMMAND-CENTRE",955516812266436134,"Logistics and Intermediaries","rule-logistics","NATIVE_STATIC","","<div class=""ds-purchase-section"">
  <h2>Logistics &amp; Intermediaries</h2>
  <p>Freight by transporter, and how much of the buying is routed through a
     broker or agent. <strong>Brokerage value is not stored in this ERP</strong>
     &mdash; only a commission <em>rate</em> exists &mdash; so coverage is
     reported and never a rupee figure. Where a column turns out to be a
     placeholder rather than real attribution, the dashboard says so.</p>
</div>","","",""
934,"Purchase Command Centre","PURCHASE-COMMAND-CENTRE",955516935121436134,"Top 10 Transporters by Freight Billed","transporter-bar","NATIVE_SQL_REPORT","","With chart_q As (
Select * From (
  Select nvl((Select t.TransporterName From Transporter t
               Where t.TransporterCode = f.TransporterCode),
             'No transporter recorded') TRANSPORTER,
         nvl(f.TransporterCode,'__UNASSIGNED__') TRANSPORTER_CODE,
         Round(Sum(f.FreightAdviceAmount) / 100000, 2) FREIGHT_LAC
    From PCC_FreightAdvice f
   Where f.FreightAdviceDate
         Between to_date(:P934_FROMDATE,'DD-MM-RRRR')
             And to_date(:P934_TODATE,'DD-MM-RRRR')
     And ((Select SAGAR.GetUserPanelAB_apex() From dual) Is Null
          Or f.Panel = (Select SAGAR.GetUserPanelAB_apex() From dual))
     And (:P934_PANEL Is Null Or f.Panel = :P934_PANEL)
     And (:P934_COMPANY Is Null Or f.CompanyCode = :P934_COMPANY)
     And (:P934_TRANSPORTER Is Null
          Or f.TransporterCode = :P934_TRANSPORTER
          Or (:P934_TRANSPORTER = '__UNASSIGNED__' And f.TransporterCode Is Null))
   Group By f.TransporterCode
   Order By Sum(f.FreightAdviceAmount) Desc)
 Where rownum <= 10
)
Select
  '<div class=""ds-p668-viz"" data-chart-type=""hbar"" data-total-label=""Rs lakh"" data-filter-item=""P934_TRANSPORTER"" data-refresh-target=""p668FreightRegister"" data-json=""' ||
  apex_escape.html_attribute(
    json_arrayagg(json_object('l' value to_char(q.TRANSPORTER), 'v' value q.FREIGHT_LAC, 'k' value q.TRANSPORTER_CODE, 'd' value q.TRANSPORTER, 'u' value null returning clob)
                  order by q.FREIGHT_LAC Desc returning clob)) || '""></div>' As CHART_ROW
  From chart_q q","","",""
934,"Purchase Command Centre","PURCHASE-COMMAND-CENTRE",955517475517436135,"Broker and Agent Coverage","broker-coverage","NATIVE_SQL_REPORT","","With Win As (
       Select to_date(:P934_FROMDATE,'DD-MM-RRRR') F,
              to_date(:P934_TODATE,'DD-MM-RRRR')   T
         From dual),
Ord As (
  Select Count(*) Orders,
         Count(o.AgentCode) WithAgent,
         Count(Distinct o.AgentCode) DistinctAgents,
         Count(Case When nvl(o.CommissionRate,0) <> 0 Then 1 End) WithRate
    From PCC_PurchaseOrder o Cross Join Win w
   Where o.PurchaseOrderDate Between w.F And w.T
     And ((Select SAGAR.GetUserPanelAB_apex() From dual) Is Null
          Or o.Panel = (Select SAGAR.GetUserPanelAB_apex() From dual))
     And (:P934_PANEL Is Null Or o.Panel = :P934_PANEL)
     And (:P934_COMPANY Is Null Or o.CompanyCode = :P934_COMPANY))
Select 10 Seq,
       'Gate entries through a broker' As MEASURE,
       '<span class=""ds-muted"">not recorded</span>' As COVERAGE,
       '<span class=""ds-muted"">&mdash;</span>' As SHARE_BAR,
       'MaterialIn carries no broker column in this ERP' As MEASURED_FROM
  From dual
Union All
Select 20, 'Purchase orders carrying a commission rate',
       to_char(WithRate,'FM999G999G990') || ' of '
       || to_char(Orders,'FM999G999G990'),
       '<span class=""ds-sharecell""><span class=""ds-bar ds-bar--amber""><i style=""width:'
       || to_char(Round(100*WithRate/Nullif(Orders,0),1),'FM99999990D0')
       || '%""></i></span><b>'
       || to_char(Round(100*WithRate/Nullif(Orders,0),1),'FM99999990D0')
       || '%</b></span>',
       'PurchaseOrder.CommissionRate — a rate only, no amount is stored'
  From Ord
Union All
Select 30, 'Purchase orders naming an agent',
       to_char(WithAgent,'FM999G999G990') || ' of '
       || to_char(Orders,'FM999G999G990'),
       '<span class=""ds-sharecell""><span class=""ds-bar ds-bar--blue""><i style=""width:'
       || to_char(Round(100*WithAgent/Nullif(Orders,0),1),'FM99999990D0')
       || '%""></i></span><b>'
       || to_char(Round(100*WithAgent/Nullif(Orders,0),1),'FM99999990D0')
       || '%</b></span>',
       'PurchaseOrder.AgentCode — '
       || Case When DistinctAgents <= 1
               Then 'only ' || to_char(DistinctAgents)
                    || ' distinct code in use, so this is a placeholder, '
                    || 'not real attribution'
               Else to_char(DistinctAgents) || ' distinct codes in use' End
  From Ord
 Order By 1","","",""
934,"Purchase Command Centre","PURCHASE-COMMAND-CENTRE",934900668083101000,"Transporter Freight Register","freight-register","NATIVE_IR","","Select to_char(f.TNo,'FM9999999999999999990') As ADVICE_KEY,
       nvl(f.FreightAdviceNo,'[Missing number: '||to_char(f.TNo)||']') As ADVICE_NO,
       f.FreightAdviceDate As ADVICE_DATE,
       nvl((Select t.TransporterName From Transporter t Where t.TransporterCode=f.TransporterCode),'No transporter recorded') As TRANSPORTER,
       GetLocationName(f.LocationCode) As LOCATION,
       f.PartyBillNo As TRANSPORTER_BILL_NO,
       f.PartyBillDate As BILL_DATE,
       f.NoOfLR As LR_COUNT,
       f.FreightAdviceAmount As FREIGHT_AMOUNT,
       f.SumOfTDSAmount As TDS_AMOUNT,
       f.SumOfDeductionAmount As DEDUCTIONS,
       f.SumOfAdvanceAmount As ADVANCES,
       f.SumOfNetPayableAmount As NET_PAYABLE,
       f.DueDate As DUE_DATE,
       f.Remark As REMARK
  From PCC_FreightAdvice f
 Where f.FreightAdviceDate Between to_date(:P934_FROMDATE,'DD-MM-RRRR') And to_date(:P934_TODATE,'DD-MM-RRRR')
   And ((Select SAGAR.GetUserPanelAB_apex() From dual) Is Null Or f.Panel=(Select SAGAR.GetUserPanelAB_apex() From dual))
   And (:P934_PANEL Is Null Or f.Panel=:P934_PANEL)
   And (:P934_COMPANY Is Null Or f.CompanyCode=:P934_COMPANY)
   And (:P934_TRANSPORTER Is Null Or f.TransporterCode=:P934_TRANSPORTER Or (:P934_TRANSPORTER='__UNASSIGNED__' And f.TransporterCode Is Null))
 Order By f.FreightAdviceDate Desc,f.TNo Desc","","",""
934,"Purchase Command Centre","PURCHASE-COMMAND-CENTRE",955518007382436135,"Exceptions and Control","rule-exceptions","NATIVE_STATIC","","<div class=""ds-purchase-section"">
  <h2>Exceptions &amp; Control</h2>
  <p>Control failures worth acting on, each with a severity and the value at
     stake. Click a count to list the documents behind it. Rules that would
     fire on the whole population are deliberately absent — a rule that always
     fires is noise, not control. Where the ERP cannot quantify the exposure,
     the register says so instead of showing zero.</p>
</div>","","",""
934,"Purchase Command Centre","PURCHASE-COMMAND-CENTRE",955518152852436135,"Exception Register","exceptions","NATIVE_SQL_REPORT","","With Win As (
       Select to_date(:P934_FROMDATE,'DD-MM-RRRR') F,
              to_date(:P934_TODATE,'DD-MM-RRRR')   T
         From dual),
Rules As (
  -- 10. HIGH — bill booked but never passed.
  Select 10 Seq, 'HIGH' Sev,
         'Bill booked but never passed' Rule,
         Count(Distinct h.TNo) Items,
         Sum(d.Amount) Val,
         'The liability is on the books but has not been approved, so it is '
         || 'not yet in the ledger.' Impact
    From PCC_PurchaseBill h
    Join PurchaseBillDetail d On d.TNo = h.TNo
   Cross Join Win w
   Where h.PurchaseBillDate Between w.F And w.T
     And Not Exists (Select 1 From PCC_PBPass p Where p.PurchaseBillTNo = h.TNo)
     And ((Select SAGAR.GetUserPanelAB_apex() From dual) Is Null
          Or h.Panel = (Select SAGAR.GetUserPanelAB_apex() From dual))
     And (:P934_PANEL Is Null Or h.Panel = :P934_PANEL)
     And (:P934_COMPANY Is Null Or h.CompanyCode = :P934_COMPANY)
     And (:P934_SUPPLIER Is Null Or h.PartyCode  = :P934_SUPPLIER)
  Union All
  -- 20. HIGH — paid more than the passed amount.
  Select 20, 'HIGH',
         'Paid more than the passed amount',
         Count(*), Sum(p.PaidAmount - p.PBPassAmount),
         'Settlement exceeds the approved figure on these bills.'
    From PCC_PBPass p
    Join PCC_PurchaseBill h On h.TNo = p.PurchaseBillTNo
   Cross Join Win w
   Where h.PurchaseBillDate Between w.F And w.T
     And nvl(p.PaidAmount,0) > nvl(p.PBPassAmount,0)
     And ((Select SAGAR.GetUserPanelAB_apex() From dual) Is Null
          Or h.Panel = (Select SAGAR.GetUserPanelAB_apex() From dual))
     And (:P934_PANEL Is Null Or h.Panel = :P934_PANEL)
     And (:P934_COMPANY Is Null Or h.CompanyCode = :P934_COMPANY)
  Union All
  -- 30. MEDIUM — passed with no settlement recorded ON THE BILL.
  -- The impact text is a SENTENCE, not a number: PaidAmount is only written
  -- for one settlement route, so a rupee figure here would assert more than
  -- the data supports. Company-level truth is on the KPI strip.
  Select 30, 'MEDIUM',
         'Passed with no settlement recorded on the bill',
         Count(*), Sum(p.PBPassAmount),
         'No advice settlement against these bills. They may still have been '
         || 'paid by direct voucher — check the supplier ledger.'
    From PCC_PBPass p
    Join PCC_PurchaseBill h On h.TNo = p.PurchaseBillTNo
   Cross Join Win w
   Where h.PurchaseBillDate Between w.F And w.T
     And nvl(p.PaidAmount,0) = 0
     And ((Select SAGAR.GetUserPanelAB_apex() From dual) Is Null
          Or h.Panel = (Select SAGAR.GetUserPanelAB_apex() From dual))
     And (:P934_PANEL Is Null Or h.Panel = :P934_PANEL)
     And (:P934_COMPANY Is Null Or h.CompanyCode = :P934_COMPANY)
  Union All
  -- 40. MEDIUM — goods received but no purchase bill. NOT QUANTIFIABLE:
  -- GrnDetail carries no value in this ERP, so there is no exposure figure.
  -- Now QUANTIFIED: the receipt is priced from its order line, the same
  -- way the GRN Receipts card is. Receipts with no traceable order still
  -- contribute to the count but not to the value, so this is a floor.
  Select 40, 'MEDIUM',
         'Goods received but no purchase bill',
         Count(Distinct g.TNo),
         Sum(gd.Amount),
         'Stock taken in with no supplier invoice against it. Stored GRN line amounts; each receipt line is counted once.'
    From PCC_Grn g
    Join GrnDetail gd On gd.TNo = g.TNo
   Cross Join Win w
   Where g.GrnDate Between w.F And w.T
     And Not Exists (Select 1 From PurchaseBillGRNDetail pg
                      Where pg.GRNTno = g.TNo)
     And ((Select SAGAR.GetUserPanelAB_apex() From dual) Is Null
          Or g.Panel = (Select SAGAR.GetUserPanelAB_apex() From dual))
     And (:P934_PANEL Is Null Or g.Panel = :P934_PANEL)
     And (:P934_COMPANY Is Null Or g.CompanyCode = :P934_COMPANY)
  Union All
  -- 50. MEDIUM — receipts carrying a rejected quantit","y.
  Select 50, 'MEDIUM',
         'Receipts with a rejected quantity',
         Count(Distinct g.TNo), Null,
         'Quality was rejected at receipt. Quantities cross incompatible '
         || 'units, so no single exposure figure is possible.'
    From PCC_Grn g
    Join GrnDetail gd On gd.TNo = g.TNo
   Cross Join Win w
   Where g.GrnDate Between w.F And w.T
     And nvl(gd.RejectedQuantity1,0) > 0
     And ((Select SAGAR.GetUserPanelAB_apex() From dual) Is Null
          Or g.Panel = (Select SAGAR.GetUserPanelAB_apex() From dual))
     And (:P934_PANEL Is Null Or g.Panel = :P934_PANEL)
     And (:P934_COMPANY Is Null Or g.CompanyCode = :P934_COMPANY)
  Union All
  -- 60. LOW — material in, receipt never prepared.
  -- This REPLACES a ""vehicle still inside the premises"" rule. That rule
  -- needed GateInTime/GateOutTime, which are too sparsely populated to
  -- support a control finding — see the Material In to Receipt panel, which
  -- prints the measured coverage. The gate-to-receipt handover IS reliably
  -- recorded, via MaterialIn.GRNTNo, so that is what is policed instead.
  Select 60, 'LOW',
         'Material In awaiting a receipt',
         Count(*), To_Number(Null),
         'Gate entry recorded but no GRN prepared against it. Stock may be '
         || 'on site without being taken into books.'
    From PCC_MaterialIn mi Cross Join Win w
   Where mi.MaterialInDate Between w.F And w.T
     And nvl(mi.IsGrnPrepared,'NO') <> 'YES'
     And ((Select SAGAR.GetUserPanelAB_apex() From dual) Is Null
          Or mi.Panel = (Select SAGAR.GetUserPanelAB_apex() From dual))
     And (:P934_PANEL Is Null Or mi.Panel = :P934_PANEL)
     And (:P934_COMPANY Is Null Or mi.CompanyCode = :P934_COMPANY)
  Union All
  -- 70. LOW — enquiry floated, no quotation received.
  Select 70, 'LOW',
         'Enquiry floated, no quotation received',
         Count(*), Null,
         'The tender went unanswered. There is no value to attach to an '
         || 'enquiry that produced nothing.'
    From PCC_Enquiry e Cross Join Win w
   Where e.EnquiryDate Between w.F And w.T
     And Not Exists (Select 1 From PCC_Quotation q Where q.EnquiryTno = e.TNo)
     And ((Select SAGAR.GetUserPanelAB_apex() From dual) Is Null
          Or e.Panel = (Select SAGAR.GetUserPanelAB_apex() From dual))
     And (:P934_PANEL Is Null Or e.Panel = :P934_PANEL)
     And (:P934_COMPANY Is Null Or e.CompanyCode = :P934_COMPANY)
  Union All
  -- 80. HIGH — order raised with no credit terms.
  -- This is the rule that makes bill ageing impossible, so it is graded HIGH
  -- even though nothing is technically wrong with the order itself: without
  -- credit days there is no due date, and without a due date ""overdue""
  -- cannot be computed for any bill against that order.
  Select 80, 'HIGH',
         'Order raised with no credit terms',
         Count(Distinct o.TNo), Sum(od.Amount),
         'Bill ageing cannot be derived without credit days, so none of the '
         || 'spend behind these orders can ever be reported as overdue.'
    From PCC_PurchaseOrder o
    Join PurchaseOrderDetail od On od.TNo = o.TNo
   Cross Join Win w
   Where o.PurchaseOrderDate Between w.F And w.T
     And nvl(o.CreditDays,0) = 0
     And ((Select SAGAR.GetUserPanelAB_apex() From dual) Is Null
          Or o.Panel = (Select SAGAR.GetUserPanelAB_apex() From dual))
     And (:P934_PANEL Is Null Or o.Panel = :P934_PANEL)
     And (:P934_COMPANY Is Null Or o.CompanyCode = :P934_COMPANY)
     And (:P934_SUPPLIER Is Null Or o.PartyCode  = :P934_SUPPLIER)
  Union All
  -- 90. MEDIUM — open order not fully received. Pending value is pro-rated
  -- within the line; the ERP stores no pending-value column.
  Select 90, 'MEDIUM',
         'Open order not fully received',
         Count(Distinct o.TNo),
         Sum(od.Amount * (od.Quantity1
           - Least(nvl(od.ReceivedQuantity1,0), od.Quantity1)) / ","od.Quantity1),
         'Committed spend with material still outstanding. Pending value is '
         || 'pro-rated within the line — the ERP stores no pending-value column.'
    From PCC_PurchaseOrder o
    Join PurchaseOrderDetail od On od.TNo = o.TNo
   Cross Join Win w
   Where o.PurchaseOrderDate Between w.F And w.T
     And nvl(od.Quantity1,0) > 0
     And nvl(od.ReceivedQuantity1,0) < od.Quantity1
     And Not Exists (Select 1 From PurchaseOrderClose poc
                      Where poc.PurchaseOrderTNo = o.TNo)
     And ((Select SAGAR.GetUserPanelAB_apex() From dual) Is Null
          Or o.Panel = (Select SAGAR.GetUserPanelAB_apex() From dual))
     And (:P934_PANEL Is Null Or o.Panel = :P934_PANEL)
     And (:P934_COMPANY Is Null Or o.CompanyCode = :P934_COMPANY)
     And (:P934_SUPPLIER Is Null Or o.PartyCode  = :P934_SUPPLIER))
Select
  r.Seq,
  '<span class=""ds-sev ds-sev--' || lower(r.Sev) || '"">'
  || apex_escape.html(initcap(r.Sev)) || '</span>' As SEVERITY,
  apex_escape.html(r.Rule) As RULE_TEXT,
  -- The drill anchor. Rule id travels in data-k, never the wording.
  '<a class=""ds-exc-drill"" href=""javascript:void(0);"" data-k=""' || r.Seq || '"">'
  || to_char(r.Items,'FM999G999G990') || '</a>' As ITEMS,
  Case When r.Val Is Null
       Then '<span class=""ds-muted"">not quantifiable</span>'
       Else '<b>'
            || Case When r.Val >= 10000000
                    Then 'Rs ' || to_char(Round(r.Val/10000000,2),'FM99G990D00') || ' Cr'
                    When r.Val >= 100000
                    Then 'Rs ' || to_char(Round(r.Val/100000,2),'FM99G990D00') || ' L'
                    Else 'Rs ' || to_char(r.Val,'FM99G99G990D00') End
            || '</b>' End As VALUE_AT_STAKE,
  '<span class=""ds-muted"">' || apex_escape.html(r.Impact) || '</span>' As IMPACT
From Rules r
Where r.Items > 0
Order By r.Seq",""
934,"Purchase Command Centre","PURCHASE-COMMAND-CENTRE",955518897554436136,"Documents Behind the Exception","exception-detail","NATIVE_IR","","With Win As (
       Select to_date(:P934_FROMDATE,'DD-MM-RRRR') F,
              to_date(:P934_TODATE,'DD-MM-RRRR')   T
         From dual)
-- RULE 10 — bill booked but never passed.
Select h.PurchaseBillNo As DOCUMENT_NO,
       h.PurchaseBillDate As DOCUMENT_DATE,
       GetPartyName(h.PartyCode) As PARTY,
       GetLocationName(h.LocationCode) As LOCATION,
       'Purchase Bill' As DOCUMENT_TYPE,
       Round(Sum(d.Amount) / 100000, 2) As VALUE_LAC
  From PCC_PurchaseBill h
  Join PurchaseBillDetail d On d.TNo = h.TNo
 Cross Join Win w
 Where :P934_EXC_FOCUS = '10'
   And h.PurchaseBillDate Between w.F And w.T
   And Not Exists (Select 1 From PCC_PBPass p Where p.PurchaseBillTNo = h.TNo)
   And ((Select SAGAR.GetUserPanelAB_apex() From dual) Is Null
        Or h.Panel = (Select SAGAR.GetUserPanelAB_apex() From dual))
   And (:P934_PANEL Is Null Or h.Panel = :P934_PANEL)
   And (:P934_COMPANY Is Null Or h.CompanyCode = :P934_COMPANY)
   And (:P934_SUPPLIER Is Null Or h.PartyCode  = :P934_SUPPLIER)
 Group By h.PurchaseBillNo, h.PurchaseBillDate, h.PartyCode, h.LocationCode
Union All
-- RULE 20 — paid more than passed.
Select p.PBPassNo, p.PBPassDate, GetPartyName(h.PartyCode),
       GetLocationName(h.LocationCode), 'Bill Pass',
       Round((p.PaidAmount - p.PBPassAmount) / 100000, 2)
  From PCC_PBPass p
  Join PCC_PurchaseBill h On h.TNo = p.PurchaseBillTNo
 Cross Join Win w
 Where :P934_EXC_FOCUS = '20'
   And h.PurchaseBillDate Between w.F And w.T
   And nvl(p.PaidAmount,0) > nvl(p.PBPassAmount,0)
   And ((Select SAGAR.GetUserPanelAB_apex() From dual) Is Null
        Or h.Panel = (Select SAGAR.GetUserPanelAB_apex() From dual))
   And (:P934_PANEL Is Null Or h.Panel = :P934_PANEL)
   And (:P934_COMPANY Is Null Or h.CompanyCode = :P934_COMPANY)
Union All
-- RULE 30 — passed, no settlement recorded on the bill.
-- NOTE: the register does NOT filter this rule by supplier, so neither does
-- this branch. The drill must never be shorter than the count.
Select p.PBPassNo, p.PBPassDate, GetPartyName(h.PartyCode),
       GetLocationName(h.LocationCode), 'Bill Pass',
       Round(p.PBPassAmount / 100000, 2)
  From PCC_PBPass p
  Join PCC_PurchaseBill h On h.TNo = p.PurchaseBillTNo
 Cross Join Win w
 Where :P934_EXC_FOCUS = '30'
   And h.PurchaseBillDate Between w.F And w.T
   And nvl(p.PaidAmount,0) = 0
   And ((Select SAGAR.GetUserPanelAB_apex() From dual) Is Null
        Or h.Panel = (Select SAGAR.GetUserPanelAB_apex() From dual))
   And (:P934_PANEL Is Null Or h.Panel = :P934_PANEL)
   And (:P934_COMPANY Is Null Or h.CompanyCode = :P934_COMPANY)
Union All
-- RULE 40 — goods received, no bill. VALUE_LAC is NULL, not zero.
Select g.GrnNo, g.GrnDate, GetPartyName(g.PartyCode),
       GetLocationName(g.LocationCode), 'GRN', Null
  From PCC_Grn g Cross Join Win w
 Where :P934_EXC_FOCUS = '40'
   And g.GrnDate Between w.F And w.T
   And Not Exists (Select 1 From PurchaseBillGRNDetail pg
                    Where pg.GRNTno = g.TNo)
   And ((Select SAGAR.GetUserPanelAB_apex() From dual) Is Null
        Or g.Panel = (Select SAGAR.GetUserPanelAB_apex() From dual))
   And (:P934_PANEL Is Null Or g.Panel = :P934_PANEL)
   And (:P934_COMPANY Is Null Or g.CompanyCode = :P934_COMPANY)
Union All
-- RULE 50 — receipts with a rejected quantity.
Select g.GrnNo, g.GrnDate, GetPartyName(g.PartyCode),
       GetLocationName(g.LocationCode), 'GRN', Null
  From PCC_Grn g Cross Join Win w
 Where :P934_EXC_FOCUS = '50'
   And g.GrnDate Between w.F And w.T
   And Exists (Select 1 From GrnDetail gd
                Where gd.TNo = g.TNo And nvl(gd.RejectedQuantity1,0) > 0)
   And ((Select SAGAR.GetUserPanelAB_apex() From dual) Is Null
        Or g.Panel = (Select SAGAR.GetUserPanelAB_apex() From dual))
   And (:P934_PANEL Is Null Or g.Panel = :P934_PANEL)
   And (:P934_COMPANY Is Null Or g.CompanyCode = :P934_COMPANY)
Union All
-- RULE 60 — material in, recei","pt never prepared. Predicates repeated
-- from the register verbatim, including the date window, so this drill can
-- never be shorter than the count that opened it.
Select mi.MaterialInNo, mi.MaterialInDate,
       nvl(mi.VehicleNo,'no vehicle recorded'),
       GetLocationName(mi.LocationCode),
       'Material In (no GRN prepared)', Null
  From PCC_MaterialIn mi Cross Join Win w
 Where :P934_EXC_FOCUS = '60'
   And mi.MaterialInDate Between w.F And w.T
   And nvl(mi.IsGrnPrepared,'NO') <> 'YES'
   And ((Select SAGAR.GetUserPanelAB_apex() From dual) Is Null
        Or mi.Panel = (Select SAGAR.GetUserPanelAB_apex() From dual))
   And (:P934_PANEL Is Null Or mi.Panel = :P934_PANEL)
   And (:P934_COMPANY Is Null Or mi.CompanyCode = :P934_COMPANY)
Union All
-- RULE 70 — enquiry with no quotation.
Select e.EnquiryNo, e.EnquiryDate, nvl(e.Subject,'no subject recorded'),
       GetLocationName(e.LocationCode), 'Enquiry', Null
  From PCC_Enquiry e Cross Join Win w
 Where :P934_EXC_FOCUS = '70'
   And e.EnquiryDate Between w.F And w.T
   And Not Exists (Select 1 From PCC_Quotation q Where q.EnquiryTno = e.TNo)
   And ((Select SAGAR.GetUserPanelAB_apex() From dual) Is Null
        Or e.Panel = (Select SAGAR.GetUserPanelAB_apex() From dual))
   And (:P934_PANEL Is Null Or e.Panel = :P934_PANEL)
   And (:P934_COMPANY Is Null Or e.CompanyCode = :P934_COMPANY)
Union All
-- RULE 80 — order raised with no credit terms.
Select o.PurchaseOrderNo, o.PurchaseOrderDate,
       GetPartyName(o.PartyCode), GetLocationName(o.LocationCode),
       'Purchase Order', Round(Sum(od.Amount)/100000, 2)
  From PCC_PurchaseOrder o
  Join PurchaseOrderDetail od On od.TNo = o.TNo
 Cross Join Win w
 Where :P934_EXC_FOCUS = '80'
   And o.PurchaseOrderDate Between w.F And w.T
   And nvl(o.CreditDays,0) = 0
   And ((Select SAGAR.GetUserPanelAB_apex() From dual) Is Null
        Or o.Panel = (Select SAGAR.GetUserPanelAB_apex() From dual))
   And (:P934_PANEL Is Null Or o.Panel = :P934_PANEL)
   And (:P934_COMPANY Is Null Or o.CompanyCode = :P934_COMPANY)
   And (:P934_SUPPLIER Is Null Or o.PartyCode  = :P934_SUPPLIER)
 Group By o.PurchaseOrderNo, o.PurchaseOrderDate, o.PartyCode, o.LocationCode
Union All
-- RULE 90 — open order not fully received.
Select o.PurchaseOrderNo, o.PurchaseOrderDate,
       GetPartyName(o.PartyCode), GetLocationName(o.LocationCode),
       'Purchase Order',
       Round(Sum(od.Amount * (od.Quantity1
         - Least(nvl(od.ReceivedQuantity1,0), od.Quantity1))
         / od.Quantity1) / 100000, 2)
  From PCC_PurchaseOrder o
  Join PurchaseOrderDetail od On od.TNo = o.TNo
 Cross Join Win w
 Where :P934_EXC_FOCUS = '90'
   And o.PurchaseOrderDate Between w.F And w.T
   And nvl(od.Quantity1,0) > 0
   And nvl(od.ReceivedQuantity1,0) < od.Quantity1
   And Not Exists (Select 1 From PurchaseOrderClose poc
                    Where poc.PurchaseOrderTNo = o.TNo)
   And ((Select SAGAR.GetUserPanelAB_apex() From dual) Is Null
        Or o.Panel = (Select SAGAR.GetUserPanelAB_apex() From dual))
   And (:P934_PANEL Is Null Or o.Panel = :P934_PANEL)
   And (:P934_COMPANY Is Null Or o.CompanyCode = :P934_COMPANY)
   And (:P934_SUPPLIER Is Null Or o.PartyCode  = :P934_SUPPLIER)
 Group By o.PurchaseOrderNo, o.PurchaseOrderDate, o.PartyCode, o.LocationCode","",""
934,"Purchase Command Centre","PURCHASE-COMMAND-CENTRE",955519659853436162,"Purchase Bill Register","rule-register","NATIVE_STATIC","","<div class=""ds-purchase-section"">
  <h2>Purchase Bill Register</h2>
  <p>Every bill in scope, with its pass and settlement position. The
     <em>supplier's own</em> bill number is shown — internal document keys
     are never displayed. Summing Line Value here reproduces the Total
     Purchase Value card at the top of the page.</p>
</div>","","",""
934,"Purchase Command Centre","PURCHASE-COMMAND-CENTRE",955519764429436162,"Purchase Bills","bill-register","NATIVE_IR","","With ItemTree As (
       Select ItemCode From Item
        Where :P934_ITEMGROUP Is Not Null
        Start With ItemCode = :P934_ITEMGROUP
      Connect By Prior ItemCode = ParentCode
       Union All
       Select ItemCode From Item Where :P934_ITEMGROUP Is Null),
Lines As (
  Select h.TNo, h.PurchaseBillNo, h.PurchaseBillDate,
         h.PartyBillNo, h.PartyBillDate,
         h.PartyCode, h.LocationCode, h.Panel,
         Sum(d.Amount) LineVal,
         Count(*) Lines,
         Count(Distinct d.ItemCode) Items
    From PCC_PurchaseBill h
    Join PurchaseBillDetail d On d.TNo = h.TNo
   Where h.PurchaseBillDate
         Between to_date(:P934_FROMDATE,'DD-MM-RRRR')
             And to_date(:P934_TODATE,'DD-MM-RRRR')
     And ((Select SAGAR.GetUserPanelAB_apex() From dual) Is Null
          Or h.Panel = (Select SAGAR.GetUserPanelAB_apex() From dual))
     And (:P934_PANEL Is Null Or h.Panel = :P934_PANEL)
     And (:P934_COMPANY  Is Null Or h.CompanyCode  = :P934_COMPANY)
     And (:P934_LOCATION Is Null Or h.LocationCode = :P934_LOCATION)
     And (:P934_SUPPLIER Is Null Or h.PartyCode    = :P934_SUPPLIER)
     And (:P934_ITEM     Is Null Or d.ItemCode     = :P934_ITEM)
     And d.ItemCode In (Select ItemCode From ItemTree)
   Group By h.TNo, h.PurchaseBillNo, h.PurchaseBillDate,
            h.PartyBillNo, h.PartyBillDate,
            h.PartyCode, h.LocationCode, h.Panel)
Select
  l.PartyCode As PARTYCODE,
  l.TNo As BILL_TNO,
  -- The company's OWN bill number, distinct from the supplier's below.
  l.PurchaseBillNo As BILL_NO,
  GetPartyName(l.PartyCode) As SUPPLIER,
  l.PartyBillNo As SUPPLIER_BILL_NO,
  l.PartyBillDate As SUPPLIER_BILL_DATE,
  l.PurchaseBillDate As BOOKED_ON,
  GetLocationName(l.LocationCode) As LOCATION,
  l.Lines As LINES,
  l.Items As ITEMS,
  l.LineVal As LINE_VALUE,
  p.PBPassAmount As PASSED,
  p.PaidAmount As PAID,
  -- The middle branch is named ""No advice settlement"" rather than ""Unpaid"":
  -- PaidAmount is only written for one settlement route, so an unpaid label
  -- would assert more than the column can support.
  Case When p.PurchaseBillTNo Is Null                   Then 'Not passed'
       When nvl(p.PaidAmount,0) = 0                     Then 'No advice settlement'
       When nvl(p.PaidAmount,0) >= nvl(p.PBPassAmount,0) Then 'Paid'
       Else 'Part paid' End As POSITION,
  -- The ledger voucher raised when the bill was passed. Wrapped in Max()
  -- so the scalar subquery cannot multiply the row even if more than one
  -- voucher were ever posted against the same pass. Blank where the bill has
  -- not been passed, or where the pass has not yet posted to the ledger.
  (Select Max(v.VoucherNo) From PCC_Voucher v
    Where v.ModuleCode = 'PBPASS'
      And v.ModuleTNo  = p.TNo) As VOUCHER_NO,
  l.Panel As PANEL
From Lines l
Left Join PCC_PBPass p On p.PurchaseBillTNo = l.TNo
Order By l.PurchaseBillDate Desc, l.PartyBillNo","","",""
934,"Purchase Command Centre","PURCHASE-COMMAND-CENTRE",955521516553436163,"Purchase Analytics","analytics-gateway","NATIVE_SQL_REPORT","","Select
  '<a class=""ds-gateway"" href=""'
  || apex_page.get_url(
       p_page        => 940,
       p_clear_cache => '940',
       p_items       => 'P940_FROMDATE,P940_TODATE,P940_COMPANY,P940_LOCATION,P940_PANEL,P940_SUPPLIER,P940_ITEM,P940_ITEMGROUP',
       p_values      =>    :P934_FROMDATE ||','|| :P934_TODATE
                    ||','|| :P934_COMPANY  ||','|| :P934_LOCATION
                    ||','|| :P934_PANEL    ||','|| :P934_SUPPLIER
                    ||','|| :P934_ITEM     ||','|| :P934_ITEMGROUP)
  || '"">'
  || '<span class=""ds-gateway-ic""><span class=""fa fa-line-chart""></span></span>'
  || '<span class=""ds-gateway-body"">'
  || '<span class=""ds-gateway-t"">Purchase Analytics</span>'
  || '<span class=""ds-gateway-d"">Spend by grain and dimension, vendor '
  || 'scorecard, realised price movement and the executive exception '
  || 'register. Opens already scoped to the filters above.</span>'
  || '</span>'
  || '<span class=""ds-gateway-go""><span class=""fa fa-chevron-right""></span></span>'
  || '</a>' As GATEWAY
From dual","","",""
934,"Purchase Command Centre","PURCHASE-COMMAND-CENTRE",955521726185436163,"Quick Reports","rule-quickreports","NATIVE_STATIC","","<div class=""ds-purchase-section"">
  <h2>Quick Reports</h2>
  <p>Every drill page and register this dashboard feeds, in one place. Each
     opens carrying the period, company and location selected above, so you
     land already scoped rather than re-entering the filters.</p>
</div>","","",""
934,"Purchase Command Centre","PURCHASE-COMMAND-CENTRE",955521863610436164,"Quick Reports","quick-reports","NATIVE_SQL_REPORT","","With Ctx As (
       Select :P934_FROMDATE F, :P934_TODATE T,
              :P934_COMPANY C, :P934_LOCATION L, :P934_PANEL P
         From dual),
Tile As (
  -- Suite pages: full context, including panel.
  Select 10 Seq, 'Supplier 360' Nm, 'fa-user-circle-o' Ic,
         'One supplier: ordered, received, billed, passed, paid, outstanding' D,
         apex_page.get_url(
           p_page => 935, p_clear_cache => '935',
           p_items => 'P935_FROMDATE,P935_TODATE,P935_COMPANY,P935_LOCATION,P935_PANEL',
           p_values => F||','||T||','||C||','||L||','||P) Url
    From Ctx
  Union All
  Select 20, 'Item 360', 'fa-cube',
         'One item and unit: realised rate, specification mix, vendor comparison',
         apex_page.get_url(
           p_page => 936, p_clear_cache => '936',
           p_items => 'P936_FROMDATE,P936_TODATE,P936_COMPANY,P936_LOCATION,P936_PANEL',
           p_values => F||','||T||','||C||','||L||','||P)
    From Ctx
  Union All
  Select 30, 'Purchase Order 360', 'fa-shopping-cart',
         'One order: lines, receipts, bills and what is still pending',
         apex_page.get_url(p_page => 939, p_clear_cache => '939')
    From dual
  Union All
  Select 40, 'Purchase Analytics', 'fa-line-chart',
         'Spend by grain and dimension, vendor scorecard, price movement, executive exceptions',
         apex_page.get_url(
           p_page => 940, p_clear_cache => '940',
           p_items => 'P940_FROMDATE,P940_TODATE,P940_COMPANY,P940_LOCATION,P940_PANEL',
           p_values => F||','||T||','||C||','||L||','||P)
    From Ctx
  Union All
  Select 35, 'Purchase Bill 360', 'fa-file-text-o',
         'One supplier invoice: lines, pass, settlement and the receipts behind it',
         apex_page.get_url(p_page => 937, p_clear_cache => '937')
    From dual
  Union All
  -- Legacy registers: each takes only the items it actually defines.
  Select 50, 'Purchase Bill Register', 'fa-file-text-o',
         'Supplier invoices booked against receipts',
         apex_page.get_url(
           p_page => 142, p_clear_cache => '142',
           p_items => 'P142_FROMDATE,P142_TODATE,P142_COMPANY,P142_LOCATION',
           p_values => F||','||T||','||C||','||L)
    From Ctx
  Union All
  Select 60, 'Purchase Order Register', 'fa-list-alt',
         'Every order raised in the period',
         apex_page.get_url(
           p_page => 117, p_clear_cache => '117',
           p_items => 'P117_FROMDATE,P117_TODATE,P117_COMPANY,P117_LOCATION',
           p_values => F||','||T||','||C||','||L)
    From Ctx
  Union All
  Select 70, 'Bill Pass Register', 'fa-check-square-o',
         'Bills approved for payment and posted to the ledger',
         apex_page.get_url(p_page => 151, p_clear_cache => '151')
    From dual
  Union All
  Select 80, 'GRN Register', 'fa-truck',
         'Material accepted into stock',
         apex_page.get_url(p_page => 145, p_clear_cache => '145')
    From dual
  Union All
  Select 90, 'Material In Register', 'fa-sign-in',
         'Vehicles booked in at the gate',
         apex_page.get_url(p_page => 68, p_clear_cache => '68')
    From dual
  Union All
  Select 100, 'Indent Register', 'fa-file-o',
         'Internal demand raised before a supplier is chosen',
         apex_page.get_url(p_page => 107, p_clear_cache => '107')
    From dual
  Union All
  Select 110, 'Quotation Register', 'fa-comments-o',
         'Supplier responses against enquiries',
         apex_page.get_url(p_page => 709, p_clear_cache => '709')
    From dual
  Union All
  Select 120, 'Comparative Statement Register', 'fa-balance-scale',
         'Quotations set side by side before the buying decision',
         apex_page.get_url(p_page => 711, p_clear_cache => '711')
    From dual
  Union All
  Select 130, 'Freight Advice Register', 'fa-road',
         'The transporter billing document, the only defensible freight figure',
         apex_pag","e.get_url(p_page => 198, p_clear_cache => '198')
    From dual
  Union All
  Select 140, 'Account Ledger', 'fa-book',
         'The supplier ledger — the settled position that survives every route',
         apex_page.get_url(
           p_page => 11, p_clear_cache => '11',
           p_items => 'P11_FROMDATE,P11_TODATE,P11_LOCATION',
           p_values => F||','||T||','||L)
    From Ctx)
Select
  t.Seq,
  '<a class=""ds-gateway"" href=""' || t.Url || '"">'
  || '<span class=""ds-gateway-ic""><span class=""fa ' || t.Ic || '""></span></span>'
  || '<span class=""ds-gateway-body"">'
  || '<span class=""ds-gateway-t"">' || apex_escape.html(t.Nm) || '</span>'
  || '<span class=""ds-gateway-d"">' || apex_escape.html(t.D) || '</span>'
  || '</span>'
  || '<span class=""ds-gateway-go""><span class=""fa fa-chevron-right""></span></span>'
  || '</a>' As TILE
From Tile t
Order By t.Seq","",""
937,"Purchase Bill 360","PURCHASE-BILL-360",955538808280436229,"Purchase Bill 360","command-header","NATIVE_SQL_REPORT","","select HEAD from (select HEAD,0 ds360_priority from (Select
  '<div class=""ds-purchase-head"">'
  || '<div class=""ds-purchase-head-eyebrow"">Purchase Bill 360</div>'
  || '<h1 class=""ds-purchase-head-title"">Bill '
     || apex_escape.html(nvl(h.PartyBillNo, h.PurchaseBillNo)) || '</h1>'
  || '<p class=""ds-purchase-head-sub"">One supplier invoice &mdash; what was '
  || 'billed, what was approved, what has settled, and the receipts it was '
  || 'raised against.</p>'
  || '<div class=""ds-purchase-head-context"">'
  || '<span class=""ds-purchase-head-chip"">Supplier <b>'
     || apex_escape.html(nvl(GetPartyName(h.PartyCode),'not recorded'))
     || '</b></span>'
  || '<span class=""ds-purchase-head-chip"">Supplier bill date <b>'
     || apex_escape.html(nvl(to_char(h.PartyBillDate,'DD-Mon-RRRR'),
                             'not recorded'))
     || '</b></span>'
  || '<span class=""ds-purchase-head-chip"">Booked on <b>'
     || apex_escape.html(to_char(h.PurchaseBillDate,'DD-Mon-RRRR'))
     || '</b></span>'
  || '<span class=""ds-purchase-head-chip"">Our bill no <b>'
     || apex_escape.html(h.PurchaseBillNo) || '</b></span>'
  || '<span class=""ds-purchase-head-chip"">Company <b>'
     || apex_escape.html(nvl(GetCompanyName(h.CompanyCode),'not recorded'))
     || '</b></span>'
  || '<span class=""ds-purchase-head-chip"">Location <b>'
     || apex_escape.html(nvl(GetLocationName(h.LocationCode),'not recorded'))
     || '</b></span>'
  || '<span class=""ds-purchase-head-chip"">Doc type <b>'
     || apex_escape.html(
          nvl((Select dt.DocTypeName From DocType dt
                Where dt.DocTypeCode = h.DocTypeCode), h.DocTypeCode))
     || '</b></span>'
  || '<span class=""ds-purchase-head-chip"">GSTIN <b>'
     || apex_escape.html(nvl(GetPartyAttributeValue(h.PartyCode,'GSTINNO'),
                             'Not on file'))
     || '</b></span>'
  -- Whether the bill traces to an order at all. A bill with no order is not
  -- wrong — direct and service purchases exist — but it cannot be reconciled
  -- against committed spend, so the reader is told.
  || '<span class=""ds-purchase-head-chip"">Against order <b>'
     || Case When h.PurchaseOrderTNo Is Null Then 'No order linked'
             Else apex_escape.html(
                    nvl((Select o.PurchaseOrderNo From PCC_PurchaseOrder o
                          Where o.TNo = h.PurchaseOrderTNo),'linked')) End
     || '</b></span>'
  || '<span class=""ds-purchase-head-chip ds-purchase-head-chip--live"">Position <b>'
     || Case When p.PurchaseBillTNo Is Null Then 'Not passed'
             When nvl(p.PaidAmount,0) = 0 Then 'Passed, no advice settlement'
             When nvl(p.PaidAmount,0) >= nvl(p.PBPassAmount,0) Then 'Settled'
             Else 'Part settled' End
     || '</b></span>'
  || '</div></div>' As HEAD
From PCC_PurchaseBill h
Left Join PCC_PBPass p On p.PurchaseBillTNo = h.TNo
Where h.TNo = :P937_TNO
  And ((Select SAGAR.GetUserPanelAB_apex() From dual) Is Null
       Or h.Panel = (Select SAGAR.GetUserPanelAB_apex() From dual))) union all select '<div class=""ds360-placeholder""><h2>Purchase Bill 360</h2><p>Select a record below and click Apply to view its master details, totals and line registers.</p></div>' HEAD,1 ds360_priority from dual where :P937_TNO is null) order by ds360_priority fetch first 1 rows only","","",""
937,"Purchase Bill 360","PURCHASE-BILL-360",955539017294436229,"Bill Position","kpi-strip","NATIVE_SQL_REPORT","","With Ln As (
  Select Sum(d.Amount) LineVal,
         Sum(d.TotalAmount) TotalVal,
         Count(*) Lines,
         Count(Distinct d.ItemCode) Items
    From PurchaseBillDetail d
    Join PCC_PurchaseBill h On h.TNo = d.TNo
   Where h.TNo = :P937_TNO
     And ((Select SAGAR.GetUserPanelAB_apex() From dual) Is Null
          Or h.Panel = (Select SAGAR.GetUserPanelAB_apex() From dual))),
Ps As (
  Select p.PBPassAmount Passed, p.PaidAmount PaidAdv,
         p.PBPassNo, p.PBPassDate, p.PurchaseBillTNo,
         (Select Max(v.VoucherNo) From PCC_Voucher v
           Where v.ModuleCode = 'PBPASS' And v.ModuleTNo = p.TNo) VoucherNo
    From PCC_PBPass p
    Join PCC_PurchaseBill h On h.TNo = p.PurchaseBillTNo
   Where h.TNo = :P937_TNO
     And ((Select SAGAR.GetUserPanelAB_apex() From dual) Is Null
          Or h.Panel = (Select SAGAR.GetUserPanelAB_apex() From dual))),
Rc As (
  Select Count(Distinct bg.GRNTno) Grns
    From PurchaseBillGRNDetail bg
   Where bg.TNo = :P937_TNO)
Select
  '<div class=""ds-kpi ds-kpi--value"" title=""SUM(PurchaseBillDetail.Amount) — '
  || 'the TAXABLE line value. This is the figure every other page in the '
  || 'suite sums, and the one that reconciles to the Purchase Bill Register."">'
  || '<span class=""ds-kpi-ic""><span class=""fa fa-inr""></span></span>'
  || '<span class=""ds-kpi-body"">'
  || '<span class=""ds-kpi-t"">Line Value (taxable)</span>'
  || '<span class=""ds-kpi-n"">Rs '
     || to_char(nvl(l.LineVal,0),'FM99G99G99G990D00') || '</span>'
  || '<span class=""ds-kpi-sub"">' || to_char(nvl(l.Lines,0),'FM999G990')
     || ' lines &middot; ' || to_char(nvl(l.Items,0),'FM999G990')
     || ' distinct items</span>'
  || '</span></div>' As KPI1,
  -- Shown BESIDE the line value, with the gap named, so the two can never be
  -- mistaken for one another.
  '<div class=""ds-kpi ds-kpi--bill"" title=""The line total including footer '
  || 'tax. Larger than the taxable line value; the difference is the tax and '
  || 'other footer heads. Do NOT sum this column across bills expecting it to '
  || 'match the register — the register totals the taxable value."">'
  || '<span class=""ds-kpi-ic""><span class=""fa fa-file-text-o""></span></span>'
  || '<span class=""ds-kpi-body"">'
  || '<span class=""ds-kpi-t"">Bill Amount (with tax)</span>'
  || '<span class=""ds-kpi-n"">Rs '
     || to_char(nvl(l.TotalVal,0),'FM99G99G99G990D00') || '</span>'
  || '<span class=""ds-kpi-sub"">Rs '
     || to_char(nvl(l.TotalVal,0) - nvl(l.LineVal,0),'FM99G99G99G990D00')
     || ' of tax and footer heads</span>'
  || '</span></div>' As KPI2,
  '<div class=""ds-kpi ds-kpi--ok"" title=""PBPass.PBPassAmount — the amount '
  || 'approved for payment. One pass per bill."">'
  || '<span class=""ds-kpi-ic""><span class=""fa fa-check-square-o""></span></span>'
  || '<span class=""ds-kpi-body"">'
  || '<span class=""ds-kpi-t"">Passed</span>'
  || '<span class=""ds-kpi-n"">'
     || Case When p.PurchaseBillTNo Is Null
             Then '<span class=""ds-muted"">not passed</span>'
             Else 'Rs ' || to_char(nvl(p.Passed,0),'FM99G99G99G990D00') End
     || '</span>'
  || '<span class=""ds-kpi-sub"">'
     || Case When p.PBPassNo Is Null
             Then 'no pass raised against this bill'
             Else 'Pass ' || apex_escape.html(p.PBPassNo) || ' on '
                  || to_char(p.PBPassDate,'DD-Mon-RRRR') End
     || '</span>'
  || '</span></div>' As KPI3,
  '<div class=""ds-kpi ds-kpi--suppl"" title=""PBPass.PaidAmount — the Payment '
  || 'Advice basis ONLY. A blank does not prove the bill is unpaid: it may '
  || 'have been settled by direct voucher, which this column never records."">'
  || '<span class=""ds-kpi-ic""><span class=""fa fa-credit-card""></span></span>'
  || '<span class=""ds-kpi-body"">'
  || '<span class=""ds-kpi-t"">Settled (via advice)</span>'
  || '<span class=""ds-kpi-n"">Rs '
     || to_char(nvl(p.PaidAdv,0),'FM99G99G99G990D00') || '</span>'
  || '<span cla","ss=""ds-kpi-sub"">'
     || Case When nvl(p.PaidAdv,0) = 0
             Then '<span class=""ds-muted"">may still be paid by direct '
                  || 'voucher</span>'
             Else 'advice route only' End
     || '</span>'
  || '</span></div>' As KPI4,
  '<div class=""ds-kpi ds-kpi--risk"" title=""Passed less settled, on the advice '
  || 'basis. Null rather than zero where the bill has not been passed — an '
  || 'unpassed bill is not a settled one."">'
  || '<span class=""ds-kpi-ic""><span class=""fa fa-hourglass-half""></span></span>'
  || '<span class=""ds-kpi-body"">'
  || '<span class=""ds-kpi-t"">Unsettled</span>'
  || '<span class=""ds-kpi-n"">'
     || Case When p.PurchaseBillTNo Is Null
             Then '<span class=""ds-muted"">not passed</span>'
             Else 'Rs ' || to_char(nvl(p.Passed,0) - nvl(p.PaidAdv,0),
                                   'FM99G99G99G990D00') End
     || '</span>'
  || '<span class=""ds-kpi-sub"">'
     || Case When p.VoucherNo Is Not Null
             Then 'Ledger voucher ' || apex_escape.html(p.VoucherNo)
             Else '<span class=""ds-muted"">no ledger voucher posted</span>' End
     || '</span>'
  || '</span></div>' As KPI5,
  '<div class=""ds-kpi ds-kpi--input"" title=""Distinct GRNs tied to this bill '
  || 'through PurchaseBillGRNDetail. A bill with no linked receipt is not '
  || 'necessarily wrong — a service or freight bill has nothing to receive."">'
  || '<span class=""ds-kpi-ic""><span class=""fa fa-truck""></span></span>'
  || '<span class=""ds-kpi-body"">'
  || '<span class=""ds-kpi-t"">Receipts Behind It</span>'
  || '<span class=""ds-kpi-n"">' || to_char(nvl(r.Grns,0),'FM999G990') || '</span>'
  || '<span class=""ds-kpi-sub"">'
     || Case When nvl(r.Grns,0) = 0
             Then '<span class=""ds-muted"">none linked — normal for a service '
                  || 'bill</span>'
             Else 'GRNs this bill was raised against' End
     || '</span>'
  || '</span></div>' As KPI6
From Ln l
Cross Join Rc r
Left Join Ps p On 1 = 1","",""
937,"Purchase Bill 360","PURCHASE-BILL-360",955539751380436230,"Bill Lines","rule-lines","NATIVE_STATIC","","<div class=""ds-purchase-section"">
  <h2>What Was Billed</h2>
  <p>The item lines on this invoice. <em>Amount</em> is the taxable line
     value that sums to the headline card; <em>Total</em> adds the footer tax
     for that line.</p>
</div>","","",""
937,"Purchase Bill 360","PURCHASE-BILL-360",955539826356436256,"Bill Lines","bill-lines","NATIVE_IR","","Select
  d.SNo As LINE_NO,
  nvl((Select i.ItemName From Item i Where i.ItemCode = d.ItemCode),
      d.ItemCode) As ITEM,
  nvl((Select s.ItemSpecificationName From ItemSpecification s
        Where s.ItemSpecificationCode = d.ItemSpecificationCode),
      '<span class=""ds-muted"">no specification</span>') As SPECIFICATION,
  d.Quantity1 As QUANTITY,
  nvl((Select m.MeasuringUnitName From MeasuringUnit m
        Where m.MeasuringUnitCode = d.RateMeasuringUnitCode),
      '<span class=""ds-muted"">no unit</span>') As UOM,
  d.Rate As RATE,
  d.Amount As AMOUNT,
  d.TotalAmount As TOTAL_WITH_TAX,
  -- The rate actually realised on this line, which can differ from the
  -- stored Rate when the quantity or amount was adjusted after entry.
  Case When nvl(d.Quantity1,0) > 0
       Then Round(d.Amount / d.Quantity1, 2) End As REALISED_RATE
From PurchaseBillDetail d
Join PCC_PurchaseBill h On h.TNo = d.TNo
Where h.TNo = :P937_TNO
  And ((Select SAGAR.GetUserPanelAB_apex() From dual) Is Null
       Or h.Panel = (Select SAGAR.GetUserPanelAB_apex() From dual))
Order By d.SNo","","",""
937,"Purchase Bill 360","PURCHASE-BILL-360",955540869905436256,"Receipts Behind This Bill","rule-linked","NATIVE_STATIC","","<div class=""ds-purchase-section"">
  <h2>Receipts Behind This Bill</h2>
  <p>The goods receipts this invoice was raised against, via
     <code>PurchaseBillGRNDetail</code>. An empty list is not automatically a
     fault &mdash; a service, freight or direct-purchase bill has nothing to
     receive.</p>
</div>","","",""
937,"Purchase Bill 360","PURCHASE-BILL-360",955540964868436257,"Receipts Against This Bill","linked-grn","NATIVE_IR","","Select
  g.GrnNo As GRN_NO,
  g.GrnDate As GRN_DATE,
  GetLocationName(g.LocationCode) As LOCATION,
  nvl((Select o.PurchaseOrderNo From PCC_PurchaseOrder o
        Where o.TNo = g.PurchaseOrderTNo),
      '<span class=""ds-muted"">no order linked</span>') As AGAINST_ORDER,
  (Select Sum(nvl(gd.ReceivedQuantity1,0)) From GrnDetail gd
    Where gd.TNo = g.TNo) As RECEIVED_QTY,
  (Select Sum(nvl(gd.RejectedQuantity1,0)) From GrnDetail gd
    Where gd.TNo = g.TNo) As REJECTED_QTY,
  Case When (Select Sum(nvl(gd.RejectedQuantity1,0)) From GrnDetail gd
              Where gd.TNo = g.TNo) > 0
       Then '<span class=""ds-pill ds-pill--bad"">Rejection recorded</span>'
       Else '<span class=""ds-pill ds-pill--good"">Accepted</span>'
  End As STATUS
From PurchaseBillGRNDetail bg
Join PCC_Grn g On g.TNo = bg.GRNTno
Join PCC_PurchaseBill h On h.TNo = bg.TNo
Where bg.TNo = :P937_TNO
  And ((Select SAGAR.GetUserPanelAB_apex() From dual) Is Null
       Or h.Panel = (Select SAGAR.GetUserPanelAB_apex() From dual))
Order By g.GrnDate, g.GrnNo","","",""
939,"Purchase Order 360","PURCHASE-ORDER-360",949482886101552971,"Purchase Order 360","command-header","NATIVE_SQL_REPORT","","Select
  '<div class=""ds-purchase-head"">'
  || '<div class=""ds-purchase-head-eyebrow"">Purchase Order 360</div>'
  || '<h1 class=""ds-purchase-head-title"">Order '
     || apex_escape.html(o.PurchaseOrderNo) || '</h1>'
  || '<p class=""ds-purchase-head-sub"">The complete record of one order &mdash; '
  || 'what was ordered, how much has arrived, and what has been billed '
  || 'against it.</p>'
  || '<div class=""ds-purchase-head-context"">'
  || '<span class=""ds-purchase-head-chip"">Order date <b>'
     || apex_escape.html(to_char(o.PurchaseOrderDate,'DD-Mon-RRRR'))
     || '</b></span>'
  || '<span class=""ds-purchase-head-chip"">Supplier <b>'
     || apex_escape.html(nvl(GetPartyName(o.PartyCode),'not recorded'))
     || '</b></span>'
  || '<span class=""ds-purchase-head-chip"">GSTIN <b>'
     || apex_escape.html(nvl(GetPartyAttributeValue(o.PartyCode,'GSTINNO'),
                             'Not on file'))
     || '</b></span>'
  || '<span class=""ds-purchase-head-chip"">PAN <b>'
     || apex_escape.html(nvl(GetPartyAttributeValue(o.PartyCode,'PANNO'),
                             'Not on file'))
     || '</b></span>'
  || '<span class=""ds-purchase-head-chip"">Company <b>'
     || apex_escape.html(nvl(GetCompanyName(o.CompanyCode),'not recorded'))
     || '</b></span>'
  || '<span class=""ds-purchase-head-chip"">Location <b>'
     || apex_escape.html(nvl(GetLocationName(o.LocationCode),'not recorded'))
     || '</b></span>'
  || '<span class=""ds-purchase-head-chip"">Doc type <b>'
     || apex_escape.html(
          nvl((Select dt.DocTypeName From DocType dt
                Where dt.DocTypeCode = o.DocTypeCode), o.DocTypeCode))
     || '</b></span>'
  || '<span class=""ds-purchase-head-chip"">Delivery due <b>'
     || apex_escape.html(nvl(to_char(o.DeliveryDate,'DD-Mon-RRRR'),
                             'none recorded'))
     || '</b></span>'
  -- Shown as linked / not linked: the Tno columns are confirmed, the
  -- corresponding document-number columns are not.
  || '<span class=""ds-purchase-head-chip"">Indent <b>'
     || Case When o.IndentTno Is Not Null Then 'Linked'
             Else 'Not linked' End || '</b></span>'
  || '<span class=""ds-purchase-head-chip"">Quotation <b>'
     || Case When o.QuotationTno Is Not Null Then 'Linked'
             Else 'Not linked' End || '</b></span>'
  || '<span class=""ds-purchase-head-chip"">Sourcing route <b>'
     || Case When o.QuotationTno Is Not Null Then 'Tender'
             When o.IndentTno    Is Not Null Then 'Direct indent'
             Else 'Ad hoc' End || '</b></span>'
  -- Existence of a PurchaseOrderClose row means the order was short-closed.
  || '<span class=""ds-purchase-head-chip"">Status <b>'
     || Case When Exists (Select 1 From PurchaseOrderClose poc
                           Where poc.PurchaseOrderTNo = o.TNo)
             Then 'Short-closed' Else 'Open' End || '</b></span>'
  || '</div></div>' As HEAD
From PCC_PurchaseOrder o
Where o.TNo = :P939_TNO
  -- Enforcement lives HERE. An out-of-panel order returns no row and the
  -- region renders its ""not found"" message.
  And ((Select SAGAR.GetUserPanelAB_apex() From dual) Is Null
       Or o.Panel = (Select SAGAR.GetUserPanelAB_apex() From dual))","","",""
939,"Purchase Order 360","PURCHASE-ORDER-360",949483097164552972,"Order Position","kpi-strip","NATIVE_SQL_REPORT","","With Lines As (
  Select od.Quantity1 Qty,
         nvl(od.ReceivedQuantity1,0) Recd,
         od.Amount Amt
    From PurchaseOrderDetail od
    Join PCC_PurchaseOrder o On o.TNo = od.TNo
   Where o.TNo = :P939_TNO
     And ((Select SAGAR.GetUserPanelAB_apex() From dual) Is Null
          Or o.Panel = (Select SAGAR.GetUserPanelAB_apex() From dual))),
Agg As (
  Select Count(*) Lines,
         Sum(Amt) OrderValue,
         -- Unit-free: proportion of LINES fully received. A quantity ratio
         -- would add incompatible units across a mixed-unit order.
         Sum(Case When Qty > 0 And Recd >= Qty Then 1 Else 0 End) LinesFull,
         -- LEAST guards over-receipt so pending cannot go negative.
         Sum(Case When nvl(Qty,0) > 0
                  Then Amt * (Qty - Least(Recd, Qty)) / Qty
                  Else 0 End) PendingValue
    From Lines),
Rec As (
  -- Context only. This does NOT drive the progress figures above.
  Select Count(Distinct g.TNo) Grns, Max(g.GrnDate) LastGrn
    From PCC_Grn g
   Where g.PurchaseOrderTNo = :P939_TNO
     And ((Select SAGAR.GetUserPanelAB_apex() From dual) Is Null
          Or g.Panel = (Select SAGAR.GetUserPanelAB_apex() From dual))),
Bil As (
  Select Count(Distinct h.TNo) Bills, Sum(d.Amount) Billed
    From PCC_PurchaseBill h
    Join PurchaseBillDetail d On d.TNo = h.TNo
   Where h.PurchaseOrderTNo = :P939_TNO
     And ((Select SAGAR.GetUserPanelAB_apex() From dual) Is Null
          Or h.Panel = (Select SAGAR.GetUserPanelAB_apex() From dual))),
Pss As (
  Select Sum(p.PBPassAmount) Passed, Sum(p.PaidAmount) PaidAdv
    From PCC_PBPass p
    Join PCC_PurchaseBill h On h.TNo = p.PurchaseBillTNo
   Where h.PurchaseOrderTNo = :P939_TNO
     And ((Select SAGAR.GetUserPanelAB_apex() From dual) Is Null
          Or h.Panel = (Select SAGAR.GetUserPanelAB_apex() From dual)))
Select
  '<div class=""ds-kpi ds-kpi--value"" title=""SUM(PurchaseOrderDetail.Amount). '
  || 'Committed value, excluding footer tax carried on the order header."">'
  || '<span class=""ds-kpi-ic""><span class=""fa fa-inr""></span></span>'
  || '<span class=""ds-kpi-body"">'
  || '<span class=""ds-kpi-t"">Order Value</span>'
  || '<span class=""ds-kpi-n"">'
     || Case When nvl(a.OrderValue,0) >= 10000000
             Then 'Rs ' || to_char(Round(a.OrderValue/10000000,2),'FM99G990D00') || ' Cr'
             When nvl(a.OrderValue,0) >= 100000
             Then 'Rs ' || to_char(Round(a.OrderValue/100000,2),'FM99G990D00') || ' L'
             Else 'Rs ' || to_char(nvl(a.OrderValue,0),'FM99G99G990D00') End
     || '</span>'
  || '<span class=""ds-kpi-sub"">' || to_char(nvl(a.Lines,0),'FM999G999')
     || ' order lines</span>'
  || '</span></div>' As KPI1,
  '<div class=""ds-kpi ds-kpi--ok"" title=""Proportion of order LINES fully '
  || 'received, read from PurchaseOrderDetail.ReceivedQuantity1. Deliberately '
  || 'unit-free — a quantity ratio would add incompatible units across the '
  || 'lines of a mixed-unit order."">'
  || '<span class=""ds-kpi-ic""><span class=""fa fa-truck""></span></span>'
  || '<span class=""ds-kpi-body"">'
  || '<span class=""ds-kpi-t"">Lines Fully Received</span>'
  || '<span class=""ds-kpi-n"">'
     || Case When nvl(a.Lines,0) > 0
             Then to_char(Round(100 * a.LinesFull / a.Lines,1),'FM99999990D0') || '%'
             Else 'n/a' End || '</span>'
  || '<span class=""ds-kpi-sub"">' || to_char(nvl(a.LinesFull,0),'FM999G999')
     || ' of ' || to_char(nvl(a.Lines,0),'FM999G999')
     || ' lines complete</span>'
  || '</span></div>' As KPI2,
  '<div class=""ds-kpi ds-kpi--risk"" title=""Amount * (Quantity1 - LEAST('
  || 'ReceivedQuantity1, Quantity1)) / Quantity1, summed over the lines. '
  || 'PRO-RATED ARITHMETIC — this ERP stores no pending-value column, so this '
  || 'is derived from the line, not a figure the ERP holds."">'
  || '<span class=""ds-kpi-ic""><span class=""fa fa-hourglass-half""></span></span>'
  || '<span"," class=""ds-kpi-body"">'
  || '<span class=""ds-kpi-t"">Pending Value</span>'
  || '<span class=""ds-kpi-n"">'
     || Case When nvl(a.PendingValue,0) >= 10000000
             Then 'Rs ' || to_char(Round(a.PendingValue/10000000,2),'FM99G990D00') || ' Cr'
             When nvl(a.PendingValue,0) >= 100000
             Then 'Rs ' || to_char(Round(a.PendingValue/100000,2),'FM99G990D00') || ' L'
             Else 'Rs ' || to_char(nvl(a.PendingValue,0),'FM99G99G990D00') End
     || '</span>'
  || '<span class=""ds-kpi-sub"">pro-rated within the line, not stored</span>'
  || '</span></div>' As KPI3,
  '<div class=""ds-kpi ds-kpi--input"" title=""COUNT(DISTINCT Grn.TNo) where '
  || 'Grn.PurchaseOrderTNo is this order. Context only — the progress figures '
  || 'come from the order line, because one order can feed several receipts '
  || 'and a join would double-count."">'
  || '<span class=""ds-kpi-ic""><span class=""fa fa-sign-in""></span></span>'
  || '<span class=""ds-kpi-body"">'
  || '<span class=""ds-kpi-t"">Receipts</span>'
  || '<span class=""ds-kpi-n"">' || to_char(nvl(r.Grns,0),'FM999G999') || '</span>'
  || '<span class=""ds-kpi-sub"">'
     || nvl('last on ' || to_char(r.LastGrn,'DD-Mon-RRRR'),
            'nothing received yet') || '</span>'
  || '</span></div>' As KPI4,
  -- The blueprint's Billed % is absent: PurchaseBillQuantity1 is not
  -- corroborated in this application, so billing is reported as count and
  -- value rather than as a percentage of ordered quantity.
  '<div class=""ds-kpi ds-kpi--bill"" title=""Bills carrying PurchaseOrderTNo = '
  || 'this order, valued at SUM(PurchaseBillDetail.Amount). Reported as count '
  || 'and value rather than as a percentage of ordered quantity, because '
  || 'PurchaseOrderDetail.PurchaseBillQuantity1 is not present in this '
  || 'application."">'
  || '<span class=""ds-kpi-ic""><span class=""fa fa-file-text-o""></span></span>'
  || '<span class=""ds-kpi-body"">'
  || '<span class=""ds-kpi-t"">Billed Against Order</span>'
  || '<span class=""ds-kpi-n"">'
     || Case When nvl(b.Billed,0) >= 10000000
             Then 'Rs ' || to_char(Round(b.Billed/10000000,2),'FM99G990D00') || ' Cr'
             When nvl(b.Billed,0) >= 100000
             Then 'Rs ' || to_char(Round(b.Billed/100000,2),'FM99G990D00') || ' L'
             Else 'Rs ' || to_char(nvl(b.Billed,0),'FM99G99G990D00') End
     || '</span>'
  || '<span class=""ds-kpi-sub"">' || to_char(nvl(b.Bills,0),'FM999G999')
     || ' bills booked against this order</span>'
  || '</span></div>' As KPI5,
  '<div class=""ds-kpi ds-kpi--suppl"" title=""SUM(PBPass.PBPassAmount) on the '
  || 'bills against this order. Paid is the Payment Advice basis only, as '
  || 'everywhere this column is used."">'
  || '<span class=""ds-kpi-ic""><span class=""fa fa-check-square-o""></span></span>'
  || '<span class=""ds-kpi-body"">'
  || '<span class=""ds-kpi-t"">Passed</span>'
  || '<span class=""ds-kpi-n"">'
     || Case When nvl(p.Passed,0) >= 10000000
             Then 'Rs ' || to_char(Round(p.Passed/10000000,2),'FM99G990D00') || ' Cr'
             When nvl(p.Passed,0) >= 100000
             Then 'Rs ' || to_char(Round(p.Passed/100000,2),'FM99G990D00') || ' L'
             Else 'Rs ' || to_char(nvl(p.Passed,0),'FM99G99G990D00') End
     || '</span>'
  || '<span class=""ds-kpi-sub"">Rs '
     || to_char(nvl(p.PaidAdv,0),'FM99G99G99G990D00')
     || ' settled <span class=""ds-muted"">(advice basis)</span></span>'
  || '</span></div>' As KPI6
From Agg a Cross Join Rec r Cross Join Bil b Cross Join Pss p","",""
939,"Purchase Order 360","PURCHASE-ORDER-360",949486540581553008,"Order Lines","rule-lines","NATIVE_STATIC","","<div class=""ds-purchase-section"">
  <h2>Order Lines</h2>
  <p>What was ordered and how much of each line has arrived. Pending quantity
     is capped at the ordered quantity, so an over-receipt shows as complete
     rather than as a negative outstanding.</p>
</div>","","",""
939,"Purchase Order 360","PURCHASE-ORDER-360",949485422842553008,"Order Lines","order-lines","NATIVE_SQL_REPORT","","Select
  od.SNo As LINE_NO,
  nvl((Select i.ItemName From Item i Where i.ItemCode = od.ItemCode),
      od.ItemCode) As ITEM,
  nvl((Select s.ItemSpecificationName From ItemSpecification s
        Where s.ItemSpecificationCode = od.ItemSpecificationCode),
      '<span class=""ds-muted"">no specification</span>') As SPECIFICATION,
  od.Quantity1 As ORDERED,
  nvl(od.ReceivedQuantity1,0) As RECEIVED,
  -- GREATEST(...,0) so an over-receipt reads as nothing outstanding, never
  -- as a negative pending quantity.
  Greatest(od.Quantity1 - nvl(od.ReceivedQuantity1,0), 0) As PENDING,
  od.Rate As RATE,
  od.DiscountRate As DISCOUNT_RATE,
  od.Amount As AMOUNT,
  '<span class=""ds-pill ds-pill--'
  || Case
       When nvl(od.Quantity1,0) = 0 Then 'muted'
       When nvl(od.ReceivedQuantity1,0) >= od.Quantity1 Then 'good'
       When nvl(od.ReceivedQuantity1,0) > 0 Then 'warn'
       Else 'bad'
     End
  || '"">'
  || Case
       When nvl(od.Quantity1,0) = 0 Then 'No quantity'
       When nvl(od.ReceivedQuantity1,0) >= od.Quantity1 Then 'Complete'
       When nvl(od.ReceivedQuantity1,0) > 0 Then 'Part received'
       Else 'Awaited'
     End
  || '</span>' As STATUS
From PurchaseOrderDetail od
Join PCC_PurchaseOrder o On o.TNo = od.TNo
Where o.TNo = :P939_TNO
  And ((Select SAGAR.GetUserPanelAB_apex() From dual) Is Null
       Or o.Panel = (Select SAGAR.GetUserPanelAB_apex() From dual))
Order By od.SNo","","",""
939,"Purchase Order 360","PURCHASE-ORDER-360",949486693211553009,"Linked Documents","rule-linked","NATIVE_STATIC","","<div class=""ds-purchase-section"">
  <h2>Documents Against This Order</h2>
  <p>The receipts and bills booked against this order. These are shown for
     traceability &mdash; they are <em>not</em> what drives the progress
     figures above, which come from the order line itself.</p>
</div>","","",""
939,"Purchase Order 360","PURCHASE-ORDER-360",949484619180553007,"Receipts Against This Order","linked-grn","NATIVE_SQL_REPORT","","Select
  g.GrnNo As GRN_NO,
  g.GrnDate As GRN_DATE,
  GetLocationName(g.LocationCode) As LOCATION,
  Count(gd.SNo) As LINES,
  Sum(nvl(gd.ReceivedQuantity1,0)) As RECEIVED_QTY,
  Sum(nvl(gd.RejectedQuantity1,0)) As REJECTED_QTY,
  Case When Sum(nvl(gd.RejectedQuantity1,0)) > 0
       Then '<span class=""ds-pill ds-pill--bad"">Rejection recorded</span>'
       Else '<span class=""ds-pill ds-pill--good"">Accepted</span>'
  End As STATUS
From PCC_Grn g
Join GrnDetail gd On gd.TNo = g.TNo
Where g.PurchaseOrderTNo = :P939_TNO
  And ((Select SAGAR.GetUserPanelAB_apex() From dual) Is Null
       Or g.Panel = (Select SAGAR.GetUserPanelAB_apex() From dual))
Group By g.GrnNo, g.GrnDate, g.LocationCode
Order By g.GrnDate, g.GrnNo","","",""
939,"Purchase Order 360","PURCHASE-ORDER-360",949483755928553007,"Bills Against This Order","linked-bills","NATIVE_SQL_REPORT","","Select
  h.PartyBillNo As SUPPLIER_BILL_NO,
  h.PartyBillDate As SUPPLIER_BILL_DATE,
  h.PurchaseBillDate As BOOKED_ON,
  Count(d.SNo) As LINES,
  Sum(d.Amount) As LINE_VALUE,
  p.PBPassAmount As PASSED,
  p.PaidAmount As PAID_VIA_ADVICE,
  '<span class=""ds-pill ds-pill--'
  || Case
       When p.PurchaseBillTNo Is Null Then 'warn'
       When nvl(p.PaidAmount,0) = 0 Then 'info'
       When nvl(p.PaidAmount,0) >= nvl(p.PBPassAmount,0) Then 'good'
       Else 'accent'
     End
  || '"">'
  || Case
       When p.PurchaseBillTNo Is Null Then 'Not passed'
       When nvl(p.PaidAmount,0) = 0 Then 'No advice settlement'
       When nvl(p.PaidAmount,0) >= nvl(p.PBPassAmount,0) Then 'Settled'
       Else 'Part settled'
     End
  || '</span>' As POSITION
From PCC_PurchaseBill h
Join PurchaseBillDetail d On d.TNo = h.TNo
Left Join PCC_PBPass p On p.PurchaseBillTNo = h.TNo
Where h.PurchaseOrderTNo = :P939_TNO
  And ((Select SAGAR.GetUserPanelAB_apex() From dual) Is Null
       Or h.Panel = (Select SAGAR.GetUserPanelAB_apex() From dual))
Group By h.PartyBillNo, h.PartyBillDate, h.PurchaseBillDate,
         p.PurchaseBillTNo, p.PBPassAmount, p.PaidAmount
Order By h.PurchaseBillDate, h.PartyBillNo","","",""
941,"Trading Operations Control Tower","TRADING-OPERATIONS-CONTROL-TOWER",8353430808702776,"Metric scope & availability","tc941-scope","NATIVE_STATIC","","<div class=""tc941-note""><strong>Recorded evidence</strong> · Updated &P941_UPDATED.<br>Activity: selected period. Open commitments, stock and ledger: through cutoff, including earlier years. Current document states; historical state reconstruction is unavailable. Values are INR. Quantities retain their units.</div>
<div class=""tc941-note""><strong>NOT AVAILABLE IN CURRENT ERP:</strong> SO reservation/free/ready quantities; gate departure, physical dispatch, in-transit location and delivery/POD; timed processing WIP/SLA; complete gross margin and explicit financial overdue. Reservations, weighment, LR and POD are unpopulated; gate/process timestamps and bill due dates are blank; complete direct-cost attribution is missing.</div>
<div class=""tc941-note"">AR/AP are company/location ledger balances: <strong>scope unaffected by customer, supplier, item and route filters</strong>. Shared stock is not allocated to a customer/SO. Storage filter affects stock only. Unproven customer/route attribution is excluded with coverage notes; zero rows are not proof that an unsupported stage is complete.</div>","","",""
941,"Trading Operations Control Tower","TRADING-OPERATIONS-CONTROL-TOWER",8353430808702777,"Executive Pulse","tc941-executive","NATIVE_SQL_REPORT","","with f as (select /*+ materialize */ * from table(IMART_TC941.get_rows('FACT',json_object('P941_COMPANY' value :P941_COMPANY,'P941_LOCATION' value :P941_LOCATION,'P941_FINANCIALYEAR' value :P941_FINANCIALYEAR,'P941_FROMDATE' value :P941_FROMDATE,'P941_TODATE' value :P941_TODATE,'P941_ROUTE' value :P941_ROUTE,'P941_CUSTOMER' value :P941_CUSTOMER,'P941_SUPPLIER' value :P941_SUPPLIER,'P941_ITEM' value :P941_ITEM,'P941_SPECIFICATION' value :P941_SPECIFICATION,'P941_ITEMCATEGORY' value :P941_ITEMCATEGORY,'P941_STORAGELOCATION' value :P941_STORAGELOCATION,'P941_SALESEXECUTIVE' value :P941_SALESEXECUTIVE,'P941_REFRESH_KEY' value :P941_REFRESH_KEY,'P941_DRILL_KIND' value :P941_DRILL_KIND,'P941_DOCUMENT_TNO' value :P941_DOCUMENT_TNO,'P941_ITEM_CODE' value :P941_ITEM_CODE,'P941_SPECIFICATION_CODE' value :P941_SPECIFICATION_CODE,'P941_SCOPE_TOKEN' value :P941_SCOPE_TOKEN returning varchar2(4000))))), m as (
select 1 seq,'SALES' metric,'Recorded Sales' label,sum(value1) amount,'Net accounting invoices · '||case when to_date(:P941_FROMDATE,'DD-MM-YYYY')=trunc(sysdate,'MM') and to_date(:P941_TODATE,'DD-MM-YYYY')=trunc(sysdate) then 'MTD' else 'Selected period' end note from f where kind='SALE'
union all select 2,'PURCHASES','Recorded Purchases',sum(value1),'Net purchase bills · selected period' from f where kind='PURCHASE'
union all select 3,'STOCK','Book Inventory Value',sum(value1),'Recorded lot cost · missing rates excluded' from f where kind='STOCK'
union all select 4,'SO','Open SO Families',count(distinct case when qty3>0 then companycode||'/'||familytno end),'Active, unambiguous residual commitments' from f where kind='SO'
union all select 5,'PO','Open Purchase Orders',count(distinct case when qty3>0 then companycode||'/'||tno end),'Ordered less eligible recorded GRN' from f where kind='PO'
union all select 6,'AR','Customer Ledger Receivable',sum(value1),'Ledger basis · company/location scope' from f where metric='AR'
union all select 7,'AP','Supplier Ledger Payable',sum(value1),'Ledger basis · company/location scope' from f where metric='AP'
union all select 8,'RISK','Critical Exceptions',count(distinct modulecode||'/'||tno),'Affected documents · category counts overlap' from f where kind='EXCEPTION' and severity='CRITICAL'
) select '<a class=""tc941-kpi"" href=""'||apex_escape.html_attribute(IMART_TC941.drill_url(metric))||'""><span class=""tc941-kpi-label"">'||label||'</span><strong>'||case when metric in ('SO','PO','RISK') then to_char(nvl(amount,0),'FM999G999G990') else to_char(nvl(amount,0),'FM999G999G999G999G990D00') end||'</strong><span class=""tc941-kpi-note"">'||note||'</span></a>' content from m order by seq","","",""
941,"Trading Operations Control Tower","TRADING-OPERATIONS-CONTROL-TOWER",8353430808702779,"Trading Lifecycle — recorded evidence","tc941-lifecycle","NATIVE_SQL_REPORT","","with f as (select /*+ materialize */ * from table(IMART_TC941.get_rows('FACT',json_object('P941_COMPANY' value :P941_COMPANY,'P941_LOCATION' value :P941_LOCATION,'P941_FINANCIALYEAR' value :P941_FINANCIALYEAR,'P941_FROMDATE' value :P941_FROMDATE,'P941_TODATE' value :P941_TODATE,'P941_ROUTE' value :P941_ROUTE,'P941_CUSTOMER' value :P941_CUSTOMER,'P941_SUPPLIER' value :P941_SUPPLIER,'P941_ITEM' value :P941_ITEM,'P941_SPECIFICATION' value :P941_SPECIFICATION,'P941_ITEMCATEGORY' value :P941_ITEMCATEGORY,'P941_STORAGELOCATION' value :P941_STORAGELOCATION,'P941_SALESEXECUTIVE' value :P941_SALESEXECUTIVE,'P941_REFRESH_KEY' value :P941_REFRESH_KEY,'P941_DRILL_KIND' value :P941_DRILL_KIND,'P941_DOCUMENT_TNO' value :P941_DOCUMENT_TNO,'P941_ITEM_CODE' value :P941_ITEM_CODE,'P941_SPECIFICATION_CODE' value :P941_SPECIFICATION_CODE,'P941_SCOPE_TOKEN' value :P941_SCOPE_TOKEN returning varchar2(4000))))), stages as (
select 1 seq,'SO' metric,'Current demand' label,count(distinct case when qty3>0 then familytno end) docs,'order families; residual revisions' note from f where kind='SO'
union all select 2,'PO','Procurement evidence',count(distinct case when qty3>0 then tno end),'open PO documents; not transit' from f where kind='PO'
union all select 3,'GRN','Recorded GRN',count(distinct tno),'receipt documents through cutoff' from f where kind='GRN'
union all select 4,'STOCK','Book stock',count(distinct case when qty3<>0 then tno end),'nonzero lots at recorded cost' from f where kind='STOCK'
union all select 5,'PROCESS','Recorded transformation',count(distinct modulecode||'/'||tno),'process documents in selected period' from f where kind='PROCESS'
union all select 6,'ADVICE','Dispatch Advice',count(distinct tno),'advice documents; not departure' from f where kind='ADVICE'
union all select 7,'CC','CC Invoice',count(distinct tno),'eligible customer invoice documents' from f where kind='CC'
union all select 8,'SALES','Accounting billing',count(distinct tno),'raised invoices in selected period' from f where kind='SALE'
union all select 9,'CASH','Recorded collection',count(distinct tno),'posted receipt documents in period' from f where kind='SETTLE'
) select '<a class=""tc941-stage"" href=""'||apex_escape.html_attribute(IMART_TC941.drill_url(metric))||'""><span>'||label||'</span><strong>'||to_char(docs,'FM999G999G990')||'</strong><small>'||note||'</small></a>' content from stages
union all select '<div class=""tc941-flow-note"">Evidence stages overlap; counts have different grains and must not be added. Direct GRN does not establish warehouse receipt. Advice and vehicle numbers do not establish physical delivery.</div>' from dual
union all select '<a class=""tc941-route"" href=""'||apex_escape.html_attribute(IMART_TC941.drill_url('ROUTE'))||'"">'||apex_escape.html(route)||' · '||count(distinct tno)||' invoice documents · recorded material cost '||to_char(sum(value2),'FM999G999G999G990D00')||'</a>' from f where kind='COST' group by route","","",""
941,"Trading Operations Control Tower","TRADING-OPERATIONS-CONTROL-TOWER",8353430808702781,"Demand / Stock / Procurement","tc941-matrix","NATIVE_IR","","with f as (select * from table(IMART_TC941.get_rows('FACT',json_object('P941_COMPANY' value :P941_COMPANY,'P941_LOCATION' value :P941_LOCATION,'P941_FINANCIALYEAR' value :P941_FINANCIALYEAR,'P941_FROMDATE' value :P941_FROMDATE,'P941_TODATE' value :P941_TODATE,'P941_ROUTE' value :P941_ROUTE,'P941_CUSTOMER' value :P941_CUSTOMER,'P941_SUPPLIER' value :P941_SUPPLIER,'P941_ITEM' value :P941_ITEM,'P941_SPECIFICATION' value :P941_SPECIFICATION,'P941_ITEMCATEGORY' value :P941_ITEMCATEGORY,'P941_STORAGELOCATION' value :P941_STORAGELOCATION,'P941_SALESEXECUTIVE' value :P941_SALESEXECUTIVE,'P941_REFRESH_KEY' value :P941_REFRESH_KEY,'P941_DRILL_KIND' value :P941_DRILL_KIND,'P941_DOCUMENT_TNO' value :P941_DOCUMENT_TNO,'P941_ITEM_CODE' value :P941_ITEM_CODE,'P941_SPECIFICATION_CODE' value :P941_SPECIFICATION_CODE,'P941_SCOPE_TOKEN' value :P941_SCOPE_TOKEN returning varchar2(4000)))) where kind in ('SO','PO','STOCK')),
m as (select companycode,locationcode,itemcode,speccode,uom,
sum(case when kind='SO' then qty3 else 0 end) demand,
sum(case when kind='STOCK' then qty3 else 0 end) book_stock,
sum(case when kind='PO' then qty3 else 0 end) inbound
from f group by companycode,locationcode,itemcode,speccode,uom)
select getlocationname(locationcode) location,getitemname(itemcode) item,itemcode,speccode specification,uom unit,
demand,book_stock,inbound,greatest(demand-greatest(book_stock,0),0) demand_gap,
greatest(demand-greatest(book_stock,0)-inbound,0) projected_gap,
IMART_TC941.drill_url('ITEM',null,itemcode,speccode) source_link,
'Planning coverage only; no reservation or guaranteed arrival. Negative stock is an exception, not supply.' interpretation
from m where demand<>0 or book_stock<>0 or inbound<>0","","",""
941,"Trading Operations Control Tower","TRADING-OPERATIONS-CONTROL-TOWER",8353430808702796,"Recorded Fulfilment / Logistics","tc941-operations","NATIVE_IR","","select kind evidence_type,modulecode,documentno document,documentdate recorded_date,getlocationname(locationcode) location,
itemcode,speccode specification,uom unit,route,status,qty1 input_or_recorded_qty,qty2 output_qty,qty3 loss_qty,value1 recorded_amount,
notes meaning,IMART_TC941.document_url(modulecode,tno) source_link
from table(IMART_TC941.get_rows('OPERATIONS',json_object('P941_COMPANY' value :P941_COMPANY,'P941_LOCATION' value :P941_LOCATION,'P941_FINANCIALYEAR' value :P941_FINANCIALYEAR,'P941_FROMDATE' value :P941_FROMDATE,'P941_TODATE' value :P941_TODATE,'P941_ROUTE' value :P941_ROUTE,'P941_CUSTOMER' value :P941_CUSTOMER,'P941_SUPPLIER' value :P941_SUPPLIER,'P941_ITEM' value :P941_ITEM,'P941_SPECIFICATION' value :P941_SPECIFICATION,'P941_ITEMCATEGORY' value :P941_ITEMCATEGORY,'P941_STORAGELOCATION' value :P941_STORAGELOCATION,'P941_SALESEXECUTIVE' value :P941_SALESEXECUTIVE,'P941_REFRESH_KEY' value :P941_REFRESH_KEY,'P941_DRILL_KIND' value :P941_DRILL_KIND,'P941_DOCUMENT_TNO' value :P941_DOCUMENT_TNO,'P941_ITEM_CODE' value :P941_ITEM_CODE,'P941_SPECIFICATION_CODE' value :P941_SPECIFICATION_CODE,'P941_SCOPE_TOKEN' value :P941_SCOPE_TOKEN returning varchar2(4000))))","","",""
941,"Trading Operations Control Tower","TRADING-OPERATIONS-CONTROL-TOWER",8353430808702815,"Exceptions — source evidence","tc941-exceptions","NATIVE_IR","","select severity,issue,modulecode,documentno document,documentdate recorded_date,getlocationname(locationcode) location,itemcode,speccode specification,uom unit,
age document_age_days,qty4 quantity_difference,value3 value_difference,notes reason,
IMART_TC941.document_url(modulecode,case when modulecode='INVOICE' then relatedtno else tno end) source_link
from table(IMART_TC941.get_rows('EXCEPTION',json_object('P941_COMPANY' value :P941_COMPANY,'P941_LOCATION' value :P941_LOCATION,'P941_FINANCIALYEAR' value :P941_FINANCIALYEAR,'P941_FROMDATE' value :P941_FROMDATE,'P941_TODATE' value :P941_TODATE,'P941_ROUTE' value :P941_ROUTE,'P941_CUSTOMER' value :P941_CUSTOMER,'P941_SUPPLIER' value :P941_SUPPLIER,'P941_ITEM' value :P941_ITEM,'P941_SPECIFICATION' value :P941_SPECIFICATION,'P941_ITEMCATEGORY' value :P941_ITEMCATEGORY,'P941_STORAGELOCATION' value :P941_STORAGELOCATION,'P941_SALESEXECUTIVE' value :P941_SALESEXECUTIVE,'P941_REFRESH_KEY' value :P941_REFRESH_KEY,'P941_DRILL_KIND' value :P941_DRILL_KIND,'P941_DOCUMENT_TNO' value :P941_DOCUMENT_TNO,'P941_ITEM_CODE' value :P941_ITEM_CODE,'P941_SPECIFICATION_CODE' value :P941_SPECIFICATION_CODE,'P941_SCOPE_TOKEN' value :P941_SCOPE_TOKEN returning varchar2(4000)))) order by case severity when 'CRITICAL' then 1 else 2 end,age desc","","",""
941,"Trading Operations Control Tower","TRADING-OPERATIONS-CONTROL-TOWER",8353430808702832,"Cost Coverage / Reconciliation","tc941-cost","NATIVE_SQL_REPORT","","with f as (select * from table(IMART_TC941.get_rows('FACT',json_object('P941_COMPANY' value :P941_COMPANY,'P941_LOCATION' value :P941_LOCATION,'P941_FINANCIALYEAR' value :P941_FINANCIALYEAR,'P941_FROMDATE' value :P941_FROMDATE,'P941_TODATE' value :P941_TODATE,'P941_ROUTE' value :P941_ROUTE,'P941_CUSTOMER' value :P941_CUSTOMER,'P941_SUPPLIER' value :P941_SUPPLIER,'P941_ITEM' value :P941_ITEM,'P941_SPECIFICATION' value :P941_SPECIFICATION,'P941_ITEMCATEGORY' value :P941_ITEMCATEGORY,'P941_STORAGELOCATION' value :P941_STORAGELOCATION,'P941_SALESEXECUTIVE' value :P941_SALESEXECUTIVE,'P941_REFRESH_KEY' value :P941_REFRESH_KEY,'P941_DRILL_KIND' value :P941_DRILL_KIND,'P941_DOCUMENT_TNO' value :P941_DOCUMENT_TNO,'P941_ITEM_CODE' value :P941_ITEM_CODE,'P941_SPECIFICATION_CODE' value :P941_SPECIFICATION_CODE,'P941_SCOPE_TOKEN' value :P941_SCOPE_TOKEN returning varchar2(4000))))), c as (
select sum(value1) invoice_value,sum(case when qty2>0 then value1 else 0 end) provenance_value,
sum(value2) cost,count(case when abs(nvl(qty1,0)-nvl(qty2,0))>0.00000001 then 1 end) incomplete,
count(case when qty3>0 then 1 end) missing_rate from f where kind='COST'
) select '<a class=""tc941-cost-cell"" href=""'||apex_escape.html_attribute(IMART_TC941.drill_url('COST'))||'""><strong>Stock-cost provenance</strong><span>'||to_char(case when invoice_value<>0 then 100*provenance_value/invoice_value end,'FM990D00')||'% of invoice line value</span><small>Allocation evidence; does not mean complete margin coverage.</small></a>' content from c
union all select '<a class=""tc941-cost-cell"" href=""'||apex_escape.html_attribute(IMART_TC941.drill_url('COST'))||'""><strong>Recorded stock cost</strong><span>'||to_char(nvl(cost,0),'FM999G999G999G999G990D00')||'</span><small>Current lot rates; freight may already be included.</small></a>' from c
union all select '<a class=""tc941-cost-cell"" href=""'||apex_escape.html_attribute(IMART_TC941.drill_url('COST'))||'""><strong>Allocation completeness</strong><span>'||incomplete||' quantity gaps · '||missing_rate||' missing-rate lines</span><small>Check quantities and cost-voucher differences in evidence.</small></a>' from c
union all select '<div class=""tc941-cost-cell""><strong>Actual gross margin</strong><span>NOT AVAILABLE IN CURRENT ERP</span><small>Processing, loading/unloading and other direct cost attribution is incomplete. No partial spread is published as profit.</small></div>' from dual","","",""
941,"Trading Operations Control Tower","TRADING-OPERATIONS-CONTROL-TOWER",8353430808702834,"Selected Metric Evidence","tc941-evidence","NATIVE_IR","","select metric,modulecode source_module,tno source_identity,sno source_line,familytno family_identity,relatedtno linked_identity,
documentno document,documentdate recorded_date,promisedate promise_date,companycode company,getlocationname(locationcode) location,
getpartyname(partycode) customer,getpartyname(suppliercode) supplier,itemcode,speccode specification,uom unit,route,status current_state,
qty1 source_quantity,qty2 linked_quantity,qty3 remaining_or_output,qty4 stored_counter_or_gap,value1 amount,value2 comparison_amount,value3 balance_or_difference,
age document_age_days,nvl(storagecode,'Unassigned storage') storage,notes formula_and_coverage,
IMART_TC941.document_url(modulecode,case when modulecode='INVOICE' then relatedtno else tno end) source_link
from table(IMART_TC941.get_rows('EVIDENCE',json_object('P941_COMPANY' value :P941_COMPANY,'P941_LOCATION' value :P941_LOCATION,'P941_FINANCIALYEAR' value :P941_FINANCIALYEAR,'P941_FROMDATE' value :P941_FROMDATE,'P941_TODATE' value :P941_TODATE,'P941_ROUTE' value :P941_ROUTE,'P941_CUSTOMER' value :P941_CUSTOMER,'P941_SUPPLIER' value :P941_SUPPLIER,'P941_ITEM' value :P941_ITEM,'P941_SPECIFICATION' value :P941_SPECIFICATION,'P941_ITEMCATEGORY' value :P941_ITEMCATEGORY,'P941_STORAGELOCATION' value :P941_STORAGELOCATION,'P941_SALESEXECUTIVE' value :P941_SALESEXECUTIVE,'P941_REFRESH_KEY' value :P941_REFRESH_KEY,'P941_DRILL_KIND' value :P941_DRILL_KIND,'P941_DOCUMENT_TNO' value :P941_DOCUMENT_TNO,'P941_ITEM_CODE' value :P941_ITEM_CODE,'P941_SPECIFICATION_CODE' value :P941_SPECIFICATION_CODE,'P941_SCOPE_TOKEN' value :P941_SCOPE_TOKEN returning varchar2(4000))))","","",""
