"PAGE_ID","PAGE_NAME","PAGE_ALIAS","PROCESS_ID","PROCESS_SEQUENCE","PROCESS_POINT","PROCESS_TYPE","PROCESS_NAME","REGION_ID","RETURN_KEY_INTO_ITEM1","RETURN_KEY_INTO_ITEM2","ITEM_NAME","PROCESS_SOURCE","ATTRIBUTE_01","ATTRIBUTE_02","ATTRIBUTE_03","ATTRIBUTE_04","ATTRIBUTE_05","ATTRIBUTE_06","ATTRIBUTE_07","ATTRIBUTE_08","ATTRIBUTE_09","ATTRIBUTE_10","ATTRIBUTE_11","ATTRIBUTE_12","ATTRIBUTE_13","ATTRIBUTE_14","ATTRIBUTE_15"
2,"Template","TEMPLATE",574104165658641131,10,"BEFORE_HEADER","NATIVE_PLSQL","Get Form Status and TNO",,"","","","begin
    if :APP_PAGE_ID = 2 then
        :P2_TNO1 := 2;
    else
        :P2_TNO1 := null;
    end if;

    -- select :P100_TNO into :P2_TNO1 from Dual;   Storing value of Page TNO Into Template TNO1.

    if :P2_TNO1 is null then
        :P2_FORMSTATUS := 'NEWRECORD';
    else
        :P2_FORMSTATUS := 'EDITRECORD';
    end if;

    /*if :p100_tno is null then

        select globaltno.nextval into :p100_tno from dual;

    end if; */
end;","","","","","","","","","","","","","","",""
4,"Company Master","COMPANY-MASTER",575562978728578596,10,"BEFORE_HEADER","NATIVE_FORM_INIT","Initialize form Company Master",839206991729503852,"","","","","","","","","","","","","","","","","","",""
4,"Company Master","COMPANY-MASTER",575563394925578598,30,"AFTER_SUBMIT","NATIVE_FORM_DML","Process form Company Master",839206991729503852,"","","","","","","","","","","","","","","","","","",""
5,"Company Attribute  Detail","COMPANY-ATTRIBUTE-DETAIL",575664878184756197,10,"BEFORE_HEADER","NATIVE_FORM_INIT","Initialize form Company Attribute Detail",872342071770682999,"","","","","","","","","","","","","","","","","","",""
5,"Company Attribute  Detail","COMPANY-ATTRIBUTE-DETAIL",575665265699756197,20,"AFTER_SUBMIT","NATIVE_FORM_DML","Process form Company Master",872342071770682999,"","","","","","","","","","","","","","","","","","",""
5,"Company Attribute  Detail","COMPANY-ATTRIBUTE-DETAIL",575710621575073594,30,"BEFORE_HEADER","NATIVE_PLSQL","Get Form Status And TNO",,"","","","begin
     if :P5_TNO is null then
            :P5_FORMSTATUS := 'NEWRECORD';
        else
            :P5_FORMSTATUS := 'EDITRECORD';
        end if;

    if :P5_TNO is null then

        select globaltno.nextval into :P5_TNO from dual;

    end if;
end;","","","","","","","","","","","","","","",""
8,"City Master","CITY-MASTER",574880037731892045,20,"BEFORE_HEADER","NATIVE_FORM_INIT","Initialize form City Master",574866114746892034,"","","","","","","","","","","","","","","","","","",""
8,"City Master","CITY-MASTER",574880372064892046,20,"AFTER_SUBMIT","NATIVE_FORM_DML","Process form City Master",574866114746892034,"","","","","","","","","","","","","","","","","","",""
8,"City Master","CITY-MASTER",574777322437405030,30,"BEFORE_HEADER","NATIVE_PLSQL","Get Form Status And TNO",,"","","","begin
     if :P8_TNO is null then
            :P8_FORMSTATUS := 'NEWRECORD';
        else
            :P8_FORMSTATUS := 'EDITRECORD';
        end if;

    if :P8_TNO is null then

        select globaltno.nextval into :P8_TNO from dual;

    end if;
end;","","","","","","","","","","","","","","",""
9,"Indent Itemm Detail","INDENT-ITEMM-DETAIL",603460343108171037,10,"BEFORE_HEADER","NATIVE_FORM_INIT","Initialize form Indent Itemm Detail",603435974411170956,"","","","","","","","","","","","","","","","","","",""
9,"Indent Itemm Detail","INDENT-ITEMM-DETAIL",603460677803171042,10,"AFTER_SUBMIT","NATIVE_FORM_DML","Process form Indent Itemm Detail",603435974411170956,"","","","","","","","","","","","","","","","","","",""
10,"Item Ledger","ITEM-LEDGER",217728415984617081,10,"AFTER_SUBMIT","NATIVE_IG_DML","Item Ledger - Save Interactive Grid Data",781918885732158092,"","","","","","","","","","","","","","","","","","",""
14,"General","STEP-1",574780787308405065,10,"BEFORE_HEADER","NATIVE_FORM_INIT","Initialize form Step 1",575847322473957859,"","","","","","","","","","","","","","","","","","",""
15,"Step 2","STEP-2",575871297705998872,10,"BEFORE_HEADER","NATIVE_FORM_INIT","Initialize form Step 2",575850423755957864,"","","","","","","","","","","","","","","","","","",""
16,"Step 3","STEP-3",575885446178032929,10,"BEFORE_HEADER","NATIVE_FORM_INIT","Initialize form Step 3",575854238756957867,"","","","","","","","","","","","","","","","","","",""
22,"Doctype master","DOCTYPE-MASTER",577707137210829637,20,"BEFORE_HEADER","NATIVE_FORM_INIT","Initialize form Doctype master",577696735194829617,"","","","","","","","","","","","","","","","","","",""
22,"Doctype master","DOCTYPE-MASTER",577707476769829640,20,"AFTER_SUBMIT","NATIVE_FORM_DML","Process form Doctype master",577696735194829617,"","","","","","","","","","","","","","","","","","",""
22,"Doctype master","DOCTYPE-MASTER",577719453199866377,60,"BEFORE_HEADER","NATIVE_PLSQL","Get Form Status And TNO",,"","","","begin
     if :P22_TNO is null then
            :P22_FORMSTATUS := 'NEWRECORD';
        else
            :P22_FORMSTATUS := 'EDITRECORD';
        end if;

    if :P22_TNO is null then

        select globaltno.nextval into :P22_TNO from dual;

    end if;
end;","","","","","","","","","","","","","","",""
25,"Location Master","LOCATION-MASTER1",577773890975253582,10,"BEFORE_HEADER","NATIVE_FORM_INIT","Initialize form Location Master",840808412961378823,"","","","","","","","","","","","","","","","","","",""
25,"Location Master","LOCATION-MASTER1",577774289671253584,10,"AFTER_SUBMIT","NATIVE_FORM_DML","Process form Location Master",840808412961378823,"","","","","","","","","","","","","","","","","","",""
25,"Location Master","LOCATION-MASTER1",577785427191253601,20,"BEFORE_HEADER","NATIVE_PLSQL","GetFormStatus",,"","","","begin
    if :P25_TNO is null then
        :P25_FORMSTATUS := 'NEWRECORD';
    else
        :P25_FORMSTATUS := 'EDITRECORD';
    end if;
end;","","","","","","","","","","","","","","",""
26,"Location Detail","LOCATION-DETAIL",577818340229286154,10,"BEFORE_HEADER","NATIVE_FORM_INIT","Initialize form Location Detail",842425269222632757,"","","","","","","","","","","","","","","","","","",""
26,"Location Detail","LOCATION-DETAIL",577818674859286154,10,"AFTER_SUBMIT","NATIVE_FORM_DML","Process form Location Detail",842425269222632757,"","","","","","","","","","","","","","","","","","",""
26,"Location Detail","LOCATION-DETAIL",578084528473406340,60,"BEFORE_HEADER","NATIVE_PLSQL","Get Form Status And TNO",,"","","","begin
     if :P26_TNO is null then
            :P26_FORMSTATUS := 'NEWRECORD';
        else
            :P26_FORMSTATUS := 'EDITRECORD';
        end if;

    if :P26_TNO is null then

        select globaltno.nextval into :P26_TNO from dual;

    end if;
end;","","","","","","","","","","","","","","",""
28,"Financialyear Master","FINANCIALYEAR-MASTER",577879665866090373,10,"BEFORE_HEADER","NATIVE_FORM_INIT","Initialize form Financialyear Master",577871512333090369,"","","","","","","","","","","","","","","","","","",""
28,"Financialyear Master","FINANCIALYEAR-MASTER",577880066574090373,20,"AFTER_SUBMIT","NATIVE_FORM_DML","Process form Financialyear Master",577871512333090369,"","","","","","","","","","","","","","","","","","",""
28,"Financialyear Master","FINANCIALYEAR-MASTER",577961067282254400,60,"BEFORE_HEADER","NATIVE_PLSQL","Get Form Status And TNO",,"","","","begin
     if :P28_TNO is null then
            :P28_FORMSTATUS := 'NEWRECORD';
        else
            :P28_FORMSTATUS := 'EDITRECORD';
        end if;

    if :P28_TNO is null then

        select globaltno.nextval into :P28_TNO from dual;

    end if;
end;","","","","","","","","","","","","","","",""
30,"TDS Nature Master","TDS-NATURE-MASTER",578646306459208766,10,"BEFORE_HEADER","NATIVE_FORM_INIT","Initialize form TDS Nature Master",578635945367208754,"","","","","","","","","","","","","","","","","","",""
30,"TDS Nature Master","TDS-NATURE-MASTER",578646685031208766,20,"AFTER_SUBMIT","NATIVE_FORM_DML","Process form TDS Nature Master",578635945367208754,"","","","","","","","","","","","","","","","","","",""
30,"TDS Nature Master","TDS-NATURE-MASTER",578770050766691761,60,"BEFORE_HEADER","NATIVE_PLSQL","Get Form Status And TNO",,"","","","begin
     if :P30_TNO is null then
            :P30_FORMSTATUS := 'NEWRECORD';
        else
            :P30_FORMSTATUS := 'EDITRECORD';
        end if;

    if :P30_TNO is null then

        select globaltno.nextval into :P30_TNO from dual;

    end if;
end;","","","","","","","","","","","","","","",""
32,"TDS Tax Category Master","TDS-TAX-CATEGORY-MASTER",578819448319761141,10,"BEFORE_HEADER","NATIVE_FORM_INIT","Initialize form TDS Tax Category Master",578809129851761131,"","","","","","","","","","","","","","","","","","",""
32,"TDS Tax Category Master","TDS-TAX-CATEGORY-MASTER",578819879331761142,20,"AFTER_SUBMIT","NATIVE_FORM_DML","Process form TDS Tax Category Master",578809129851761131,"","","","","","","","","","","","","","","","","","",""
32,"TDS Tax Category Master","TDS-TAX-CATEGORY-MASTER",578920742387186123,20,"BEFORE_HEADER","NATIVE_PLSQL","Get Form Status And TNO",,"","","","begin
     if :P32_TNO is null then
            :P32_FORMSTATUS := 'NEWRECORD';
        else
            :P32_FORMSTATUS := 'EDITRECORD';
        end if;

    if :P32_TNO is null then

        select globaltno.nextval into :P32_TNO from dual;

    end if;
end;","","","","","","","","","","","","","","",""
32,"TDS Tax Category Master","TDS-TAX-CATEGORY-MASTER",445784117091356510,40,"AFTER_SUBMIT","NATIVE_IG_DML","Detail - Save Interactive Grid Data",443951070404287934,"","","","","","","","","","","","","","","","","","",""
34,"TDS Payee Category Master","TDS-PAYEE-CATEGORY-MASTER",578972705367552171,10,"BEFORE_HEADER","NATIVE_FORM_INIT","Initialize form TDS Payee Category Master",578965147588552163,"","","","","","","","","","","","","","","","","","",""
34,"TDS Payee Category Master","TDS-PAYEE-CATEGORY-MASTER",578973104958552171,10,"AFTER_SUBMIT","NATIVE_FORM_DML","Process form TDS Payee Category Master",578965147588552163,"","","","","","","","","","","","","","","","","","",""
34,"TDS Payee Category Master","TDS-PAYEE-CATEGORY-MASTER",579016977688863731,60,"BEFORE_HEADER","NATIVE_PLSQL","Get Form Status And TNO",,"","","","begin
     if :P34_TNO is null then
            :P34_FORMSTATUS := 'NEWRECORD';
        else
            :P34_FORMSTATUS := 'EDITRECORD';
        end if;

    if :P34_TNO is null then

        select globaltno.nextval into :P34_TNO from dual;

    end if;
end;","","","","","","","","","","","","","","",""
37,"Item Group Master","ITEM-TYPE-MASTER",462235078682578039,10,"BEFORE_HEADER","NATIVE_FORM_INIT","Initialize form Item Type Master",646057756586043033,"","","","","","","","","","","","","","","","","","",""
37,"Item Group Master","ITEM-TYPE-MASTER",462748027556056257,20,"AFTER_SUBMIT","NATIVE_FORM_DML","Process form Item Type Master",646057756586043033,"","","","","","","","","","","","","","","","","","",""
37,"Item Group Master","ITEM-TYPE-MASTER",579569164704481103,20,"BEFORE_HEADER","NATIVE_PLSQL","Get Form Status And TNO",,"","","","begin
     if :P37_TNO is null then
            :P37_FORMSTATUS := 'NEWRECORD';
        else
            :P37_FORMSTATUS := 'EDITRECORD';
        end if;

    if :P37_TNO is null then

        select globaltno.nextval into :P37_TNO from dual;

    end if;
end;","","","","","","","","","","","","","","",""
39,"Employee Master","EMPLOYEE-MASTER",578051059277303584,10,"BEFORE_HEADER","NATIVE_FORM_INIT","Initialize form Employee Master",577976518278303550,"","","","","","","","","","","","","","","","","","",""
39,"Employee Master","EMPLOYEE-MASTER",578051536997303584,10,"AFTER_SUBMIT","NATIVE_FORM_DML","Process form Employee Master",577976518278303550,"","","","","","","","","","","","","","","","","","",""
40,"Code Scheme","CODE-SCHEME",578695746441401547,10,"AFTER_SUBMIT","NATIVE_IG_DML","Code Scheme - Save Interactive Grid Data",902228166283819606,"","","","","","","","","","","","","","","","","","",""
40,"Code Scheme","CODE-SCHEME",198962103613630153,30,"AFTER_SUBMIT","NATIVE_IG_DML","Detail - Save Interactive Grid Data",198604611866540688,"","","","","","","","","","","","","","","","","","",""
42,"Code Scheme Master","CODE-SCHEME-MASTER",578712226345472700,10,"BEFORE_HEADER","NATIVE_FORM_INIT","Initialize form Details",845941394150693625,"","","","","","","","","","","","","","","","","","",""
42,"Code Scheme Master","CODE-SCHEME-MASTER",578712617738472700,10,"AFTER_SUBMIT","NATIVE_FORM_DML","Process form Details",845941394150693625,"","","","","","","","","","","","","","","","","","",""
44,"Module Group","MODULE-GROUP",578864908455956715,10,"BEFORE_HEADER","NATIVE_FORM_INIT","Initialize form Module Group",831592908528871009,"","","","","","","","","","","","","","","","","","",""
44,"Module Group","MODULE-GROUP",578865256761956715,10,"AFTER_SUBMIT","NATIVE_FORM_DML","Process form Module Group",831592908528871009,"","","","","","","","","","","","","","","","","","",""
44,"Module Group","MODULE-GROUP",578936873136284273,100,"BEFORE_HEADER","NATIVE_PLSQL","Get Form Status And TNO",,"","","","begin
     if :P44_TNO is null then
            :P44_FORMSTATUS := 'NEWRECORD';
        else
            :P44_FORMSTATUS := 'EDITRECORD';
        end if;

    if :P44_TNO is null then

        select globaltno.nextval into :P44_TNO from dual;

    end if;
end;","","","","","","","","","","","","","","",""
45,"Module Group Change","MODULE-GROUP-CHANGE",579013198570719107,10,"AFTER_SUBMIT","NATIVE_IG_DML","Module - Save Interactive Grid Data",918531513221779186,"","","","","","","","","","","","","","","","","","",""
47,"HSN Master","HSN-MASTER",579602870588293435,10,"BEFORE_HEADER","NATIVE_FORM_INIT","Initialize form Hsn Master",579593894401293428,"","","","","","","","","","","","","","","","","","",""
47,"HSN Master","HSN-MASTER",579603307058293435,20,"AFTER_SUBMIT","NATIVE_FORM_DML","Process form Hsn Master",579593894401293428,"","","","","","","","","","","","","","","","","","",""
47,"HSN Master","HSN-MASTER",579818947574398231,60,"BEFORE_HEADER","NATIVE_PLSQL","Get Form Status And TNO",,"","","","begin
     if :P47_TNO is null then
            :P47_FORMSTATUS := 'NEWRECORD';
        else
            :P47_FORMSTATUS := 'EDITRECORD';
        end if;

    if :P47_TNO is null then

        select globaltno.nextval into :P47_TNO from dual;

    end if;
end;","","","","","","","","","","","","","","",""
49,"Account Master","ACCOUNT-MASTER1",579673624704332259,20,"BEFORE_HEADER","NATIVE_FORM_INIT","Initialize form Account Master",859028127230487533,"","","","","","","","","","","","","","","","","","",""
49,"Account Master","ACCOUNT-MASTER1",579673990514332259,20,"AFTER_SUBMIT","NATIVE_FORM_DML","Process form Account Master",859028127230487533,"","","","","","","","","","","","","","","","","","",""
49,"Account Master","ACCOUNT-MASTER1",579716428645332299,30,"AFTER_SUBMIT","NATIVE_IG_DML","Packing (Depo Only) - Save Interactive Grid Data",867309903131625538,"","","","","","","","","","","","","","","","","","",""
49,"Account Master","ACCOUNT-MASTER1",579721054709332304,40,"AFTER_SUBMIT","NATIVE_IG_DML","Transporter - Save Interactive Grid Data",867311329884625553,"","","","","","","","","","","","","","","","","","",""
49,"Account Master","ACCOUNT-MASTER1",579727396797332307,50,"AFTER_SUBMIT","NATIVE_IG_DML","DEPOT - Save Interactive Grid Data",871105671687970738,"","","","","","","","","","","","","","","","","","",""
49,"Account Master","ACCOUNT-MASTER1",579736085785332319,60,"AFTER_SUBMIT","NATIVE_IG_DML","PARTYITDEPRECIATIONDETAIL - Save Interactive Grid Data",871105999670970741,"","","","","","","","","","","","","","","","","","",""
49,"Account Master","ACCOUNT-MASTER1",579741639031332322,70,"AFTER_SUBMIT","NATIVE_IG_DML","PARTYCOMPANY - Save Interactive Grid Data",871106082044970742,"","","","","","","","","","","","","","","","","","",""
49,"Account Master","ACCOUNT-MASTER1",579746724523332324,80,"AFTER_SUBMIT","NATIVE_IG_DML","PARTYBANK - Save Interactive Grid Data",871106135584970743,"","","","","","","","","","","","","","","","","","",""
49,"Account Master","ACCOUNT-MASTER1",579678275594332274,90,"AFTER_SUBMIT","NATIVE_IG_DML","Policy - Save Interactive Grid Data",719859650577852312,"","","","","","","","","","","","","","","","","","",""
51,"Measuring Unit Master","MEASURING-UNIT-MASTER",579864182802746481,10,"BEFORE_HEADER","NATIVE_FORM_INIT","Initialize form Measuring Unit Master",579850955118746468,"","","","","","","","","","","","","","","","","","",""
51,"Measuring Unit Master","MEASURING-UNIT-MASTER",579864615080746482,20,"AFTER_SUBMIT","NATIVE_FORM_DML","Process form Measuring Unit Master",579850955118746468,"","","","","","","","","","","","","","","","","","",""
51,"Measuring Unit Master","MEASURING-UNIT-MASTER",579951377665868454,60,"BEFORE_HEADER","NATIVE_PLSQL","Get Form Status And TNO",,"","","","begin
     if :P51_TNO is null then
            :P51_FORMSTATUS := 'NEWRECORD';
        else
            :P51_FORMSTATUS := 'EDITRECORD';
        end if;

    if :P51_TNO is null then

        select globaltno.nextval into :P51_TNO from dual;

    end if;
end;","","","","","","","","","","","","","","",""
53,"Item Characteristics Master","ITEM-CHARACTERISTICS-MASTER",580030111616169713,20,"BEFORE_HEADER","NATIVE_FORM_INIT","Initialize form Item Characteristics Master",580021059337169700,"","","","","","","","","","","","","","","","","","",""
53,"Item Characteristics Master","ITEM-CHARACTERISTICS-MASTER",580030464292169713,20,"AFTER_SUBMIT","NATIVE_FORM_DML","Process form Item Characteristics Master",580021059337169700,"","","","","","","","","","","","","","","","","","",""
53,"Item Characteristics Master","ITEM-CHARACTERISTICS-MASTER",580063544503280425,30,"BEFORE_HEADER","NATIVE_PLSQL","Get Form Status And TNO",,"","","","begin
     if :P53_TNO is null then
            :P53_FORMSTATUS := 'NEWRECORD';
        else
            :P53_FORMSTATUS := 'EDITRECORD';
        end if;

    if :P53_TNO is null then

        select globaltno.nextval into :P53_TNO from dual;

    end if;
end;","","","","","","","","","","","","","","",""
53,"Item Characteristics Master","ITEM-CHARACTERISTICS-MASTER",579899414494851948,40,"AFTER_SUBMIT","NATIVE_IG_DML","Detail - Save Interactive Grid Data",579898428309851938,"","","","","","","","","","","","","","","","","","",""
55,"Item Category Master","ITEM-CATEGORY-MASTER",580623533585608711,10,"BEFORE_HEADER","NATIVE_FORM_INIT","Initialize form Item Category Master",580615880026608701,"","","","","","","","","","","","","","","","","","",""
55,"Item Category Master","ITEM-CATEGORY-MASTER",580623885402608713,20,"AFTER_SUBMIT","NATIVE_FORM_DML","Process form Item Category Master",580615880026608701,"","","","","","","","","","","","","","","","","","",""
55,"Item Category Master","ITEM-CATEGORY-MASTER",580680488112791715,60,"BEFORE_HEADER","NATIVE_PLSQL","Get Form Status And TNO",,"","","","begin
     if :P55_TNO is null then
            :P55_FORMSTATUS := 'NEWRECORD';
        else
            :P55_FORMSTATUS := 'EDITRECORD';
        end if;

    if :P55_TNO is null then

        select globaltno.nextval into :P55_TNO from dual;

    end if;
end;","","","","","","","","","","","","","","",""
57,"Industry Sector Master","INDUSTRY-SECTOR-MASTER",580732192965101714,10,"BEFORE_HEADER","NATIVE_FORM_INIT","Initialize form Industry Sector Master",580724627673101705,"","","","","","","","","","","","","","","","","","",""
57,"Industry Sector Master","INDUSTRY-SECTOR-MASTER",580732588740101714,20,"AFTER_SUBMIT","NATIVE_FORM_DML","Process form Industry Sector Master",580724627673101705,"","","","","","","","","","","","","","","","","","",""
57,"Industry Sector Master","INDUSTRY-SECTOR-MASTER",580826708718222743,60,"BEFORE_HEADER","NATIVE_PLSQL","Get Form Status And TNO",,"","","","begin
     if :P57_TNO is null then
            :P57_FORMSTATUS := 'NEWRECORD';
        else
            :P57_FORMSTATUS := 'EDITRECORD';
        end if;

    if :P57_TNO is null then

        select globaltno.nextval into :P57_TNO from dual;

    end if;
end;","","","","","","","","","","","","","","",""
59,"Item Master","ITEM-MASTER",580892269160344155,10,"BEFORE_HEADER","NATIVE_FORM_INIT","Initialize form Item Master",580851856596344132,"","","","","","","","","","","","","","","","","","",""
59,"Item Master","ITEM-MASTER",580973057501545341,20,"BEFORE_HEADER","NATIVE_PLSQL","Get Form Status And TNO",,"","","","begin
     if :P59_TNO is null then
            :P59_FORMSTATUS := 'NEWRECORD';
        else
            :P59_FORMSTATUS := 'EDITRECORD';
        end if;

    if :P59_TNO is null then

        select globaltno.nextval into :P59_TNO from dual;

    end if;
end;","","","","","","","","","","","","","","",""
59,"Item Master","ITEM-MASTER",580892680133344155,40,"AFTER_SUBMIT","NATIVE_FORM_DML","Process form Item Master",580851856596344132,"","","","","","","","","","","","","","","","","","",""
59,"Item Master","ITEM-MASTER",592259943121907929,50,"AFTER_SUBMIT","NATIVE_IG_DML","Characteristics - Save Interactive Grid Data",590605141349368070,"","","","","","","","","","","","","","","","","","",""
59,"Item Master","ITEM-MASTER",41295659903955069,90,"AFTER_SUBMIT","NATIVE_IG_DML","DETAIL - Save Interactive Grid Data",579980325303982549,"","","","","","","","","","","","","","","","","","",""
61,"Item Class Master","ITEM-CLASS-MASTER",582519698175290934,10,"BEFORE_HEADER","NATIVE_FORM_INIT","Initialize form Item Class Master",582508620624290917,"","","","","","","","","","","","","","","","","","",""
61,"Item Class Master","ITEM-CLASS-MASTER",582520073314290935,20,"AFTER_SUBMIT","NATIVE_FORM_DML","Process form Item Class Master",582508620624290917,"","","","","","","","","","","","","","","","","","",""
61,"Item Class Master","ITEM-CLASS-MASTER",582688388739488218,60,"BEFORE_HEADER","NATIVE_PLSQL","Get Form Status And TNO",,"","","","begin
     if :P61_TNO is null then
            :P61_FORMSTATUS := 'NEWRECORD';
        else
            :P61_FORMSTATUS := 'EDITRECORD';
        end if;

    if :P61_TNO is null then

        select globaltno.nextval into :P61_TNO from dual;

    end if;
end;","","","","","","","","","","","","","","",""
62,"Party Detail Party Attribute","PARTY-DETAIL-PARTY-ATTRIBUTE",580640343134646553,10,"BEFORE_HEADER","NATIVE_FORM_INIT","Initialize form Party Detail Party Attribute",873458487212042185,"","","","","","","","","","","","","","","","","","",""
62,"Party Detail Party Attribute","PARTY-DETAIL-PARTY-ATTRIBUTE",580640678412646554,10,"AFTER_SUBMIT","NATIVE_FORM_DML","Process form Account Master",873458487212042185,"","","","","","","","","","","","","","","","","","",""
63,"Attachment","PARTY-DETAIL-PARTY-ATTACHMENT",580652588144650741,10,"BEFORE_HEADER","NATIVE_FORM_INIT","Initialize form Party Detail Party Attachment",873813392493361501,"","","","","","","","","","","","","","","","","","",""
63,"Attachment","PARTY-DETAIL-PARTY-ATTACHMENT",580653014862650742,10,"AFTER_SUBMIT","NATIVE_FORM_DML","Process Form Account Master",873813392493361501,"","","","","","","","","","","","","","","","","","",""
65,"Item Nature Master","ITEM-NATURE-MASTER",582769394309752054,10,"BEFORE_HEADER","NATIVE_FORM_INIT","Initialize form Item Nature Master",582757556398752046,"","","","","","","","","","","","","","","","","","",""
65,"Item Nature Master","ITEM-NATURE-MASTER",582769773904752054,20,"AFTER_SUBMIT","NATIVE_FORM_DML","Process form Item Nature Master",582757556398752046,"","","","","","","","","","","","","","","","","","",""
65,"Item Nature Master","ITEM-NATURE-MASTER",582813196166862203,60,"BEFORE_HEADER","NATIVE_PLSQL","Get Form Status And TNO",,"","","","begin
     if :P65_TNO is null then
            :P65_FORMSTATUS := 'NEWRECORD';
        else
            :P65_FORMSTATUS := 'EDITRECORD';
        end if;

    if :P65_TNO is null then

        select globaltno.nextval into :P65_TNO from dual;

    end if;
end;","","","","","","","","","","","","","","",""
67,"Account Opening","ACCOUNT-OPENING",580779732822166197,10,"AFTER_SUBMIT","NATIVE_FORM_DML","Process form State Master",851542979436450022,"","","","","","","","","","","","","","","","","","",""
67,"Account Opening","ACCOUNT-OPENING",580779291455166196,20,"BEFORE_HEADER","NATIVE_FORM_INIT","Initialize form State Master",851542979436450022,"","","","","","","","","","","","","","","","","","",""
69,"Material In","MATERIAL-IN",582670895800415251,10,"BEFORE_HEADER","NATIVE_FORM_INIT","Initialize form Material In",582619246559415227,"","","","","","","","","","","","","","","","","","",""
69,"Material In","MATERIAL-IN",582671318957415251,40,"AFTER_SUBMIT","NATIVE_FORM_DML","Process form Material In",582619246559415227,"","","","","","","","","","","","","","","","","","",""
69,"Material In","MATERIAL-IN",582887154932836443,100,"AFTER_SUBMIT","NATIVE_IG_DML","Personal Belonging - Save Interactive Grid Data",582886098843836432,"","","","","","","","","","","","","","","","","","",""
69,"Material In","MATERIAL-IN",582889381400836465,110,"AFTER_SUBMIT","NATIVE_IG_DML","EquipmentDetail - Save Interactive Grid Data",582888056154836452,"","","","","","","","","","","","","","","","","","",""
71,"Party Type Master","PARTY-TYPE-MASTER",583474730299978174,10,"BEFORE_HEADER","NATIVE_FORM_INIT","Initialize form Party Type Master",583467868488978168,"","","","","","","","","","","","","","","","","","",""
71,"Party Type Master","PARTY-TYPE-MASTER",583475053608978174,20,"AFTER_SUBMIT","NATIVE_FORM_DML","Process form Party Type Master",583467868488978168,"","","","","","","","","","","","","","","","","","",""
71,"Party Type Master","PARTY-TYPE-MASTER",583506776250073702,60,"BEFORE_HEADER","NATIVE_PLSQL","Get Form Status And TNO",,"","","","begin
     if :P71_TNO is null then
            :P71_FORMSTATUS := 'NEWRECORD';
        else
            :P71_FORMSTATUS := 'EDITRECORD';
        end if;

    if :P71_TNO is null then

        select globaltno.nextval into :P71_TNO from dual;

    end if;
end;","","","","","","","","","","","","","","",""
73,"Packing Type Master","PACKING-TYPE-MASTER",583550620894853974,10,"BEFORE_HEADER","NATIVE_FORM_INIT","Initialize form Packing Type Master",583539621310853964,"","","","","","","","","","","","","","","","","","",""
73,"Packing Type Master","PACKING-TYPE-MASTER",583551030339853974,20,"AFTER_SUBMIT","NATIVE_FORM_DML","Process form Packing Type Master",583539621310853964,"","","","","","","","","","","","","","","","","","",""
73,"Packing Type Master","PACKING-TYPE-MASTER",583585214374960303,60,"BEFORE_HEADER","NATIVE_PLSQL","Get Form Status And TNO",,"","","","begin
     if :P73_TNO is null then
            :P73_FORMSTATUS := 'NEWRECORD';
        else
            :P73_FORMSTATUS := 'EDITRECORD';
        end if;

    if :P73_TNO is null then

        select globaltno.nextval into :P73_TNO from dual;

    end if;
end;","","","","","","","","","","","","","","",""
75,"Module Doc Type Master","MODULE-DOC-TYPE-MASTER",583625864367140287,10,"BEFORE_HEADER","NATIVE_FORM_INIT","Initialize form Module Doc Type Master",583618271907140282,"","","","","","","","","","","","","","","","","","",""
75,"Module Doc Type Master","MODULE-DOC-TYPE-MASTER",583626263356140287,10,"AFTER_SUBMIT","NATIVE_FORM_DML","Process form Module Doc Type Master",583618271907140282,"","","","","","","","","","","","","","","","","","",""
75,"Module Doc Type Master","MODULE-DOC-TYPE-MASTER",590603613701368055,20,"AFTER_SUBMIT","NATIVE_IG_DML","Detail - Save Interactive Grid Data",590602583999368045,"","","","","","","","","","","","","","","","","","",""
75,"Module Doc Type Master","MODULE-DOC-TYPE-MASTER",583653112810197758,60,"BEFORE_HEADER","NATIVE_PLSQL","Get Form Status And TNO",,"","","","begin
     if :P75_TNO is null then
            :P75_FORMSTATUS := 'NEWRECORD';
        else
            :P75_FORMSTATUS := 'EDITRECORD';
        end if;

    if :P75_TNO is null then

        select globaltno.nextval into :P75_TNO from dual;

    end if;
end;","","","","","","","","","","","","","","",""
77,"Module Location Master","MODULE-LOCATION-MASTER",583733533735454988,10,"AFTER_SUBMIT","NATIVE_FORM_DML","Process form Module Location Master",726929244575615139,"","","","","","","","","","","","","","","","","","",""
77,"Module Location Master","MODULE-LOCATION-MASTER",590604707152368066,30,"AFTER_SUBMIT","NATIVE_IG_DML","Detail - Save Interactive Grid Data",590603838027368057,"","","","","","","","","","","","","","","","","","",""
77,"Module Location Master","MODULE-LOCATION-MASTER",583718366943438938,60,"BEFORE_HEADER","NATIVE_FORM_INIT","Initialize form Module Location Master",726929244575615139,"","","","","","","","","","","","","","","","","","",""
77,"Module Location Master","MODULE-LOCATION-MASTER",583718739421439879,70,"BEFORE_HEADER","NATIVE_PLSQL","Get Form Status And TNO",,"","","","begin
     if :P77_TNO is null then
            :P77_FORMSTATUS := 'NEWRECORD';
        else
            :P77_FORMSTATUS := 'EDITRECORD';
        end if;

    if :P77_TNO is null then

        select globaltno.nextval into :P77_TNO from dual;

    end if;
end;","","","","","","","","","","","","","","",""
79,"Freight Type Master","FREIGHT-TYPE-MASTER",584245147763121658,10,"BEFORE_HEADER","NATIVE_FORM_INIT","Initialize form Freight Type Master",584236230117121634,"","","","","","","","","","","","","","","","","","",""
79,"Freight Type Master","FREIGHT-TYPE-MASTER",584245583529121658,20,"AFTER_SUBMIT","NATIVE_FORM_DML","Process form Freight Type Master",584236230117121634,"","","","","","","","","","","","","","","","","","",""
79,"Freight Type Master","FREIGHT-TYPE-MASTER",584279630595207271,60,"BEFORE_HEADER","NATIVE_PLSQL","Get Form Status And TNO",,"","","","begin
     if :P79_TNO is null then
            :P79_FORMSTATUS := 'NEWRECORD';
        else
            :P79_FORMSTATUS := 'EDITRECORD';
        end if;

    if :P79_TNO is null then

        select globaltno.nextval into :P79_TNO from dual;

    end if;
end;","","","","","","","","","","","","","","",""
81,"BOSS User Master","BOSS-USER-MASTER",584438017089373965,10,"BEFORE_HEADER","NATIVE_FORM_INIT","Initialize form BOSS User Master",584421464046373952,"","","","","","","","","","","","","","","","","","",""
81,"BOSS User Master","BOSS-USER-MASTER",584438386886373966,20,"AFTER_SUBMIT","NATIVE_FORM_DML","Process form BOSS User Master",584421464046373952,"","","","","","","","","","","","","","","","","","",""
81,"BOSS User Master","BOSS-USER-MASTER",584542352126684800,20,"BEFORE_HEADER","NATIVE_PLSQL","Get Form Status And TNO",,"","","","begin
     if :P81_TNO is null then
            :P81_FORMSTATUS := 'NEWRECORD';
        else
            :P81_FORMSTATUS := 'EDITRECORD';
        end if;

    if :P81_TNO is null then

        select globaltno.nextval into :P81_TNO from dual;

    end if;
end;","","","","","","","","","","","","","","",""
81,"BOSS User Master","BOSS-USER-MASTER",584487213041406843,30,"AFTER_SUBMIT","NATIVE_IG_DML","Detail - Save Interactive Grid Data",584485647534406828,"","","","","","","","","","","","","","","","","","",""
83,"Department Master","DEPARTMENT-MASTER",584694299258131874,10,"BEFORE_HEADER","NATIVE_FORM_INIT","Initialize form Department Master",584683275143131868,"","","","","","","","","","","","","","","","","","",""
83,"Department Master","DEPARTMENT-MASTER",584694705387131874,20,"AFTER_SUBMIT","NATIVE_FORM_DML","Process form Department Master",584683275143131868,"","","","","","","","","","","","","","","","","","",""
83,"Department Master","DEPARTMENT-MASTER",584730886648200969,60,"BEFORE_HEADER","NATIVE_PLSQL","Get Form Status And TNO",,"","","","begin
     if :P83_TNO is null then
            :P83_FORMSTATUS := 'NEWRECORD';
        else
            :P83_FORMSTATUS := 'EDITRECORD';
        end if;

    if :P83_TNO is null then

        select globaltno.nextval into :P83_TNO from dual;

    end if;
end;","","","","","","","","","","","","","","",""
85,"Employee Master","EMPLOYEE-MASTER1",214568141205666574,10,"BEFORE_HEADER","NATIVE_FORM_INIT","Initialize form Employee Master",613712776602322787,"","","","","","","","","","","","","","","","","","",""
85,"Employee Master","EMPLOYEE-MASTER1",214568572780666575,40,"AFTER_SUBMIT","NATIVE_FORM_DML","Process form Employee Master",613712776602322787,"","","","","","","","","","","","","","","","","","",""
85,"Employee Master","EMPLOYEE-MASTER1",214610456151666610,50,"AFTER_SUBMIT","NATIVE_IG_DML","Qualification - Save Interactive Grid Data",482001520163163523,"","","","","","","","","","","","","","","","","","",""
85,"Employee Master","EMPLOYEE-MASTER1",214616405410666614,60,"AFTER_SUBMIT","NATIVE_IG_DML","Experience - Save Interactive Grid Data",483360957062849590,"","","","","","","","","","","","","","","","","","",""
85,"Employee Master","EMPLOYEE-MASTER1",214623864822666618,70,"AFTER_SUBMIT","NATIVE_IG_DML","References - Save Interactive Grid Data",483362542724849606,"","","","","","","","","","","","","","","","","","",""
85,"Employee Master","EMPLOYEE-MASTER1",214627751954666621,80,"AFTER_SUBMIT","NATIVE_IG_DML","Loan Account - Save Interactive Grid Data",483446469085054576,"","","","","","","","","","","","","","","","","","",""
85,"Employee Master","EMPLOYEE-MASTER1",214635228126666626,90,"AFTER_SUBMIT","NATIVE_IG_DML","Family - Save Interactive Grid Data",483447570097054587,"","","","","","","","","","","","","","","","","","",""
87,"Designation Master","DESIGNATION-MASTER",584766309472299570,10,"BEFORE_HEADER","NATIVE_FORM_INIT","Initialize form Designation Master",584756683785299563,"","","","","","","","","","","","","","","","","","",""
87,"Designation Master","DESIGNATION-MASTER",584766715164299571,20,"AFTER_SUBMIT","NATIVE_FORM_DML","Process form Designation Master",584756683785299563,"","","","","","","","","","","","","","","","","","",""
87,"Designation Master","DESIGNATION-MASTER",584785329439331022,60,"BEFORE_HEADER","NATIVE_PLSQL","Get Form Status And TNO",,"","","","begin
     if :P87_TNO is null then
            :P87_FORMSTATUS := 'NEWRECORD';
        else
            :P87_FORMSTATUS := 'EDITRECORD';
        end if;

    if :P87_TNO is null then

        select globaltno.nextval into :P87_TNO from dual;

    end if;
end;","","","","","","","","","","","","","","",""
89,"Vehicle Type Master","VEHICLE-TYPE-MASTER",585413291871221912,10,"BEFORE_HEADER","NATIVE_FORM_INIT","Initialize form Vehicle Type Master",585404261473221904,"","","","","","","","","","","","","","","","","","",""
89,"Vehicle Type Master","VEHICLE-TYPE-MASTER",585413680180221912,20,"AFTER_SUBMIT","NATIVE_FORM_DML","Process form Vehicle Type Master",585404261473221904,"","","","","","","","","","","","","","","","","","",""
89,"Vehicle Type Master","VEHICLE-TYPE-MASTER",585444099413283724,60,"BEFORE_HEADER","NATIVE_PLSQL","Get Form Status And TNO",,"","","","begin
     if :P89_TNO is null then
            :P89_FORMSTATUS := 'NEWRECORD';
        else
            :P89_FORMSTATUS := 'EDITRECORD';
        end if;

    if :P89_TNO is null then

        select globaltno.nextval into :P89_TNO from dual;

    end if;
end;","","","","","","","","","","","","","","",""
91,"Company Vehicle Master","COMPANY-VEHICLE-MASTER",585481022402463795,10,"BEFORE_HEADER","NATIVE_FORM_INIT","Initialize form Company Vehicle Master",585469877169463786,"","","","","","","","","","","","","","","","","","",""
91,"Company Vehicle Master","COMPANY-VEHICLE-MASTER",585481386055463795,20,"AFTER_SUBMIT","NATIVE_FORM_DML","Process form Company Vehicle Master",585469877169463786,"","","","","","","","","","","","","","","","","","",""
91,"Company Vehicle Master","COMPANY-VEHICLE-MASTER",585513064996520144,60,"BEFORE_HEADER","NATIVE_PLSQL","Get Form Status And TNO",,"","","","begin
     if :P91_TNO is null then
            :P91_FORMSTATUS := 'NEWRECORD';
        else
            :P91_FORMSTATUS := 'EDITRECORD';
        end if;

    if :P91_TNO is null then

        select globaltno.nextval into :P91_TNO from dual;

    end if;
end;","","","","","","","","","","","","","","",""
93,"Footer Account Master","FOOTER-ACCOUNT-MASTER",586071883438249381,10,"BEFORE_HEADER","NATIVE_FORM_INIT","Initialize form Footer Account Master",586052448335249335,"","","","","","","","","","","","","","","","","","",""
93,"Footer Account Master","FOOTER-ACCOUNT-MASTER",586072255376249384,20,"AFTER_SUBMIT","NATIVE_FORM_DML","Process form Footer Account Master",586052448335249335,"","","","","","","","","","","","","","","","","","",""
93,"Footer Account Master","FOOTER-ACCOUNT-MASTER",586124470583407380,60,"BEFORE_HEADER","NATIVE_PLSQL","Get Form Status And TNO",,"","","","begin
     if :P93_TNO is null then
            :P93_FORMSTATUS := 'NEWRECORD';
        else
            :P93_FORMSTATUS := 'EDITRECORD';
        end if;

    if :P93_TNO is null then

        select globaltno.nextval into :P93_TNO from dual;

    end if;
end;","","","","","","","","","","","","","","",""
95,"Service Type Master","JOB-TYPE-MASTER",586197906864231152,10,"BEFORE_HEADER","NATIVE_FORM_INIT","Initialize form Job Type Master",586181916179231138,"","","","","","","","","","","","","","","","","","",""
95,"Service Type Master","JOB-TYPE-MASTER",586198272118231152,20,"AFTER_SUBMIT","NATIVE_FORM_DML","Process form Job Type Master",586181916179231138,"","","","","","","","","","","","","","","","","","",""
95,"Service Type Master","JOB-TYPE-MASTER",586223014713281480,60,"BEFORE_HEADER","NATIVE_PLSQL","Get Form Status And TNO",,"","","","begin
     if :P95_TNO is null then
            :P95_FORMSTATUS := 'NEWRECORD';
        else
            :P95_FORMSTATUS := 'EDITRECORD';
        end if;

    if :P95_TNO is null then

        select globaltno.nextval into :P95_TNO from dual;

    end if;
end;","","","","","","","","","","","","","","",""
97,"Group Of Party Master","GROUP-OF-PARTY-MASTER",586287487669110212,10,"BEFORE_HEADER","NATIVE_FORM_INIT","Initialize form Group Of Party Master",586279857835110204,"","","","","","","","","","","","","","","","","","",""
97,"Group Of Party Master","GROUP-OF-PARTY-MASTER",586287877664110212,20,"AFTER_SUBMIT","NATIVE_FORM_DML","Process form Group Of Party Master",586279857835110204,"","","","","","","","","","","","","","","","","","",""
97,"Group Of Party Master","GROUP-OF-PARTY-MASTER",592263824259907968,40,"AFTER_SUBMIT","NATIVE_IG_DML","Detail - Save Interactive Grid Data",592262839046907958,"","","","","","","","","","","","","","","","","","",""
97,"Group Of Party Master","GROUP-OF-PARTY-MASTER",586306912131172646,60,"BEFORE_HEADER","NATIVE_PLSQL","Get Form Status And TNO",,"","","","begin
     if :P97_TNO is null then
            :P97_FORMSTATUS := 'NEWRECORD';
        else
            :P97_FORMSTATUS := 'EDITRECORD';
        end if;

    if :P97_TNO is null then

        select globaltno.nextval into :P97_TNO from dual;

    end if;
end;","","","","","","","","","","","","","","",""
99,"Service Type Account Master","JOB-TYPE-ACCOUNT-MASTER",586356326506282496,10,"BEFORE_HEADER","NATIVE_FORM_INIT","Initialize form Job Type Account Master",586342347663282488,"","","","","","","","","","","","","","","","","","",""
99,"Service Type Account Master","JOB-TYPE-ACCOUNT-MASTER",586356679715282497,20,"AFTER_SUBMIT","NATIVE_FORM_DML","Process form Job Type Account Master",586342347663282488,"","","","","","","","","","","","","","","","","","",""
99,"Service Type Account Master","JOB-TYPE-ACCOUNT-MASTER",586393919052344491,60,"BEFORE_HEADER","NATIVE_PLSQL","Get Form Status And TNO",,"","","","begin
     if :P99_TNO is null then
            :P99_FORMSTATUS := 'NEWRECORD';
        else
            :P99_FORMSTATUS := 'EDITRECORD';
        end if;

    if :P99_TNO is null then

        select globaltno.nextval into :P99_TNO from dual;

    end if;
end;","","","","","","","","","","","","","","",""
102,"Footer Head Master","FOOTER-HEAD-MASTER",587060393880122758,10,"BEFORE_HEADER","NATIVE_FORM_INIT","Initialize form Footer Head Master",587046556483122722,"","","","","","","","","","","","","","","","","","",""
102,"Footer Head Master","FOOTER-HEAD-MASTER",587060796224122761,20,"AFTER_SUBMIT","NATIVE_FORM_DML","Process form Footer Head Master",587046556483122722,"","","","","","","","","","","","","","","","","","",""
102,"Footer Head Master","FOOTER-HEAD-MASTER",587094913458241896,60,"BEFORE_HEADER","NATIVE_PLSQL","Get Form Status And TNO",,"","","","begin
     if :P102_TNO is null then
            :P102_FORMSTATUS := 'NEWRECORD';
        else
            :P102_FORMSTATUS := 'EDITRECORD';
        end if;

    if :P102_TNO is null then

        select globaltno.nextval into :P102_TNO from dual;

    end if;
end;","","","","","","","","","","","","","","",""
104,"Employee Master","EMPLOYEE-MASTER2",587223217511375009,10,"BEFORE_HEADER","NATIVE_FORM_INIT","Initialize form Employee Master",587147759053374962,"","","","","","","","","","","","","","","","","","",""
104,"Employee Master","EMPLOYEE-MASTER2",587223627276375009,20,"AFTER_SUBMIT","NATIVE_FORM_DML","Process form Employee Master",587147759053374962,"","","","","","","","","","","","","","","","","","",""
104,"Employee Master","EMPLOYEE-MASTER2",587524297946728452,60,"BEFORE_HEADER","NATIVE_PLSQL","Get Form Status And TNO",,"","","","begin
     if :P104_TNO is null then
            :P104_FORMSTATUS := 'NEWRECORD';
        else
            :P104_FORMSTATUS := 'EDITRECORD';
        end if;

    if :P104_TNO is null then

        select globaltno.nextval into :P104_TNO from dual;

    end if;
end;","","","","","","","","","","","","","","",""
106,"Item Make Master","ITEM-MAKE-MASTER",587567326623001250,10,"BEFORE_HEADER","NATIVE_FORM_INIT","Initialize form Item Make Master",587559682966001242,"","","","","","","","","","","","","","","","","","",""
106,"Item Make Master","ITEM-MAKE-MASTER",587567689716001250,20,"AFTER_SUBMIT","NATIVE_FORM_DML","Process form Item Make Master",587559682966001242,"","","","","","","","","","","","","","","","","","",""
106,"Item Make Master","ITEM-MAKE-MASTER",587606966874093016,60,"BEFORE_HEADER","NATIVE_PLSQL","Get Form Status And TNO",,"","","","begin
     if :P106_TNO is null then
            :P106_FORMSTATUS := 'NEWRECORD';
        else
            :P106_FORMSTATUS := 'EDITRECORD';
        end if;

    if :P106_TNO is null then

        select globaltno.nextval into :P106_TNO from dual;

    end if;
end;","","","","","","","","","","","","","","",""
108,"Indent","INDENT",38627162454424844,10,"BEFORE_HEADER","NATIVE_FORM_INIT","Initialize form Indent",937163079457390733,"","","","","","","","","","","","","","","","","","",""
108,"Indent","INDENT",38627606523424844,40,"AFTER_SUBMIT","NATIVE_FORM_DML","Process form Indent",937163079457390733,"","","","","","","","","","","","","","","","","","",""
108,"Indent","INDENT",38614956027424839,70,"AFTER_SUBMIT","NATIVE_IG_DML","IndentDetailQuality - Save Interactive Grid Data",837024601150099904,"","","","","","","","","","","","","","","","","","",""
110,"My Parameter Master","MY-PARAMETER-MASTER",587635192828203362,10,"BEFORE_HEADER","NATIVE_FORM_INIT","Initialize form My Parameter Master",587627040527203357,"","","","","","","","","","","","","","","","","","",""
110,"My Parameter Master","MY-PARAMETER-MASTER",587635615431203364,20,"AFTER_SUBMIT","NATIVE_FORM_DML","Process form My Parameter Master",587627040527203357,"","","","","","","","","","","","","","","","","","",""
110,"My Parameter Master","MY-PARAMETER-MASTER",587665439098268555,60,"BEFORE_HEADER","NATIVE_PLSQL","Get Form Status And TNO",,"","","","begin
     if :P110_TNO is null then
            :P110_FORMSTATUS := 'NEWRECORD';
        else
            :P110_FORMSTATUS := 'EDITRECORD';
        end if;

    if :P110_TNO is null then

        select globaltno.nextval into :P110_TNO from dual;

    end if;
end;","","","","","","","","","","","","","","",""
112,"Quality Master","QUALITY-MASTER",588738059251962040,10,"BEFORE_HEADER","NATIVE_FORM_INIT","Initialize form Quality Master",588728525435962004,"","","","","","","","","","","","","","","","","","",""
112,"Quality Master","QUALITY-MASTER",588738531425962043,20,"AFTER_SUBMIT","NATIVE_FORM_DML","Process form Quality Master",588728525435962004,"","","","","","","","","","","","","","","","","","",""
112,"Quality Master","QUALITY-MASTER",588773088719058280,60,"BEFORE_HEADER","NATIVE_PLSQL","Get Form Status And TNO",,"","","","begin
     if :P112_TNO is null then
            :P112_FORMSTATUS := 'NEWRECORD';
        else
            :P112_FORMSTATUS := 'EDITRECORD';
        end if;

    if :P112_TNO is null then

        select globaltno.nextval into :P112_TNO from dual;

    end if;
end;","","","","","","","","","","","","","","",""
114,"Quality Type Master","QUALITY-TYPE-MASTER",588804953944150847,10,"BEFORE_HEADER","NATIVE_FORM_INIT","Initialize form Quality Type Master",588796653438150839,"","","","","","","","","","","","","","","","","","",""
114,"Quality Type Master","QUALITY-TYPE-MASTER",588805379351150849,20,"AFTER_SUBMIT","NATIVE_FORM_DML","Process form Quality Type Master",588796653438150839,"","","","","","","","","","","","","","","","","","",""
114,"Quality Type Master","QUALITY-TYPE-MASTER",588826375998203531,60,"BEFORE_HEADER","NATIVE_PLSQL","Get Form Status And TNO",,"","","","begin
     if :P114_TNO is null then
            :P114_FORMSTATUS := 'NEWRECORD';
        else
            :P114_FORMSTATUS := 'EDITRECORD';
        end if;

    if :P114_TNO is null then

        select globaltno.nextval into :P114_TNO from dual;

    end if;
end;","","","","","","","","","","","","","","",""
116,"Item Quality Master","ITEM-QUALITY-MASTER",588883170001317621,10,"BEFORE_HEADER","NATIVE_FORM_INIT","Initialize form Item Quality Master",588866495453317612,"","","","","","","","","","","","","","","","","","",""
116,"Item Quality Master","ITEM-QUALITY-MASTER",588883548449317622,10,"AFTER_SUBMIT","NATIVE_FORM_DML","Process form Item Quality Master",588866495453317612,"","","","","","","","","","","","","","","","","","",""
116,"Item Quality Master","ITEM-QUALITY-MASTER",588924786806400460,60,"BEFORE_HEADER","NATIVE_PLSQL","Get Form Status And TNO",,"","","","begin
     if :P116_TNO is null then
            :P116_FORMSTATUS := 'NEWRECORD';
        else
            :P116_FORMSTATUS := 'EDITRECORD';
        end if;

    if :P116_TNO is null then

        select globaltno.nextval into :P116_TNO from dual;
        select globaltno.nextval into :P116_SNO from dual;

    end if;
end;","","","","","","","","","","","","","","",""
118,"Purchase Order","PURCHASE-ORDER",169289204406939371,20,"BEFORE_HEADER","NATIVE_FORM_INIT","Initialize form Purchase Order",653766931975247397,"","","","","","","","","","","","","","","","","","",""
118,"Purchase Order","PURCHASE-ORDER",169331097495939400,30,"BEFORE_HEADER","NATIVE_FORM_INIT","Initialize form Vendor Accptance",658273239251398093,"","","","","","","","","","","","","","","","","","",""
118,"Purchase Order","PURCHASE-ORDER",169289567119939371,70,"AFTER_SUBMIT","NATIVE_FORM_DML","Process form Purchase Order",653766931975247397,"","","","","","","","","","","","","","","","","","",""
118,"Purchase Order","PURCHASE-ORDER",169339911992939405,70,"BEFORE_HEADER","NATIVE_FORM_INIT","Initialize form E-Mail",658274824140398109,"","","","","","","","","","","","","","","","","","",""
118,"Purchase Order","PURCHASE-ORDER",169316357105939391,140,"AFTER_SUBMIT","NATIVE_IG_DML","Terms and Conditions - Save Interactive Grid Data",654000419029289318,"","","","","","","","","","","","","","","","","","",""
118,"Purchase Order","PURCHASE-ORDER",169351162515939416,150,"AFTER_SUBMIT","NATIVE_IG_DML","FooterDetail - Save Interactive Grid Data",654125604639489980,"","","","","","","","","","","","","","","","","","",""
118,"Purchase Order","PURCHASE-ORDER",169323705833939397,170,"AFTER_SUBMIT","NATIVE_IG_DML","Special Note - Save Interactive Grid Data",658272093638398082,"","","","","","","","","","","","","","","","","","",""
118,"Purchase Order","PURCHASE-ORDER",169331454443939400,180,"AFTER_SUBMIT","NATIVE_FORM_DML","Process form Vendor Acceptance",658273239251398093,"","","","","","","","","","","","","","","","","","",""
120,"Cost Centre Master","COST-CENTRE-MASTER",589279987045674425,10,"BEFORE_HEADER","NATIVE_FORM_INIT","Initialize form Cost Centre Master",589271018524674414,"","","","","","","","","","","","","","","","","","",""
120,"Cost Centre Master","COST-CENTRE-MASTER",589280418025674426,20,"AFTER_SUBMIT","NATIVE_FORM_DML","Process form Cost Centre Master",589271018524674414,"","","","","","","","","","","","","","","","","","",""
120,"Cost Centre Master","COST-CENTRE-MASTER",589303122745730899,60,"BEFORE_HEADER","NATIVE_PLSQL","Get Form Status And TNO",,"","","","begin
     if :P120_TNO is null then
            :P120_FORMSTATUS := 'NEWRECORD';
        else
            :P120_FORMSTATUS := 'EDITRECORD';
        end if;

    if :P120_TNO is null then

        select globaltno.nextval into :P120_TNO from dual;

    end if;
end;","","","","","","","","","","","","","","",""
122,"Currency Unit Master","CURRENCY-UNIT-MASTER",589362140572892364,10,"BEFORE_HEADER","NATIVE_FORM_INIT","Initialize form Currency Unit Master",589351023440892355,"","","","","","","","","","","","","","","","","","",""
122,"Currency Unit Master","CURRENCY-UNIT-MASTER",589362544792892364,20,"AFTER_SUBMIT","NATIVE_FORM_DML","Process form Currency Unit Master",589351023440892355,"","","","","","","","","","","","","","","","","","",""
122,"Currency Unit Master","CURRENCY-UNIT-MASTER",589474723390951949,60,"BEFORE_HEADER","NATIVE_PLSQL","Get Form Status And TNO",,"","","","begin
     if :P122_TNO is null then
            :P122_FORMSTATUS := 'NEWRECORD';
        else
            :P122_FORMSTATUS := 'EDITRECORD';
        end if;

    if :P122_TNO is null then

        select globaltno.nextval into :P122_TNO from dual;

    end if;
end;","","","","","","","","","","","","","","",""
124,"Bank Master","BANK-MASTER",593580402997385582,10,"BEFORE_HEADER","NATIVE_FORM_INIT","Initialize form Bank Master",593567315374385538,"","","","","","","","","","","","","","","","","","",""
124,"Bank Master","BANK-MASTER",593580809509385584,20,"AFTER_SUBMIT","NATIVE_FORM_DML","Process form Bank Master",593567315374385538,"","","","","","","","","","","","","","","","","","",""
124,"Bank Master","BANK-MASTER",593633853940469475,50,"BEFORE_HEADER","NATIVE_PLSQL","Get Form Status And TNO",,"","","","begin
     if :P124_TNO is null then
            :P124_FORMSTATUS := 'NEWRECORD';
        else
            :P124_FORMSTATUS := 'EDITRECORD';
        end if;

    if :P124_TNO is null then

        select globaltno.nextval into :P124_TNO from dual;

    end if;
end;","","","","","","","","","","","","","","",""
128,"Storage Location Master","STORAGE-LOCATION-MASTER",593678431026085311,10,"BEFORE_HEADER","NATIVE_FORM_INIT","Initialize form Storage Location Master",593667318787085300,"","","","","","","","","","","","","","","","","","",""
128,"Storage Location Master","STORAGE-LOCATION-MASTER",593678823421085311,30,"AFTER_SUBMIT","NATIVE_FORM_DML","Process form Storage Location Master",593667318787085300,"","","","","","","","","","","","","","","","","","",""
128,"Storage Location Master","STORAGE-LOCATION-MASTER",593695727737134046,60,"BEFORE_HEADER","NATIVE_PLSQL","Get Form Status And TNO",,"","","","begin
     if :P128_TNO is null then
            :P128_FORMSTATUS := 'NEWRECORD';
        else
            :P128_FORMSTATUS := 'EDITRECORD';
        end if;

    if :P128_TNO is null then

        select globaltno.nextval into :P128_TNO from dual;

    end if;
end;","","","","","","","","","","","","","","",""
130,"Requisition Master","REQUISITION-MASTER",595144955718781398,10,"BEFORE_HEADER","NATIVE_FORM_INIT","Initialize form Requisition Master",595127064627781364,"","","","","","","","","","","","","","","","","","",""
130,"Requisition Master","REQUISITION-MASTER",595145393164781400,20,"AFTER_SUBMIT","NATIVE_FORM_DML","Process form Requisition Master",595127064627781364,"","","","","","","","","","","","","","","","","","",""
130,"Requisition Master","REQUISITION-MASTER",604870940766596372,50,"AFTER_SUBMIT","NATIVE_IG_DML","Requisition Cost Centre - Save Interactive Grid Data",596047658617595343,"","","","","","","","","","","","","","","","","","",""
133,"Weighment","WEIGHMENT",595187812129788959,10,"BEFORE_HEADER","NATIVE_FORM_INIT","Initialize form Weighment",595160085804788940,"","","","","","","","","","","","","","","","","","",""
133,"Weighment","WEIGHMENT",595188203425788959,20,"AFTER_SUBMIT","NATIVE_FORM_DML","Process form Weighment",595160085804788940,"","","","","","","","","","","","","","","","","","",""
136,"User Privilege","USER-PRIVILEGE1",595457816951637198,10,"BEFORE_HEADER","NATIVE_FORM_INIT","Initialize form User Privilege",767290156304126240,"","","","","","","","","","","","","","","","","","",""
136,"User Privilege","USER-PRIVILEGE1",595458191285637198,10,"AFTER_SUBMIT","NATIVE_FORM_DML","Process form User Privilege",767290156304126240,"","","","","","","","","","","","","","","","","","",""
138,"Issue","ISSUE-MASTER",597267332433737187,10,"BEFORE_HEADER","NATIVE_FORM_INIT","Initialize form Issue Master",597254912848737119,"","","","","","","","","","","","","","","","","","",""
138,"Issue","ISSUE-MASTER",597267686685737190,20,"AFTER_SUBMIT","NATIVE_FORM_DML","Process form Issue Master",597254912848737119,"","","","","","","","","","","","","","","","","","",""
138,"Issue","ISSUE-MASTER",597364404535931531,60,"AFTER_SUBMIT","NATIVE_IG_DML","Issue Cost Centre - Save Interactive Grid Data",596696893544451869,"","","","","","","","","","","","","","","","","","",""
138,"Issue","ISSUE-MASTER",604866305924596326,70,"AFTER_SUBMIT","NATIVE_IG_DML","Issue Stock Detail - Save Interactive Grid Data",601985729217201164,"","","","","","","","","","","","","","","","","","",""
140,"Payment Advice","PAYMENT-ADVICE-MASTER",600330423399106033,10,"BEFORE_HEADER","NATIVE_FORM_INIT","Initialize form Payment Advice Master",600269788697105940,"","","","","","","","","","","","","","","","","","",""
140,"Payment Advice","PAYMENT-ADVICE-MASTER",600330756827106037,50,"AFTER_SUBMIT","NATIVE_FORM_DML","Process form Payment Advice Master",600269788697105940,"","","","","","","","","","","","","","","","","","",""
140,"Payment Advice","PAYMENT-ADVICE-MASTER",600485012411400670,60,"AFTER_SUBMIT","NATIVE_IG_DML","Payment Advice Reference - Save Interactive Grid Data",599962908003921065,"","","","","","","","","","","","","","","","","","",""
143,"Purchase Bill","PURCHASE-BILL",600609846947171831,20,"BEFORE_HEADER","NATIVE_FORM_INIT","Initialize form Purchase Bill",600581388345171811,"","","","","","","","","","","","","","","","","","",""
143,"Purchase Bill","PURCHASE-BILL",600610338352171831,20,"AFTER_SUBMIT","NATIVE_FORM_DML","Process form Purchase Bill",600581388345171811,"","","","","","","","","","","","","","","","","","",""
143,"Purchase Bill","PURCHASE-BILL",600816649991447265,50,"AFTER_SUBMIT","NATIVE_IG_DML","GRNSelection1 - Save Interactive Grid Data",600815198305447250,"","","","","","","","","","","","","","","","","","",""
143,"Purchase Bill","PURCHASE-BILL",600871350158726242,60,"AFTER_SUBMIT","NATIVE_IG_DML","DetailFooter - Save Interactive Grid Data",600745117815249260,"","","","","","","","","","","","","","","","","","",""
143,"Purchase Bill","PURCHASE-BILL",600871871683726247,70,"AFTER_SUBMIT","NATIVE_IG_DML","GRN - Save Interactive Grid Data",600746501858249274,"","","","","","","","","","","","","","","","","","",""
143,"Purchase Bill","PURCHASE-BILL",601383008785650835,80,"AFTER_SUBMIT","NATIVE_IG_DML","Terms & Conditions - Save Interactive Grid Data",600813358654447232,"","","","","","","","","","","","","","","","","","",""
146,"GRN","GRN",8596681913410889,10,"BEFORE_HEADER","NATIVE_FORM_INIT","Initialize form GRN",635135915118316562,"","","","","","","","","","","","","","","","","","",""
146,"GRN","GRN",8597034201410889,40,"AFTER_SUBMIT","NATIVE_FORM_DML","Process form GRN",635135915118316562,"","","","","","","","","","","","","","","","","","",""
146,"GRN","GRN",8579363992410868,60,"AFTER_SUBMIT","NATIVE_IG_DML","EQ - Save Interactive Grid Data",793114131398680152,"","","","","","","","","","","","","","","","","","",""
146,"GRN","GRN",8571812673410861,70,"AFTER_SUBMIT","NATIVE_IG_DML","DetailStorage - Save Interactive Grid Data",793149763636681631,"","","","","","","","","","","","","","","","","","",""
146,"GRN","GRN",8632707076410922,80,"AFTER_SUBMIT","NATIVE_IG_DML","StockStorageDetail - Save Interactive Grid Data",793185840067684253,"","","","","","","","","","","","","","","","","","",""
146,"GRN","GRN",8625906927410916,100,"AFTER_SUBMIT","NATIVE_IG_DML","GrnJob - Save Interactive Grid Data",793329189068469265,"","","","","","","","","","","","","","","","","","",""
148,"PO Amendment","PO-AMENDMENT-MASTER",598849206519567341,10,"BEFORE_HEADER","NATIVE_FORM_INIT","Initialize form PO Amendment Master",598827698184567311,"","","","","","","","","","","","","","","","","","",""
148,"PO Amendment","PO-AMENDMENT-MASTER",598849574616567342,30,"AFTER_SUBMIT","NATIVE_FORM_DML","Process form PO Amendment Master",598827698184567311,"","","","","","","","","","","","","","","","","","",""
148,"PO Amendment","PO-AMENDMENT-MASTER",598966529281857850,60,"AFTER_SUBMIT","NATIVE_IG_DML","Terms and Conditions - Save Interactive Grid Data",598889314874691561,"","","","","","","","","","","","","","","","","","",""
148,"PO Amendment","PO-AMENDMENT-MASTER",598966782656857853,70,"AFTER_SUBMIT","NATIVE_IG_DML","Special Note - Save Interactive Grid Data",598889951227691568,"","","","","","","","","","","","","","","","","","",""
148,"PO Amendment","PO-AMENDMENT-MASTER",598967137913857856,80,"AFTER_SUBMIT","NATIVE_IG_DML","Footer Detail - Save Interactive Grid Data",598890614038691574,"","","","","","","","","","","","","","","","","","",""
148,"PO Amendment","PO-AMENDMENT-MASTER",598967345489857859,110,"AFTER_SUBMIT","NATIVE_IG_DML","Quality Detail - Save Interactive Grid Data",598964849771857834,"","","","","","","","","","","","","","","","","","",""
150,"Issue Return Master","ISSUE-RETURN-MASTER",601428725133145902,10,"BEFORE_HEADER","NATIVE_FORM_INIT","Initialize form Issue Return Master",601412882485145845,"","","","","","","","","","","","","","","","","","",""
150,"Issue Return Master","ISSUE-RETURN-MASTER",601429142375145903,20,"AFTER_SUBMIT","NATIVE_FORM_DML","Process form Issue Return Master",601412882485145845,"","","","","","","","","","","","","","","","","","",""
150,"Issue Return Master","ISSUE-RETURN-MASTER",601492389920281652,50,"AFTER_SUBMIT","NATIVE_IG_DML","Issue Return Cost Centre - Save Interactive Grid Data",601491279507281641,"","","","","","","","","","","","","","","","","","",""
150,"Issue Return Master","ISSUE-RETURN-MASTER",601494424441281672,60,"AFTER_SUBMIT","NATIVE_IG_DML","IssueReturnStockDetail - Save Interactive Grid Data",601493306352281661,"","","","","","","","","","","","","","","","","","",""
152,"Purchase Bill Pass","PURCHASE-BILL-PASS",602046002722228894,10,"BEFORE_HEADER","NATIVE_FORM_INIT","Initialize form Purchase Bill Pass",601994468342228812,"","","","","","","","","","","","","","","","","","",""
152,"Purchase Bill Pass","PURCHASE-BILL-PASS",602046387514228897,20,"AFTER_SUBMIT","NATIVE_FORM_DML","Process form Purchase Bill Pass",601994468342228812,"","","","","","","","","","","","","","","","","","",""
152,"Purchase Bill Pass","PURCHASE-BILL-PASS",602349032003277326,80,"AFTER_SUBMIT","NATIVE_IG_DML","DETAILFOOTER - Save Interactive Grid Data",602264427724037858,"","","","","","","","","","","","","","","","","","",""
152,"Purchase Bill Pass","PURCHASE-BILL-PASS",607088394273783541,90,"AFTER_SUBMIT","NATIVE_IG_DML","TDS - Save Interactive Grid Data",607087246093783530,"","","","","","","","","","","","","","","","","","",""
152,"Purchase Bill Pass","PURCHASE-BILL-PASS",454407850747940809,180,"AFTER_SUBMIT","NATIVE_IG_DML","PaidInAdvance - Save Interactive Grid Data",454406770486940799,"","","","","","","","","","","","","","","","","","",""
152,"Purchase Bill Pass","PURCHASE-BILL-PASS",455356462316181886,190,"AFTER_SUBMIT","NATIVE_IG_DML","PBPassTDSDeductedInAdvance - Save Interactive Grid Data",454409456349940825,"","","","","","","","","","","","","","","","","","",""
155,"Loading Advice","LOADING-ADVICE",603955097944045012,10,"BEFORE_HEADER","NATIVE_FORM_INIT","Initialize form Loading Advice",603935116499044932,"","","","","","","","","","","","","","","","","","",""
155,"Loading Advice","LOADING-ADVICE",603955462259045015,40,"AFTER_SUBMIT","NATIVE_FORM_DML","Process form Loading Advice",603935116499044932,"","","","","","","","","","","","","","","","","","",""
156,"Voucher","VOUCHER",607696489308288614,10,"BEFORE_HEADER","NATIVE_FORM_INIT","Initialize form Voucher",841841470566831271,"","","","","","","","","","","","","","","","","","",""
156,"Voucher","VOUCHER",607696875935288614,40,"AFTER_SUBMIT","NATIVE_FORM_DML","Process form Voucher",841841470566831271,"","","","","","","","","","","","","","","","","","",""
156,"Voucher","VOUCHER",607681277071288599,50,"AFTER_SUBMIT","NATIVE_IG_DML","Voucher Created Automaticaly - Save Interactive Grid Data",803352458305679688,"","","","","","","","","","","","","","","","","","",""
156,"Voucher","VOUCHER",607671152468288592,90,"AFTER_SUBMIT","NATIVE_IG_DML","Cost Centre - Save Interactive Grid Data",796947375311330313,"","","","","","","","","","","","","","","","","","",""
156,"Voucher","VOUCHER",607677751961288598,100,"AFTER_SUBMIT","NATIVE_IG_DML","Reference - Save Interactive Grid Data",796947423968330314,"","","","","","","","","","","","","","","","","","",""
159,"Debit Note","DEBIT-NOTE",608034746114164395,10,"BEFORE_HEADER","NATIVE_FORM_INIT","Initialize form Debit Note",855609394429149685,"","","","","","","","","","","","","","","","","","",""
159,"Debit Note","DEBIT-NOTE",608035170842164395,40,"AFTER_SUBMIT","NATIVE_FORM_DML","Process form Debit Note",855609394429149685,"","","","","","","","","","","","","","","","","","",""
159,"Debit Note","DEBIT-NOTE",608043726910164399,80,"AFTER_SUBMIT","NATIVE_IG_DML","Terms and Condition - Save Interactive Grid Data",797239350954018594,"","","","","","","","","","","","","","","","","","",""
159,"Debit Note","DEBIT-NOTE",58363893702166441,190,"AFTER_SUBMIT","NATIVE_IG_DML","Stock Detail - Save Interactive Grid Data",58362130014166424,"","","","","","","","","","","","","","","","","","",""
161,"Despatch Advice","DESPATCH-ADVICE",609639765674595237,10,"BEFORE_HEADER","NATIVE_FORM_INIT","Initialize form Despatch Advice",609616999661595195,"","","","","","","","","","","","","","","","","","",""
161,"Despatch Advice","DESPATCH-ADVICE",609640177490595241,60,"AFTER_SUBMIT","NATIVE_FORM_DML","Process form Despatch Advice",609616999661595195,"","","","","","","","","","","","","","","","","","",""
166,"Credit Note","CREDIT-NOTE",608692378679894751,10,"BEFORE_HEADER","NATIVE_FORM_INIT","Initialize form",894743841250652119,"","","","","","","","","","","","","","","","","","",""
166,"Credit Note","CREDIT-NOTE",608692790769894751,60,"AFTER_SUBMIT","NATIVE_FORM_DML","Process form Credit Note",894743841250652119,"","","","","","","","","","","","","","","","","","",""
166,"Credit Note","CREDIT-NOTE",608701962648894758,90,"AFTER_SUBMIT","NATIVE_IG_DML","Terms and Condition - Save Interactive Grid Data",836373797775521028,"","","","","","","","","","","","","","","","","","",""
168,"Material Out","MATERIAL-OUT",609818944015588757,10,"BEFORE_HEADER","NATIVE_FORM_INIT","Initialize form Material Out",609790294427588736,"","","","","","","","","","","","","","","","","","",""
168,"Material Out","MATERIAL-OUT",609819180982588758,40,"AFTER_SUBMIT","NATIVE_FORM_DML","Process form Material Out",609790294427588736,"","","","","","","","","","","","","","","","","","",""
171,"Sales Order","SALES-ORDER",609033259648475049,20,"BEFORE_HEADER","NATIVE_FORM_INIT","Initialize form Purchase Order",926272177363933996,"","","","","","","","","","","","","","","","","","",""
171,"Sales Order","SALES-ORDER",609033673945475049,30,"AFTER_SUBMIT","NATIVE_FORM_DML","Process form Sales Order",926272177363933996,"","","","","","","","","","","","","","","","","","",""
171,"Sales Order","SALES-ORDER",609075492482475073,30,"BEFORE_HEADER","NATIVE_FORM_INIT","Initialize form E-Mail",930780069529084708,"","","","","","","","","","","","","","","","","","",""
171,"Sales Order","SALES-ORDER",609052300604475062,90,"AFTER_SUBMIT","NATIVE_IG_DML","Terms and Conditions - Save Interactive Grid Data",926505664417975917,"","","","","","","","","","","","","","","","","","",""
171,"Sales Order","SALES-ORDER",609004847889475036,100,"AFTER_SUBMIT","NATIVE_IG_DML","FooterDetail - Save Interactive Grid Data",926630850028176579,"","","","","","","","","","","","","","","","","","",""
171,"Sales Order","SALES-ORDER",609059283528475065,120,"AFTER_SUBMIT","NATIVE_IG_DML","Special Note - Save Interactive Grid Data",930777339027084681,"","","","","","","","","","","","","","","","","","",""
173,"Terms & Condition","TERMS-CONDITION",609173296483545006,10,"BEFORE_HEADER","NATIVE_FORM_INIT","Initialize form Terms & Condition",609165205251544982,"","","","","","","","","","","","","","","","","","",""
173,"Terms & Condition","TERMS-CONDITION",609173695961545007,20,"AFTER_SUBMIT","NATIVE_FORM_DML","Process form Terms & Condition",609165205251544982,"","","","","","","","","","","","","","","","","","",""
173,"Terms & Condition","TERMS-CONDITION",606897601581733049,30,"AFTER_SUBMIT","NATIVE_IG_DML","Detail - Save Interactive Grid Data",606896713739733040,"","","","","","","","","","","","","","","","","","",""
175,"CCInvoice","CCINVOICE",52493247311780284,10,"BEFORE_HEADER","NATIVE_FORM_INIT","Initialize form Invoice",845947195447769895,"","","","","","","","","","","","","","","","","","",""
175,"CCInvoice","CCINVOICE",52476417961780277,20,"BEFORE_HEADER","NATIVE_FORM_INIT","Initialize form Eway Bill",250321555334926132,"","","","","","","","","","","","","","","","","","",""
175,"CCInvoice","CCINVOICE",52493708375780284,40,"AFTER_SUBMIT","NATIVE_FORM_DML","Process form Invoice",845947195447769895,"","","","","","","","","","","","","","","","","","",""
175,"CCInvoice","CCINVOICE",52476863060780277,60,"AFTER_SUBMIT","NATIVE_FORM_DML","Process Form Eway Bill",250321555334926132,"","","","","","","","","","","","","","","","","","",""
175,"CCInvoice","CCINVOICE",52455380470780267,100,"AFTER_SUBMIT","NATIVE_IG_DML","Stock  Detail - Save Interactive Grid Data",861321289561804906,"","","","","","","","","","","","","","","","","","",""
175,"CCInvoice","CCINVOICE",52531101962780300,130,"AFTER_SUBMIT","NATIVE_IG_DML","Advancereceipt - Save Interactive Grid Data",505950149563692276,"","","","","","","","","","","","","","","","","","",""
175,"CCInvoice","CCINVOICE",52481828119780279,170,"AFTER_SUBMIT","NATIVE_IG_DML","Terms And Conditions - Save Interactive Grid Data",514621638944855667,"","","","","","","","","","","","","","","","","","",""
175,"CCInvoice","CCINVOICE",52487615704780281,180,"AFTER_SUBMIT","NATIVE_IG_DML","CCInvoice Job - Save Interactive Grid Data",515154983193807687,"","","","","","","","","","","","","","","","","","",""
177,"Tax Rule","TAX-RULE",611149923010606770,10,"BEFORE_HEADER","NATIVE_FORM_INIT","Initialize form Tax Rule",611139720554606723,"","","","","","","","","","","","","","","","","","",""
177,"Tax Rule","TAX-RULE",611150274914606773,10,"AFTER_SUBMIT","NATIVE_FORM_DML","Process form Tax Rule",611139720554606723,"","","","","","","","","","","","","","","","","","",""
177,"Tax Rule","TAX-RULE",611206272375888140,30,"AFTER_SUBMIT","NATIVE_IG_DML","HSN DEtail - Save Interactive Grid Data",611204968032888127,"","","","","","","","","","","","","","","","","","",""
177,"Tax Rule","TAX-RULE",504908319974991085,40,"AFTER_SUBMIT","NATIVE_IG_DML","SAC Detail - Save Interactive Grid Data",501638619637793222,"","","","","","","","","","","","","","","","","","",""
177,"Tax Rule","TAX-RULE",611206574242888143,50,"AFTER_SUBMIT","NATIVE_IG_DML","Footer Detail - Save Interactive Grid Data",610711602678199069,"","","","","","","","","","","","","","","","","","",""
179,"Service Order","JOB-ORDER",611897624333615273,10,"BEFORE_HEADER","NATIVE_FORM_INIT","Initialize form Job Order",611848966418615194,"","","","","","","","","","","","","","","","","","",""
179,"Service Order","JOB-ORDER",611897996966615283,60,"AFTER_SUBMIT","NATIVE_FORM_DML","Process form Job Order",611848966418615194,"","","","","","","","","","","","","","","","","","",""
179,"Service Order","JOB-ORDER",612137022941493051,80,"AFTER_SUBMIT","NATIVE_IG_DML","Footer Detail - Save Interactive Grid Data",612135832465493039,"","","","","","","","","","","","","","","","","","",""
179,"Service Order","JOB-ORDER",463765036596538524,90,"AFTER_SUBMIT","NATIVE_IG_DML","Terms and condition - Save Interactive Grid Data",463764082487538515,"","","","","","","","","","","","","","","","","","",""
181,"Kitting Unkitting","KITTING-UNKITTING",49103792804476109,10,"BEFORE_HEADER","NATIVE_FORM_INIT","Initialize form Kitting Unkitting",867994127731419688,"","","","","","","","","","","","","","","","","","",""
181,"Kitting Unkitting","KITTING-UNKITTING",49104169730476109,30,"AFTER_SUBMIT","NATIVE_FORM_DML","Process form kitting unkitting",867994127731419688,"","","","","","","","","","","","","","","","","","",""
181,"Kitting Unkitting","KITTING-UNKITTING",49084443432476100,70,"AFTER_SUBMIT","NATIVE_IG_DML","Raw Stock Detail - Save Interactive Grid Data",868051421506889186,"","","","","","","","","","","","","","","","","","",""
181,"Kitting Unkitting","KITTING-UNKITTING",49065404022476089,100,"AFTER_SUBMIT","NATIVE_IG_DML","Stock Finished Details - Save Interactive Grid Data",868054712332889219,"","","","","","","","","","","","","","","","","","",""
184,"Sales GRN","SALES-GRN",613126704099835951,10,"BEFORE_HEADER","NATIVE_FORM_INIT","Initialize form Sales GRN",613091855121835924,"","","","","","","","","","","","","","","","","","",""
184,"Sales GRN","SALES-GRN",613205266865942507,20,"AFTER_SUBMIT","NATIVE_FORM_DML","Process form Sales GRN",613091855121835924,"","","","","","","","","","","","","","","","","","",""
184,"Sales GRN","SALES-GRN",613522591677402854,50,"AFTER_SUBMIT","NATIVE_IG_DML","FooterDetail - Save Interactive Grid Data",613521180644402840,"","","","","","","","","","","","","","","","","","",""
184,"Sales GRN","SALES-GRN",613608810618688749,60,"AFTER_SUBMIT","NATIVE_IG_DML","StockDetail - Save Interactive Grid Data",613326121795867359,"","","","","","","","","","","","","","","","","","",""
187,"Stock Transfer","STOCK-TRANSFER",613308161167814087,10,"BEFORE_HEADER","NATIVE_FORM_INIT","Initialize form Stock Transfer",613291583322814079,"","","","","","","","","","","","","","","","","","",""
187,"Stock Transfer","STOCK-TRANSFER",613308614374814087,20,"AFTER_SUBMIT","NATIVE_FORM_DML","Process form Stock Transfer",613291583322814079,"","","","","","","","","","","","","","","","","","",""
187,"Stock Transfer","STOCK-TRANSFER",613230048716248071,40,"AFTER_SUBMIT","NATIVE_IG_DML","Stock  Detail - Save Interactive Grid Data",969281019197916034,"","","","","","","","","","","","","","","","","","",""
188,"Item Type Master","ITEM-TYPE-MASTER1",462161938839555400,10,"BEFORE_HEADER","NATIVE_FORM_INIT","Initialize form Item Type Master",622817586286172374,"","","","","","","","","","","","","","","","","","",""
188,"Item Type Master","ITEM-TYPE-MASTER1",462162328194555402,20,"AFTER_SUBMIT","NATIVE_FORM_DML","Process form Item Type Master",622817586286172374,"","","","","","","","","","","","","","","","","","",""
188,"Item Type Master","ITEM-TYPE-MASTER1",462166105354555413,60,"BEFORE_HEADER","NATIVE_PLSQL","Get Form Status And TNO",,"","","","begin
     if :P188_TNO is null then
            :P188_FORMSTATUS := 'NEWRECORD';
        else
            :P188_FORMSTATUS := 'EDITRECORD';
        end if;

    if :P188_TNO is null then

        select globaltno.nextval into :P188_TNO from dual;

    end if;
end;","","","","","","","","","","","","","","",""
189,"GRN","GRN1",596073412975738770,10,"BEFORE_HEADER","NATIVE_FORM_INIT","Initialize form GRN",596017707495738711,"","","","","","","","","","","","","","","","","","",""
189,"GRN","GRN1",596073795676738770,20,"AFTER_SUBMIT","NATIVE_FORM_DML","Process form GRN",596017707495738711,"","","","","","","","","","","","","","","","","","",""
189,"GRN","GRN1",597007170972158102,40,"AFTER_SUBMIT","NATIVE_IG_DML","EQ - Save Interactive Grid Data",597005600602158087,"","","","","","","","","","","","","","","","","","",""
189,"GRN","GRN1",597008863603158119,50,"AFTER_SUBMIT","NATIVE_IG_DML","DetailStorage - Save Interactive Grid Data",597007339167158104,"","","","","","","","","","","","","","","","","","",""
189,"GRN","GRN1",597010118053158132,60,"AFTER_SUBMIT","NATIVE_IG_DML","StockStorageDetail - Save Interactive Grid Data",597008929007158120,"","","","","","","","","","","","","","","","","","",""
189,"GRN","GRN1",597121351825938298,70,"AFTER_SUBMIT","NATIVE_IG_DML","GrnJob - Save Interactive Grid Data",597119887444938283,"","","","","","","","","","","","","","","","","","",""
191,"Bill Receipt","BILL-RECEIPT",614329366750057754,10,"BEFORE_HEADER","NATIVE_FORM_INIT","Initialize form Bill Receipt",614308013778057685,"","","","","","","","","","","","","","","","","","",""
191,"Bill Receipt","BILL-RECEIPT",614329809554057757,30,"AFTER_SUBMIT","NATIVE_FORM_DML","Process form Bill Receipt",614308013778057685,"","","","","","","","","","","","","","","","","","",""
191,"Bill Receipt","BILL-RECEIPT",614566407193739849,60,"AFTER_SUBMIT","NATIVE_IG_DML","Detail - Save Interactive Grid Data",614564609334739831,"","","","","","","","","","","","","","","","","","",""
191,"Bill Receipt","BILL-RECEIPT",614564015822739825,70,"AFTER_SUBMIT","NATIVE_IG_DML","Penalty - Save Interactive Grid Data",613973032405521561,"","","","","","","","","","","","","","","","","","",""
193,"Item Opening","ITEM-OPENING",614393502212176035,10,"BEFORE_HEADER","NATIVE_FORM_INIT","Initialize form Item Opening",804048377970222594,"","","","","","","","","","","","","","","","","","",""
193,"Item Opening","ITEM-OPENING",614393873199176037,20,"AFTER_SUBMIT","NATIVE_FORM_DML","Process form Item Opening",804048377970222594,"","","","","","","","","","","","","","","","","","",""
195,"Gate Pass","GATE-PASS",184590933818571314,10,"BEFORE_HEADER","NATIVE_FORM_INIT","Initialize form Gate Pass",184560452719571293,"","","","","","","","","","","","","","","","","","",""
195,"Gate Pass","GATE-PASS",184591366367571315,10,"AFTER_SUBMIT","NATIVE_FORM_DML","Process form Gate Pass",184560452719571293,"","","","","","","","","","","","","","","","","","",""
195,"Gate Pass","GATE-PASS",184862356388682348,80,"AFTER_SUBMIT","NATIVE_IG_DML","Stock Detail - Save Interactive Grid Data",184715143586418586,"","","","","","","","","","","","","","","","","","",""
197,"PRODUCTION","PRODUCTION",443384919583788301,20,"BEFORE_HEADER","NATIVE_FORM_INIT","Initialize form PRODUCTION",443350781858788282,"","","","","","","","","","","","","","","","","","",""
197,"PRODUCTION","PRODUCTION",443385311973788301,20,"AFTER_SUBMIT","NATIVE_FORM_DML","Process form PRODUCTION",443350781858788282,"","","","","","","","","","","","","","","","","","",""
197,"PRODUCTION","PRODUCTION",444157473897553196,70,"AFTER_SUBMIT","NATIVE_IG_DML","Production Raw Stock Detail - Save IG Data",606489428479584067,"","","","","","","","","","","","","","","","","","",""
197,"PRODUCTION","PRODUCTION",443669744665159206,80,"AFTER_SUBMIT","NATIVE_IG_DML","productionfinisheddetail - Save Interactive Grid Data",443668464635159193,"","","","","","","","","","","","","","","","","","",""
199,"Freight Advice","FREIGHT-ADVICE",108523085278421224,10,"BEFORE_HEADER","NATIVE_FORM_INIT","Initialize form Freight Advice",506153003769171344,"","","","","","","","","","","","","","","","","","",""
199,"Freight Advice","FREIGHT-ADVICE",108523474317421224,20,"AFTER_SUBMIT","NATIVE_FORM_DML","Process form Freight Advice",506153003769171344,"","","","","","","","","","","","","","","","","","",""
199,"Freight Advice","FREIGHT-ADVICE",108560714329421249,150,"AFTER_SUBMIT","NATIVE_PLSQL","FormNarration",,"","","","declare
        tModuleNo  varchar2(30);
		tVehicleNo Varchar2(30);
		tChequeNo Varchar2(100);
BEGIN
  	if :P199_FormStatus in ('NEWRECORD', 'EDITRECORD')  then

  			IF :P199_MoneyTransferModeCode = 'CREDIT' then
		  			:P199_Narration
		  					:= 'Being amount credited towards Freight. '
		  					|| :P199_DocTypeCode || ' No.) / (Vehicle No.) : '
		  			;
  			else
		  			:P199_Narration
		  					:= 'Being ' || :P199_MoneyTransferModeName
		  					|| ' paid to ' || :P199_PaidTo
		  					|| ' towards Freight. ('
		  					|| getdoctypename(:P199_DocTypeCode) || ' No.) / (Vehicle No.) : '
		  			;
  			end if;

  			for vloop in (
                  select * from FreightAdviceDetail
                  where tno = :P199_TNO
                  order by tno
              )
  			loop

  					if vloop.VehicleNo is not null then
  							:P199_Narration := :P199_Narration || '('|| getmoduleno(vloop.modulecode,vloop.moduletno) || ') / (' ||  vloop.VehicleNo || '), ';
  					end if;
		  	end loop;

  			if :P199_MoneyTransferModeCode in ('CH', 'CHEQUE') and :P199_MONEYTRANSFERREFERENCENO is not null then
  					:P199_Narration := :P199_Narration || ' by Cheque No ' || :P199_MONEYTRANSFERREFERENCENO;
  			end if;
  			update FreightAdvice set narration = :p199_narration where tno = :p199_tno;
  	end if;
END;","","","","","","","","","","","","","","",""
202,"BOM","BOM",443538606431668121,10,"BEFORE_HEADER","NATIVE_FORM_INIT","Initialize form BOM",443521371186668112,"","","","","","","","","","","","","","","","","","",""
202,"BOM","BOM",443539016883668121,30,"AFTER_SUBMIT","NATIVE_FORM_DML","Process form BOM",443521371186668112,"","","","","","","","","","","","","","","","","","",""
204,"Shift","SHIFT",444064527763070095,10,"BEFORE_HEADER","NATIVE_FORM_INIT","Initialize form Shift",444052706293070082,"","","","","","","","","","","","","","","","","","",""
204,"Shift","SHIFT",444064871617070096,20,"AFTER_SUBMIT","NATIVE_FORM_DML","Process form Shift",444052706293070082,"","","","","","","","","","","","","","","","","","",""
204,"Shift","SHIFT",444080707667157748,60,"BEFORE_HEADER","NATIVE_PLSQL","Get Form Status And TNO",,"","","","begin
     if :P204_TNO is null then
            :P204_FORMSTATUS := 'NEWRECORD';
        else
            :P204_FORMSTATUS := 'EDITRECORD';
        end if;

    if :P204_TNO is null then

        select globaltno.nextval into :P204_TNO from dual;

    end if;
end;","","","","","","","","","","","","","","",""
206,"Production Centre","PRODUCTION-CENTRE",444144654008482443,10,"BEFORE_HEADER","NATIVE_FORM_INIT","Initialize form Production Centre",444133577664482435,"","","","","","","","","","","","","","","","","","",""
206,"Production Centre","PRODUCTION-CENTRE",444145065299482443,20,"AFTER_SUBMIT","NATIVE_FORM_DML","Process form Production Centre",444133577664482435,"","","","","","","","","","","","","","","","","","",""
206,"Production Centre","PRODUCTION-CENTRE",444167278168601909,60,"BEFORE_HEADER","NATIVE_PLSQL","Get Form Status And TNO",,"","","","begin
     if :P206_TNO is null then
            :P206_FORMSTATUS := 'NEWRECORD';
        else
            :P206_FORMSTATUS := 'EDITRECORD';
        end if;

    if :P206_TNO is null then

        select globaltno.nextval into :P206_TNO from dual;

    end if;
end;","","","","","","","","","","","","","","",""
208,"Reverse Charge","REVERSE-CHARGE1",199884306399537046,20,"BEFORE_HEADER","NATIVE_FORM_INIT","Initialize form Reverse Charge",554303131387116991,"","","","","","","","","","","","","","","","","","",""
208,"Reverse Charge","REVERSE-CHARGE1",449016540606080806,20,"AFTER_SUBMIT","NATIVE_FORM_DML","Process form Reverse Charge",554303131387116991,"","","","","","","","","","","","","","","","","","",""
208,"Reverse Charge","REVERSE-CHARGE1",449313809790581307,40,"AFTER_SUBMIT","NATIVE_IG_DML","Detail footer process",630729576800565158,"","","","","","","","","","","","","","","","","","",""
211,"Item Account","ITEMACCOUNT-FORM",449154920287210402,10,"BEFORE_HEADER","NATIVE_FORM_INIT","Initialize form Itemaccount Form",449139749257210387,"","","","","","","","","","","","","","","","","","",""
211,"Item Account","ITEMACCOUNT-FORM",449155281599210405,20,"AFTER_SUBMIT","NATIVE_FORM_DML","Process form Itemaccount Form",449139749257210387,"","","","","","","","","","","","","","","","","","",""
213,"Service Bill","JOB-BILL",449679101767756256,10,"BEFORE_HEADER","NATIVE_FORM_INIT","Initialize form Job Bill",449652076344756204,"","","","","","","","","","","","","","","","","","",""
213,"Service Bill","JOB-BILL",449679501074756257,30,"AFTER_SUBMIT","NATIVE_FORM_DML","Process form Job Bill",449652076344756204,"","","","","","","","","","","","","","","","","","",""
213,"Service Bill","JOB-BILL",449854986558296105,50,"AFTER_SUBMIT","NATIVE_IG_DML","FooterDetail - Save Interactive Grid Data",449853676320296092,"","","","","","","","","","","","","","","","","","",""
215,"Agent Commision Rate","AGENT-COMMISION-RATE",450539855243030207,30,"AFTER_SUBMIT","NATIVE_FORM_DML","Process form General",450538373185030193,"","","","","","","","","","","","","","","","","","",""
215,"Agent Commision Rate","AGENT-COMMISION-RATE",450538480246030194,40,"BEFORE_HEADER","NATIVE_FORM_INIT","Initialize form Agent Commision Rate",450538373185030193,"","","","","","","","","","","","","","","","","","",""
215,"Agent Commision Rate","AGENT-COMMISION-RATE",450541070877030220,40,"AFTER_SUBMIT","NATIVE_IG_DML","detail - Save Interactive Grid Data",450539980664030209,"","","","","","","","","","","","","","","","","","",""
217,"Sale Incentive Rate","SALE-INCENTIVE-RATE",450488664980956748,10,"BEFORE_HEADER","NATIVE_FORM_INIT","Initialize form Sale Incentive Rate",450477675730956713,"","","","","","","","","","","","","","","","","","",""
217,"Sale Incentive Rate","SALE-INCENTIVE-RATE",450489039514956748,20,"AFTER_SUBMIT","NATIVE_FORM_DML","Process form Sale Incentive Rate",450477675730956713,"","","","","","","","","","","","","","","","","","",""
218,"HAR_SALEINCENTIVERATE","HAR-SALEINCENTIVERATE",450639734128575887,10,"BEFORE_HEADER","NATIVE_FORM_INIT","Initialize form HAR_SALEINCENTIVERATE",450639534676575885,"","","","","","","","","","","","","","","","","","",""
218,"HAR_SALEINCENTIVERATE","HAR-SALEINCENTIVERATE",450764389118263427,30,"AFTER_SUBMIT","NATIVE_FORM_DML","Process Sale Incentive Rate",450639534676575885,"","","","","","","","","","","","","","","","","","",""
221,"Service Bill Pass","JOB-BILL-PASS",451273582673686365,10,"BEFORE_HEADER","NATIVE_FORM_INIT","Initialize form Job Bill Pass",451220716689686285,"","","","","","","","","","","","","","","","","","",""
221,"Service Bill Pass","JOB-BILL-PASS",451274010030686366,20,"AFTER_SUBMIT","NATIVE_FORM_DML","Process form Job Bill Pass",451220716689686285,"","","","","","","","","","","","","","","","","","",""
221,"Service Bill Pass","JOB-BILL-PASS",451483427740131308,60,"AFTER_SUBMIT","NATIVE_IG_DML","FooterDetail - Save Interactive Grid Data",451482142461131295,"","","","","","","","","","","","","","","","","","",""
223,"MRN","MRN",456973506592741718,10,"BEFORE_HEADER","NATIVE_FORM_INIT","Initialize form MRN",456962517819741665,"","","","","","","","","","","","","","","","","","",""
223,"MRN","MRN",456973837664741722,20,"AFTER_SUBMIT","NATIVE_FORM_DML","Process form MRN",456962517819741665,"","","","","","","","","","","","","","","","","","",""
225,"Module Wise TAC","MODULE-WISE-TAC",460785766374416981,10,"BEFORE_HEADER","NATIVE_FORM_INIT","Initialize form Module Wise TAC",460778182028416903,"","","","","","","","","","","","","","","","","","",""
225,"Module Wise TAC","MODULE-WISE-TAC",460786133828416986,10,"AFTER_SUBMIT","NATIVE_FORM_DML","Process form Module Wise TAC",460778182028416903,"","","","","","","","","","","","","","","","","","",""
225,"Module Wise TAC","MODULE-WISE-TAC",460485480951791312,60,"AFTER_SUBMIT","NATIVE_IG_DML","Detail - Save Interactive Grid Data",460484554778791302,"","","","","","","","","","","","","","","","","","",""
225,"Module Wise TAC","MODULE-WISE-TAC",460816203654580046,70,"BEFORE_HEADER","NATIVE_PLSQL","Get Form Status And TNO",,"","","","begin
     if :P225_TNO is null then
            :P225_FORMSTATUS := 'NEWRECORD';
        else
            :P225_FORMSTATUS := 'EDITRECORD';
        end if;

    if :P225_TNO is null then

        select globaltno.nextval into :P225_TNO from dual;

    end if;
end;","","","","","","","","","","","","","","",""
230,"GSTR1","GSTR1",109202805325506783,10,"BEFORE_HEADER","NATIVE_FORM_INIT","Initialize form GSTR1",533988038433687769,"","","","","","","","","","","","","","","","","","",""
230,"GSTR1","GSTR1",109203163540506783,50,"AFTER_SUBMIT","NATIVE_FORM_DML","Process form GSTR1",533988038433687769,"","","","","","","","","","","","","","","","","","",""
242,"RTGS Letter","RTGS-LETTER",203706134771148608,10,"BEFORE_HEADER","NATIVE_FORM_INIT","Initialize form Stock Transfer",758007379500692262,"","","","","","","","","","","","","","","","","","",""
242,"RTGS Letter","RTGS-LETTER",203706544066148608,20,"AFTER_SUBMIT","NATIVE_FORM_DML","Process form RTGS Letter",758007379500692262,"","","","","","","","","","","","","","","","","","",""
244,"Stock Revaluation ","STOCK-REVALUATION",446396823917549333,20,"BEFORE_HEADER","NATIVE_FORM_INIT","Initialize form Stock Revaluation",764219108004637081,"","","","","","","","","","","","","","","","","","",""
244,"Stock Revaluation ","STOCK-REVALUATION",446397204956549334,20,"AFTER_SUBMIT","NATIVE_FORM_DML","Process form RTGS Letter",764219108004637081,"","","","","","","","","","","","","","","","","","",""
246,"Stock Taking","STOCK-TAKING",446579454525446463,20,"BEFORE_HEADER","NATIVE_FORM_INIT","Initialize form Stock Revaluation",840220674494043773,"","","","","","","","","","","","","","","","","","",""
246,"Stock Taking","STOCK-TAKING",446579893940446466,20,"AFTER_SUBMIT","NATIVE_FORM_DML","Process form Stock Taking",840220674494043773,"","","","","","","","","","","","","","","","","","",""
248,"Additional Business Place","ADDITIONAL-BUSINESS-PLACE",294799008691940720,10,"BEFORE_HEADER","NATIVE_FORM_INIT","Initialize form Additional Business Place",294786030727940678,"","","","","","","","","","","","","","","","","","",""
248,"Additional Business Place","ADDITIONAL-BUSINESS-PLACE",294799483988940722,10,"AFTER_SUBMIT","NATIVE_FORM_DML","Process form Additional Business Place",294786030727940678,"","","","","","","","","","","","","","","","","","",""
249,"Monthly Summary","MONTHLY-SUMMARY",296056335301118663,10,"AFTER_SUBMIT","NATIVE_IG_DML","New - Save Interactive Grid Data",1004956036463308497,"","","","","","","","","","","","","","","","","","",""
252,"Cash / Bank Book","CASH-BANK-BOOK",296284038810599794,10,"BEFORE_HEADER","NATIVE_FORM_INIT","Initialize form Stock Transfer",845825197760250980,"","","","","","","","","","","","","","","","","","",""
252,"Cash / Bank Book","CASH-BANK-BOOK",296284394775599794,20,"AFTER_SUBMIT","NATIVE_FORM_DML","Process form RTGS Letter",845825197760250980,"","","","","","","","","","","","","","","","","","",""
252,"Cash / Bank Book","CASH-BANK-BOOK",296230057161250350,70,"AFTER_SUBMIT","NATIVE_IG_DML","DETAIL - Save Interactive Grid Data",845761369849684949,"","","","","","","","","","","","","","","","","","",""
264,"Module Flow","MODULE-FLOW",304083176367757592,10,"BEFORE_HEADER","NATIVE_FORM_INIT","Initialize form Module Flow",448863009868559317,"","","","","","","","","","","","","","","","","","",""
264,"Module Flow","MODULE-FLOW",304083508684757592,20,"AFTER_SUBMIT","NATIVE_FORM_DML","Process form Module Flow",448863009868559317,"","","","","","","","","","","","","","","","","","",""
264,"Module Flow","MODULE-FLOW",304090918098757606,30,"AFTER_SUBMIT","NATIVE_IG_DML","Flow Condition - Save Interactive Grid Data",447836823629354014,"","","","","","","","","","","","","","","","","","",""
264,"Module Flow","MODULE-FLOW",304097249036757610,40,"AFTER_SUBMIT","NATIVE_IG_DML","Module Flow User - Save Interactive Grid Data",447837914304354025,"","","","","","","","","","","","","","","","","","",""
266,"PT Slab Master","PT-SLAB-MASTER",304779617018436802,10,"BEFORE_HEADER","NATIVE_FORM_INIT","Initialize form Asset Category Depreciation Rate List",560564364697466359,"","","","","","","","","","","","","","","","","","",""
266,"PT Slab Master","PT-SLAB-MASTER",304780031677436802,20,"AFTER_SUBMIT","NATIVE_FORM_DML","Process form PTSLAB",560564364697466359,"","","","","","","","","","","","","","","","","","",""
266,"PT Slab Master","PT-SLAB-MASTER",304772215305436786,30,"AFTER_SUBMIT","NATIVE_IG_DML","Detail - Save Interactive Grid Data",559750893463617669,"","","","","","","","","","","","","","","","","","",""
267,"Boss User Employee","BOSS-USER-EMPLOYEE",219118202351670446,10,"AFTER_SUBMIT","NATIVE_IG_DML","Boss User Employee - Save Interactive Grid Data",317477073272167003,"","","","","","","","","","","","","","","","","","",""
270,"Bonus Scheme","BONUS-SCHEME",219141243129674982,10,"BEFORE_HEADER","NATIVE_FORM_INIT","Initialize form Bonus Scheme",318331409305879112,"","","","","","","","","","","","","","","","","","",""
270,"Bonus Scheme","BONUS-SCHEME",219141628767674983,20,"AFTER_SUBMIT","NATIVE_FORM_DML","Process form Bonus Scheme",318331409305879112,"","","","","","","","","","","","","","","","","","",""
270,"Bonus Scheme","BONUS-SCHEME",219132578914674978,40,"AFTER_SUBMIT","NATIVE_IG_DML","Bonus Scheme Detail - Save Interactive Grid Data",317500141185171568,"","","","","","","","","","","","","","","","","","",""
270,"Bonus Scheme","BONUS-SCHEME",219145881995674985,50,"AFTER_SUBMIT","NATIVE_IG_DML","Bonus Scheme Attendence Head - Save Interactive Grid Data",318399546512051331,"","","","","","","","","","","","","","","","","","",""
274,"PO Receipt","PO-RECEIPT",173694746310388177,10,"BEFORE_HEADER","NATIVE_FORM_INIT","Initialize form PO Receipt",278962892099137390,"","","","","","","","","","","","","","","","","","",""
274,"PO Receipt","PO-RECEIPT",173695223872388177,20,"AFTER_SUBMIT","NATIVE_FORM_DML","Process form PO Receipt",278962892099137390,"","","","","","","","","","","","","","","","","","",""
274,"PO Receipt","PO-RECEIPT",173725154939388197,40,"AFTER_SUBMIT","NATIVE_IG_DML","Detail Footer - Save Interactive Grid Data",279070535447464476,"","","","","","","","","","","","","","","","","","",""
274,"PO Receipt","PO-RECEIPT",173717360572388191,50,"AFTER_SUBMIT","NATIVE_IG_DML","TAC - Save Interactive Grid Data",279144263446544252,"","","","","","","","","","","","","","","","","","",""
277,"Bonus","BONUS",218313956641779948,10,"BEFORE_HEADER","NATIVE_FORM_INIT","Initialize form Bonus",218299486151779931,"","","","","","","","","","","","","","","","","","",""
277,"Bonus","BONUS",218314328111779948,20,"AFTER_SUBMIT","NATIVE_FORM_DML","Process form Bonus",218299486151779931,"","","","","","","","","","","","","","","","","","",""
277,"Bonus","BONUS",218326034522845686,40,"AFTER_SUBMIT","NATIVE_IG_DML","Detail - Save Interactive Grid Data",218324775168845673,"","","","","","","","","","","","","","","","","","",""
282,"Trial Balance","TRIAL-BALANCE3",211997525578077917,10,"AFTER_SUBMIT","NATIVE_IG_DML","New - Save Interactive Grid Data",928588089635800322,"","","","","","","","","","","","","","","","","","",""
285,"Employee Gate Pass","EMPLOYEE-GATE-PASS",219218869730966370,10,"BEFORE_HEADER","NATIVE_FORM_INIT","Initialize form Employee Gate Pass",219202262886966359,"","","","","","","","","","","","","","","","","","",""
285,"Employee Gate Pass","EMPLOYEE-GATE-PASS",219219204272966370,20,"AFTER_SUBMIT","NATIVE_FORM_DML","Process form Employee Gate Pass",219202262886966359,"","","","","","","","","","","","","","","","","","",""
287,"Zone Master","ZONE-MASTER",219348561145127155,20,"BEFORE_HEADER","NATIVE_FORM_INIT","Initialize form City Master",584658509922648808,"","","","","","","","","","","","","","","","","","",""
287,"Zone Master","ZONE-MASTER",219348883470127155,20,"AFTER_SUBMIT","NATIVE_FORM_DML","Process form Zone Master",584658509922648808,"","","","","","","","","","","","","","","","","","",""
287,"Zone Master","ZONE-MASTER",219349822041127156,30,"BEFORE_HEADER","NATIVE_PLSQL","Get Form Status And TNO",,"","","","begin
     if :P287_TNO is null then
            :P287_FORMSTATUS := 'NEWRECORD';
        else
            :P287_FORMSTATUS := 'EDITRECORD';
        end if;

    if :P287_TNO is null then

        select globaltno.nextval into :P287_TNO from dual;

    end if;
end;","","","","","","","","","","","","","","",""
289,"Outward Freight Rate Approval","OUTWARD-FREIGHT-RATE-APPROVAL1",213710942551646734,10,"BEFORE_HEADER","NATIVE_FORM_INIT","Initialize form OUTWARDFA",469307429726996889,"","","","","","","","","","","","","","","","","","",""
289,"Outward Freight Rate Approval","OUTWARD-FREIGHT-RATE-APPROVAL1",213711396237646734,20,"AFTER_SUBMIT","NATIVE_FORM_DML","Process form Outward RFA",469307429726996889,"","","","","","","","","","","","","","","","","","",""
301,"Cheque Receipt","CHEQUE-RECEIPT",471117645010211591,10,"BEFORE_HEADER","NATIVE_FORM_INIT","Initialize form Cheque Receipt",471104588918211538,"","","","","","","","","","","","","","","","","","",""
301,"Cheque Receipt","CHEQUE-RECEIPT",471118058358211593,20,"AFTER_SUBMIT","NATIVE_FORM_DML","Process form Cheque Receipt",471104588918211538,"","","","","","","","","","","","","","","","","","",""
301,"Cheque Receipt","CHEQUE-RECEIPT",470908428462559724,30,"AFTER_SUBMIT","NATIVE_IG_DML","Detail - Save Interactive Grid Data",470906693040559707,"","","","","","","","","","","","","","","","","","",""
303,"Cheque Book Issue","CHEQUE-BOOK-ISSUE",471226546682873952,10,"BEFORE_HEADER","NATIVE_FORM_INIT","Initialize form Cheque Book Issue",471214167527873944,"","","","","","","","","","","","","","","","","","",""
303,"Cheque Book Issue","CHEQUE-BOOK-ISSUE",471226889978873952,20,"AFTER_SUBMIT","NATIVE_FORM_DML","Process form Cheque Book Issue",471214167527873944,"","","","","","","","","","","","","","","","","","",""
303,"Cheque Book Issue","CHEQUE-BOOK-ISSUE",471283404709174194,40,"AFTER_SUBMIT","NATIVE_IG_DML","Detail - Save Interactive Grid Data",470909183317559732,"","","","","","","","","","","","","","","","","","",""
305,"Service  Bill","SERVICE-BILL",214949603097048353,10,"BEFORE_HEADER","NATIVE_FORM_INIT","Initialize form Job Bill",491078258538652402,"","","","","","","","","","","","","","","","","","",""
305,"Service  Bill","SERVICE-BILL",214949937363048353,30,"AFTER_SUBMIT","NATIVE_FORM_DML","Process form Service Bill",491078258538652402,"","","","","","","","","","","","","","","","","","",""
305,"Service  Bill","SERVICE-BILL",214989218812048377,50,"AFTER_SUBMIT","NATIVE_IG_DML","FooterDetail - Save Interactive Grid Data",491279858514192290,"","","","","","","","","","","","","","","","","","",""
305,"Service  Bill","SERVICE-BILL",214974213747048368,60,"AFTER_SUBMIT","NATIVE_IG_DML","Special Note - Save Interactive Grid Data",635351880293977873,"","","","","","","","","","","","","","","","","","",""
305,"Service  Bill","SERVICE-BILL",214970330226048365,70,"AFTER_SUBMIT","NATIVE_IG_DML","Terms and Conditions - Save Interactive Grid Data",631075985341867789,"","","","","","","","","","","","","","","","","","",""
308,"GST Setup","GST-SETUP",109368847433510799,10,"BEFORE_HEADER","NATIVE_FORM_INIT","Initialize form GST Setup",205065621038568104,"","","","","","","","","","","","","","","","","","",""
308,"GST Setup","GST-SETUP",109369292217510799,10,"AFTER_SUBMIT","NATIVE_FORM_DML","Process form GST Setup",205065621038568104,"","","","","","","","","","","","","","","","","","",""
312,"Challan","CHALLAN",189407387978780990,10,"BEFORE_HEADER","NATIVE_FORM_INIT","Initialize form Challan",189386534821780975,"","","","","","","","","","","","","","","","","","",""
312,"Challan","CHALLAN",189407750576780990,20,"AFTER_SUBMIT","NATIVE_FORM_DML","Process form Challan",189386534821780975,"","","","","","","","","","","","","","","","","","",""
312,"Challan","CHALLAN",188873026420071265,50,"AFTER_SUBMIT","NATIVE_IG_DML","Detail - Save Interactive Grid Data",188871839331071253,"","","","","","","","","","","","","","","","","","",""
312,"Challan","CHALLAN",188874496896071279,60,"AFTER_SUBMIT","NATIVE_IG_DML","Challan Account Detail - Save Interactive Grid Data",188873378646071268,"","","","","","","","","","","","","","","","","","",""
313,"location master","LOCATION-MASTER2",192123415276032242,10,"BEFORE_HEADER","NATIVE_FORM_INIT","Initialize form location master",192082924173032216,"","","","","","","","","","","","","","","","","","",""
313,"location master","LOCATION-MASTER2",192123740806032242,20,"AFTER_SUBMIT","NATIVE_FORM_DML","Process form location master",192082924173032216,"","","","","","","","","","","","","","","","","","",""
317,"Import ","IMPORT",195318925193726097,10,"BEFORE_HEADER","NATIVE_FORM_INIT","Initialize form Import",637176894555187382,"","","","","","","","","","","","","","","","","","",""
317,"Import ","IMPORT",195319346486726097,40,"AFTER_SUBMIT","NATIVE_FORM_DML","Process form Import",637176894555187382,"","","","","","","","","","","","","","","","","","",""
317,"Import ","IMPORT",192355013847847990,70,"AFTER_SUBMIT","NATIVE_IG_DML","Import Detail - Save Interactive Grid Data",192353427087847975,"","","","","","","","","","","","","","","","","","",""
320,"Footer Formula Master","FOOTER-FORMULA-MASTER",196081335825355180,10,"BEFORE_HEADER","NATIVE_FORM_INIT","Initialize form Footer Formula Master",196074452142355167,"","","","","","","","","","","","","","","","","","",""
320,"Footer Formula Master","FOOTER-FORMULA-MASTER",196081761370355180,10,"AFTER_SUBMIT","NATIVE_FORM_DML","Process form Footer Formula Master",196074452142355167,"","","","","","","","","","","","","","","","","","",""
320,"Footer Formula Master","FOOTER-FORMULA-MASTER",196122004012429657,60,"BEFORE_HEADER","NATIVE_PLSQL","Get Form Status And TNO",,"","","","begin
     if :P320_TNO is null then
            :P320_FORMSTATUS := 'NEWRECORD';
        else
            :P320_FORMSTATUS := 'EDITRECORD';
        end if;

    if :P320_TNO is null then

        select globaltno.nextval into :P320_TNO from dual;

    end if;
end;","","","","","","","","","","","","","","",""
321,"PURCHASEBILLDETAILFOOTER","PURCHASEBILLDETAILFOOTER",195453081741133685,10,"AFTER_SUBMIT","NATIVE_IG_DML","DetailFooter - Save Interactive Grid Data",631182854623295629,"","","","","","","","","","","","","","","","","","",""
323,"PURCHASEBILLFOOTER","PURCHASEBILLFOOTER",198424870923439797,10,"AFTER_SUBMIT","NATIVE_IG_DML","DetailFooter - Save Interactive Grid Data",661679796905607957,"","","","","","","","","","","","","","","","","","",""
324,"CREDITNOTEDETAILFOOTER","CREDITNOTEDETAILFOOTER",198668440996595226,10,"AFTER_SUBMIT","NATIVE_IG_DML","DetailFooter - Save Interactive Grid Data",661923507655763371,"","","","","","","","","","","","","","","","","","",""
325,"DEBITNOTEDETAILFOOTER","DEBITNOTEDETAILFOOTER",198685355432601265,10,"AFTER_SUBMIT","NATIVE_IG_DML","DetailFooter - Save Interactive Grid Data",661940320440769445,"","","","","","","","","","","","","","","","","","",""
326,"SAC Master","SAC-MASTER",200837657210955957,10,"BEFORE_HEADER","NATIVE_FORM_INIT","Initialize form Hsn Master",612503434514121935,"","","","","","","","","","","","","","","","","","",""
326,"SAC Master","SAC-MASTER",200838062013955957,20,"AFTER_SUBMIT","NATIVE_FORM_DML","Process form Sac Master",612503434514121935,"","","","","","","","","","","","","","","","","","",""
326,"SAC Master","SAC-MASTER",200841875180955960,60,"BEFORE_HEADER","NATIVE_PLSQL","Get Form Status And TNO",,"","","","begin
     if :P326_TNO is null then
            :P326_FORMSTATUS := 'NEWRECORD';
        else
            :P326_FORMSTATUS := 'EDITRECORD';
        end if;

    if :P326_TNO is null then

        select globaltno.nextval into :P326_TNO from dual;

    end if;
end;","","","","","","","","","","","","","","",""
330,"Trial Grid Testing","TRIAL-GRID-TESTING",112037548067481051,10,"AFTER_SUBMIT","NATIVE_IG_DML","Active Module - Save Interactive Grid Data",187953114460218972,"","","","","","","","","","","","","","","","","","",""
332,"PF & ESI Setting","PF-ESI-SETTING1",480606682198238151,10,"BEFORE_HEADER","NATIVE_FORM_INIT","Initialize form PF & ESI Setting",512391274145914962,"","","","","","","","","","","","","","","","","","",""
332,"PF & ESI Setting","PF-ESI-SETTING1",480527597073071416,20,"AFTER_SUBMIT","NATIVE_FORM_DML","Save PFANDESI Setting",512391274145914962,"","","","","","","","","","","","","","","","","","",""
334,"PF Challan","PF-CHALLAN1",481595646103006688,30,"BEFORE_HEADER","NATIVE_FORM_INIT","Initialize form PF Challan",523684307782272596,"","","","","","","","","","","","","","","","","","",""
334,"PF Challan","PF-CHALLAN1",481768648685072495,30,"AFTER_SUBMIT","NATIVE_FORM_DML","Save PFChallan",523684307782272596,"","","","","","","","","","","","","","","","","","",""
334,"PF Challan","PF-CHALLAN1",485177773632980124,40,"AFTER_SUBMIT","NATIVE_IG_DML","PF Detail - Save Interactive Grid Data",485175516645980101,"","","","","","","","","","","","","","","","","","",""
336,"Change In Employee","CHANGE-IN-EMPLOYEE",482826846668525693,30,"AFTER_SUBMIT","NATIVE_FORM_DML","Save Change In Employee",482814242139501412,"","","","","","","","","","","","","","","","","","",""
336,"Change In Employee","CHANGE-IN-EMPLOYEE",482814283342501413,50,"BEFORE_HEADER","NATIVE_FORM_INIT","Initialize form Change In Employee",482814242139501412,"","","","","","","","","","","","","","","","","","",""
338,"Employee Separation","EMPLOYEE-SEPARATION",483104920560249737,30,"AFTER_SUBMIT","NATIVE_FORM_DML","Save Resignation",526900945705053136,"","","","","","","","","","","","","","","","","","",""
338,"Employee Separation","EMPLOYEE-SEPARATION",483104540662249735,50,"BEFORE_HEADER","NATIVE_FORM_INIT","Initialize form Resignation",526900945705053136,"","","","","","","","","","","","","","","","","","",""
340,"Employee Category","EMPLOYEE-CATEGORY1",483344326259574798,20,"BEFORE_HEADER","NATIVE_FORM_INIT","Initialize form Category",619209799340768837,"","","","","","","","","","","","","","","","","","",""
340,"Employee Category","EMPLOYEE-CATEGORY1",483344681868574798,20,"AFTER_SUBMIT","NATIVE_FORM_DML","Process form Category",619209799340768837,"","","","","","","","","","","","","","","","","","",""
340,"Employee Category","EMPLOYEE-CATEGORY1",483345580882574798,30,"BEFORE_HEADER","NATIVE_PLSQL","Get Form Status And TNO",,"","","","begin
     if :P340_TNO is null then
            :P340_FORMSTATUS := 'NEWRECORD';
        else
            :P340_FORMSTATUS := 'EDITRECORD';
        end if;

    if :P340_TNO is null then

        select globaltno.nextval into :P340_TNO from dual;

    end if;
end;","","","","","","","","","","","","","","",""
342,"Leave Scheme","LEAVE-SCHEME",483566488135479002,30,"AFTER_SUBMIT","NATIVE_FORM_DML","Save LeaveScheme",571465404547834144,"","","","","","","","","","","","","","","","","","",""
342,"Leave Scheme","LEAVE-SCHEME",483566145264479001,50,"BEFORE_HEADER","NATIVE_FORM_INIT","Initialize form Resignation",571465404547834144,"","","","","","","","","","","","","","","","","","",""
342,"Leave Scheme","LEAVE-SCHEME",483594489104483317,50,"AFTER_SUBMIT","NATIVE_IG_DML","Leave Scheme Detail - Save Interactive Grid Data",483591661379483288,"","","","","","","","","","","","","","","","","","",""
344,"Employee Loan Receipt","EMPLOYEE-LOAN-RECEIPT1",484606058875584122,30,"AFTER_SUBMIT","NATIVE_FORM_DML","Save Loan Receipt",572504936426939237,"","","","","","","","","","","","","","","","","","",""
344,"Employee Loan Receipt","EMPLOYEE-LOAN-RECEIPT1",484605631627584116,50,"BEFORE_HEADER","NATIVE_FORM_INIT","Initialize form LoanReceipt",572504936426939237,"","","","","","","","","","","","","","","","","","",""
346,"Employee Loan Relaxation","EMPLOYEE-LOAN-RELAXATION1",484682948743793739,30,"AFTER_SUBMIT","NATIVE_FORM_DML","Save Loan Relaxation",618188246277034977,"","","","","","","","","","","","","","","","","","",""
346,"Employee Loan Relaxation","EMPLOYEE-LOAN-RELAXATION1",484634378714588819,50,"AFTER_SUBMIT","NATIVE_IG_DML","Relaxation Detail - Save Interactive Grid Data",484633127186588806,"","","","","","","","","","","","","","","","","","",""
346,"Employee Loan Relaxation","EMPLOYEE-LOAN-RELAXATION1",484682557821793738,50,"BEFORE_HEADER","NATIVE_FORM_INIT","Initialize form LoanRelaxation",618188246277034977,"","","","","","","","","","","","","","","","","","",""
348,"Advance Receipt","ADVANCE-RECEIPT",506421077873528473,10,"BEFORE_HEADER","NATIVE_FORM_INIT","Initialize form Advance Receipt",506396827876528458,"","","","","","","","","","","","","","","","","","",""
348,"Advance Receipt","ADVANCE-RECEIPT",506421505827528474,20,"AFTER_SUBMIT","NATIVE_FORM_DML","Process form Advance Receipt",506396827876528458,"","","","","","","","","","","","","","","","","","",""
348,"Advance Receipt","ADVANCE-RECEIPT",506493122602910097,30,"AFTER_SUBMIT","NATIVE_IG_DML","Detail - Save Interactive Grid Data",504911777230991120,"","","","","","","","","","","","","","","","","","",""
350,"Vendor","VENDOR",181377095343131527,20,"BEFORE_HEADER","NATIVE_FORM_INIT","Initialize form Reverse Charge",627388537902866201,"","","","","","","","","","","","","","","","","","",""
350,"Vendor","VENDOR",181377512774131527,20,"AFTER_SUBMIT","NATIVE_FORM_DML","Process form Vendor",627388537902866201,"","","","","","","","","","","","","","","","","","",""
352,"GSTR9","GSTR9",109505275104529813,10,"BEFORE_HEADER","NATIVE_FORM_INIT","Initialize form GSTR1",575880844382993515,"","","","","","","","","","","","","","","","","","",""
352,"GSTR9","GSTR9",109505706585529813,50,"AFTER_SUBMIT","NATIVE_FORM_DML","Process form GSTR9",575880844382993515,"","","","","","","","","","","","","","","","","","",""
353,"Profit And Loss Detail","PROFIT-AND-LOSS-DETAIL",108866982410434524,10,"AFTER_SUBMIT","NATIVE_IG_DML","Income - Save Interactive Grid Data",225535101473075259,"","","","","","","","","","","","","","","","","","",""
354,"Balance Sheet Detail","BALANCE-SHEET-DETAIL",109038189008440916,10,"AFTER_SUBMIT","NATIVE_IG_DML","Detail - Save Interactive Grid Data",226136932317101525,"","","","","","","","","","","","","","","","","","",""
355,"Task Master","TASK-MASTER",45265725845595666,20,"AFTER_SUBMIT","NATIVE_FORM_DML","New",64282393234565248,"","","","","","","","","","","","","","","","","","",""
355,"Task Master","TASK-MASTER",45266195145595666,20,"BEFORE_HEADER","NATIVE_FORM_INIT","Initialize form Task Master",64282393234565248,"","","","","","","","","","","","","","","","","","",""
356,"Task Assignment Master","TASK-ASSIGNMENT-MASTER",45293124070598346,10,"BEFORE_HEADER","NATIVE_FORM_INIT","Initialize form Task Assignment Master",64331972663764274,"","","","","","","","","","","","","","","","","","",""
356,"Task Assignment Master","TASK-ASSIGNMENT-MASTER",45293567636598347,10,"AFTER_SUBMIT","NATIVE_FORM_DML","Process form Task Assignment Master",64331972663764274,"","","","","","","","","","","","","","","","","","",""
360,"Task Dashboard","TASK-DASHBOARD",45318053192600875,20,"AFTER_SUBMIT","NATIVE_IG_DML","New - Save Interactive Grid Data",65586483313043878,"","","","","","","","","","","","","","","","","","",""
363,"Active Module","ACTIVE-MODULE",109651297293146662,10,"AFTER_SUBMIT","NATIVE_IG_DML","Active Module - Save Interactive Grid Data",109621422192146640,"","","","","","","","","","","","","","","","","","",""
367,"Item Grade Master","ITEM-GRADE-MASTER",32811184116719783,10,"BEFORE_HEADER","NATIVE_FORM_INIT","Initialize form Item Grade Master",602895927472491703,"","","","","","","","","","","","","","","","","","",""
367,"Item Grade Master","ITEM-GRADE-MASTER",32811552195719784,20,"AFTER_SUBMIT","NATIVE_FORM_DML","Process form Item Make Master",602895927472491703,"","","","","","","","","","","","","","","","","","",""
367,"Item Grade Master","ITEM-GRADE-MASTER",32815355161719785,60,"BEFORE_HEADER","NATIVE_PLSQL","Get Form Status And TNO",,"","","","begin
     if :P367_TNO is null then
            :P367_FORMSTATUS := 'NEWRECORD';
        else
            :P367_FORMSTATUS := 'EDITRECORD';
        end if;

    if :P367_TNO is null then

        select globaltno.nextval into :P367_TNO from dual;

    end if;
end;","","","","","","","","","","","","","","",""
369,"Item Length Master","ITEM-LENGTH-MASTER",32857762982807820,10,"BEFORE_HEADER","NATIVE_FORM_INIT","Initialize form Item Make Master",602942572472579742,"","","","","","","","","","","","","","","","","","",""
369,"Item Length Master","ITEM-LENGTH-MASTER",32858139953807820,20,"AFTER_SUBMIT","NATIVE_FORM_DML","Process form Item Make Master",602942572472579742,"","","","","","","","","","","","","","","","","","",""
369,"Item Length Master","ITEM-LENGTH-MASTER",32862000829807822,60,"BEFORE_HEADER","NATIVE_PLSQL","Get Form Status And TNO",,"","","","begin
     if :P369_TNO is null then
            :P369_FORMSTATUS := 'NEWRECORD';
        else
            :P369_FORMSTATUS := 'EDITRECORD';
        end if;

    if :P369_TNO is null then

        select globaltno.nextval into :P369_TNO from dual;

    end if;
end;","","","","","","","","","","","","","","",""
371,"Item Width Master","ITEM-WIDTH-MASTER",32910646814908477,10,"BEFORE_HEADER","NATIVE_FORM_INIT","Initialize form Item Make Master",602995387479680399,"","","","","","","","","","","","","","","","","","",""
371,"Item Width Master","ITEM-WIDTH-MASTER",32911078818908477,20,"AFTER_SUBMIT","NATIVE_FORM_DML","Process form Item Width Master",602995387479680399,"","","","","","","","","","","","","","","","","","",""
371,"Item Width Master","ITEM-WIDTH-MASTER",32914889503908478,60,"BEFORE_HEADER","NATIVE_PLSQL","Get Form Status And TNO",,"","","","begin
     if :P371_TNO is null then
            :P371_FORMSTATUS := 'NEWRECORD';
        else
            :P371_FORMSTATUS := 'EDITRECORD';
        end if;

    if :P371_TNO is null then

        select globaltno.nextval into :P371_TNO from dual;

    end if;
end;","","","","","","","","","","","","","","",""
373,"Item Thickness Master","ITEM-THICKNESS-MASTER",33001769445970902,10,"BEFORE_HEADER","NATIVE_FORM_INIT","Initialize form Item Make Master",603086546295742825,"","","","","","","","","","","","","","","","","","",""
373,"Item Thickness Master","ITEM-THICKNESS-MASTER",33002173200970902,20,"AFTER_SUBMIT","NATIVE_FORM_DML","Process form Item Thickness Master",603086546295742825,"","","","","","","","","","","","","","","","","","",""
373,"Item Thickness Master","ITEM-THICKNESS-MASTER",33005954738970904,60,"BEFORE_HEADER","NATIVE_PLSQL","Get Form Status And TNO",,"","","","begin
     if :P373_TNO is null then
            :P373_FORMSTATUS := 'NEWRECORD';
        else
            :P373_FORMSTATUS := 'EDITRECORD';
        end if;

    if :P373_TNO is null then

        select globaltno.nextval into :P373_TNO from dual;

    end if;
end;","","","","","","","","","","","","","","",""
381,"Payment Follow-up Action","PAYMENT-FOLLOW-UP-ACTION",57924654600864966,10,"BEFORE_HEADER","NATIVE_FORM_INIT","Initialize form Payment Follow-up Action",57913541328864957,"","","","","","","","","","","","","","","","","","",""
381,"Payment Follow-up Action","PAYMENT-FOLLOW-UP-ACTION",57925078306864966,20,"AFTER_SUBMIT","NATIVE_FORM_DML","Process form Payment Follow-up Action",57913541328864957,"","","","","","","","","","","","","","","","","","",""
383,"Proforma Invoice","PROFORMA-INVOICE",19828103657332679,10,"BEFORE_HEADER","NATIVE_FORM_INIT","Initialize form Proforma Invoice",19765993410332648,"","","","","","","","","","","","","","","","","","",""
383,"Proforma Invoice","PROFORMA-INVOICE",19828457452332679,20,"AFTER_SUBMIT","NATIVE_FORM_DML","Process form Proforma Invoice",19765993410332648,"","","","","","","","","","","","","","","","","","",""
383,"Proforma Invoice","PROFORMA-INVOICE",18839023999157988,30,"AFTER_SUBMIT","NATIVE_IG_DML","Save- IG Data (Detail Region)",20640209130472981,"","","","","","","","","","","","","","","","","","",""
383,"Proforma Invoice","PROFORMA-INVOICE",18839063734157989,40,"AFTER_SUBMIT","NATIVE_IG_DML","Save- IG Data (Detail Footer Region)",20642182411473001,"","","","","","","","","","","","","","","","","","",""
383,"Proforma Invoice","PROFORMA-INVOICE",99038320260929032,45,"AFTER_SUBMIT","NATIVE_PLSQL","Save checked cached Proforma detail footers",,"","","","declare
 payload json_object_t:=json_object_t.parse(nvl(:P383_FD_EDITS,'{}'));keys json_key_list:=payload.get_keys;
 rows_json json_array_t;row_json json_object_t;l_sno number;l_sn number;l_hits number;l_head varchar2(100);l_legend varchar2(100);l_percent number;l_value number;
 type seen_keys is table of boolean index by varchar2(100);seen seen_keys;
begin
 for k in 1..keys.count loop
  l_sno:=to_number(keys(k));
  select count(*) into l_hits from pinvoicedetail where tno=:P383_TNO and sno=l_sno;
  if l_hits<>1 then raise_application_error(-20074,'Proforma footer owning detail is missing or duplicated');end if;
  rows_json:=payload.get_array(keys(k));seen.delete;
  for i in 0..rows_json.get_size()-1 loop
   row_json:=treat(rows_json.get(i) as json_object_t);l_sn:=row_json.get_number('SN');
   if row_json.get_number('TNO')<>:P383_TNO or row_json.get_number('SNO')<>l_sno or row_json.get_number('TNO') is null or row_json.get_number('SNO') is null then raise_application_error(-20074,'Proforma footer belongs to a different detail');end if;
   if row_json.get_string('FOOTERHEADCODE') is null or row_json.get_string('LEGENDSCODE') is null then raise_application_error(-20074,'Proforma footer head or legend is missing');end if;
   if l_sn is null or seen.exists(to_char(l_sn)) then raise_application_error(-20074,'Proforma footer identity is missing or duplicated');end if;seen(to_char(l_sn)):=true;
   select count(*) into l_hits from pinvoicedetailfooter where sn=l_sn and (tno<>:P383_TNO or sno<>l_sno) and not exists(select 1 from pinvoicedetailfooter own where own.tno=:P383_TNO and own.sno=l_sno and own.sn=l_sn);
   if l_hits>0 then raise_application_error(-20074,'Proforma footer identity belongs to another detail');end if;
  end loop;
  delete from pinvoicedetailfooter where tno=:P383_TNO and sno=l_sno;
  for i in 0..rows_json.get_size()-1 loop
   row_json:=treat(rows_json.get(i) as json_object_t);
   l_sn:=row_json.get_number('SN');l_head:=row_json.get_string('FOOTERHEADCODE');l_legend:=row_json.get_string('LEGENDSCODE');l_percent:=row_json.get_number('FOOTERPERCENT');l_value:=row_json.get_number('FOOTERVALUE');
   insert into pinvoicedetailfooter(tno,sno,sn,serialno,footerheadcode,legendscode,footerpercent,footervalue)
   values(:P383_TNO,l_sno,l_sn,i+1,l_head,l_legend,l_percent,l_value);
  end loop;
 end loop;
end;
","","","","","","","","","","","","","","",""
383,"Proforma Invoice","PROFORMA-INVOICE",21323733438643287,60,"AFTER_SUBMIT","NATIVE_IG_DML","Terms and Condition - Save Interactive Grid Data",21321901088643269,"","","","","","","","","","","","","","","","","","",""
415,"Schedule","SCHEDULE",187871466865422927,10,"BEFORE_HEADER","NATIVE_FORM_INIT","Initialize form Material Out",629729115218884213,"","","","","","","","","","","","","","","","","","",""
415,"Schedule","SCHEDULE",187871905015422927,40,"AFTER_SUBMIT","NATIVE_FORM_DML","Process form Schedule",629729115218884213,"","","","","","","","","","","","","","","","","","",""
418,"TDS Challan ","TDS-CHALLAN",188590383807293526,10,"BEFORE_HEADER","NATIVE_FORM_INIT","Initialize form Material In",603251585631581279,"","","","","","","","","","","","","","","","","","",""
418,"TDS Challan ","TDS-CHALLAN",188590808903293526,40,"AFTER_SUBMIT","NATIVE_FORM_DML","Process form TDS Challan",603251585631581279,"","","","","","","","","","","","","","","","","","",""
418,"TDS Challan ","TDS-CHALLAN",187205804833143590,150,"AFTER_SUBMIT","NATIVE_IG_DML","TDS Deductee Detail - Save Interactive Grid Data",187203771001143570,"","","","","","","","","","","","","","","","","","",""
420,"ESI Challan ","ESI-CHALLAN",189236763945315405,10,"BEFORE_HEADER","NATIVE_FORM_INIT","Initialize form Material In",624558123349769227,"","","","","","","","","","","","","","","","","","",""
420,"ESI Challan ","ESI-CHALLAN",189237121281315405,40,"AFTER_SUBMIT","NATIVE_FORM_DML","Process form ESI Challan",624558123349769227,"","","","","","","","","","","","","","","","","","",""
602,"Staff Type Master","STAFF-TYPE-MASTER",453898524847683219,10,"BEFORE_HEADER","NATIVE_FORM_INIT","Initialize form Designation Master",599661935237284786,"","","","","","","","","","","","","","","","","","",""
602,"Staff Type Master","STAFF-TYPE-MASTER",453898950095683222,20,"AFTER_SUBMIT","NATIVE_FORM_DML","Process form Staff Type Master",599661935237284786,"","","","","","","","","","","","","","","","","","",""
602,"Staff Type Master","STAFF-TYPE-MASTER",453903128359683225,60,"BEFORE_HEADER","NATIVE_PLSQL","Get Form Status And TNO",,"","","","begin
     if :P602_TNO is null then
            :P602_FORMSTATUS := 'NEWRECORD';
        else
            :P602_FORMSTATUS := 'EDITRECORD';
        end if;

    if :P602_TNO is null then

        select globaltno.nextval into :P602_TNO from dual;

    end if;
end;","","","","","","","","","","","","","","",""
604,"Salary Head Master","SALARY-HEAD-MASTER",453935044625790821,10,"BEFORE_HEADER","NATIVE_FORM_INIT","Initialize form Salary Head Master",614604263699377615,"","","","","","","","","","","","","","","","","","",""
604,"Salary Head Master","SALARY-HEAD-MASTER",453935448204790822,20,"AFTER_SUBMIT","NATIVE_FORM_DML","Process form Salary Head Master",614604263699377615,"","","","","","","","","","","","","","","","","","",""
604,"Salary Head Master","SALARY-HEAD-MASTER",453939618246790825,60,"BEFORE_HEADER","NATIVE_PLSQL","Get Form Status And TNO",,"","","","begin
     if :P604_TNO is null then
            :P604_FORMSTATUS := 'NEWRECORD';
        else
            :P604_FORMSTATUS := 'EDITRECORD';
        end if;

    if :P604_TNO is null then

        select globaltno.nextval into :P604_TNO from dual;

    end if;
end;","","","","","","","","","","","","","","",""
606,"Leave Master","LEAVE-MASTER",454058677627082881,10,"BEFORE_HEADER","NATIVE_FORM_INIT","Initialize form Leave Master",629667830689762508,"","","","","","","","","","","","","","","","","","",""
606,"Leave Master","LEAVE-MASTER",454059100948082883,20,"AFTER_SUBMIT","NATIVE_FORM_DML","Process form Leave Master",629667830689762508,"","","","","","","","","","","","","","","","","","",""
606,"Leave Master","LEAVE-MASTER",454063340381082886,60,"BEFORE_HEADER","NATIVE_PLSQL","Get Form Status And TNO",,"","","","begin
     if :P606_TNO is null then
            :P606_FORMSTATUS := 'NEWRECORD';
        else
            :P606_FORMSTATUS := 'EDITRECORD';
        end if;

    if :P606_TNO is null then

        select globaltno.nextval into :P606_TNO from dual;

    end if;
end;","","","","","","","","","","","","","","",""
608,"Loan Category Master","LOAN-CATEGORY-MASTER",454105680976156655,10,"BEFORE_HEADER","NATIVE_FORM_INIT","Initialize form Loan category Master",614774839495743452,"","","","","","","","","","","","","","","","","","",""
608,"Loan Category Master","LOAN-CATEGORY-MASTER",454106087377156655,20,"AFTER_SUBMIT","NATIVE_FORM_DML","Process form Loan Category Master",614774839495743452,"","","","","","","","","","","","","","","","","","",""
608,"Loan Category Master","LOAN-CATEGORY-MASTER",454110354815156657,60,"BEFORE_HEADER","NATIVE_PLSQL","Get Form Status And TNO",,"","","","begin
     if :P608_TNO is null then
            :P608_FORMSTATUS := 'NEWRECORD';
        else
            :P608_FORMSTATUS := 'EDITRECORD';
        end if;

    if :P608_TNO is null then

        select globaltno.nextval into :P608_TNO from dual;

    end if;
end;","","","","","","","","","","","","","","",""
610,"Loan Type Master","LOAN-TYPE-MASTER",454157997075231226,10,"BEFORE_HEADER","NATIVE_FORM_INIT","Initialize form Loan Type Master",629940058339276688,"","","","","","","","","","","","","","","","","","",""
610,"Loan Type Master","LOAN-TYPE-MASTER",454158381171231226,20,"AFTER_SUBMIT","NATIVE_FORM_DML","Process form Loan Type Master",629940058339276688,"","","","","","","","","","","","","","","","","","",""
610,"Loan Type Master","LOAN-TYPE-MASTER",454162646634231228,60,"BEFORE_HEADER","NATIVE_PLSQL","Get Form Status And TNO",,"","","","begin
     if :P610_TNO is null then
            :P610_FORMSTATUS := 'NEWRECORD';
        else
            :P610_FORMSTATUS := 'EDITRECORD';
        end if;

    if :P610_TNO is null then

        select globaltno.nextval into :P610_TNO from dual;

    end if;
end;","","","","","","","","","","","","","","",""
612,"Salary Head Account","SALARY-HEAD-ACCOUNT1",454278859611507116,10,"BEFORE_HEADER","NATIVE_FORM_INIT","Initialize form Salary Head Account",645224310208085813,"","","","","","","","","","","","","","","","","","",""
612,"Salary Head Account","SALARY-HEAD-ACCOUNT1",454279261498507116,20,"AFTER_SUBMIT","NATIVE_FORM_DML","Process form Loan Type Master",645224310208085813,"","","","","","","","","","","","","","","","","","",""
612,"Salary Head Account","SALARY-HEAD-ACCOUNT1",454283410387507118,60,"BEFORE_HEADER","NATIVE_PLSQL","Get Form Status And TNO",,"","","","begin
     if :P612_TNO is null then
            :P612_FORMSTATUS := 'NEWRECORD';
        else
            :P612_FORMSTATUS := 'EDITRECORD';
        end if;

    if :P612_TNO is null then

        select globaltno.nextval into :P612_TNO from dual;

    end if;
end;","","","","","","","","","","","","","","",""
614,"Qualification Type","QUALIFICATION-TYPE-LIST",454362223794916256,10,"BEFORE_HEADER","NATIVE_FORM_INIT","Initialize form Qualification Type List",454353288187916243,"","","","","","","","","","","","","","","","","","",""
614,"Qualification Type","QUALIFICATION-TYPE-LIST",454362661567916256,20,"AFTER_SUBMIT","NATIVE_FORM_DML","Process form Qualification Type List",454353288187916243,"","","","","","","","","","","","","","","","","","",""
614,"Qualification Type","QUALIFICATION-TYPE-LIST",454451259044005653,60,"BEFORE_HEADER","NATIVE_PLSQL","Get Form Status And TNO",,"","","","begin
     if :P614_TNO is null then
            :P614_FORMSTATUS := 'NEWRECORD';
        else
            :P614_FORMSTATUS := 'EDITRECORD';
        end if;

    if :P614_TNO is null then

        select globaltno.nextval into :P614_TNO from dual;

    end if;
end;","","","","","","","","","","","","","","",""
616,"Attendence Head Master","ATTENDENCE-HEAD-MASTER",454394326895938965,10,"BEFORE_HEADER","NATIVE_FORM_INIT","Initialize form Attendence Head Master",630003420981618589,"","","","","","","","","","","","","","","","","","",""
616,"Attendence Head Master","ATTENDENCE-HEAD-MASTER",454394737435938965,20,"AFTER_SUBMIT","NATIVE_FORM_DML","Process form Salary Head Master",630003420981618589,"","","","","","","","","","","","","","","","","","",""
616,"Attendence Head Master","ATTENDENCE-HEAD-MASTER",454398900971938968,60,"BEFORE_HEADER","NATIVE_PLSQL","Get Form Status And TNO",,"","","","begin
     if :P616_TNO is null then
            :P616_FORMSTATUS := 'NEWRECORD';
        else
            :P616_FORMSTATUS := 'EDITRECORD';
        end if;

    if :P616_TNO is null then

        select globaltno.nextval into :P616_TNO from dual;

    end if;
end;","","","","","","","","","","","","","","",""
618,"Qualification Master","QUALIFICATION-MASTER",454495348640068149,10,"BEFORE_HEADER","NATIVE_FORM_INIT","Initialize form Qualification Master",645504755926988747,"","","","","","","","","","","","","","","","","","",""
618,"Qualification Master","QUALIFICATION-MASTER",454495750495068149,20,"AFTER_SUBMIT","NATIVE_FORM_DML","Process form Qualification Master",645504755926988747,"","","","","","","","","","","","","","","","","","",""
618,"Qualification Master","QUALIFICATION-MASTER",454499894167068151,60,"BEFORE_HEADER","NATIVE_PLSQL","Get Form Status And TNO",,"","","","begin
     if :P618_TNO is null then
            :P618_FORMSTATUS := 'NEWRECORD';
        else
            :P618_FORMSTATUS := 'EDITRECORD';
        end if;

    if :P618_TNO is null then

        select globaltno.nextval into :P618_TNO from dual;

    end if;
end;","","","","","","","","","","","","","","",""
620,"ATTENDENCE PERIODICAL","ATTENDENCE-PERIODICAL",218952516375658919,10,"BEFORE_HEADER","NATIVE_FORM_INIT","Initialize form ATTENDENCE PERIODICAL",465417535697342820,"","","","","","","","","","","","","","","","","","",""
620,"ATTENDENCE PERIODICAL","ATTENDENCE-PERIODICAL",218952885781658919,20,"AFTER_SUBMIT","NATIVE_FORM_DML","Process form ATTENDENCE PERIODICAL",465417535697342820,"","","","","","","","","","","","","","","","","","",""
622,"EMPLOYEE SALARY","EMPLOYEE-SALARY",454432522558978925,10,"BEFORE_HEADER","NATIVE_FORM_INIT","Initialize form EMPLOYEESALARY",455139689450756847,"","","","","","","","","","","","","","","","","","",""
622,"EMPLOYEE SALARY","EMPLOYEE-SALARY",455158818268756879,20,"AFTER_SUBMIT","NATIVE_FORM_DML","Process form EMPLOYEE SALARY",455139689450756847,"","","","","","","","","","","","","","","","","","",""
622,"EMPLOYEE SALARY","EMPLOYEE-SALARY",455288828811154710,30,"AFTER_SUBMIT","NATIVE_IG_DML","DETAIL - Save Interactive Grid Data",454432630928978926,"","","","","","","","","","","","","","","","","","",""
624,"SALARY SCHEME","SALARY-SCHEME1",455323442731161610,10,"BEFORE_HEADER","NATIVE_FORM_INIT","Initialize form SALARYSCHEME",471459800380220447,"","","","","","","","","","","","","","","","","","",""
624,"SALARY SCHEME","SALARY-SCHEME1",455323863450161611,20,"AFTER_SUBMIT","NATIVE_FORM_DML","Process form SALARY SCHEME",471459800380220447,"","","","","","","","","","","","","","","","","","",""
624,"SALARY SCHEME","SALARY-SCHEME1",455288113602154703,30,"AFTER_SUBMIT","NATIVE_IG_DML","DETAIL - Save Interactive Grid Data",470752741858442526,"","","","","","","","","","","","","","","","","","",""
626,"EmployeeDeductionEarning","EMPLOYEEDE-DUCTION-EARNING",455632578483386709,10,"BEFORE_HEADER","NATIVE_FORM_INIT","Initialize form EMPLOYEEDE DUCTION EARNING",455617432450386695,"","","","","","","","","","","","","","","","","","",""
626,"EmployeeDeductionEarning","EMPLOYEEDE-DUCTION-EARNING",455632991806386709,50,"AFTER_SUBMIT","NATIVE_FORM_DML","Process form EMPLOYEEDE DUCTION EARNING",455617432450386695,"","","","","","","","","","","","","","","","","","",""
628,"LOAN SCHEME","LOAN-SCHEME1",455535279628304299,10,"BEFORE_HEADER","NATIVE_FORM_INIT","Initialize form SALARYSCHEME",487997241580826743,"","","","","","","","","","","","","","","","","","",""
628,"LOAN SCHEME","LOAN-SCHEME1",455535717195304299,20,"AFTER_SUBMIT","NATIVE_FORM_DML","Process form LOAN SCHEME",487997241580826743,"","","","","","","","","","","","","","","","","","",""
628,"LOAN SCHEME","LOAN-SCHEME1",455612073789370488,60,"AFTER_SUBMIT","NATIVE_IG_DML","Designation - Save Interactive Grid Data",455290812271154730,"","","","","","","","","","","","","","","","","","",""
628,"LOAN SCHEME","LOAN-SCHEME1",455612984786370497,70,"AFTER_SUBMIT","NATIVE_IG_DML","STAFFTYPE - Save Interactive Grid Data",455612231874370489,"","","","","","","","","","","","","","","","","","",""
630,"LOAN  REQUEST","LOAN-REQUEST1",455700993240557440,10,"BEFORE_HEADER","NATIVE_FORM_INIT","Initialize form SALARYSCHEME",504700350066686189,"","","","","","","","","","","","","","","","","","",""
630,"LOAN  REQUEST","LOAN-REQUEST1",455701446465557440,20,"AFTER_SUBMIT","NATIVE_FORM_DML","Process form LOAN SCHEME",504700350066686189,"","","","","","","","","","","","","","","","","","",""
630,"LOAN  REQUEST","LOAN-REQUEST1",455616466106370531,90,"AFTER_SUBMIT","NATIVE_IG_DML","Detail - Save Interactive Grid Data",455615282371370520,"","","","","","","","","","","","","","","","","","",""
632,"ATTENDENCE","ATTENDENCE1",456402062518038591,10,"BEFORE_HEADER","NATIVE_FORM_INIT","Initialize form ATTENDENCE",456465883363448070,"","","","","","","","","","","","","","","","","","",""
632,"ATTENDENCE","ATTENDENCE1",456585400982761950,40,"AFTER_SUBMIT","NATIVE_FORM_DML","Process form ATTENDENCE",456465883363448070,"","","","","","","","","","","","","","","","","","",""
634,"LEAVEREQUEST","LEAVEREQUEST1",458100196410971986,10,"BEFORE_HEADER","NATIVE_FORM_INIT","Initialize form LEAVEREQUEST",458127022558001575,"","","","","","","","","","","","","","","","","","",""
634,"LEAVEREQUEST","LEAVEREQUEST1",458254064914292973,50,"AFTER_SUBMIT","NATIVE_FORM_DML","Process form LEAVEREQUEST",458127022558001575,"","","","","","","","","","","","","","","","","","",""
636,"LOANREQUEST","LOANREQUEST",459278094782213294,10,"BEFORE_HEADER","NATIVE_FORM_INIT","Initialize form LOANREQUEST",459260124354213261,"","","","","","","","","","","","","","","","","","",""
636,"LOANREQUEST","LOANREQUEST",459363301764659916,20,"AFTER_SUBMIT","NATIVE_FORM_DML","Process form LOANREQUEST",459260124354213261,"","","","","","","","","","","","","","","","","","",""
636,"LOANREQUEST","LOANREQUEST",459821581244788910,50,"AFTER_SUBMIT","NATIVE_IG_DML","Guarantor - Save Interactive Grid Data",459820211498788896,"","","","","","","","","","","","","","","","","","",""
639,"LOANSANCTION","LOANSANCTION1",459823183330788926,10,"BEFORE_HEADER","NATIVE_FORM_INIT","Initialize form LOANSANCTION",459977136328031195,"","","","","","","","","","","","","","","","","","",""
639,"LOANSANCTION","LOANSANCTION1",460542076619416201,20,"AFTER_SUBMIT","NATIVE_FORM_DML","Process form LOANSANCTION",459977136328031195,"","","","","","","","","","","","","","","","","","",""
641,"SALARY","SALARY1",219026354758667559,10,"BEFORE_HEADER","NATIVE_FORM_INIT","Initialize form SALARY",471437251447529746,"","","","","","","","","","","","","","","","","","",""
641,"SALARY","SALARY1",219026706307667559,50,"AFTER_SUBMIT","NATIVE_FORM_DML","Process form SALARY",471437251447529746,"","","","","","","","","","","","","","","","","","",""
643,"ATTENDENCEREVISION","ATTENDENCEREVISION1",461988047129167787,10,"BEFORE_HEADER","NATIVE_FORM_INIT","Initialize form ATTENDENCEREVISION",462006920485188463,"","","","","","","","","","","","","","","","","","",""
643,"ATTENDENCEREVISION","ATTENDENCEREVISION1",462224722807568373,50,"AFTER_SUBMIT","NATIVE_FORM_DML","Process form ATTENDENCEREVISION",462006920485188463,"","","","","","","","","","","","","","","","","","",""
643,"ATTENDENCEREVISION","ATTENDENCEREVISION1",463152095078033612,60,"AFTER_SUBMIT","NATIVE_IG_DML","ATTENDENCEREVISIONATTENDENCE - Save Interactive Grid Data",463150949862033600,"","","","","","","","","","","","","","","","","","",""
645,"Visitor In Out","VISITOR-IN-OUT",464108279038498719,10,"BEFORE_HEADER","NATIVE_FORM_INIT","Initialize form Visitor In Out",464088983959498642,"","","","","","","","","","","","","","","","","","",""
645,"Visitor In Out","VISITOR-IN-OUT",464108597217498724,20,"AFTER_SUBMIT","NATIVE_FORM_DML","Process form Visitor In Out",464088983959498642,"","","","","","","","","","","","","","","","","","",""
645,"Visitor In Out","VISITOR-IN-OUT",463763786224538512,50,"AFTER_SUBMIT","NATIVE_IG_DML","Detail - Save Interactive Grid Data",463762416409538498,"","","","","","","","","","","","","","","","","","",""
647,"Visitor In Out","VISITOR-IN-OUT1",464367662170152898,10,"BEFORE_HEADER","NATIVE_FORM_INIT","Initialize form Visitor In Out",489439368186953501,"","","","","","","","","","","","","","","","","","",""
647,"Visitor In Out","VISITOR-IN-OUT1",464351382901152887,40,"AFTER_SUBMIT","NATIVE_IG_DML","Detail - Save Interactive Grid Data",489112800636993357,"","","","","","","","","","","","","","","","","","",""
649,"Reimbursement Policy","REIMBURSEMENT-POLICY",464817769174630330,10,"BEFORE_HEADER","NATIVE_FORM_INIT","Initialize form Reimbursement Policy",464804708946630288,"","","","","","","","","","","","","","","","","","",""
649,"Reimbursement Policy","REIMBURSEMENT-POLICY",464818083743630332,50,"AFTER_SUBMIT","NATIVE_FORM_DML","Process form Reimbursement Policy",464804708946630288,"","","","","","","","","","","","","","","","","","",""
649,"Reimbursement Policy","REIMBURSEMENT-POLICY",464731458130016897,80,"AFTER_SUBMIT","NATIVE_IG_DML","Designation - Save Interactive Grid Data",464730568202016888,"","","","","","","","","","","","","","","","","","",""
649,"Reimbursement Policy","REIMBURSEMENT-POLICY",464733272747016916,90,"AFTER_SUBMIT","NATIVE_IG_DML","Detail - Save Interactive Grid Data",464731680675016900,"","","","","","","","","","","","","","","","","","",""
652,"On Duty Request","ON-DUTY-REQUEST",465017833051855293,10,"BEFORE_HEADER","NATIVE_FORM_INIT","Initialize form On Duty Request",464992167365855258,"","","","","","","","","","","","","","","","","","",""
652,"On Duty Request","ON-DUTY-REQUEST",465018184456855293,20,"AFTER_SUBMIT","NATIVE_FORM_DML","Process form On Duty Request",464992167365855258,"","","","","","","","","","","","","","","","","","",""
652,"On Duty Request","ON-DUTY-REQUEST",465177510475262988,30,"AFTER_SUBMIT","NATIVE_IG_DML","Detail - Save Interactive Grid Data",464733922292016922,"","","","","","","","","","","","","","","","","","",""
654,"TRAVELINGMODE","TRAVELINGMODE",465055742365912485,10,"BEFORE_HEADER","NATIVE_FORM_INIT","Initialize form TRAVELINGMODE",465040906701892506,"","","","","","","","","","","","","","","","","","",""
654,"TRAVELINGMODE","TRAVELINGMODE",465154865911182147,30,"AFTER_SUBMIT","NATIVE_FORM_DML","Process form TRAVELINGMODE",465040906701892506,"","","","","","","","","","","","","","","","","","",""
656,"EXPENSETYPE","EXPENSETYPE1",465258570972495439,10,"BEFORE_HEADER","NATIVE_FORM_INIT","Initialize form Expenses Type",655933056525559955,"","","","","","","","","","","","","","","","","","",""
656,"EXPENSETYPE","EXPENSETYPE1",465259008082495440,20,"AFTER_SUBMIT","NATIVE_FORM_DML","Process form Expenses Type",655933056525559955,"","","","","","","","","","","","","","","","","","",""
656,"EXPENSETYPE","EXPENSETYPE1",465263225918495445,60,"BEFORE_HEADER","NATIVE_PLSQL","Get Form Status And TNO",,"","","","begin
     if :P656_TNO is null then
            :P656_FORMSTATUS := 'NEWRECORD';
        else
            :P656_FORMSTATUS := 'EDITRECORD';
        end if;

    if :P656_TNO is null then

        select globaltno.nextval into :P656_TNO from dual;

    end if;
end;","","","","","","","","","","","","","","",""
658,"OD Request On Special Approval","OD-REQUEST-ON-SPECIAL-APPROVAL",465360497968860789,10,"BEFORE_HEADER","NATIVE_FORM_INIT","Initialize form On Duty Request",491339254028018048,"","","","","","","","","","","","","","","","","","",""
658,"OD Request On Special Approval","OD-REQUEST-ON-SPECIAL-APPROVAL",465360885068860790,20,"AFTER_SUBMIT","NATIVE_FORM_DML","Process form On Duty Request",491339254028018048,"","","","","","","","","","","","","","","","","","",""
658,"OD Request On Special Approval","OD-REQUEST-ON-SPECIAL-APPROVAL",465368413208860802,30,"AFTER_SUBMIT","NATIVE_IG_DML","Detail - Save Interactive Grid Data",491081008954179712,"","","","","","","","","","","","","","","","","","",""
660,"Reimbursement Claim","REIMBURSEMENT-CLAIM-LIST",465961008447663199,10,"BEFORE_HEADER","NATIVE_FORM_INIT","Initialize form Reimbursement Claim List",465941060729663130,"","","","","","","","","","","","","","","","","","",""
660,"Reimbursement Claim","REIMBURSEMENT-CLAIM-LIST",465961451646663202,20,"AFTER_SUBMIT","NATIVE_FORM_DML","Process form Reimbursement Claim List",465941060729663130,"","","","","","","","","","","","","","","","","","",""
662,"CONVEYANCETYPE","CONVEYANCETYPE1",466108338073906330,10,"BEFORE_HEADER","NATIVE_FORM_INIT","Initialize form Conveyance Type",683048683365768286,"","","","","","","","","","","","","","","","","","",""
662,"CONVEYANCETYPE","CONVEYANCETYPE1",466108716064906331,20,"AFTER_SUBMIT","NATIVE_FORM_DML","Process form Expenses Type",683048683365768286,"","","","","","","","","","","","","","","","","","",""
662,"CONVEYANCETYPE","CONVEYANCETYPE1",466112921331906335,60,"BEFORE_HEADER","NATIVE_PLSQL","Get Form Status And TNO",,"","","","begin
     if :P662_TNO is null then
            :P662_FORMSTATUS := 'NEWRECORD';
        else
            :P662_FORMSTATUS := 'EDITRECORD';
        end if;

    if :P662_TNO is null then

        select globaltno.nextval into :P662_TNO from dual;

    end if;
end;","","","","","","","","","","","","","","",""
664,"PARTYATTRIBUTE","PARTYATTRIBUTE1",466531117957720080,10,"BEFORE_HEADER","NATIVE_FORM_INIT","Initialize form PartyAttribute",710586995895790370,"","","","","","","","","","","","","","","","","","",""
664,"PARTYATTRIBUTE","PARTYATTRIBUTE1",466531549500720084,20,"AFTER_SUBMIT","NATIVE_FORM_DML","Process form Party Attribute",710586995895790370,"","","","","","","","","","","","","","","","","","",""
664,"PARTYATTRIBUTE","PARTYATTRIBUTE1",466535691599720090,60,"BEFORE_HEADER","NATIVE_PLSQL","Get Form Status And TNO",,"","","","begin
     if :P664_TNO is null then
            :P664_FORMSTATUS := 'NEWRECORD';
        else
            :P664_FORMSTATUS := 'EDITRECORD';
        end if;

    if :P664_TNO is null then

        select globaltno.nextval into :P664_TNO from dual;

    end if;
    select NVL(getdocumentstatuscode('PARTYATTRIBUTE',:P664_TNO),'STATUS') INTO :P664_STATUS FROM DUAL ;
end;","","","","","","","","","","","","","","",""
666,"Asset Opening","ASSET-OPENING1",468293108445701242,10,"BEFORE_HEADER","NATIVE_FORM_INIT","Initialize form Asset Opening",485627534022166338,"","","","","","","","","","","","","","","","","","",""
666,"Asset Opening","ASSET-OPENING1",468178835632416327,40,"AFTER_SUBMIT","NATIVE_FORM_DML","Initialize form Asset OP",485627534022166338,"","","","","","","","","","","","","","","","","","",""
668,"Asset Category Master","ASSET-CATEGORY-MASTER",469765939386586175,10,"BEFORE_HEADER","NATIVE_FORM_INIT","Initialize form PartyAttribute",741358946498678535,"","","","","","","","","","","","","","","","","","",""
668,"Asset Category Master","ASSET-CATEGORY-MASTER",469766348566586177,20,"AFTER_SUBMIT","NATIVE_FORM_DML","Process form Party Attribute",741358946498678535,"","","","","","","","","","","","","","","","","","",""
668,"Asset Category Master","ASSET-CATEGORY-MASTER",469770504103586187,60,"BEFORE_HEADER","NATIVE_PLSQL","Get Form Status And TNO",,"","","","begin
     if :P668_TNO is null then
            :P668_FORMSTATUS := 'NEWRECORD';
        else
            :P668_FORMSTATUS := 'EDITRECORD';
        end if;

    if :P668_TNO is null then

        select globaltno.nextval into :P668_TNO from dual;

    end if;
end;","","","","","","","","","","","","","","",""
670,"Asset Sale","ASSET-SALE",470422460812260123,10,"BEFORE_HEADER","NATIVE_FORM_INIT","Initialize form Asset Sale",469815710468328916,"","","","","","","","","","","","","","","","","","",""
670,"Asset Sale","ASSET-SALE",471287317173174233,20,"AFTER_SUBMIT","NATIVE_FORM_DML","Save Asset Sale Form",469815710468328916,"","","","","","","","","","","","","","","","","","",""
670,"Asset Sale","ASSET-SALE",470473557326314905,30,"AFTER_SUBMIT","NATIVE_IG_DML","Asset Sale Detail - Save Interactive Grid Data",469817489025328934,"","","","","","","","","","","","","","","","","","",""
672,"Asset Discard","ASSET-DISCARD1",470733033172923984,10,"BEFORE_HEADER","NATIVE_FORM_INIT","Initialize form Asset Discard",501539540993554872,"","","","","","","","","","","","","","","","","","",""
672,"Asset Discard","ASSET-DISCARD1",471650652020076319,50,"AFTER_SUBMIT","NATIVE_FORM_DML","Save Master Data",501539540993554872,"","","","","","","","","","","","","","","","","","",""
672,"Asset Discard","ASSET-DISCARD1",471649506520076308,60,"AFTER_SUBMIT","NATIVE_IG_DML","Detail - Save Interactive Grid Data",471648132919076294,"","","","","","","","","","","","","","","","","","",""
673,"Bank Reconsilation","BANK-RECONSILATION",471396147320817117,20,"AFTER_SUBMIT","NATIVE_IG_DML","Bank Reconsilation - Save Interactive Grid Data",471395144107817107,"","","","","","","","","","","","","","","","","","",""
675,"Asset","ASSET",471741227107071119,10,"BEFORE_HEADER","NATIVE_FORM_INIT","Initialize form Asset Opening",518354183845539446,"","","","","","","","","","","","","","","","","","",""
675,"Asset","ASSET",471740797879071119,40,"AFTER_SUBMIT","NATIVE_FORM_DML","Initialize form Asset OP",518354183845539446,"","","","","","","","","","","","","","","","","","",""
675,"Asset","ASSET",471659873276668517,60,"AFTER_SUBMIT","NATIVE_IG_DML","Asset Detail - Save Interactive Grid Data",471657113201668489,"","","","","","","","","","","","","","","","","","",""
675,"Asset","ASSET",471661196767668530,70,"AFTER_SUBMIT","NATIVE_IG_DML","Asset Component Detail - Save Interactive Grid Data",471657221291668490,"","","","","","","","","","","","","","","","","","",""
675,"Asset","ASSET",471848275384320597,80,"AFTER_SUBMIT","NATIVE_IG_DML","Asset Code Detail - Save Interactive Grid Data",471657308937668491,"","","","","","","","","","","","","","","","","","",""
675,"Asset","ASSET",298325529428944772,90,"AFTER_SUBMIT","NATIVE_IG_DML","Assetcreditaccountdetail - Save Interactive Grid Data",298323945363944756,"","","","","","","","","","","","","","","","","","",""
677,"Depreciation","DEPRECIATION",472521987400017073,10,"BEFORE_HEADER","NATIVE_FORM_INIT","Initialize form Depreciation",472509697165017025,"","","","","","","","","","","","","","","","","","",""
677,"Depreciation","DEPRECIATION",472522458130017077,20,"AFTER_SUBMIT","NATIVE_FORM_DML","Process form Depreciation",472509697165017025,"","","","","","","","","","","","","","","","","","",""
677,"Depreciation","DEPRECIATION",472484434469399615,50,"AFTER_SUBMIT","NATIVE_IG_DML","Detail - Save Interactive Grid Data",472482311235399594,"","","","","","","","","","","","","","","","","","",""
679,"Asset Category Depreciation Rate List","ASSET-CATEGORY-DEPRECIATION-RATE-LIST",473309984718248381,10,"BEFORE_HEADER","NATIVE_FORM_INIT","Initialize form Asset Category Depreciation Rate List",473299818336248324,"","","","","","","","","","","","","","","","","","",""
679,"Asset Category Depreciation Rate List","ASSET-CATEGORY-DEPRECIATION-RATE-LIST",473310374826248385,20,"AFTER_SUBMIT","NATIVE_FORM_DML","Process form Asset Category Depreciation Rate List",473299818336248324,"","","","","","","","","","","","","","","","","","",""
679,"Asset Category Depreciation Rate List","ASSET-CATEGORY-DEPRECIATION-RATE-LIST",473346288007499799,30,"AFTER_SUBMIT","NATIVE_IG_DML","Detail - Save Interactive Grid Data",472486347102399634,"","","","","","","","","","","","","","","","","","",""
682,"Salary Voucher","SALARY-VOUCHER",480033752004426118,10,"BEFORE_HEADER","NATIVE_FORM_INIT","Initialize form Salary Voucher",480019947996426070,"","","","","","","","","","","","","","","","","","",""
682,"Salary Voucher","SALARY-VOUCHER",480034002823426123,20,"AFTER_SUBMIT","NATIVE_FORM_DML","Process form Salary Voucher",480019947996426070,"","","","","","","","","","","","","","","","","","",""
682,"Salary Voucher","SALARY-VOUCHER",481050240659906328,60,"AFTER_SUBMIT","NATIVE_IG_DML","Detail - Save Interactive Grid Data",478708648010846713,"","","","","","","","","","","","","","","","","","",""
684,"Salary Payment Advice List","SALARY-PAYMENT-ADVICE-LIST",480437588942038814,10,"BEFORE_HEADER","NATIVE_FORM_INIT","Initialize form Salary Payment Advice List",480414056821038768,"","","","","","","","","","","","","","","","","","",""
684,"Salary Payment Advice List","SALARY-PAYMENT-ADVICE-LIST",480438054676038815,20,"AFTER_SUBMIT","NATIVE_FORM_DML","Process form Salary Payment Advice List",480414056821038768,"","","","","","","","","","","","","","","","","","",""
684,"Salary Payment Advice List","SALARY-PAYMENT-ADVICE-LIST",480578414534162409,40,"AFTER_SUBMIT","NATIVE_IG_DML","Detail - Save Interactive Grid Data",480576576027162391,"","","","","","","","","","","","","","","","","","",""
686,"Hold Salary","HOLD-SALARY",482231446820012829,10,"BEFORE_HEADER","NATIVE_FORM_INIT","Initialize form Hold Salary",482219142922012787,"","","","","","","","","","","","","","","","","","",""
686,"Hold Salary","HOLD-SALARY",482231776661012830,20,"AFTER_SUBMIT","NATIVE_FORM_DML","Process form Hold Salary",482219142922012787,"","","","","","","","","","","","","","","","","","",""
688,"Un-Hold Salary List","UN-HOLD-SALARY-LIST",483018423686074957,10,"BEFORE_HEADER","NATIVE_FORM_INIT","Initialize form Un-Hold Salary List",483006093624074941,"","","","","","","","","","","","","","","","","","",""
688,"Un-Hold Salary List","UN-HOLD-SALARY-LIST",483018829547074957,20,"AFTER_SUBMIT","NATIVE_FORM_DML","Process form Un-Hold Salary List",483006093624074941,"","","","","","","","","","","","","","","","","","",""
690,"Opening Leave","OPENING-LEAVE",485121396109622086,10,"BEFORE_HEADER","NATIVE_FORM_INIT","Initialize form Opening Leave",485110558148621993,"","","","","","","","","","","","","","","","","","",""
690,"Opening Leave","OPENING-LEAVE",485121828891622091,20,"AFTER_SUBMIT","NATIVE_FORM_DML","Process form Opening Leave",485110558148621993,"","","","","","","","","","","","","","","","","","",""
690,"Opening Leave","OPENING-LEAVE",485174585441980092,30,"AFTER_SUBMIT","NATIVE_IG_DML","Detail - Save Interactive Grid Data",483047972768233731,"","","","","","","","","","","","","","","","","","",""
692,"Asset Transfer","ASSET-TRANSFER",487624687757841611,10,"BEFORE_HEADER","NATIVE_FORM_INIT","Initialize form Asset Transfer",487606855020841529,"","","","","","","","","","","","","","","","","","",""
692,"Asset Transfer","ASSET-TRANSFER",487625113495841616,20,"AFTER_SUBMIT","NATIVE_FORM_DML","Process form Asset Transfer",487606855020841529,"","","","","","","","","","","","","","","","","","",""
692,"Asset Transfer","ASSET-TRANSFER",487217089394743920,30,"AFTER_SUBMIT","NATIVE_IG_DML","Detail - Save Interactive Grid Data",487215853102743907,"","","","","","","","","","","","","","","","","","",""
692,"Asset Transfer","ASSET-TRANSFER",487725339966753198,50,"AFTER_SUBMIT","NATIVE_IG_DML","FromAsset - Save Interactive Grid Data",487724062562753185,"","","","","","","","","","","","","","","","","","",""
694,"Opening Loan","OPENING-LOAN",488090913838777894,10,"BEFORE_HEADER","NATIVE_FORM_INIT","Initialize form Opening Loan",488080735302777811,"","","","","","","","","","","","","","","","","","",""
694,"Opening Loan","OPENING-LOAN",488091325753777899,20,"AFTER_SUBMIT","NATIVE_FORM_DML","Process form Opening Loan",488080735302777811,"","","","","","","","","","","","","","","","","","",""
694,"Opening Loan","OPENING-LOAN",488114891904992988,40,"AFTER_SUBMIT","NATIVE_IG_DML","Detail - Save Interactive Grid Data",487727996649753225,"","","","","","","","","","","","","","","","","","",""
696,"Full and Final","FULL-AND-FINAL",488226343268126200,10,"BEFORE_HEADER","NATIVE_FORM_INIT","Initialize form Full and Final",488186619061126166,"","","","","","","","","","","","","","","","","","",""
696,"Full and Final","FULL-AND-FINAL",488226679485126200,20,"AFTER_SUBMIT","NATIVE_FORM_DML","Process form Full and Final",488186619061126166,"","","","","","","","","","","","","","","","","","",""
696,"Full and Final","FULL-AND-FINAL",488348803388523224,50,"AFTER_SUBMIT","NATIVE_IG_DML","New - Save Interactive Grid Data",488347691597523213,"","","","","","","","","","","","","","","","","","",""
696,"Full and Final","FULL-AND-FINAL",488407439143769687,60,"AFTER_SUBMIT","NATIVE_IG_DML","Loan Detail - Save Interactive Grid Data",488348963468523225,"","","","","","","","","","","","","","","","","","",""
696,"Full and Final","FULL-AND-FINAL",488408902566769702,70,"AFTER_SUBMIT","NATIVE_IG_DML","Leave - Save Interactive Grid Data",488407490432769688,"","","","","","","","","","","","","","","","","","",""
696,"Full and Final","FULL-AND-FINAL",488410308189769716,80,"AFTER_SUBMIT","NATIVE_IG_DML","Unpaid Salary - Save Interactive Grid Data",488409264490769705,"","","","","","","","","","","","","","","","","","",""
696,"Full and Final","FULL-AND-FINAL",488411376481769727,90,"AFTER_SUBMIT","NATIVE_IG_DML","Other Deduction - Save Interactive Grid Data",488410426965769717,"","","","","","","","","","","","","","","","","","",""
696,"Full and Final","FULL-AND-FINAL",488496692073252903,110,"AFTER_SUBMIT","NATIVE_IG_DML","Item Details - Save Interactive Grid Data",488411546698769728,"","","","","","","","","","","","","","","","","","",""
702,"Sales Enquiry","SALES-ENQUIRY",40716531856911973,20,"BEFORE_HEADER","NATIVE_FORM_INIT","Initialize form Purchase Order",1192151567483897500,"","","","","","","","","","","","","","","","","","",""
702,"Sales Enquiry","SALES-ENQUIRY",40687629149911955,30,"BEFORE_HEADER","NATIVE_FORM_INIT","Initialize form E-Mail",1196659459649048212,"","","","","","","","","","","","","","","","","","",""
702,"Sales Enquiry","SALES-ENQUIRY",40716947469911973,30,"AFTER_SUBMIT","NATIVE_FORM_DML","Process form Sales Enquiry",1192151567483897500,"","","","","","","","","","","","","","","","","","",""
702,"Sales Enquiry","SALES-ENQUIRY",40660114911911942,100,"AFTER_SUBMIT","NATIVE_IG_DML","FooterDetail - Save Interactive Grid Data",1192510240148140083,"","","","","","","","","","","","","","","","","","",""
702,"Sales Enquiry","SALES-ENQUIRY",40679227276911951,120,"AFTER_SUBMIT","NATIVE_IG_DML","Special Note - Save Interactive Grid Data",1196656729147048185,"","","","","","","","","","","","","","","","","","",""
703,"Sales Enquiry Tracking","SALES-ENQUIRY-TRACKING",168251745102264621,20,"BEFORE_HEADER","NATIVE_PLSQL","GetFormStatus",,"","","","begin
    if :P703_TNO is null then
        :P703_FORMSTATUS := 'NEWRECORD';
    else
        :P703_FORMSTATUS := 'EDITRECORD';
    end if;
end;","","","","","","","","","","","","","","",""
705,"Sales Quotation","SALES-QUOTATION",40897210352918566,20,"BEFORE_HEADER","NATIVE_FORM_INIT","Initialize form Sales Quotation",1100566559638882663,"","","","","","","","","","","","","","","","","","",""
705,"Sales Quotation","SALES-QUOTATION",40897526975918566,30,"AFTER_SUBMIT","NATIVE_FORM_DML","Process form Sales quotation",1100566559638882663,"","","","","","","","","","","","","","","","","","",""
705,"Sales Quotation","SALES-QUOTATION",40929311377918580,30,"BEFORE_HEADER","NATIVE_FORM_INIT","Initialize form E-Mail",1105074451804033375,"","","","","","","","","","","","","","","","","","",""
705,"Sales Quotation","SALES-QUOTATION",40940004137918585,70,"AFTER_SUBMIT","NATIVE_IG_DML","FooterDetail - Save Interactive Grid Data",1100925232303125246,"","","","","","","","","","","","","","","","","","",""
705,"Sales Quotation","SALES-QUOTATION",40920892184918577,90,"AFTER_SUBMIT","NATIVE_IG_DML","Special Note - Save Interactive Grid Data",1105071721302033348,"","","","","","","","","","","","","","","","","","",""
706,"Sales Enquiry","SALES-ENQUIRY1",168480197088306367,20,"BEFORE_HEADER","NATIVE_FORM_INIT","Initialize form Sales Enquiry",1045101183995273219,"","","","","","","","","","","","","","","","","","",""
706,"Sales Enquiry","SALES-ENQUIRY1",168480571517306367,30,"AFTER_SUBMIT","NATIVE_FORM_DML","Process form Sales Enquiry",1045101183995273219,"","","","","","","","","","","","","","","","","","",""
706,"Sales Enquiry","SALES-ENQUIRY1",168514021590306389,30,"BEFORE_HEADER","NATIVE_FORM_INIT","Initialize form E-Mail",1049609076160423931,"","","","","","","","","","","","","","","","","","",""
706,"Sales Enquiry","SALES-ENQUIRY1",168524727572306397,100,"AFTER_SUBMIT","NATIVE_IG_DML","FooterDetail - Save Interactive Grid Data",1045459856659515802,"","","","","","","","","","","","","","","","","","",""
706,"Sales Enquiry","SALES-ENQUIRY1",168505543514306385,120,"AFTER_SUBMIT","NATIVE_IG_DML","Special Note - Save Interactive Grid Data",1049606345658423904,"","","","","","","","","","","","","","","","","","",""
708,"Purchase Enquiry ","PURCHASE-ENQUIRY",40542488459907075,10,"BEFORE_HEADER","NATIVE_FORM_INIT","Initialize form Enquiry",180243407010702162,"","","","","","","","","","","","","","","","","","",""
708,"Purchase Enquiry ","PURCHASE-ENQUIRY",40542851715907075,20,"AFTER_SUBMIT","NATIVE_FORM_DML","Process form Enquiry",180243407010702162,"","","","","","","","","","","","","","","","","","",""
708,"Purchase Enquiry ","PURCHASE-ENQUIRY",40559718949907083,50,"AFTER_SUBMIT","NATIVE_IG_DML","Party - Save Interactive Grid Data",180314147839349652,"","","","","","","","","","","","","","","","","","",""
708,"Purchase Enquiry ","PURCHASE-ENQUIRY",40566046308907085,60,"AFTER_SUBMIT","NATIVE_IG_DML","EnquiryDetailQuality - Save Interactive Grid Data",180945671566655148,"","","","","","","","","","","","","","","","","","",""
708,"Purchase Enquiry ","PURCHASE-ENQUIRY",40549145686907078,110,"AFTER_SUBMIT","NATIVE_IG_DML","Enquiry Indent Detail - Save Interactive Grid Data",180315603689349667,"","","","","","","","","","","","","","","","","","",""
710,"Purchase Quotation","PURCHASE-QUOTATION",41080407891923784,10,"BEFORE_HEADER","NATIVE_FORM_INIT","Initialize form Quotation",364558321585483094,"","","","","","","","","","","","","","","","","","",""
710,"Purchase Quotation","PURCHASE-QUOTATION",41080724252923784,30,"AFTER_SUBMIT","NATIVE_FORM_DML","Process form Quotation",364558321585483094,"","","","","","","","","","","","","","","","","","",""
710,"Purchase Quotation","PURCHASE-QUOTATION",41109215782923797,60,"AFTER_SUBMIT","NATIVE_IG_DML","DetailQuality - Save Interactive Grid Data",364452080099967400,"","","","","","","","","","","","","","","","","","",""
710,"Purchase Quotation","PURCHASE-QUOTATION",41118346882923800,70,"AFTER_SUBMIT","NATIVE_IG_DML","DetailFooter - Save Interactive Grid Data",365009205480953371,"","","","","","","","","","","","","","","","","","",""
710,"Purchase Quotation","PURCHASE-QUOTATION",41102438789923794,80,"AFTER_SUBMIT","NATIVE_IG_DML","Terms and Condition - Save Interactive Grid Data",365011122482953390,"","","","","","","","","","","","","","","","","","",""
712,"Comparative Statement","COMPARATIVE-STATEMENT",41247072759930954,10,"BEFORE_HEADER","NATIVE_FORM_INIT","Initialize form Comparative Statement",364920311325722292,"","","","","","","","","","","","","","","","","","",""
712,"Comparative Statement","COMPARATIVE-STATEMENT",41247441263930954,20,"AFTER_SUBMIT","NATIVE_FORM_DML","Process form Comparative Statement",364920311325722292,"","","","","","","","","","","","","","","","","","",""
714,"Rate Contract","RATE-CONTRACT",169117651962905472,20,"BEFORE_HEADER","NATIVE_FORM_INIT","Initialize form Purchase Order",1000355565139502280,"","","","","","","","","","","","","","","","","","",""
714,"Rate Contract","RATE-CONTRACT",169118076227905472,30,"AFTER_SUBMIT","NATIVE_FORM_DML","Process form rate contract",1000355565139502280,"","","","","","","","","","","","","","","","","","",""
714,"Rate Contract","RATE-CONTRACT",169087535133905442,90,"AFTER_SUBMIT","NATIVE_IG_DML","Terms and Conditions - Save Interactive Grid Data",1000589052193544201,"","","","","","","","","","","","","","","","","","",""
714,"Rate Contract","RATE-CONTRACT",169074103514905428,100,"AFTER_SUBMIT","NATIVE_IG_DML","FooterDetail - Save Interactive Grid Data",1000714237803744863,"","","","","","","","","","","","","","","","","","",""
714,"Rate Contract","RATE-CONTRACT",169091434128905446,120,"AFTER_SUBMIT","NATIVE_IG_DML","Special Note - Save Interactive Grid Data",1004860726802652965,"","","","","","","","","","","","","","","","","","",""
716,"Process Routing Master","PROCESS-ROUTING-MASTER",169521718356892778,10,"BEFORE_HEADER","NATIVE_FORM_INIT","Initialize form Location Master",913986840758996031,"","","","","","","","","","","","","","","","","","",""
716,"Process Routing Master","PROCESS-ROUTING-MASTER",169522106931892780,10,"AFTER_SUBMIT","NATIVE_FORM_DML","Process form Process Routing",913986840758996031,"","","","","","","","","","","","","","","","","","",""
716,"Process Routing Master","PROCESS-ROUTING-MASTER",169534386237892797,20,"BEFORE_HEADER","NATIVE_PLSQL","GetFormStatus",,"","","","begin
    if :P716_TNO is null then
        :P716_FORMSTATUS := 'NEWRECORD';
    else
        :P716_FORMSTATUS := 'EDITRECORD';
    end if;
end;","","","","","","","","","","","","","","",""
718,"Process TAT Master","PROCESS-TAT-MASTER",169583964179898742,10,"BEFORE_HEADER","NATIVE_FORM_INIT","Initialize form Location Master",922445510758753288,"","","","","","","","","","","","","","","","","","",""
718,"Process TAT Master","PROCESS-TAT-MASTER",169584339736898742,10,"AFTER_SUBMIT","NATIVE_FORM_DML","Process form Process Routing",922445510758753288,"","","","","","","","","","","","","","","","","","",""
718,"Process TAT Master","PROCESS-TAT-MASTER",169599097309898753,20,"BEFORE_HEADER","NATIVE_PLSQL","GetFormStatus",,"","","","begin
    if :P718_TNO is null then
        :P718_FORMSTATUS := 'NEWRECORD';
    else
        :P718_FORMSTATUS := 'EDITRECORD';
    end if;
end;","","","","","","","","","","","","","","",""
720,"Process Escalation","PROCESS-ESCALATION",169652171760906541,10,"BEFORE_HEADER","NATIVE_FORM_INIT","Initialize form Process Escalation",239546397393172800,"","","","","","","","","","","","","","","","","","",""
720,"Process Escalation","PROCESS-ESCALATION",169652569665906541,20,"AFTER_SUBMIT","NATIVE_FORM_DML","Process form Process Escalation",239546397393172800,"","","","","","","","","","","","","","","","","","",""
720,"Process Escalation","PROCESS-ESCALATION",169658474199906546,40,"AFTER_SUBMIT","NATIVE_IG_DML","PROCESS ESCALATION DETAIL USER - Save Interactive Grid Data",239623109738476174,"","","","","","","","","","","","","","","","","","",""
798,"New Ledger","NEW-LEDGER",19441428220724688,10,"AFTER_SUBMIT","NATIVE_IG_DML","Item Ledger - Save Interactive Grid Data",785412642729042379,"","","","","","","","","","","","","","","","","","",""
1063,"Attachment","SHARED-ATTACHMENT",2580652588144650741,10,"BEFORE_HEADER","NATIVE_FORM_INIT","Initialize form Party Detail Party Attachment",2873813392493361501,"","","","","","","","","","","","","","","","","","",""
1063,"Attachment","SHARED-ATTACHMENT",2580653014862650742,10,"AFTER_SUBMIT","NATIVE_FORM_DML","Process Form Account Master",2873813392493361501,"","","","","","","","","","","","","","","","","","",""
