"PAGE_ID","PAGE_NAME","PAGE_ALIAS","PAGE_MODE","REGION_ID","REGION_NAME","REGION_STATIC_ID","PLUG_SOURCE_TYPE","QUERY_OWNER","QUERY_TABLE","REGION_SOURCE","ATTRIBUTE_01","ATTRIBUTE_02","ATTRIBUTE_03","ATTRIBUTE_04","ATTRIBUTE_05","ATTRIBUTE_06","ATTRIBUTE_07","ATTRIBUTE_08","ATTRIBUTE_09","ATTRIBUTE_10"
4,"Company Master","COMPANY-MASTER","NORMAL",839206991729503852,"General","general","NATIVE_FORM","","","select COMPANYCODE,
       COMPANYNAME,
       COMPANYTYPECODE,
       PARENTCODE,
       OWNERNAME,
       CGSTNO,
       CSTNO,
       NEWREGISTRATIONNO,
       TINNO,
       ECCNO,
       COMMISSIONER,
       DIVISION,
       RANGE,
       OFFICEADDRESS,
       OFFICECITYCODE,
       OFFICESTATECODE,
       OFFICEPINCODE,
       OFFICEPHONENO,
       OFFICEFAXNO,
       OFFICEEMAIL,
       WORKSADDRESS,
       WORKSCITYCODE,
       WORKSSTATECODE,
       WORKSPINCODE,
       WORKSPHONENO,
       WORKSFAXNO,
       WORKSEMAIL,
       REMARK,
       COMPANYSHORTNAME,
       TNO,
       SELFCODE,
       OFFICEADDRESS1,
       OFFICEADDRESS2,
       OFFICEADDRESS3,
       OFFICEADDRESS4,
       WORKSADDRESS4,
       WORKSADDRESS3,
       WORKSADDRESS2,
       WORKSADDRESS1,
       CREATOR,
     --  TMP,
       CREATIONTIME,
       EMPLOYEECODERESPONSIBLEFORTDS,
       NAMERESPONSIBLEFORTDS,
       DESIGNATIONRESPONSIBLEFORTDS,
       ADDRESS1RESPONSIBLEFORTDS,
       ADDRESS2RESPONSIBLEFORTDS,
       ADDRESS3RESPONSIBLEFORTDS,
       ADDRESS4RESPONSIBLEFORTDS,
       CITYRESPONSIBLEFORTDS,
       STATERESPONSIBLEFORTDS,
       PINCODERESPONSIBLEFORTDS,
       PHONENORESPONSIBLEFORTDS,
       EMAILRESPONSIBLEFORTDS,
       TAXREGISTRATIONTYPECODE,
    --   PRINTNAME ,
       NVL(getdocumentstatuscode('COMPANY',TNO),'STATUS') AS Status
  from COMPANY","","","","","","","","","",""
5,"Company Attribute  Detail","COMPANY-ATTRIBUTE-DETAIL","MODAL",872342071770682999,"Attribute","attribute","NATIVE_FORM","","","select TNO,
       COMPANYATTRIBUTECODE,
       COMPANYATTRIBUTEVALUE,
       REMARK,
       ATTACHMENTBLOB,
       FILENAME,
       SNO,
       trunc(sysdate) as Creationdate,
       CASE
              WHEN upper(A.FILENAME) LIKE '%DOCX%' then
               'application/vnd.openxmlformats-officedocument.wordprocessingml.document'
              WHEN upper(A.FILENAME) LIKE '%DOC' then
               'application/msword'
              when UPPER(a.filename) like '%JPG' then
               'image/jpeg'
              when UPPER(a.filename) like '%JPEG' then
               'image/jpeg'
              when UPPER(a.filename) like '%PDF' then
                'application/pdf'
              when UPPER(a.filename) like '%TXT' then
                'text/plain'
              when UPPER(a.filename) like '%XLS' then
                'application/vnd.ms-excel'
              when UPPER(a.filename) like '%XLSX' then
                'application/vnd.openxmlformats-officedocument.spreadsheetml.sheet'
              when UPPER(a.filename) like '%PPT' then
                'application/vnd.ms-powerpoint'
              when UPPER(a.filename) like '%PPTX' then
                'application/vnd.openxmlformats-officedocument.presentationml.presentation'
              when UPPER(a.filename) like '%PNG' then
               'image/png'
              when UPPER(a.filename) like '%TIF%' then
               'image/tiff'
            end mimetype
  from COMPANYATTRIBUTEDETAIL a","","","","","","","","","",""
8,"City Master","CITY-MASTER","MODAL",574866114746892034,"City Master","city-master","NATIVE_FORM","","","select TNO,
       CITYCODE,
       CITYNAME,
       STATECODE,
       STDCODE,
       PINCODE,
       REMARK,
       CREATOR,
       DISTANCE,
       CLASSOFCITYCODE,
       REGIONCODE,
       CREATIONTIME,
       LEADTIME,
       MODULECODE,
       MODULETNO
  from CITY
 ","","","","","","","","","",""
9,"Indent Itemm Detail","INDENT-ITEMM-DETAIL","MODAL",603435974411170956,"Indent Itemm Detail","indent-itemm-detail","NATIVE_FORM","","INDENTDETAIL","","","","","","","","","","",""
14,"General","STEP-1","NORMAL",575847322473957859,"General","general-2","NATIVE_FORM","","","select COMPANYCODE,
       COMPANYNAME,
       COMPANYTYPECODE,
       PARENTCODE,
       OWNERNAME,
       COMPANYSHORTNAME,
       TNO,
       CREATOR,
       CREATIONTIME
  from COMPANY","","","","","","","","","",""
15,"Step 2","STEP-2","NORMAL",575850423755957864,"Step 2","step-2","NATIVE_FORM","","","select
       OFFICEADDRESS,
       OFFICECITYCODE,
       OFFICESTATECODE,
       OFFICEPINCODE,
       OFFICEPHONENO,
       OFFICEFAXNO,
       OFFICEEMAIL
  from COMPANY","","","","","","","","","",""
16,"Step 3","STEP-3","NORMAL",575854238756957867,"Step 3","step-2","NATIVE_FORM","","","select
       WORKSADDRESS,
       WORKSCITYCODE,
       WORKSSTATECODE,
       WORKSPINCODE,
       WORKSPHONENO,
       WORKSFAXNO,
       WORKSEMAIL
  from COMPANY","","","","","","","","","",""
22,"Doctype master","DOCTYPE-MASTER","MODAL",577696735194829617,"Doctype master","doctype-master","NATIVE_FORM","","","select TNO,
       DOCTYPECODE,
       DOCTYPENAME,
       DOCTYPESHORTNAME,
       REMARK,
       ISUSEDASREFDOCTYPE,
       DATECREATED,
       DATEMODIFIED,
       CREATOR,
       CREATIONTIME
  from DOCTYPE","","","","","","","","","",""
25,"Location Master","LOCATION-MASTER1","NORMAL",840808412961378823,"Location Master","location-master","NATIVE_FORM","","","select a.LOCATIONCODE,
       a.LOCATIONNAME,
       a.LOCATIONSHORTNAME,
       a.TNO,
       a.REMARK,
       a.DATECREATED,
       a.DATEMODIFY,
       a.PARENTCODE,
       a.CREATOR,
       a.ISDIVISION,
       a.CREATIONTIME,
       a.PARTYCODE,
       a.DESTINATIONCODE,
     --  a.TRACKINGREQUIRED,
       a.LATITUDE,
       a.LONGITUDE,
       a.PETTYCASHACCOUNTCODE,
     --  a.ZONECODE,
     --  a.TRANSACTIONALCYCLECOUNT,
     --  a.STORAGERESERVATIONREQUIRED,
     --  a.LRENTRYITEMWISE,
     --  a.FSABILLWITHCODE,
     --  a.PREMISESCODE,
    --   a.ISPREMISESOFMULTIPLEWAREHOUSE,
    --   a.VEHICLEPLANNING,
     --  a.PODPERCENTFORTRANSPORTERBILL,
    --   a.OPERATIONBOSSUSERCODE,
    --   a.TRANSPORTATIONBOSSUSERCODE,
     --  a.LRENTRYSLIPPRINTGROUPWISE,
    --   a.WAREHOUSEBOSSUSERCODE,
    --   a.PRINTGATEPASSWITHDISPATCHSLIP,
     --  a.OVERTIMEFORSANCTIONEDDAY,
   --    a.GATEENTRYREQUIRED,
     --  a.AVERAGEWEIGHTPERNOS,
       a.STATECODE,
     --  a.SHIPMENTDOCNOINDISPATCHSLIP,
     --  a.PAIDBILTYCLAIMIMMEDIATE,
       a.CITYCODE,
       a.ASSETACCOUNTCODE,
       a.BRANCHACCOUNTCODE,
      -- a.COMPANYCODE,
     --  a.ISITBranch,
     --  a.FRANCHISEID,
     --  a.FRANCHISENAME,
     --  a.ACCOUNTCODE,
    --   a.STATUS,
       a.ADDRESS1,
       a.ADDRESS2,
       a.pincode,
       a.gstinno,
       a.mobileno,
       a.emailid,

     --  a.ADDRESS3,
      -- a.BRANCHTYPECODE,
       NVL(getdocumentstatuscode('LOCATION',TNO),'STATUS') AS Status

  from LOCATION a
  Order By a.LocationName;","","","","","","","","","",""
26,"Location Detail","LOCATION-DETAIL","MODAL",842425269222632757,"Location Detail","location-detail","NATIVE_FORM","","","select TNO,
       SNO,
       ATTRIBUTECODE,
       ATTRIBUTEVALUE,
       REMARK,
       ATTACHMENTBLOB,
       FILENAME,
       MIMETYPE
  from LOCATIONDETAIL","","","","","","","","","",""
28,"Financialyear Master","FINANCIALYEAR-MASTER","MODAL",577871512333090369,"Financialyear Master","financialyear-master","NATIVE_FORM","","","select FINANCIALYEARCODE,
       FINANCIALYEARBEGIN,
       FINANCIALYEAREND,
       REMARK,
       TNO,
       CREATOR,
       CREATIONTIME
  from FINANCIALYEAR","","","","","","","","","",""
30,"TDS Nature Master","TDS-NATURE-MASTER","MODAL",578635945367208754,"TDS Nature Master","tds-nature-master","NATIVE_FORM","","","select TNO,
       TDSNATURECODE,
       TDSNATURENAME,
       TAXSECTIONCODE,
       REMARK,
       CREATOR,
       CREATIONTIME,
       TDSACCOUNTCODE,
       CESSACCOUNTCODE,
       SURCHARGEACCOUNTCODE
  from TDSNATURE","","","","","","","","","",""
32,"TDS Tax Category Master","TDS-TAX-CATEGORY-MASTER","NORMAL",578809129851761131,"TDS Tax Category Master","tds-tax-category-master","NATIVE_FORM","","","select TNO,
       TDSTAXCATEGORYCODE,
       TDSTAXCATEGORYNAME,
       TDSNATURECODE,
       TAXSECTIONCODE,
       EFFECTIVEFROM,
       REMARK,
       CREATOR,
       CREATIONTIME,
       YEARSWITHOUTRETURN
  from TDSTAXCATEGORY","","","","","","","","","",""
34,"TDS Payee Category Master","TDS-PAYEE-CATEGORY-MASTER","MODAL",578965147588552163,"TDS Payee Category Master","tds-payee-category-master","NATIVE_FORM","","","select TNO,
       TDSPAYEECATEGORYCODE,
       TDSPAYEECATEGORYNAME,
       REMARK,
       CREATOR,
       CREATIONTIME
  from TDSPAYEECATEGORY","","","","","","","","","",""
37,"Item Group Master","ITEM-TYPE-MASTER","MODAL",646057756586043033,"Item Type Master","item-type-master","NATIVE_FORM","","","select TNO,
       ITEMTYPECODE,
       ITEMTYPENAME,
       ITEMTYPESHORTNAME,
       REMARK,
       CREATOR,
       parentcode
  from ITEMTYPE","","","","","","","","","",""
39,"Employee Master","EMPLOYEE-MASTER","NORMAL",577976518278303550,"Employee Master","employee-master","NATIVE_FORM","","EMPLOYEE","","","","","","","","","","",""
42,"Code Scheme Master","CODE-SCHEME-MASTER","MODAL",845941394150693625,"Code Scheme Details","code-scheme-details","NATIVE_FORM","","","select MODULECODE,
       CODESCHEME,
       STARTNO,
       LASTNO,
       CREATOR,
       CREATIONTIME,
       NVL(getdocumentstatuscode('CODESCHEMEMASTER',''),'STATUS') AS Status
  from CODESCHEMEMASTER","","","","","","","","","",""
44,"Module Group","MODULE-GROUP","MODAL",831592908528871009,"Module Group","module-group","NATIVE_FORM","","","select TNO,
       MODULEGROUPCODE,
       MODULEGROUPNAME,
       REMARK,
       ICONNAME,
       CREATOR,
       CREATIONTIME,
       SERIALNO,
       NVL(getdocumentstatuscode('MODULEGROUP',TNO),'STATUS') AS Status
  from MODULEGROUP","","","","","","","","","",""
47,"HSN Master","HSN-MASTER","MODAL",579593894401293428,"Hsn Master","hsn-master","NATIVE_FORM","","","select TNO,
       HSNCODE,
       HSNNAME,
       REMARK,
       TAXMECHANISM,
       CREATOR,
       CREATIONTIME,
       TAXPERCENT
  from HSN","","","","","","","","","",""
49,"Account Master","ACCOUNT-MASTER1","NORMAL",859028127230487533,"Account Master","account-master","NATIVE_FORM","","","select a.TNO,
       a.PARTYCODE,
       a.PARTYNAME,
       a.PARTYTYPECODE,
       a.PARTYGRADECODE,
       a.PARTYSTATUS,
       a.PARENTCODE,
       a.OWNERNAME,
       a.CONTACTPERSON,
       a.DESIGNATIONCODE,
       a.TINNO,
       a.OFFICEADDRESS,
       a.OFFICECITYCODE,
       a.OFFICESTATECODE,
       a.OFFICEPINCODE,
       a.OFFICEPHONENO,
       a.OFFICEFAXNO,
       a.OFFICEEMAIL,
       a.WORKSADDRESS,
       a.WORKSCITYCODE,
       a.WORKSSTATECODE,
       a.WORKSPINCODE,
       a.WORKSPHONENO,
       a.WORKSFAXNO,
       a.WORKSEMAIL,
       a.REMARK,
       a.PARTYSHORTNAME,
       a.PARTYRANK,
       a.OFFICEADDRESS1,
       a.OFFICEADDRESS2,
       a.OFFICEADDRESS3,
       a.WORKSADDRESS1,
       a.WORKSADDRESS2,
       a.WORKSADDRESS3,
       a.DATECREATED,
       a.DATEMODIFY,
       a.SCHEDULENO,
       a.ACCOUNTTYPE,
       a.TDSMASTERCODE,
       a.BANKCODE,
       a.PRINTNAME,
       a.TRIALBALANCEPOSITION,
       a.COSTCENTREREQUIRED,
       a.DEPRECIATIONACCOUNTCODE,
       a.NATUREOFACCOUNTCODE,
       a.AGENTCOMMISIONACCOUNTCODE,
       a.OFFICECOUNTRYCODE,
       a.WORKSCOUNTRYCODE,
       a.OFFICEADDRESS4,
       a.WORKSADDRESS4,
       a.ISCOMPANY,
      -- a.isoem,
       a.SCHEDULEREMARK,
       a.OPENINGFUNCTION,
       a.CLOSINGFUNCTION,
       a.CLOSINGFUNCTIONLOC,
       a.CREATOR,
       a.PARTYREQUESTTNO,
       a.EXCISEPARTYTYPECODE,
       a.PARTYBANKCODE,
       a.PARTYBANKACCOUNTNO,
       a.RTGSCODE,
       a.EMPLOYEECODE,
       a.CLOSINGFUNCTIONPANDL,
       a.BASICNATURE,
       a.PARENTCODEOTHERWISE,
       a.COSTSHEET,
       a.COSTAMOUNT,
       a.BILLEDTILLDATE,
     --  a.WEIGHT,
      -- a.KOT,
      -- a.PACKINGTYPE,
      --a.DEPOCODE,
       a.DISTANCE,
      -- a.LRNOAUTO,
      -- a.INHOUSE,
      -- a.TRANSPORTER,
     --  a.HIRED,
       a.CREATIONTIME,
      -- a.OTHER,
      -- a.SEPARATEHIREDVEHICLEFREIGHT,
     --  a.HAMALI,
     --  a.PLANTIME,
      -- a.DIRECT,
       --a.LOCALPLANTIME,
       a.FREIGHTTYPECODE,
     --  a.PAIDBILTYRATE,
      -- a.CITYCODE,
      -- a.COMPANYCODE,
       a.BILLTOBILL,
      -- a.DESPATCHBYMODERNTRADE,
      -- a.OFFICEAREACODE,
      -- a.WORKSAREACODE,
      -- a.ISOWNTRANSPORTER,
       a.WEEKLYOFFDAY,
      -- a.BALANCETYPE,
       a.CREDITDAYS,
       --a.CAMPUSCODE,
       --a.TRANSPORTGROUPCODE,
       --a.DEALERTRADECODE,
      -- a.PARTYID,
      -- a.LATITUDE,
      -- a.LONGITUDE,
       a.TAXREGISTRATIONTYPECODE,
      -- a.PICKINGMETHODCODE,
       --a.REMAININGLIFEFORPICKING,
      -- a.BANKNAME,
       a.TDSPAYEECATEGORYCODE,
       a.TDSNATURECODE,

       a.TDSApplicable,
       a.IncomeTaxReturnTillDate,
       a.ELIGIBLEFORTDSUNDER194Q,

      -- a.MODULECODE,
       --a.MODULETNO,
       NVL(getdocumentstatuscode('PARTY',A.TNO),'STATUS') AS Status,
       a.INDUSTRYTYPECODE,
       a.TRADETYPECODE,
       a.Assetcategorycode,
       a.zonetype,
       A.ISPORTALACCESS,
       A.PORTALACCESSMOBILENO,
       A.PORTALPASSWORD,
       A.VENDORCODE,
       A.VENDORTNO
  from PARTY a","","","","","","","","","",""
51,"Measuring Unit Master","MEASURING-UNIT-MASTER","MODAL",579850955118746468,"Measuring Unit Master","measuring-unit-master","NATIVE_FORM","","","select TNO,
       MEASURINGUNITCODE,
       MEASURINGUNITNAME,
       DECIMALPLACE,
       DATECRATED,
       DATEMODIFY,
       ISWEIGHMENTREQUIRED,
       DIVISORFACTOR,
       MULTIPLYINGFACTOR,
       GSTUQCCODE,
       FORMANPOWER,
       REMARK,
       CREATIONTIME,
       CREATOR
  from MEASURINGUNIT","","","","","","","","","",""
53,"Item Characteristics Master","ITEM-CHARACTERISTICS-MASTER","MODAL",580021059337169700,"Item Characteristics Master","item-characteristics-master","NATIVE_FORM","","ITEMCHARACTERISTICS","","","","","","","","","","",""
55,"Item Category Master","ITEM-CATEGORY-MASTER","MODAL",580615880026608701,"Item Category Master","item-category-master","NATIVE_FORM","","","select A.TNO,
       A.ITEMCATEGORYCODE,
       A.ITEMCATEGORYNAME,
       A.REMARK,
       A.CREATIONTIME,
       A.CREATOR
  from ITEMCATEGORY A","","","","","","","","","",""
57,"Industry Sector Master","INDUSTRY-SECTOR-MASTER","MODAL",580724627673101705,"Industry Sector Master","industry-sector-master","NATIVE_FORM","","","select TNO,
       INDUSTRYSECTORCODE,
       INDUSTRYSECTORNAME,
       REMARK,
       CREATOR,
       CREATIONTIME
  from INDUSTRYSECTOR","","","","","","","","","",""
59,"Item Master","ITEM-MASTER","NORMAL",580851856596344132,"Item Master","item-master","NATIVE_FORM","","ITEM","","","","","","","","","","",""
61,"Item Class Master","ITEM-CLASS-MASTER","MODAL",582508620624290917,"Item Class Master","item-class-master","NATIVE_FORM","","ITEMCLASS","","","","","","","","","","",""
62,"Party Detail Party Attribute","PARTY-DETAIL-PARTY-ATTRIBUTE","MODAL",873458487212042185,"Attribute ","attribute","NATIVE_FORM","","","select ATTRIBUTECODE,
       ATTRIBUTEVALUE,
       REMARK,
       TNO,
       ATTACHMENTBLOB,
       FILENAME,
       SNO,
       trunc(sysdate) as Creationdate,
       /*CASE
              WHEN upper(A.FILENAME) LIKE '%DOCX%' then
               'application/vnd.openxmlformats-officedocument.wordprocessingml.document'
              WHEN upper(A.FILENAME) LIKE '%DOC' then
               'application/msword'
              when UPPER(a.filename) like '%JPG' then
               'image/jpeg'
              when UPPER(a.filename) like '%JPEG' then
               'image/jpeg'
              when UPPER(a.filename) like '%PDF' then
                'application/pdf'
              when UPPER(a.filename) like '%TXT' then
                'text/plain'
              when UPPER(a.filename) like '%XLS' then
                'application/vnd.ms-excel'
              when UPPER(a.filename) like '%XLSX' then
                'application/vnd.openxmlformats-officedocument.spreadsheetml.sheet'
              when UPPER(a.filename) like '%PPT' then
                'application/vnd.ms-powerpoint'
              when UPPER(a.filename) like '%PPTX' then
                'application/vnd.openxmlformats-officedocument.presentationml.presentation'
              when UPPER(a.filename) like '%PNG' then
               'image/png'
              when UPPER(a.filename) like '%TIF%' then
               'image/tiff'
            end mimetype
            */
            mimetype
  from PARTYATTRIBUTEDETAIL A","","","","","","","","","",""
63,"Attachment","PARTY-DETAIL-PARTY-ATTACHMENT","MODAL",873813392493361501,"Party Attachment","party-attachment","NATIVE_FORM","","","select a.TNO,
      -- a.SNO,
       --a.DESCRIPTION,
       A.MODULETNO,
       A.MODULESNO,
       A.ATTRIBUTECODE,
       A.ATTRIBUTEVALUE,
       a.ATTACHMENTBLOB,
       a.FILENAME,
       trunc(sysdate) as Creationdate,
       a.mimetype
       /*CASE
              WHEN upper(A.FILENAME) LIKE '%DOCX%' then
               'application/vnd.openxmlformats-officedocument.wordprocessingml.document'
              WHEN upper(A.FILENAME) LIKE '%DOC' then
               'application/msword'
              when UPPER(a.filename) like '%JPG' then
               'image/jpeg'
              when UPPER(a.filename) like '%JPEG' then
               'image/jpeg'
              when UPPER(a.filename) like '%PDF' then
                'application/pdf'
              when UPPER(a.filename) like '%TXT' then
                'text/plain'
              when UPPER(a.filename) like '%XLS' then
                'application/vnd.ms-excel'
              when UPPER(a.filename) like '%XLSX' then
                'application/vnd.openxmlformats-officedocument.spreadsheetml.sheet'
              when UPPER(a.filename) like '%PPT' then
                'application/vnd.ms-powerpoint'
              when UPPER(a.filename) like '%PPTX' then
                'application/vnd.openxmlformats-officedocument.presentationml.presentation'
              when UPPER(a.filename) like '%PNG' then
               'image/png'
              when UPPER(a.filename) like '%TIF%' then
               'image/tiff'
            end mimetype
          */
  from MODULEATTACHMENT a
  WHERE  A.MODULESNO = :P63_MODULESNO
  /*
  union all
  select a.TNO,
      -- a.SNO,
       --a.DESCRIPTION,
       A.TNO as ModuleTno,
       A.SNO as ModuleSno,
       A.ATTRIBUTECODE,
       A.ATTRIBUTEVALUE,
       a.ATTACHMENTBLOB,
       a.FILENAME,
       trunc(sysdate) as Creationdate,
       a.mimetype
       CASE
              WHEN upper(A.FILENAME) LIKE '%DOCX%' then
               'application/vnd.openxmlformats-officedocument.wordprocessingml.document'
              WHEN upper(A.FILENAME) LIKE '%DOC' then
               'application/msword'
              when UPPER(a.filename) like '%JPG' then
               'image/jpeg'
              when UPPER(a.filename) like '%JPEG' then
               'image/jpeg'
              when UPPER(a.filename) like '%PDF' then
                'application/pdf'
              when UPPER(a.filename) like '%TXT' then
                'text/plain'
              when UPPER(a.filename) like '%XLS' then
                'application/vnd.ms-excel'
              when UPPER(a.filename) like '%XLSX' then
                'application/vnd.openxmlformats-officedocument.spreadsheetml.sheet'
              when UPPER(a.filename) like '%PPT' then
                'application/vnd.ms-powerpoint'
              when UPPER(a.filename) like '%PPTX' then
                'application/vnd.openxmlformats-officedocument.presentationml.presentation'
              when UPPER(a.filename) like '%PNG' then
               'image/png'
              when UPPER(a.filename) like '%TIF%' then
               'image/tiff'
            end mimetype

  from locationdetail a
  WHERE A.TNO = :P63_MODULETNO
  AND A.SNO = :P63_MODULESNO
  */
  ","","","","","","","","","",""
65,"Item Nature Master","ITEM-NATURE-MASTER","MODAL",582757556398752046,"Item Nature Master","item-nature-master","NATIVE_FORM","","","select TNO,
       ITEMNATURECODE,
       ITEMNATURENAME,
       REMARK,
       STOCKACCOUNTCODE,
       CONSUMPTIONACCOUNTCODE,
       CWIPACCOUNTCODE,
       PROCUREMENTSTRATEGY,
       ORDERINGPOLICY,
       PURCHASEPRIFRENCELOCATIONCODE,
       CREATIONTIME,
       CREATOR,
       CODEPREFIX,
       CODERANGEFROM,
       CODERANGETO
  from ITEMNATURE","","","","","","","","","",""
67,"Account Opening","ACCOUNT-OPENING","MODAL",851542979436450022,"Account Opening","account-opening","NATIVE_FORM","","","select TNO,
       LOCATIONCODE,
       DOCTYPECODE,
       ACCOUNTOPENINGNO,
       ACCOUNTOPENINGDATE,
       COMPANYCODE,
       FINANCIALYEARCODE,
       ACCOUNTCODE,
       OPENINGAMOUNT,
       REMARK,
       MODULECODE,
       MODULETNO,
       CREATOR,
       JOBTYPECODE,
       ITEMCODE,
       BILLNO,
       BILLDATE,
       BILLAMOUNT,
       EXCISEDOCTYPECODE,
       PAIDAMOUNT,
       DEDUCTEDAMOUNT,
       DESPATCHCATEGORYCODE,
       CREATIONDATE,
       AGENTCODE,
       MODULESNO,
       BILLDUEDATE,
       BILLQUANTITY1,
       CREATIONTIME,
       CONSIGNEECODE,
       NVL(getdocumentstatuscode('ACCOUNTOPENING',TNO),'STATUS') AS Status
  from ACCOUNTOPENING ","","","","","","","","","",""
69,"Material In","MATERIAL-IN","NORMAL",582619246559415227,"Material In","material-in","NATIVE_FORM","","","select TNO,
       LOCATIONCODE,
       DOCTYPECODE,
       COMPANYCODE,
       FINANCIALYEARCODE,
       MATERIALINNO,
       TO_DATE(MATERIALINDATE,'DD-MM-RRRR') AS MATERIALINDATE,
       PARTYCODE,
       PURCHASEORDERTNO,
       JOBORDERTNO,
       DELIVERYORDERTNO,
       TRANSPORTERCODE,
       DRIVERNAME,
       VEHICLETYPECODE,
       VEHICLENO,
       UNIONNAME,
       MINESCODE,
       REFDOCTYPECODE,
       REFDOCNO,
       REFDOCDATE,
       REFDOCAMOUNT,
       SALETAXFORMTYPECODE,
       ISWEIGHTTAKEN,
       ISGRNPREPARED,
       FREIGHTTYPECODE,
       CCINVOICETNO,
       RAKETNO,
       FORM59NO,
       FORM59TOKENDATE,
       FORM59TOKENNO,
       LRNO,
       GATEPASSTNO,
       LRDATE,
       DELIVERYORDERSNO,
       MATERIALINTRANSITTNO,
       GROSSWEIGHT,
       TAREWEIGHT,
       NETWEIGHT,
       TOMODULECODE,
       TOMODULETNO,
       GATEINTIME,
       GATEOUTTIME,
       ISEXCISABLE,
       TAXVEHICLENO,
       MPARTYCODE,
       MBILLNO,
       MBILLDATE,
       REPORTINGTIME,
       DRIVERMOBILENO,
       PREDELIVERYINSPECTIONTNO,
       INTERUNITTRANSFERCCINVOICETNO,
       WORKORDERTNO,
       LIFTINGFROMCITYCODE,
       MODULETNO,
       MODULECODE,
       BURNINGALLOWEDPERCENT,
       DELIVERYANDPAYMENTSCHEDULETNO,
       DELIVERYANDPAYMENTSCHEDULESNO,
       ASSETTRANFERORDERTNO,
       EQUIPMENTTRANSFERNOTETNO,
       SHIFTINGADVICETNO,
       SHIFTINGTNO,
       GATEREPORTINGTIME,
       NOSOFPACKAGES,
       OLDVEHICLENO,
       PORTGRNTNO,
       REMARK,
       CREATOR,
       DELIVERYINTIMATIONTNO,
       NVL(getdocumentstatuscode(getmodulecodeforpageno(:APP_PAGE_ID),TNO),'Status') as Status,
       loadingadvicetno
  from MATERIALIN","","","","","","","","","",""
71,"Party Type Master","PARTY-TYPE-MASTER","MODAL",583467868488978168,"Party Type Master","party-type-master","NATIVE_FORM","","","select TNO,
       PARTYTYPECODE,
       PARTYTYPENAME,
       NATURE,
       REMARK
  from PARTYTYPE","","","","","","","","","",""
73,"Packing Type Master","PACKING-TYPE-MASTER","MODAL",583539621310853964,"Packing Type Master","packing-type-master","NATIVE_FORM","","","select TNO,
       PACKINGTYPECODE,
       PACKINGTYPENAME,
       REMARK,
       DATEMODIFY,
       DATECREATED,
       ISCOUNTABLE,
       CREATOR,
       CREATIONTIME,
       PACKINGTYPESHORTNAME,
       PACKINGREQUIRED
  from PACKINGTYPE","","","","","","","","","",""
75,"Module Doc Type Master","MODULE-DOC-TYPE-MASTER","MODAL",583618271907140282,"Module Doc Type Master","module-doc-type-master","NATIVE_FORM","","MODULEDOCTYPE","","","","","","","","","","",""
77,"Module Location Master","MODULE-LOCATION-MASTER","MODAL",726929244575615139,"Module Location Master","module-location-master","NATIVE_FORM","","","select TNO,
       COMPANYCODE,
       MODULECODE,
       REMARK,
       CREATOR,
       CREATIONTIME
  from MODULELOCATION","","","","","","","","","",""
79,"Freight Type Master","FREIGHT-TYPE-MASTER","MODAL",584236230117121634,"Freight Type Master","freight-type-master","NATIVE_FORM","","","select TNO,
       FREIGHTTYPECODE,
       FREIGHTTYPENAME,
       ISFREIGHTREQUIRED,
       ISBILLREQUIRED,
       REMARK,
       DEBITPARTYACCOUNT,
       MODULECODE
  from FREIGHTTYPE","","","","","","","","","",""
81,"BOSS User Master","BOSS-USER-MASTER","NORMAL",584421464046373952,"BOSS User Master","boss-user-master","NATIVE_FORM","","BOSSUSER","","","","","","","","","","",""
83,"Department Master","DEPARTMENT-MASTER","MODAL",584683275143131868,"Department Master","department-master","NATIVE_FORM","","DEPARTMENT","","","","","","","","","","",""
85,"Employee Master","EMPLOYEE-MASTER1","NORMAL",613712776602322787,"Employee Master","employee-master","NATIVE_FORM","","","select A.TNO,
       A.EMPLOYEECODE,
       A.EMPLOYEENAME,
       A.EMPLOYEESHORTNAME,
       A.DESIGNATIONCODE,
       A.DEPARTMENTCODE,
       A.EMPLOYEETYPECODE,
       A.CONTRACTORCODE,
       A.PAYMENTTERM,
       A.FATHERNAME,
       A.SEX,
       A.OTATTENDENCEHEADCODE,
       A.MARITALSTATUS,
       A.CATEGORYCODE,
       A.DATEOFBIRTH,
       A.DATEOFAPPOINTMENT,
       A.DATEOFJOINING,
       A.PUNCHCARDNO,
       A.PERMANENTAFTERDAY,
       A.PRESENTADDRESS,
       A.PRESENTCITYCODE,
       A.PRESENTSTATECODE,
       A.PRESENTPHONENO,
       A.PERMANENTADDRESS,
       A.PERMANENTCITYCODE,
       A.PERMANENTSTATECODE,
       A.PERMANENTPHONENO,
       A.OFFDAY,
       A.GROSSSALARY,
       A.PFDEDUCTIONON,
       A.PFACCOUNTNO,
       A.NOOFNOMINEE,
       A.ESICACCOUNTNO,
       A.NOOFDEPENDENCE,
       A.HOSPITALCODE,
       A.PAYMENTMODE,
       A.BANKACCOUNTNO,
       A.BANKCODE,
       A.SHIFTCODE,
       A.EMPLOYEENATURECODE,
       A.STAFFTYPECODE,
       A.REMARK,
       A.DATECREATED,
       A.DATEMODIFY,
       A.COMPANYCODE,
       A.EMPLOYEENATURE,
       A.EMPLOYMENTTYPECODE,
       A.MONEYTRANSFERMODECODE,
       A.NOOFDEPENDENTS,
       A.SALARYSCHEMECODE,
       A.STAFFTYPE,
       A.EMPLOYEEACCOUNTCODE,
       A.GENDER,
       A.LOANACCOUNTCODE,
       A.SALARYACCOUNTCODE,
       A.CREATOR,
       A.LOCATIONCODE,
       A.EMPLOYEEID,
       A.DATEOFRETIREMENT,
       A.DATEOFCONFIRMATION,
       A.PRODUCTIONCENTRECODE,
       A.REPORTTOEMPLOYEECODE,
       A.INCENTIVESCHEMECODE,
       A.VEHICLENO,
       A.DESIGNATIONNAME,
       A.DEPARTMENTNAME,
       A.CREATIONTIME,
       A.PRESENTPOLICESTATION,
       A.PERMANENTPOLICESTATION,
       A.BLOODGROUP,
       A.PANNO,
       A.DRIVINGLICENSENO,
       A.DRIVINGLICENSEEXPIRYDATE,
       A.OFFICEMOBILENO,
       A.OFFICEEMAILID,
       A.PLACEOFBIRTH,
       A.DATEOFRESIGNATION,
       A.SITECODE,
       A.SITENAME,
       A.BRANCHCODE,
       A.PERIODOFPREVIOUSSERVICEINMONTH,
       A.BONUSPERCENT,
       A.PRESENTPINCODE,
       A.ATTACHEDVEHICLENO,
       A.VEHICLEDESIGNATIONCODE,
       A.ESICESTABLISHMENTCODENO,
       A.INCENTIVESTARTDATE,
       A.UAN,
       A.ZONECODE,
       A.PERSONALEMAILID,
       A.PRESENTDISTRICTCODE,
       A.PERMANENTDISTRICTCODE,
       A.IFSCCODE,
       A.BANKBRANCHNAME,
       A.APPOINTMENTLETTERISSUEDATE,
       A.APPOINTMENTLETTERISSUENO,
       A.HUSBANDNAME,
       A.ADHARNO,
       A.OVERTIMESCHEMECODE,
       A.CATEGORY,
       A.MINORITY,
       A.OLDEMPLOYEECODE,
       A.EMPLOYEEIDTEMP,
       A.ISESICAPPLICABLE
  from EMPLOYEE A","","","","","","","","","",""
87,"Designation Master","DESIGNATION-MASTER","MODAL",584756683785299563,"Designation Master","designation-master","NATIVE_FORM","","","select TNO,
       DESIGNATIONCODE,
       DESIGNATIONNAME,
       DESIGNATIONSHORTNAME,
       CREATOR,
       CREATIONTIME,
       REMARK
  from DESIGNATION","","","","","","","","","",""
89,"Vehicle Type Master","VEHICLE-TYPE-MASTER","MODAL",585404261473221904,"Vehicle Type Master","vehicle-type-master","NATIVE_FORM","","","select TNO,
       VEHICLETYPECODE,
       VEHICLETYPENAME,
       VEHICLETYPESHORTNAME,
       TRANSMODE,
       REMARK,
       CREATOR,
       CREATIONTIME,
       transitmode
  from VEHICLETYPE","","","","","","","","","",""
91,"Company Vehicle Master","COMPANY-VEHICLE-MASTER","MODAL",585469877169463786,"Company Vehicle Master","company-vehicle-master","NATIVE_FORM","","","select TNO,
       COMPANYVEHICLECODE,
       COMPANYVEHICLENAME,
       COMPANYVEHICLESHORTNAME,
       COMPANYVEHICLENO,
       VEHICLETYPECODE,
       PARTYCODE,
       TAREWEIGHT,
       CREATOR,
       CREATIONTIME,
       REMARK,
       VEHICLEOWNERCODE,
        TRANSPORTERCODE,
        ENGINENO,
        CHASISNO,
        MANUFACTURINGYEAR,
        MODELNO,
        TANKSIZE,
        VEHICLEGROUPCODE
  from COMPANYVEHICLE","","","","","","","","","",""
93,"Footer Account Master","FOOTER-ACCOUNT-MASTER","MODAL",586052448335249335,"Footer Account Master","footer-account-master","NATIVE_FORM","","","select TNO,
       MODULECODE,
       FOOTERHEADCODE,
       ACCOUNTCODE,
       REMARK,
       FOOTERACCOUNTCODE,
       COMPANYCODE,
       PARTYCODE,
       ITEMCODE,
       DOCTYPECODE,
       LOCATIONCODE,
       FOOTERNATURECODE,
       AMOUNTPERCENT,
       ACCOUNTCODESECOND,
       FOOTERPERCENT,
       DESPATCHCATEGORYCODE,
       OTHERCODE,
       ACCOUNTCODETHIRD,
       TDSMASTERCODE,
       NATUREOFSUPPLYCODE,
       TRANSACTIONTYPECODE,
       CREATOR,
       CREATIONTIME
  from FOOTERACCOUNT","","","","","","","","","",""
95,"Service Type Master","JOB-TYPE-MASTER","MODAL",586181916179231138,"Service Type Master","service-type-master","NATIVE_FORM","","","select TNO,
       JOBTYPECODE,
       JOBTYPENAME,
       REMARK,
       DATECREATED,
       DATEMODIFY,
       CREATOR,
       NATUREJOBTYPECODE,
       ISEXCISEJOBNATURE,
       SACCODE,
       ISPRODUCT,
       ISFREIGHTCONTRACTCHARGEHEAD,
       MODULECODE,
       MODULETNO,
       COSTCENTRECODE,
       CREATIONTIME,
       BULKDENSITY,
       OLDCOSTCENTRECODE
  from JOBTYPE","","","","","","","","","",""
97,"Group Of Party Master","GROUP-OF-PARTY-MASTER","MODAL",586279857835110204,"Group Of Party Master","group-of-party-master","NATIVE_FORM","","","select TNO,
       GROUPOFPARTYCODE,
       GROUPOFPARTYNAME,
       CREATOR,
       CREATIONTIME,
       REMARK
  from GROUPOFPARTY","","","","","","","","","",""
99,"Service Type Account Master","JOB-TYPE-ACCOUNT-MASTER","MODAL",586342347663282488,"Service Type Account Master","service-type-account-master","NATIVE_FORM","","JOBTYPEACCOUNT","","","","","","","","","","",""
102,"Footer Head Master","FOOTER-HEAD-MASTER","MODAL",587046556483122722,"Footer Head Master","footer-head-master","NATIVE_FORM","","","select TNO,
       FOOTERHEADCODE,
       FOOTERHEADNAME,
       POSTFIX,
       REMARK,
       FOOTERPOSTFIX,
       FOOTERHEADTYPECODE,
       PARENTCODE,
       INCLUDEDWITHRATE,
       CREATOR,
       FOOTERGROUP,
       INCLUDEWITHTAXABLEAMOUNT,
       LESSFROMBILLAMOUNTFORTAXABLE,
       CREATIONTIME,
       ISTAXCODE
  from FOOTERHEAD","","","","","","","","","",""
104,"Employee Master","EMPLOYEE-MASTER2","MODAL",587147759053374962,"Employee Master","employee-master","NATIVE_FORM","","","select TNO,
       EMPLOYEECODE,
       EMPLOYEENAME,
       EMPLOYEESHORTNAME,
       DESIGNATIONCODE,
       DEPARTMENTCODE,
       EMPLOYEETYPECODE,
       CONTRACTORCODE,
       PAYMENTTERM,
       FATHERNAME,
       SEX,
       OTATTENDENCEHEADCODE,
       MARITALSTATUS,
       CATEGORYCODE,
       DATEOFBIRTH,
       DATEOFAPPOINTMENT,
       DATEOFJOINING,
       PUNCHCARDNO,
       PERMANENTAFTERDAY,
       PRESENTADDRESS,
       PRESENTCITYCODE,
       PRESENTSTATECODE,
       PRESENTPHONENO,
       PERMANENTADDRESS,
       PERMANENTCITYCODE,
       PERMANENTSTATECODE,
       PERMANENTPHONENO,
       OFFDAY,
       GROSSSALARY,
       PFDEDUCTIONON,
       PFACCOUNTNO,
       NOOFNOMINEE,
       ESICACCOUNTNO,
       NOOFDEPENDENCE,
       HOSPITALCODE,
       PAYMENTMODE,
       BANKACCOUNTNO,
       BANKCODE,
       SHIFTCODE,
       EMPLOYEENATURECODE,
       STAFFTYPECODE,
       REMARK,
       DATECREATED,
       DATEMODIFY,
       COMPANYCODE,
       EMPLOYEENATURE,
       EMPLOYMENTTYPECODE,
       MONEYTRANSFERMODECODE,
       NOOFDEPENDENTS,
       SALARYSCHEMECODE,
       STAFFTYPE,
       EMPLOYEEACCOUNTCODE,
       GENDER,
       LOANACCOUNTCODE,
       SALARYACCOUNTCODE,
       CREATOR,
       LOCATIONCODE,
       EMPLOYEEID,
       DATEOFRETIREMENT,
       DATEOFCONFIRMATION,
       PRODUCTIONCENTRECODE,
       REPORTTOEMPLOYEECODE,
       INCENTIVESCHEMECODE,
       VEHICLENO,
       DESIGNATIONNAME,
       DEPARTMENTNAME,
       CREATIONTIME,
       PRESENTPOLICESTATION,
       PERMANENTPOLICESTATION,
       BLOODGROUP,
       PANNO,
       DRIVINGLICENSENO,
       DRIVINGLICENSEEXPIRYDATE,
       OFFICEMOBILENO,
       OFFICEEMAILID,
       PLACEOFBIRTH,
       DATEOFRESIGNATION,
       SITECODE,
       SITENAME,
       BRANCHCODE,
       PERIODOFPREVIOUSSERVICEINMONTH,
       BONUSPERCENT,
       PRESENTPINCODE,
       ATTACHEDVEHICLENO,
       VEHICLEDESIGNATIONCODE,
       ESICESTABLISHMENTCODENO,
       INCENTIVESTARTDATE,
       UAN,
       ZONECODE,
       PERSONALEMAILID,
       PRESENTDISTRICTCODE,
       PERMANENTDISTRICTCODE,
       IFSCCODE,
       BANKBRANCHNAME,
       APPOINTMENTLETTERISSUEDATE,
       APPOINTMENTLETTERISSUENO,
       HUSBANDNAME,
       ADHARNO,
       OVERTIMESCHEMECODE,
       CATEGORY,
       MINORITY,
       OLDEMPLOYEECODE,
       EMPLOYEEIDTEMP,
       CANALLOWVISITOR
  from EMPLOYEE","","","","","","","","","",""
106,"Item Make Master","ITEM-MAKE-MASTER","MODAL",587559682966001242,"Item Make Master","item-make-master","NATIVE_FORM","","","select TNO,
       ITEMMAKECODE,
       ITEMMAKENAME,
       REMARK,
       CREATIONTIME,
       CREATOR
  from ITEMMAKE","","","","","","","","","",""
108,"Indent","INDENT","NORMAL",937163079457390733,"Indent","indent","NATIVE_FORM","","","select TNO,
       COMPANYCODE,
       FINANCIALYEARCODE,
       LOCATIONCODE,
       DOCTYPECODE,
       INDENTNO,
       DEPARTMENTCODE,
       WORKORDERTNO,
       REMARK,
       INDENTDATE,
       ISCOMBINEDINDENT,
       JOBORDERTNO,
       TASKSNO,
       MAINTENANCEPLANTNO,
       BREAKDOWNTNO,
       CREATOR,
       PROJECTTNO,
       RETENTIONMONEY,
       ACTIVETIME,
       MAJORTASKSNO,
       WBDSCODE,
       TASKNATURECODE,
       ITEMNATURECODE,
       ISAUTOINDENT,
       REQUISITIONTNO,
       EQUIPMENTMAINTENANCEORDERTNO,
       CREATIONTIME,
       REFINDENTTNO,
       VNO,
       NVL(getdocumentstatuscode(getmodulecodeforpageno(:APP_PAGE_ID),TNO),'Status') as Status
  from INDENT","","","","","","","","","",""
110,"My Parameter Master","MY-PARAMETER-MASTER","MODAL",587627040527203357,"My Parameter Master","my-parameter-master","NATIVE_FORM","","","select TNO,
       MYPARAMETERCODE,
       MYPARAMETERNAME,
       MYPARAMETERVALUE,
       REMARK,
       CREATIONTIME,
       CREATOR,
       SETTING
  from MYPARAMETER","","","","","","","","","",""
112,"Quality Master","QUALITY-MASTER","MODAL",588728525435962004,"Quality Master","quality-master","NATIVE_FORM","","","select TNO,
       QUALITYCODE,
       QUALITYNAME,
       QUALITYSHORTNAME,
       QUALITYTYPECODE,
       ISNORMS,
       CREATIONTIME,
       CREATOR,
       REMARK
  from QUALITY","","","","","","","","","",""
114,"Quality Type Master","QUALITY-TYPE-MASTER","MODAL",588796653438150839,"Quality Type Master","quality-type-master","NATIVE_FORM","","","select TNO,
       QUALITYTYPECODE,
       QUALITYTYPENAME,
       ISRESERVE,
       CREATIONTIME,
       CREATOR,
       REMARK
  from QUALITYTYPE","","","","","","","","","",""
116,"Item Quality Master","ITEM-QUALITY-MASTER","MODAL",588866495453317612,"Item Quality Master","item-quality-master","NATIVE_FORM","","","select TNO,
       SNO,
       SERIALNO,
       QUALITYCODE,
       ITEMCODE,
       ITEMSPECIFICATIONCODE,
       MINIMUMVALUE,
       MAXIMUMVALUE,
       TOLERANCE,
       DEDUCTIONONFREIGHT,
       DEDUCTIONONBILL,
       DEDUCTIONVARIATIONTYPE,
       DEDUCTIONMETHODCODE,
       BONUSONBILL,
       MEASURINGUNITCODE,
       PARAMETERSPECIFICATION,
       CREATOR,
       CREATIONTIME,
       REMARK
  from ITEMQUALITY","","","","","","","","","",""
118,"Purchase Order","PURCHASE-ORDER","NORMAL",653766931975247397,"General","general","NATIVE_FORM","","","select TNO,
       COMPANYCODE,
       FINANCIALYEARCODE,
       LOCATIONCODE,
       DOCTYPECODE,
       DEPARTMENTCODE,
       EMPLOYEECODE,
       PURCHASEORDERNO,
       PURCHASEORDERDATE,
       DELIVERYDATE,
       CURRENCYUNITCODE,
       CURRENCYVALUE,
       WORKORDERTNO,
       PARTYCODE,
       QUOTATIONTNO,
       RATECONTRACTTNO,
       DELIVERYORDERTNO,
       INDENTTNO,
       PURCHASEORDERAMOUNT,
       SUBJECTTEXT,
       REFERENCETEXT,
       LETTERTEXT,
       TITLETEXT,
       REMARK,
       ITEMWISEFOOTER,
       SUMOFAMOUNT,
       SUMOFFOOTERAMOUNT,
       AGENTCODE,
       CREDITDAYS,
       STORAGELOCATIONCODE,
       STOCKDATE,
       COMMISSIONRATE,
       CREATOR,
       FREIGHTTYPECODE,
       FREIGHTCONTRACTTNO,
       FREIGHTRATE,
       ISEVENTRANSACTION,
       COMPARATIVESTATEMENTTNO,
       XPLANT,
       EXPARTYPLANT,
       LIFTINGFROMCITYCODE,
       UNLOADINGCITYCODE,
       TRANCTIONTYPECODE,
       TRANSACTIONTYPECODE,
       PAYMENTBYLC,
       NATUREOFSUPPLYCODE,
       PREDI,
       DELIVERYSCHEDULEWITHPO,
       ITEMWISESCHEDULE,
       REFERENCEPURCHASEORDERTNO,
       CREATIONTIME,
       PAIDAMOUNT,
       ROYALTYPERCENTAGE,
       ROYALTYPENALTYPERUNIT,
       ISFULLADVANCE,
       POADVANCEAMOUNT,
       PAYMENTADVICELOCATIONCODE,
       MARINEINSURANCETNO,
       MARINEINSURANCEAMOUNT,
       SAUDAPATRAKNO,
       SAUDAPATRAKDATE,
       lendingongross,
       shipto,
       customercode,
       pendingsotno,
       isopenspec,
       quantity
  from PURCHASEORDER","","","","","","","","","",""
118,"Purchase Order","PURCHASE-ORDER","NORMAL",658273239251398093,"Vendor Acceptance","vendor-acceptance","NATIVE_FORM","","","select
       TNO,
       MODULECODE,
       MODULETNO,
       MODULESNO,
       ACCEPTANCEDATE,
       DELIVERYDATE,
       PERSONACCOUNTABLE,
       DESIGNATION,
       MOBILENO,
       ACCEPTANCE,
      -- ISUPDATED,
       EXPIRYTIME
  from MA_ACCEPTANCE
  where moduletno = :P118_TNO
","","","","","","","","","",""
118,"Purchase Order","PURCHASE-ORDER","NORMAL",658274824140398109,"E-Mail","e-mail","NATIVE_FORM","","","select TNO,
       MODULETNO,
       MODULESNO,
       MODULESN,
       MODULECODE,
      -- MODULETABLENAME,
      -- MODULESERIALNO,
       ATTRIBUTECODE,
       ATTRIBUTEVALUE,
      -- DESCRIPTION,
      -- ATTACHMENTBLOB,
      decode( nvl(FileName, 'NULL'), 'NULL', 'NO', 'YES') as FILENAME,
      -- MIMETYPE,
       REMARK
  from MODULEATTACHMENT
  where tno = :P118_TNO","","","","","","","","","",""
120,"Cost Centre Master","COST-CENTRE-MASTER","MODAL",589271018524674414,"Cost Centre Master","cost-centre-master","NATIVE_FORM","","","select TNO,
       COSTCENTRECODE,
       COSTCENTRENAME,
       PARENTCODE,
       COMPANYCODE,
       REMARK,
       CREATOR,
       CREATIONTIME
  from COSTCENTRE","","","","","","","","","",""
122,"Currency Unit Master","CURRENCY-UNIT-MASTER","MODAL",589351023440892355,"Currency Unit Master","currency-unit-master","NATIVE_FORM","","","select TNO,
       CURRENCYUNITCODE,
       CURRENCYUNITNAME,
       CURRENCYUNITDECIMALNAME,
       CURRENCYSYMBOL,
       REMARK,
       CURRENCYVALUE,
       DATECREATED,
       DATEMODIFY,
       CREATIONTIME,
       CREATOR
  from CURRENCYUNIT","","","","","","","","","",""
124,"Bank Master","BANK-MASTER","MODAL",593567315374385538,"Bank Master","bank-master","NATIVE_FORM","","","select TNO,
       BANKCODE,
       BANKNAME,
       ADDRESS1,
       ADDRESS2,
       ADDRESS3,
       CITYCODE,
       STATECODE,
       PINCODE,
       REMARK,
       BRANCHCODE,
       BSRCODE,
       CREATOR,
       CREATIONTIME
  from BANK","","","","","","","","","",""
128,"Storage Location Master","STORAGE-LOCATION-MASTER","MODAL",593667318787085300,"Storage Location Master","storage-location-master","NATIVE_FORM","","STORAGELOCATION","","","","","","","","","","",""
130,"Requisition Master","REQUISITION-MASTER","NORMAL",595127064627781364,"Requisition Master","requisition-master","NATIVE_FORM","","","select A.TNO,
       A.COMPANYCODE,
       A.FINANCIALYEARCODE,
       A.LOCATIONCODE,
       A.DOCTYPECODE,
       A.REQUISITIONNO,
       A.REQUISITIONDATE,
       A.DEPARTMENTCODE,
       A.WORKORDERTNO,
       A.JOBORDERTNO,
       A.ITEMCODE,
       A.ITEMSPECIFICATIONCODE,
       A.QUANTITY1,
       A.QUANTITY2,
       A.EMPLOYEECODE,
       A.PARTYCODE,
       A.ISSUETOEMPLOYEECODE,
       A.MODULECODE,
       A.MODULETNO,
       A.CREATOR,
       A.CREATIONTIME,
       A.REMARK,
       NVL(GETDOCUMENTSTATUSCODE(getmodulecodeforpageno(:APP_PAGE_ID),A.TNO),'STATUS') AS Status
  from REQUISITION A
","","","","","","","","","",""
133,"Weighment","WEIGHMENT","NORMAL",595160085804788940,"Weighment","weighment","NATIVE_FORM","","","select TNO,
       COMPANYCODE,
       FINANCIALYEARCODE,
       LOCATIONCODE,
       DOCTYPECODE,
       WEIGHMENTNO,
       WEIGHMENTDATE,
       COMPANYVEHICLECODE,
       MATERIALINTNO,
       DESPATCHADVICETNO,
       PURCHASERETURNTNO,
       ITEMCODE,
       ITEMSPECIFICATIONCODE,
       CHALLANGROSSWEIGHT,
       CHALLANNETWEIGHT,
       CHALLANTAREWEIGHT,
       FIRSTWEIGHT,
       FIRSTWEIGHTTIME,
       SECONDWEIGHT,
       SECONDWEIGHTTIME,
       NETWEIGHT,
       ACCEPTEDWEIGHT,
       REMARK,
       VEHICLENO,
       VEHICLETYPECODE,
       WEIGHBRIDGECODE,
       TRANSPORTERCODE,
       CREATOR,
       SECONDWEIGHBRIEDGECODE,
       FROMLOCATIONCODE,
       TOLOCATIONCODE,
       CREATORFORSECONDWEIGHT,
       ISCANCELED,
       CANCELREMARK,
       CREATIONTIME,
       CREATIONTIMEFORSECONDWEIGHT
  from WEIGHMENT","","","","","","","","","",""
136,"User Privilege","USER-PRIVILEGE1","NORMAL",767290156304126240,"User Privilege","user-privilege","NATIVE_FORM","","","select BOSSUSERCODE,
       MODULECODE,
       VIEWPRIVILEGE,
       INSERTPRIVILEGE,
       UPDATEPRIVILEGE,
       DELETEPRIVILEGE,
       STATUSPRIVILEGE,
       REMARK,
       UPDATEDAYS,
       TNO,
       COMPANYCODE,
       CREATOR,
       PRINTPRIVILEGE,
       CREATIONTIME,
       OTHERPRIVILEGE,
       VOUCHERPOSTINGDATE,
       ALLOWEDBACKDAYS,
       ALLOWEDFORWARDDAYS,
       CONTROLPRIVILEGE,
       NVL(getdocumentstatuscode('MODULEPRIVILEGE',TNO),'STATUS') AS Status
  from MODULEPRIVILEGE","","","","","","","","","",""
138,"Issue","ISSUE-MASTER","NORMAL",597254912848737119,"Issue Master","issue-master","NATIVE_FORM","","","select TNO,
       COMPANYCODE,
       FINANCIALYEARCODE,
       LOCATIONCODE,
       DOCTYPECODE,
       ISSUENO,
       ISSUEDATE,
       REQUISITIONTNO,
       REMARK,
       MODULECODE,
       MODULETNO,
       CREATOR,
       CREATIONTIME
  from ISSUE","","","","","","","","","",""
140,"Payment Advice","PAYMENT-ADVICE-MASTER","NORMAL",600269788697105940,"Payment Advice","payment-advice","NATIVE_FORM","","","select TNO,
       COMPANYCODE,
       FINANCIALYEARCODE,
       LOCATIONCODE,
       DOCTYPECODE,
       PAYMENTADVICENO,
       PAYMENTADVICEDATE,
       PARTYCODE,
       AMOUNT,
       ACCOUNTCODE,
       NARRATION,
       MODULECODE,
       MODULETNO,
       REMARK,
       AMOUNTDR,
       AMOUNTCR,
       PAYMENTDONE,
       CREATOR,
       MPAYMENTADVICENO,
       PAYMENTFROM,
       ACTIVETIME,
       ACTIVEUSER,
       PRIORITY,
       MONEYTRANSFERMODECODE,
       MONEYTRANSFERREFERENCENO,
       TDSDEDUCTABLEAMOUNT,
       TDSALREADYDEDUCTEDON,
       TDSMASTERCODE,
       WCTMASTERCODE,
       WCTDEDUCTABLEAMOUNT,
       WCTALREADYDEDUCTEDON,
       EMPLOYEECODE,
       MONEYTRANSFERREFERENCEDATE,
       TDSDEDUCTABLECALCULATION,
       TRANSACTIONTYPECODE,
       CGSTAMOUNT,
       SGSTAMOUNT,
       IGSTAMOUNT,
       CESSAMOUNT,
       TAXRATE,
       NATUREOFSUPPLYCODE,
       RECEIPTVOUCHERTNO,
       CHEQUEPRINTNAME,
       PAYMENTUNITCODE,
       LOANTNO,
       LOANSNO,
       MANUALVOUCHERNO,
       ROUNDINGAMOUNT,
       ROUNDINGMETHODCODE,
       TDSNATURECODE,
       TDSPAYEECATEGORYCODE,
       TDSTAXCATEGORYCODE,
       PANNO,
       TOTALTDSPERCENT,
       tdsamount,
       tdspercent,
       TDSONOVERANDABOVE,
       AMOUNTDRENTERED,
       TDSTHRESHOLD,
       THRESHOLDPLUSMINUS,
       TDSREFERENCENO,
       ADVANCEORBILL,
       TDSTRANSACTIONTHRESHOLD,
       TDSCERTIFICATENO,
       TDSLOWERRATEAPPLICABLE,
       TDSLOWERRATE,
       CESSLOWERRATE,
       SURCHARGELOWERRATE,
       TDSCERTIFICATEFILENAME,
       ISFINAL,
       CREATIONTIME,
       PAYMENTFORLOCATIONCODE,
       TOTALPAYMENTAMOUNTFORTHEFY,
       DEDUCTIONSTARTABOVEAMOUNT,
       INCOMETAXRETURNTILLDATE,
       ELIGIBLEFORTDSUNDER194Q,
       YEARSWITHOUTRETURN,
       TDSLOCATIONCODE,
       TDSADVANCEADJUSTEDWITHBILL,
       EMIPENALTYACCOUNTCODE,
       EMIPENALTYAMOUNT,
       ISINDIANRESIDENT,
       PAYMENTAGAINST,
       INFAVOUROF,
       TAXAMOUNT,
       COSTCENTRECODE
  from PAYMENTADVICE","","","","","","","","","",""
143,"Purchase Bill","PURCHASE-BILL","NORMAL",600581388345171811,"General","general","NATIVE_FORM","","","select TNO,
       COMPANYCODE,
       FINANCIALYEARCODE,
       LOCATIONCODE,
       DOCTYPECODE,
       PURCHASEBILLNO,
       PURCHASEBILLDATE,
       PARTYBILLNO,
       PARTYBILLDATE,
       PURCHASEORDERTNO,
       CURRENCYUNITCODE,
       CURRENCYVALUE,
       PARTYCODE,
       SUMOFAMOUNT,
       SUMOFFOOTERAMOUNT,
       PURCHASEBILLAMOUNT,
       REMARK,
       ITEMWISEFOOTER,
       SUPPLIERCODE,
       MANUFACTURERCODE,
       SUMOFFOOTERAMOUNTWITHRATE,
       JOBORDERTNO,
       DELIVERYORDERTNO,
       RAKETNO,
       CREATOR,
       BILLEDON,
       EXCISEBILLNO,
       EXCISEBILLDATE,
       BILLEDITEM,
       UPDATELANDINGIFSUPPLEMENTARY,
       TRANCTIONTYPECODE,
       TRANSACTIONTYPECODE,
       NATUREOFSUPPLYCODE,
       PORTCODE,
       BILLOFENTRYTNO,
       CREATIONTIME,
       FREIGHTADVANCEAMOUNT,
       TAXINROUND,
       billinroundfigure,
       purchasebillamountbeforeround,
       roundoff
  from PURCHASEBILL","","","","","","","","","",""
146,"GRN","GRN","NORMAL",635135915118316562,"GRN","grn","NATIVE_FORM","","","select TNO,
       COMPANYCODE,
       FINANCIALYEARCODE,
       LOCATIONCODE,
       DOCTYPECODE,
       GRNNO,
       GRNDATE,
       PARTYCODE,
       WEIGHMENTTNO,
       MATERIALINTNO,
       PURCHASEORDERTNO,
       JOBORDERTNO,
       DELIVERYORDERTNO,
       TRANSPORTERCODE,
       DRIVERNAME,
       VEHICLETYPECODE,
       VEHICLENO,
       REFDOCTYPECODE,
       REFDOCNO,
      -- utl_i18n.unescape_reference(REFDOCNO) AS REFDOCNO,
       REFDOCDATE,
       REFDOCAMOUNT,
       FREIGHTTYPECODE,
       CCINVOICETNO,
       MODULECODE,
       MODULETNO,
       LRNO,
       GATEPASSTNO,
       LRDATE,
       DELIVERYORDERSNO,
       EMPLOYEECODE,
       CHALLANNO,
       POAMENDMENTTNO,
       UNLOADEDBY,
       COMPANYVEHICLECODE,
       FROMCITYCODE,
       FREIGHTRATE,
       FREIGHTAMOUNT,
       FREIGHTUNITCODE,
       FREIGHTPOSTEDTOSTOCK,
       LIFTINGFROMCITYCODE,
       FREIGHTADVANCEAMOUNT,
       FREIGHTADVANCEPERCENT,
       FREIGHTADVANCECHARGEDONCODE,
       LOADINGSTORAGELOCATIONCODE,
       DEDUCTIONRATE,
       DRIVERMOBILENO,
       INCLUDEINPURCHASEBILL,
       REMARK,
       CREATOR,
       CREATIONTIME,
       loadingadvicetno
  from GRN","","","","","","","","","",""
148,"PO Amendment","PO-AMENDMENT-MASTER","NORMAL",598827698184567311,"PO Amendment Master","po-amendment-master","NATIVE_FORM","","","select TNO,
       COMPANYCODE,
       FINANCIALYEARCODE,
       LOCATIONCODE,
       DOCTYPECODE,
       EMPLOYEECODE,
       POAMENDMENTNO,
       POAMENDMENTDATE,
       DELIVERYDATE,
       PURCHASEORDERTNO,
       PARTYCODE,
       SUMOFAMOUNT,
       POAMENDMENTAMOUNT,
       SUBJECTTEXT,
       REFERENCETEXT,
       LETTERTEXT,
       TITLETEXT,
       REMARK,
       ITEMWISEFOOTER,
       CURRENCYUNITCODE,
       CURRENCYVALUE,
       SUMOFFOOTERAMOUNT,
       SNO,
       CREATOR,
       TRANSACTIONTYPECODE,
       CREATIONTIME,
       EFFECTIVEFROMDATE
  from POAMENDMENT","","","","","","","","","",""
150,"Issue Return Master","ISSUE-RETURN-MASTER","NORMAL",601412882485145845,"Issue Return Master","issue-return-master","NATIVE_FORM","","ISSUERETURN","","","","","","","","","","",""
152,"Purchase Bill Pass","PURCHASE-BILL-PASS","NORMAL",601994468342228812,"Purchase Bill Pass","purchase-bill-pass","NATIVE_FORM","","","select TNO,
       COMPANYCODE,
       FINANCIALYEARCODE,
       LOCATIONCODE,
       DOCTYPECODE,
       PBPASSNO,
       PBPASSDATE,
       PURCHASEBILLTNO,
       PBPASSONCODE,
       FOOTERFROMPURCHASEBILL,
       CURRENCYUNITCODE,
       CURRENCYVALUE,
       SUMOFAMOUNT,
       SUMOFFOOTERAMOUNT,
       PBPASSAMOUNT,
       REMARK,
       ITEMWISEFOOTER,
       SUMOFQUALITYBONUS,
       SUMOFQUALITYDEDUCTION,
       FOOTERAFTERQUALITY,
       SUMOFQUALITYBONUSAUTO,
       SUMOFQUALITYDEDUCTIONAUTO,
       SUMOFQUALITYBONUSMANUAL,
       SUMOFQUALITYDEDUCTIONMANUAL,
       SUMOFOTHERDEDUCTION,
       SUMOFFOOTERAMOUNTWITHRATE,
       CREATOR,
       ENTRYTAXPERCENT,
       ENTRYTAXAMOUNT,
       ENTRYTAXFOOTERNATURECODE,
       EXCISEDOCTYPECODE,
       ENTRYTAXAMOUNTFORFREIGHT,
       ACCOUNTCODE,
       EXTRAFOOTERFORENTRYTAX,
       TRANSACTIONTYPECODE,
       REVERSECHARGEIFAPPLICABLE,
       DUEDATE,
       CREATIONTIME,
       PAIDAMOUNT,
       PAIDINADVANCE,
       REVERSECHARGEFOOTERNATURECODE,
       TDSDEDUCTEDINADVANCE,
       TDSDEDUCTABLEAMOUNT,
       TDSLOWERRATEAPPLICABLE,
       TDSLOWERRATE,
       CESSLOWERRATE,
       SURCHARGELOWERRATE,
       TDSCERTIFICATENO,
       TDSCERTIFICATEFILENAME,
       TDSTAXCATEGORYCODE,
       PANNO,
       TDSTHRESHOLD,
       TDSTRANSACTIONTHRESHOLD,
       TOTALTDSPERCENT,
       THRESHOLDPLUSMINUS,
       ADVANCEORBILL,
       SUMOFTDSAMOUNT,
       AMOUNTAFTERTDS,
       TDSNATURECODE,
       TDSPAYEECATEGORYCODE,
       TOTALBILLAMOUNTFORTHEFY,
       DEDUCTIONSTARTABOVEAMOUNT,
       INCOMETAXRETURNTILLDATE,
       ELIGIBLEFORTDSUNDER194Q,
       YEARSWITHOUTRETURN,
       FREIGHTADVANCEAMOUNT,
       TCSAMOUNTDEDUCTEDINBILL,
       ISINDIANRESIDENT,
       TOTALTDSRATE,
       TDSMASTERCODE,
       PARTYCODE,
       taxinround,
       billinroundfigure,
       pbpassamountbeforeround,
       roundoff
  from PBPASS","","","","","","","","","",""
155,"Loading Advice","LOADING-ADVICE","NORMAL",603935116499044932,"Loading Advice","loading-advice","NATIVE_FORM","","","select TNO,
       COMPANYCODE,
       FINANCIALYEARCODE,
       LOCATIONCODE,
       DOCTYPECODE,
       LOADINGADVICEDATE,
       LOADINGADVICENO,
       ISSUEDBYPARTYCODE,
       ISSUEDTOPARTYCODE,
       SOURCEPLACECODE,
       SUPPLIERCODE,
       PURCHASEORDERTNO,
       DESTINATIONPLACECODE,
       ISWAREHOUSE,
       ISPARTYLOCATION,
       SALESORDERTNO,
       JOBORDERTNO,
       FREIGHTTYPECODE,
       FREIGHTRATE,
       FREIGHTADVANCE,
       VEHICLENO,
       DRIVERMOBILENO,
       EWAYBILLNO,
       CREATOR,
       CREATIONTIME,
       freightunitcode,
       ewaybilldate,
       vehicletype,
       salesgrntno,
       DRIVERNAME,
       ISSUEDBYEMPLOYEECODE,
       SODELIVERYADDRESS,
       JODELIVERYADDRESS,
       freightchargedat,
       outwardfratno
  from LOADINGADVICE","","","","","","","","","",""
156,"Voucher","VOUCHER","NORMAL",841841470566831271,"Voucher","voucher","NATIVE_FORM","","","select
    a.TNO,
    a.COMPANYCODE,
    a.FINANCIALYEARCODE,
    a.LOCATIONCODE,
    a.DOCTYPECODE,
    a.VOUCHERNO,
    a.VOUCHERDATE,
    a.NARRATION,
    a.REMARK,
    a.MODULECODE,
    a.MODULETNO,
    a.OTHERCODE,
    a.REFERENCEMODULECODE,
    a.REFERENCETNO,
    a.CREATOR,
    a.ACCOUNTCODE,
    a.MONEYTRANSFERMODECODE,
    a.MONEYTRANSFERREFERENCENO,
    a.CREATIONTIME,
    a.MODULESNO,
    a.BILLNO,
    getModuleNo(a.ModuleCode, a.ModuleTNo ) as ModuleNo,
    getModuleEntryPageNo(a.ModuleCode) as ModuleEntryPageNo,
    nvl(getDocumentStatusCode('VOUCHER', A.TNO), 'Status') as Status
from VOUCHER a
 where a.COMPANYCODE = :GLOBAL_COMPANYCODE
 /*
 AND A.LOCATIONCODE IN (
    SELECT
        AA.LOCATIONCODE
    FROM APEXLOCATIONPRIVILEGE AA
    WHERE AA.ENTRYPAGENO = V('APP_PAGE_ID')
        AND AA.COMPANYCODE = :GLOBAL_COMPANYCODE
)
AND A.DOCTYPECODE IN (
    SELECT
        AA.DOCTYPECODE
    FROM APEXDOCTYPEPRIVILEGE AA
    WHERE AA.ENTRYPAGENO = V('APP_PAGE_ID')
        AND AA.COMPANYCODE = :GLOBAL_COMPANYCODE
)
*/","","","","","","","","","",""
159,"Debit Note","DEBIT-NOTE","NORMAL",855609394429149685,"Debit Note","debit-note","NATIVE_FORM","","","select a.TNO,
       a.COMPANYCODE,
       a.FINANCIALYEARCODE,
       a.LOCATIONCODE,
       a.DOCTYPECODE,
       a.DEPARTMENTCODE,
       a.EMPLOYEECODE,
       a.DEBITNOTENO,
       a.DEBITNOTEDATE,
       a.DELIVERYDATE,
       a.CURRENCYUNITCODE,
       a.CURRENCYVALUE,
       a.PARTYCODE,
 --      a.DEBITQUOTATIONTNO,
 --      a.DELIVERYORDERTNO,
       a.SUMOFAMOUNT,
       a.SUMOFFOOTERAMOUNT,
       a.DEBITNOTEAMOUNT,
       a.SUBJECTTEXT,
       a.REFERENCETEXT,
       a.LETTERTEXT,
       a.TITLETEXT,
       a.REMARK,
       a.ITEMWISEFOOTER,
 --      a.WORKORDERTNO,
       a.PURCHASEORDERTNO,
       a.AGENTCODE,
       a.CONSIGNEECODE,
       a.REFERENCETNO,
       a.VALIDITYUPTODATE,
       a.CREDITDAYS,
       a.COMMISSIONRATE,
       a.TRANSPORTERCODE,
       a.FREIGHTTYPECODE,
 --      a.DESPATCHCATEGORYCODE,
       a.CREATOR,
 --      a.REVISIONDEBITNOTETNO,
       a.CREATIONTIME,
       a.FROMCITYCODE,
       a.TOCITYCODE,
       a.TRANSACTIONTYPECODE,
       a.REFERENCEMODULETNO,
       a.REFERENCEMODULECODE,
       a.MODULECODE,
       a.MODULETNO,
       a.REASONFORISSUINGNOTECODE,
  --     a.PREGST,
       a.PARTYINVOICEVALUE,
       a.PARTYINVOICENO,
       a.PARTYINVOICEDATE,
       a.PARTYCREDITNOTEDATE,
       a.PARTYCREDITNOTENO,
       a.NATUREOFSUPPLYCODE,
       a.REFDATE,
 --      a.PARTYCREDITNOTEAMOUNT,
  --     a.PODTNO,
  --     a.PODSNO,
       a.DEDUCTEDAMOUNT,
       a.PAIDAMOUNT,
       NVL(getdocumentstatuscode('DEBITNOTE',:P159_TNO),'Status') as Status,
       v.Tno as VoucherTno,
       v.VoucherNo,
       a.billinroundfigure,
    a.taxinroundfigure,
    a.dnamountbeforeround,
    a.roundoff,
    a.PaymentTerms,
    a.DueDate,
    a.lcno,
    a.lcdate
  from DEBITNOTE a, Voucher v
  Where a.Tno = v.ModuleTno(+)
	--and a.Tno = :P159_TNO","","","","","","","","","",""
161,"Despatch Advice","DESPATCH-ADVICE","NORMAL",609616999661595195,"Despatch Advice","despatch-advice","NATIVE_FORM","","","select a.TNO,
       a.LOCATIONCODE,
       a.DOCTYPECODE,
       a.COMPANYCODE,
       a.FINANCIALYEARCODE,
       a.DESPATCHADVICENO,
       a.DESPATCHADVICEDATE,
       a.PARTYCODE,
       a.TRANSPORTERCODE,
       a.DRIVERNAME,
       a.VEHICLETYPECODE,
       a.VEHICLENO,
       a.REFDOCTYPECODE,
       a.REFDOCUMENTNO,
       a.REFDOCUMENTDATE,
       a.REFDOCUMENTAMOUNT,
       a.REMARK,
       a.SALESORDERTNO,
       a.AGENTCODE,
       a.CONSIGNEECODE,
       a.REFERENCETNO,
       a.EMPLOYEECODE,
       a.WEIGHMENTTNO,
       a.CREATOR,
       a.MODULETNO,
       a.MODULECODE,
       a.CREATIONTIME,
       a.TRANSPORTALLOCATIONTNO,
       a.OLDVEHICLENO,
       NVL(getdocumentstatuscode(getmodulecodeforpageno(:APP_PAGE_ID), A.TNO),'STATUS') AS Status
  from DESPATCHADVICE a","","","","","","","","","",""
166,"Credit Note","CREDIT-NOTE","NORMAL",894743841250652119,"Credit Note","credit-note","NATIVE_FORM","","","select
    TNO,
    COMPANYCODE,
    FINANCIALYEARCODE,
    LOCATIONCODE,
    DOCTYPECODE,
    DEPARTMENTCODE,
    EMPLOYEECODE,
    CREDITNOTENO,
    CREDITNOTEDATE,
    DELIVERYDATE,
    CURRENCYUNITCODE,
    CURRENCYVALUE,
    PARTYCODE,
    SUMOFAMOUNT,
    SUMOFFOOTERAMOUNT,
    CREDITNOTEAMOUNT,
    SUBJECTTEXT,
    REFERENCETEXT,
    LETTERTEXT,
    TITLETEXT,
    REMARK,
    ITEMWISEFOOTER,
    WORKORDERTNO,
    AGENTCODE,
    CONSIGNEECODE,
    REFERENCETNO,
    VALIDITYUPTODATE,
    CREDITDAYS,
    COMMISSIONRATE,
    TRANSPORTERCODE,
    FREIGHTTYPECODE,
    DESPATCHCATEGORYCODE,
    CREATOR,
    CREATIONTIME,
    TRANSACTIONTYPECODE,
    REFERENCEMODULETNO,
    REFERENCEMODULECODE,
    PARTYDEBITNOTENO,
    PARTYDEBITNOTEDATE,
    REASONFORISSUINGNOTECODE,
    PREGST,
    PARTYINVOICENO,
    PARTYINVOICEDATE,
    PARTYINVOICEVALUE,
    MODULECODE,
    MODULETNO,
    INCLUDEINGSTR2,
    NATUREOFSUPPLYCODE,
    REFDATE,
    DUEDATE,
    FORDAYS,
    NVL(getdocumentstatuscode('CREDITNOTE',:P101_TNO),'Status') as Status,
    billinroundfigure,
    taxinroundfigure,
    cnamountbeforeround,
    roundoff,
    PAYMENTTERMS,
    LCNO,
    LCDATE
from creditnote
","","","","","","","","","",""
168,"Material Out","MATERIAL-OUT","NORMAL",609790294427588736,"Material Out","material-out","NATIVE_FORM","","","select TNO,
       LOCATIONCODE,
       DOCTYPECODE,
       COMPANYCODE,
       FINANCIALYEARCODE,
       MATERIALOUTNO,
       MATERIALOUTDATE,
       PARTYCODE,
       TRANSPORTERCODE,
       DRIVERNAME,
       VEHICLETYPECODE,
       VEHICLENO,
       UNIONNAME,
       REFDOCTYPECODE,
       REFDOCNO,
       REFDOCDATE,
       REFDOCAMOUNT,
       SALETAXFORMTYPECODE,
       REMARK,
       REFERENCETNO,
       MATERIALGATEOUTDATE,
       OUTPASSBYCODE,
       CREATOR,
       GATEINTIME,
       GATEOUTTIME,
       NOOFTYRE,
       DLNO,
       DLVALIDITY,
       PUCVALIDITY,
       TRUCKCONDITION,
       TOOLS,
       MODULETNO,
       MODULECODE,
       REFERENCEMODULECODE,
       CREATIONTIME,
       DRIVERMOBILENO,
       nvl(getdocumentstatuscode(getmodulecodeforpageno(:APP_PAGE_ID),TNO),'STATUS') AS Status
  from MATERIALOUT","","","","","","","","","",""
171,"Sales Order","SALES-ORDER","NORMAL",926272177363933996,"General","general","NATIVE_FORM","","","select TNO,
       COMPANYCODE,
       FINANCIALYEARCODE,
       LOCATIONCODE,
       DOCTYPECODE,
       DEPARTMENTCODE,
       EMPLOYEECODE,
       SALESORDERNO,
       SALESORDERDATE,
       DELIVERYDATE,
       CURRENCYUNITCODE,
       CURRENCYVALUE,
      -- WORKORDERTNO,
       PARTYCODE,
       consigneecode,
      -- QUOTATIONTNO,
      -- RATECONTRACTTNO,
      -- DELIVERYORDERTNO,
       --INDENTTNO,
      SALESORDERAMOUNT,
       SUBJECTTEXT,
       REFERENCETEXT,
       LETTERTEXT,
       TITLETEXT,
       REMARK,
       ITEMWISEFOOTER,
       SUMOFAMOUNT,
       SUMOFFOOTERAMOUNT,
       AGENTCODE,
       CREDITDAYS,
     --  STORAGELOCATIONCODE,
      -- STOCKDATE,
       COMMISSIONRATE,
       CREATOR,
       FREIGHTTYPECODE,
      --- FREIGHTCONTRACTTNO,
      -- FREIGHTRATE,
      -- ISEVENTRANSACTION,
       --COMPARATIVESTATEMENTTNO,
      -- XPLANT,
       --EXPARTYPLANT,
       --LIFTINGFROMCITYCODE,
       --UNLOADINGCITYCODE,
       --TRANCTIONTYPECODE,
       TRANSACTIONTYPECODE,
       --PAYMENTBYLC,
       NATUREOFSUPPLYCODE,
      -- PREDI,
      -- DELIVERYSCHEDULEWITHPO,
       --ITEMWISESCHEDULE,
       --REFERENCESALESORDERTNO,
       CREATIONTIME,
       salesexecutivecode,
       partypono,
       partypodate,
       executedat,
       poreceipttno,
       isopenspec,
       quantity,
       RevisionSalesOrderTNo
       --PAIDAMOUNT
      -- ROYALTYPERCENTAGE
       --ROYALTYPENALTYPERUNIT
      -- ISFULLADVANCE
      -- POADVANCEAMOUNT
       --PAYMENTADVICELOCATIONCODE
       --MARINEINSURANCETNO,
       --MARINEINSURANCEAMOUNT
       --SAUDAPATRAKNO,
       --SAUDAPATRAKDATE

  from SALESORDER","","","","","","","","","",""
171,"Sales Order","SALES-ORDER","NORMAL",930780069529084708,"E-Mail","e-mail","NATIVE_FORM","","","select TNO,
       MODULETNO,
       MODULESNO,
       MODULESN,
       MODULECODE,
      -- MODULETABLENAME,
      -- MODULESERIALNO,
       ATTRIBUTECODE,
       ATTRIBUTEVALUE,
      -- DESCRIPTION,
      -- ATTACHMENTBLOB,
      decode( nvl(FileName, 'NULL'), 'NULL', 'NO', 'YES') as FILENAME,
      -- MIMETYPE,
       REMARK
  from MODULEATTACHMENT
  where tno = :P171_TNO","","","","","","","","","",""
173,"Terms & Condition","TERMS-CONDITION","NORMAL",609165205251544982,"Terms & Condition","terms-condition","NATIVE_FORM","","TERMSANDCONDITIONHEAD","","","","","","","","","","",""
175,"CCInvoice","CCINVOICE","NORMAL",845947195447769895,"General","general","NATIVE_FORM","","","select TNO,
       COMPANYCODE,
       FINANCIALYEARCODE,
       LOCATIONCODE,
       DOCTYPECODE,
       EMPLOYEECODE,
       CCINVOICENO,
       CCINVOICEDATE,
       CURRENCYUNITCODE,
       CURRENCYVALUE,
       PARTYCODE,
       CONSIGNEECODE,
       SUMOFAMOUNT,
       SUMOFFOOTERAMOUNT,
       CCINVOICEAMOUNT,
       despatchadvicetno,
       salesordertno,
       loadingadvicetno,
       AGENTCODE,
       ITEMWISEFOOTER,
       TRANSACTIONTYPECODE,
       NATUREOFSUPPLYCODE,
       REMARK,
       TRANSPORTERCODE,
       VEHICLETYPECODE,
       VEHICLENO,
       FREIGHTTYPECODE,
       FREIGHTRATE,
       FREIGHTUNITCODE,
       FREIGHTADVANCE,
       DRIVERNAME,
       LORRYNO,
       LORRYDATE,
       CREATOR,
       CREATIONTIME,
       FREIGHTCONTRACTTNO,
       nvl(GetDocumentStatusCode(GetModuleCodeForPageNo(:APP_PAGE_ID), a.Tno), 'Status') AS Status,
       ADJUSTEDADVANCEAMOUNT,
       addbusinessplace,
       roundingamount,
       ADDBUSINESSPLACEBUYER,
       DISTANCE
  from CCINVOICE a","","","","","","","","","",""
175,"CCInvoice","CCINVOICE","NORMAL",250321555334926132,"E-WayBill Entry form","e-waybill-entry-form","NATIVE_FORM","","","select TNO,
       MODULETNO,
       MODULECODE,
       SUPPLYTYPE,
       DOCNO,
       DOCDATE,
       OTHERPARTYGSTIN,
       SUPPLYSTATE,
       VEHICLENO,
       NOOFITEMS,
       EWBNO,
       EWBDATE,
       VALIDTILLDATE,
       ERRORS,
       REMARK,
       CREATOR,
       CREATIONTIME
  from EWAYBILL
 ","","","","","","","","","",""
177,"Tax Rule","TAX-RULE","NORMAL",611139720554606723,"Tax Rule","tax-rule","NATIVE_FORM","","","select A.TNO,
       A.TAXRULECODE,
       A.TAXRULENAME,
       A.HSNCODE,
       A.SACCODE,
       A.TAXREGISTRATIONTYPECODE,
       A.TRANSACTIONTYPECODE,
       A.EFFECTIVEFROM,
       A.REMARK,
       A.CREATOR,
       A.CREATIONTIME,
       NVL(getdocumentstatuscode(getmodulecodeforpageno(:APP_PAGE_ID),TNO),'STATUS') AS STATUS
  from TAXRULE A","","","","","","","","","",""
179,"Service Order","JOB-ORDER","NORMAL",611848966418615194,"Service Order","service-order","NATIVE_FORM","","","select TNO,
       COMPANYCODE,
       FINANCIALYEARCODE,
       LOCATIONCODE,
       DOCTYPECODE,
       DEPARTMENTCODE,
       EMPLOYEECODE,
       JOBORDERNO,
       JOBORDERDATE,
       DELIVERYDATE,
       CURRENCYUNITCODE,
       CURRENCYVALUE,
       WORKORDERTNO,
       PARTYCODE,
       SUMOFAMOUNT,
       SUMOFFOOTERAMOUNT,
       JOBORDERAMOUNT,
       SUBJECTTEXT,
       REFERENCETEXT,
       LETTERTEXT,
       TITLETEXT,
       REMARK,
       ITEMWISEFOOTER,
       EXECUTIONDAYS,
       WITHMATERIAL,
       BURNINGALLOWEDPERCENT,
       SCRAPALLOWEDPERCENT,
       INDENTTNO,
       RATECONTRACTTNO,
       JOBLOCATIONCODE,
       MAINTENANCEPLANTNO,
       AMCSTARTDATE,
       AMCENDDATE,
       WCT,
       TASKSNO,
       CREATOR,
       PROJECTTNO,
       JOBORDERTNO,
       REVISIONJOBORDERTNO,
       MAJORTASKSNO,
       REVISIONEFFECTIVEFROMDATE,
       CREDITDAYS,
       SUBSIDERYPURCHASEDBYSP,
       TRANCTIONTYPECODE,
       TRANSACTIONTYPECODE,
       PAYMENTBYLC,
       NATUREOFSUPPLYCODE,
       EQUIPMENTMAINTENANCEORDERTNO,
       RECEIPTOFBIDTNO,
       BIDCOMPARISONTNO,
       RFQSERVICETNO,
       TYPEOFWORKCODE,
       RETENTIONMONEYPERCANTAGE,
       BILLTOPARTYCODE,
       SHIPTOPARTYCODE,
       INVOICETOPARTYCODE,
       PAIDAMOUNT,
       REPAIRINGREQUISITIONTNO,
       GSTHOLD,
       CREATIONTIME,
       ISFULLADVANCE,
       JOBORDERADVANCEAMOUNT,
       PURCHASEORDERTNO,
       PAYMENTADVICELOCATIONCODE,
       CONVERSIONSTORAGELOCATIONCODE,
       REPAIRINGREQUISITIONSNO,
       BILLINGBASIS
  from JOBORDER","","","","","","","","","",""
181,"Kitting Unkitting","KITTING-UNKITTING","NORMAL",867994127731419688,"Kitting Unkitting","kitting-unkitting","NATIVE_FORM","","","select a.TNO,
       a.COMPANYCODE,
       a.FINANCIALYEARCODE,
       a.LOCATIONCODE,
       a.DOCTYPECODE,
       a.STOCKJOURNALNO,
       a.STOCKJOURNALDATE,
       a.RAWQUANTITY1,
       a.LOSSQUANTITY1,
       a.FINISHEDQUANTITY1,
       a.SUBSIDERYQUANTITY1,
       a.REMARK,
       a.PRODUCTIONCENTRECODE,
       a.SHIFTCODE,
       a.HITNO,
       a.CREATOR,
       a.CREATIONTIME,
       a.SHIFTINCHARGECODE,
       a.MELTORCODE,
       a.ITEMGRADECODE,
       a.STOCKJOURNALPLANTNO,
       a.MODULECODE,
       a.MODULETNO,
       a.MFRTNO,
       a.PRODUCTIONTNO,
       a.ISLEAKAGE,
       NVL(GetDocumentStatusCode(GetModuleCodeForPageNo(:APP_PAGE_ID), :P181_TNO),'Status') as Status

  from STOCKJOURNAL a
 ","","","","","","","","","",""
184,"Sales GRN","SALES-GRN","NORMAL",613091855121835924,"Sales GRN","sales-grn","NATIVE_FORM","","","select TNO,
       COMPANYCODE,
       FINANCIALYEARCODE,
       LOCATIONCODE,
       DOCTYPECODE,
       DEPARTMENTCODE,
       EMPLOYEECODE,
       SALESGRNNO,
       SALESGRNDATE,
       CCINVOICETNO,
       DELIVERYDATE,
       CURRENCYUNITCODE,
       CURRENCYVALUE,
       PARTYCODE,
       SALESQUOTATIONTNO,
       DELIVERYORDERTNO,
       SUMOFAMOUNT,
       SUMOFFOOTERAMOUNT,
       SALESGRNAMOUNT,
       SUBJECTTEXT,
       REFERENCETEXT,
       LETTERTEXT,
       TITLETEXT,
       REMARK,
       ITEMWISEFOOTER,
       WORKORDERTNO,
       PURCHASEORDERTNO,
       AGENTCODE,
       CONSIGNEECODE,
       REFERENCETNO,
       VALIDITYUPTODATE,
       CREDITDAYS,
       COMMISSIONRATE,
       TRANSPORTERCODE,
       FREIGHTTYPECODE,
       DESPATCHCATEGORYCODE,
       CREATOR,
       REVISIONSALESRETURNTNO,
       CREATIONTIME,
       FROMCITYCODE,
       TOCITYCODE,
       TRANCTIONTYPECODE,
       TRANSACTIONTYPECODE,
       NATUREOFSUPPLYCODE,
       MARINEINSURANCETNO,
       MARINEINSURANCEAMOUNT,
       NVL(getDocumentStatusCode(getmodulecodeforpageno(:APP_PAGE_ID),a.tno),'STATUS') as Status,
       FRTDEDUCTIONQUANTITY1,
       FRTDEDUCTIONRATE,
       FRTDEDUCTIONAMOUNT
  from SALESGRN a","","","","","","","","","",""
187,"Stock Transfer","STOCK-TRANSFER","NORMAL",613291583322814079,"Stock Transfer","stock-transfer","NATIVE_FORM","","","select TNO,
       LOCATIONCODE,
       DOCTYPECODE,
       STOCKTRANSFERNO,
       STOCKTRANSFERDATE,
       EMPLOYEECODE,
       FINANCIALYEARCODE,
       COMPANYCODE,
       REMARK,
       CREATOR,
       ITEMCODE,
       ITEMSPECIFICATIONCODE,
       VEHICLENO,
       TRANSPORTERCODE,
       LRNO,
       LRDATE,
       FREIGHT,
       CREATIONTIME,
       MODULECODE,
       MODULETNO,
       NVL(getdocumentstatuscode(getmodulecodeforpageno(:APP_PAGE_ID),TNO),'STATUS') AS STATUS

  from STOCKTRANSFER","","","","","","","","","",""
188,"Item Type Master","ITEM-TYPE-MASTER1","MODAL",622817586286172374,"Item Type Master","item-type-master","NATIVE_FORM","","","select TNO,
       ITEMTYPECODE,
       ITEMTYPENAME,
       ITEMTYPESHORTNAME,
       REMARK,
       CREATOR,
       CREATIONTIME
  from ITEMTYPE","","","","","","","","","",""
189,"GRN","GRN1","NORMAL",596017707495738711,"GRN","grn","NATIVE_FORM","","","select A.TNO,
       A.COMPANYCODE,
       A.FINANCIALYEARCODE,
       A.LOCATIONCODE,
       A.DOCTYPECODE,
       A.GRNNO,
       A.GRNDATE,
       A.PARTYCODE,
       A.WEIGHMENTTNO,
       A.MATERIALINTNO,
       A.PURCHASEORDERTNO,
       A.JOBORDERTNO,
       A.DELIVERYORDERTNO,
       A.TRANSPORTERCODE,
       A.DRIVERNAME,
       A.VEHICLETYPECODE,
       A.VEHICLENO,
       A.UNIONNAME,
       A.MINESCODE,
       A.REFDOCTYPECODE,
       A.REFDOCNO,
       A.REFDOCDATE,
       A.REFDOCAMOUNT,
       A.SALETAXFORMTYPECODE,
       A.REMARK,
       A.FREIGHTTYPECODE,
       A.CCINVOICETNO,
       A.RAKETNO,
       A.FORM59NO,
       A.FORM59TOKENDATE,
       A.FORM59TOKENNO,
       A.MODULECODE,
       A.MODULETNO,
       A.LRNO,
       A.GATEPASSTNO,
       A.LRDATE,
       A.DELIVERYORDERSNO,
       A.EMPLOYEECODE,
       A.CHALLANNO,
       A.CREATOR,
       A.POAMENDMENTTNO,
       A.FREIGHTCONTRACTTNO,
       A.MPARTYCODE,
       A.MBILLNO,
       A.MBILLDATE,
       A.UNLOADEDBY,
       A.COMPANYVEHICLECODE,
       A.TPNO,
       A.TPBOOKNO,
       A.FROMCITYCODE,
       A.FREIGHTRATE,
       A.FREIGHTAMOUNT,
       A.FREIGHTUNITCODE,
       A.BILLOFENTRYTNO,
       A.FREIGHTPOSTEDTOSTOCK,
       A.INTERUNITTRANSFERCCINVOICETNO,
       A.WORKORDERTNO,
       A.LIFTINGFROMCITYCODE,
       A.FREIGHTADVANCEAMOUNT,
       A.FREIGHTADVANCEPERCENT,
       A.FREIGHTADVANCECHARGEDONCODE,
       A.LOADINGSTORAGELOCATIONCODE,
       A.BURNINGALLOWEDPERCENT,
       A.DEDUCTIONRATE,
       A.SITEJOBORDERTNO,
       A.CREATIONTIME,
       A.TEMPBURNINGALLOWEDPERCENT,
       A.RUNNINGKM,
       A.ROYALTYQUANTITY,
       A.ROYALTYNO,
       A.ROYALTYDATE,
       A.ROYALTYBOOKNO,
       A.MARKA,
       A.DRIVERMOBILENO,
       A.INCLUDEINPURCHASEBILL,
       A.OLDVEHICLENO,
       NVL(getdocumentstatuscode(getmodulecodeforpageno(:APP_PAGE_ID),TNO),'Status') as Status
  from GRN A
  WHERE A.TNO=:P189_TNO","","","","","","","","","",""
191,"Bill Receipt","BILL-RECEIPT","NORMAL",614308013778057685,"Bill Receipt","bill-receipt","NATIVE_FORM","","","select TNO,
       COMPANYCODE,
       FINANCIALYEARCODE,
       LOCATIONCODE,
       DOCTYPECODE,
       DFREIGHTBILLRECEIPTNO,
       DFREIGHTBILLRECEIPTDATE,
       DEPOCODE,
       MONEYTRANSFERMODECODE,
       MONEYTRANSFERREFERENCENO,
       ACCOUNTCODE,
       AMOUNT,
       FROMDATE,
       TODATE,
       REMARK,
       CREATOR,
       CREATIONTIME,
       DEDUCTEDAMOUNT,
       VOUCHERTNO,
       VOUCHERSNO,
       TDSVOUCHERTNO,
       TDSVOUCHERSNO,
       TDSAMOUNT,
       PENALTYAMOUNT,
       MODULETNO,
       MODULECODE,
       MANUALVOUCHERNO
  from DFREIGHTBILLRECEIPT","","","","","","","","","",""
193,"Item Opening","ITEM-OPENING","NORMAL",804048377970222594,"ItemOpening","itemopening","NATIVE_FORM","","","select TNO,
       COMPANYCODE,
       FINANCIALYEARCODE,
       LOCATIONCODE,
       DOCTYPECODE,
       ITEMOPENINGNO,
       ITEMOPENINGDATE,
       ITEMCODE,
       ITEMSPECIFICATIONCODE,
       OPENINGQUANTITY1,
       OPENINGQUANTITY2,
       OPENINGVALUE,
       REMARK,
       CREATOR,
       CREATIONTIME,
       STORAGELOCATIONCODE,
       NVL(getdocumentstatuscode('ITEMOPENING',TNO),'STATUS') AS Status
  from ITEMOPENING ","","","","","","","","","",""
195,"Gate Pass","GATE-PASS","NORMAL",184560452719571293,"Gate Pass","gate-pass","NATIVE_FORM","","","select TNO,
       COMPANYCODE,
       FINANCIALYEARCODE,
       LOCATIONCODE,
       DOCTYPECODE,
       GATEPASSNO,
       GATEPASSDATE,
       PARTYCODE,
       REFERENCETNO,
       REMARK,
       DUEDATE,
       JOBORDERTNO,
       VEHICLETYPECODE,
       VEHICLENO,
       TRANSPORTERCODE,
       DRIVERNAME,
       UNIONNAME,
       LORRYNO,
       LORRYDATE,
       FREIGHTTYPECODE,
       CREATOR,
       EMPLOYEECODE,
       STOREINREPAIRINGITEMTNO,
       MRNTNO,
       TAXVEHICLENO,
       THROUGH,
       DEPARTMENTCODE,
       CCINVOICETNO,
       FREIGHTUNITCODE,
       FREIGHTRATE,
       SUMOFAMOUNT,
       SUMOFFOOTERAMOUNT,
       GATEPASSBILLAMOUNT,
       ITEMWISEFOOTER,
       TRANSACTIONTYPECODE,
       TAXRULECODE,
       PREPARINGDATE,
       REMOVALDATE,
       CREATIONTIME,
       OLDVEHICLENO
  from GATEPASS","","","","","","","","","",""
197,"PRODUCTION","PRODUCTION","NORMAL",443350781858788282,"PRODUCTION","production","NATIVE_FORM","","","select TNO,
       COMPANYCODE,
       FINANCIALYEARCODE,
       LOCATIONCODE,
       DOCTYPECODE,
       PRODUCTIONNO,
       PRODUCTIONDATE,
       RAWQUANTITY1,
       RAWQUANTITY2,
       LOSSQUANTITY1,
       LOSSQUANTITY2,
       FINISHEDQUANTITY1,
       FINISHEDQUANTITY2,
       SUBSIDERYQUANTITY1,
       SUBSIDERYQUANTITY2,
       REMARK,
       PRODUCTIONCENTRECODE,
       SHIFTCODE,
       HITNO,
       SHIFTINCHARGECODE,
       MELTORCODE,
       LIFEOFLINING,
       POWERON,
       HEATTAPAT,
       TAPTOTAPTIME,
       PREVIOUSHEATTAPAT,
       TODAYHEATNO,
       MODULECODE,
       MODULETNO,
       QUANTITY1,
       EQUIPMENTTNO,
       ITEMCODE,
       ITEMSPECIFICATIONCODE,
       BOMTNO,
       SHIFTTIMEFROM,
       SHIFTTIMETO,
       CONTRACTORCODE,
       JOBORDERTNO,
       CREATIONTIME,
       BATCHNO,
       MEASURINGUNITCODE1,
       QUANTITY2,
       MEASURINGUNITCODE2,
       PRODUCTIONPROCESSCODE,
       CREATOR,
       NVL(getdocumentstatuscode('PRODUCTION',TNO),'STATUS') AS status
  from PRODUCTION","","","","","","","","","",""
199,"Freight Advice","FREIGHT-ADVICE","NORMAL",506153003769171344,"Freight Advice","freight-advice","NATIVE_FORM","","","select TNO,
       COMPANYCODE,
       FINANCIALYEARCODE,
       LOCATIONCODE,
       DOCTYPECODE,
       FREIGHTADVICENO,
       FREIGHTADVICEDATE,
       TRANSPORTERCODE,
       FREIGHTTYPECODE,
       PARTYBILLNO,
       PARTYBILLDATE,
       MONEYTRANSFERMODECODE,
       MONEYTRANSFERREFERENCENO,
       DEBITACCOUNTCODE,
       CREDITACCOUNTCODE,
       TDSMASTERCODE,
       ITEMWISEFOOTER,
       REMARK,
       SUMOFAMOUNT,
       SUMOFFOOTERAMOUNT,
       FREIGHTADVICEAMOUNT,
       SUMOFTDSAMOUNT,
       SUMOFDEDUCTIONAMOUNT,
       SUMOFADVANCEAMOUNT,
       SUMOFPAYMENTCOMMISSION,
       SUMOFNETPAYABLEAMOUNT,
       AMOUNTAFTERTDS,
       TDSDEDUCTABLEAMOUNT,
       TDSALREADYDEDUCTEDON,
       PAIDTO,
       NARRATION,
       CREATOR,
       CREATIONTIME,
       BANKACCOUNTNO,
       TRANSACTIONTYPECODE,
       REVERSECHARGEIFAPPLICABLE,
       NATUREOFSUPPLYCODE,
       DUEDATE,
       REVERSECHARGEFOOTERNATURECODE,
       TDSNATURECODE,
       TDSPAYEECATEGORYCODE,
       PANNO,
       TDSTAXCATEGORYCODE,
       TDSTHRESHOLD,
       TDSTRANSACTIONTHRESHOLD,
       TOTALTDSPERCENT,
       ADVANCEORBILL,
       THRESHOLDPLUSMINUS,
       TDSDEDUCTEDINADVANCE,
       PAIDAMOUNT,
       PAIDINADVANCE,
       TDSCERTIFICATENO,
       TDSCERTIFICATEFILENAME,
       TDSLOWERRATEAPPLICABLE,
       TDSLOWERRATE,
       CESSLOWERRATE,
       SURCHARGELOWERRATE,
       FOOTERNATURECODE,
       BANKCODE,
       PAIDTOCODE,
       CHANGEFREIGHTRATE,
       SUMOFGPSDEDUCTIONAMOUNT,
       IFSCCODE,
       PAYMENTMETHODCODE,
       SMSFLAG,
       LOANAMOUNT,
       LOANTOTRANSPORTERTNO,
       NOOFLR,
       NETPAYABLEAFTERLOAN,
       PASSONQUANTITYCODE,
       BILLEDONQUANTITYCODE,
       SUMOFBILLEDAMOUNT,
       SUMOFBILLEDFOOTERAMOUNT,
       BILLEDFREIGHTADVICEAMOUNT,
       SUMOFFREIGHTDEDUCTIONAMOUNT,
       NVL(getdocumentstatuscode('FREIGHTADVICE',TNO),'STATUS') AS STATUS,
       billinroundfigure,
       freightamountbeforeround,
       roundoff
  from FREIGHTADVICE","","","","","","","","","",""
202,"BOM","BOM","NORMAL",443521371186668112,"BOM","bom","NATIVE_FORM","","","select TNO,
       BOMCODE,
       BOMNAME,
       ITEMCODE,
       ITEMSPECIFICATIONCODE,
       DESCRIPTION,
       REMARK,
       CREATOR,
       MAJORITEMCODE,
       MAJORITEMSPECIFICATIONCODE,
       PROJECTTNO,
       MAJORTASKSNO,
       WBDSCODE,
       TASKNATURECODE,
       BOMTYPECODE,
       LOCATIONCODE,
       EFFECTIVEDATE,
       REFERENCEBOMCODE,
       CREATIONTIME,
       COMPANYCODE,
       VALUEPERCENT
  from BOM","","","","","","","","","",""
204,"Shift","SHIFT","MODAL",444052706293070082,"Shift","shift","NATIVE_FORM","","","select TNO,
       SHIFTCODE,
       SHIFTNAME,
       REMARK,
       SHIFTHOUR,
       SHIFTTIMEFROM,
       SHIFTTIMETO,
       LUNCHTIMEFROM,
       LUNCHTIMETO,
       CREATOR,
       CREATIONTIME,
       GRACEPERIOD
  from SHIFT","","","","","","","","","",""
206,"Production Centre","PRODUCTION-CENTRE","MODAL",444133577664482435,"Production Centre","production-centre","NATIVE_FORM","","","select TNO,
       PRODUCTIONCENTRECODE,
       PRODUCTIONCENTRENAME,
       PRODUCTIONCENTRESHORTNAME,
       REMARK,
       LOCATIONCODE,
       ISUSEDFORGROUPING,
       MODULECODE,
       MODULETNO,
       CREATIONTIME,
       CREATOR
  from PRODUCTIONCENTRE","","","","","","","","","",""
208,"Reverse Charge","REVERSE-CHARGE1","NORMAL",554303131387116991,"Reverse Charge","reverse-charge","NATIVE_FORM","","","select TNO,
       COMPANYCODE,
       FINANCIALYEARCODE,
       LOCATIONCODE,
       DOCTYPECODE,
       PARTYCODE,
       SUMOFAMOUNT,
       SUMOFFOOTERAMOUNT,
       REVERSECHARGEAMOUNT,
       REMARK,
       ITEMWISEFOOTER,
       REVERSECHARGEDATE,
       REVERSECHARGENO,
       TRANSACTIONTYPECODE,
       CREATOR,
       MODULECODE,
       MODULETNO,
       NATUREOFSUPPLYCODE,
       FOOTERNATURECODE,
       SUPPLIERCODE,
       SUPPLIERNAME,
       REVERSECHARGEFOOTERNATURECODE,
       NVL(GETDOCUMENTSTATUSCODE('REVERSECHARGE',TNO),'Status') as Status
  from REVERSECHARGE","","","","","","","","","",""
211,"Item Account","ITEMACCOUNT-FORM","NORMAL",449139749257210387,"Item Account","item-account","NATIVE_FORM","","","select TNO,
       MODULECODE,
       ITEMCODE,
       ACCOUNTCODE,
       REMARK,
       ITEMACCOUNTCODE,
       ITEMSPECIFICATIONCODE,
       COMPANYCODE,
       PARTYCODE,
       CREATOR,
       DESPATCHCATEGORYCODE,
       LOCATIONCODE,
       DOCTYPECODE,
       PANDLACCOUNTCODE,
       INCOMEACCOUNTCODE,
       TRANSACTIONTYPECODE,
       NATUREOFSUPPLYCODE,
       CREATIONTIME
  from ITEMACCOUNT","","","","","","","","","",""
213,"Service Bill","JOB-BILL","NORMAL",449652076344756204,"Service Bill","service-bill","NATIVE_FORM","","","select COMPANYCODE,
       CURRENCYUNITCODE,
       CURRENCYVALUE,
       DOCTYPECODE,
       FINANCIALYEARCODE,
       ITEMWISEFOOTER,
       JOBBILLAMOUNT,
       JOBBILLDATE,
       JOBBILLNO,
       JOBORDERTNO,
       LOCATIONCODE,
       PARTYBILLDATE,
       PARTYBILLNO,
       PARTYCODE,
       REMARK,
       SUMOFAMOUNT,
       SUMOFFOOTERAMOUNT,
       TNO,
       RAKETNO,
       CREATOR,
       BILLFORJOB,
       DEPARTMENTCODE,
       FROMDATE,
       TODATE,
       GATEPASSTNO,
       COSTCENTRECODE,
       TRANCTIONTYPECODE,
       TRANSACTIONTYPECODE,
       NATUREOFSUPPLYCODE,
       MODULETNO,
       MODULECODE,
       MODULESNO,
       PASSEDQUANTITYON,
       DIESELRATE,
       OLDCOSTCENTRECODE,
       taxinroundfigure,
       billinroundfigure,
       roundoff,
       jobbillamountbeforeround
  from JOBBILL","","","","","","","","","",""
215,"Agent Commision Rate","AGENT-COMMISION-RATE","NORMAL",450538373185030193,"General","general","NATIVE_FORM","","AGENTCOMMISSIONRATE","","","","","","","","","","",""
217,"Sale Incentive Rate","SALE-INCENTIVE-RATE","NORMAL",450477675730956713,"Sale Incentive Rate","sale-incentive-rate","NATIVE_FORM","","SALEINCENTIVERATE","","","","","","","","","","",""
218,"HAR_SALEINCENTIVERATE","HAR-SALEINCENTIVERATE","NORMAL",450639534676575885,"Sales Incetive Rate","sales-incetive-rate","NATIVE_FORM","","SALEINCENTIVERATE","","","","","","","","","","",""
221,"Service Bill Pass","JOB-BILL-PASS","NORMAL",451220716689686285,"Service Bill Pass","service-bill-pass","NATIVE_FORM","","","select TNO,
       COMPANYCODE,
       DOCTYPECODE,
       FINANCIALYEARCODE,
       LOCATIONCODE,
       JBPASSDATE,
       JBPASSNO,
       JOBBILLTNO,
       JBPASSONCODE,
       FOOTERFROMJOBBILL,
       ITEMWISEFOOTER,
       CURRENCYUNITCODE,
       CURRENCYVALUE,
       JBPASSAMOUNT,
       REMARK,
       SUMOFAMOUNT,
       SUMOFBILLAMOUNT,
       SUMOFDEDUCTION,
       SUMOFFOOTERAMOUNT,
       SUMOFTDSAMOUNT,
       TDSALREADYDEDUCTEDON,
       TDSDEDUCTABLEAMOUNT,
       AMOUNTAFTERTDS,
       CREATOR,
       WCTDEDUCTABLEAMOUNT,
       SUMOFWCTAMOUNT,
       EXCISEDOCTYPECODE,
       EXCISENATUREJOBTYPECODE,
       ACCOUNTCODE,
       INCLUDEINGTA,
       BILLDOCTYPECODE,
       CREDITABLE,
       TDSMASTERCODE,
       WCTMASTERCODE,
       TDSDEDUCTABLECALCULATION,
       TRANSACTIONTYPECODE,
       REVERSECHARGEIFAPPLICABLE,
       DUEDATE,
       MANUALVOUCHERNO,
       TDSNATURECODE,
       TDSPAYEECATEGORYCODE,
       PANNO,
       TDSTAXCATEGORYCODE,
       TDSTHRESHOLD,
       TDSTRANSACTIONTHRESHOLD,
       TOTALTDSPERCENT,
       ADVANCEORBILL,
       THRESHOLDPLUSMINUS,
       TDSDEDUCTEDINADVANCE,
       PAIDAMOUNT,
       PAIDINADVANCE,
       TDSCERTIFICATENO,
       TDSCERTIFICATEFILENAME,
       TDSLOWERRATEAPPLICABLE,
       TDSLOWERRATE,
       CESSLOWERRATE,
       SURCHARGELOWERRATE,
       REVERSECHARGEFOOTERNATURECODE,
       SECURITYDEPOSITAMOUNT,
       SECURITYDEPOSITPERCENT,
       GSTHOLDAMOUNT,
       WITHHELDAMOUNT,
       HOLDGST,
       WITHHELDREASON,
       PFHOLDAMOUNT,
       PFHOLDREASON,
       ESICHOLDAMOUNT,
       ESICHOLDREASON,
       OTHERHOLDAMOUNT,
       OTHERHOLDREASON,
       PASSEDQUANTITYON,
       DIESELRATE,
       TAXINROUNDFIGURE,
       BILLINROUNDFIGURE,
       JBPASSAMOUNTBEFOREROUND,
       ROUNDOFF
  from JBPASS","","","","","","","","","",""
223,"MRN","MRN","NORMAL",456962517819741665,"MRN","mrn","NATIVE_FORM","","","select TNO,
       COMPANYCODE,
       FINANCIALYEARCODE,
       LOCATIONCODE,
       DOCTYPECODE,
       MRNNO,
       MRNDATE,
       REMARK,
       PARTYCODE,
       CREATOR,
       GRNTNO,
       CREATIONTIME
  from MRN","","","","","","","","","",""
225,"Module Wise TAC","MODULE-WISE-TAC","MODAL",460778182028416903,"Module Wise TAC","module-wise-tac","NATIVE_FORM","","","select TNO,
       MODULECODE,
       DOCTYPECODE,
       REMARK,
       CREATIONTIME,
       CREATOR
  from MODULEDOCTYPEWISETAC","","","","","","","","","",""
230,"GSTR1","GSTR1","NORMAL",533988038433687769,"GSTR1","gstr","NATIVE_FORM","","GSTR1","","","","","","","","","","",""
242,"RTGS Letter","RTGS-LETTER","NORMAL",758007379500692262,"RTGS Letter","rtgs-letter","NATIVE_FORM","","","Select A.TNO,
       A.COMPANYCODE,
       A.FINANCIALYEARCODE,
       A.LOCATIONCODE,
       A.DOCTYPECODE,
       A.RTGSLETTERNO,
       A.RTGSLETTERDATE,
       A.ACCOUNTCODE,
       A.CHEQUENO,
       A.REMARK,
       A.CREATOR,
       A.CREATIONTIME,
       A.MONEYTRANSFERMODECODE,
	   NVL(getdocumentstatuscode(getmodulecodeforpageno(:APP_PAGE_ID),TNO),'STATUS') AS STATUS
  From RTGSLETTER A
","","","","","","","","","",""
244,"Stock Revaluation ","STOCK-REVALUATION","NORMAL",764219108004637081,"Stock Revaluation ","stock-revaluation","NATIVE_FORM","","","select TNO,
       FINANCIALYEARCODE,
       COMPANYCODE,
       LOCATIONCODE,
       DOCTYPECODE,
       STOCKREVALUATIONNO,
       STOCKREVALUATIONDATE,
       ITEMCODE,
       ITEMSPECIFICATIONCODE,
       EMPLOYEECODE,
       ASONDATE,
       SUMOFQUANTITY1,
       SUMOFQUANTITY2,
       AMOUNT,
       VALUATIONRATE,
       REMARK,
       CREATOR,
       CREATIONTIME,
       STORAGELOCATIONCODE,
       NEWQUANTITY1,
       NEWQUANTITY2,
       NVL(getdocumentstatuscode(getmodulecodeforpageno(:APP_PAGE_ID),TNO),'STATUS') AS STATUS
  from STOCKREVALUATION","","","","","","","","","",""
246,"Stock Taking","STOCK-TAKING","NORMAL",840220674494043773,"Stock Taking","stock-taking","NATIVE_FORM","","","select TNO,
       LOCATIONCODE,
       DOCTYPECODE,
       STOCKTAKINGNO,
       STOCKTAKINGDATE,
       EMPLOYEECODE,
       COMPANYCODE,
       FINANCIALYEARCODE,
       REMARK,
       CREATOR,
       CREATIONTIME,
       NVL(getdocumentstatuscode(getmodulecodeforpageno(:APP_PAGE_ID),TNO),'STATUS') AS STATUS
  from STOCKTAKING","","","","","","","","","",""
248,"Additional Business Place","ADDITIONAL-BUSINESS-PLACE","NORMAL",294786030727940678,"Additional Business Place","additional-business-place","NATIVE_FORM","","CUSTOMERADDRESS","","","","","","","","","","",""
252,"Cash / Bank Book","CASH-BANK-BOOK","NORMAL",845825197760250980,"Cash Bank Book","cash-bank-book","NATIVE_FORM","","","Select A.TNO,
       A.COMPANYCODE,
       A.FINANCIALYEARCODE,
       A.LOCATIONCODE,
       A.DOCTYPECODE,
       A.RTGSLETTERNO,
       A.RTGSLETTERDATE,
       A.ACCOUNTCODE,
       A.CHEQUENO,
       A.REMARK,
       A.CREATOR,
       A.CREATIONTIME,
       A.MONEYTRANSFERMODECODE,
	   NVL(getdocumentstatuscode(getmodulecodeforpageno(:APP_PAGE_ID),TNO),'STATUS') AS STATUS
  From RTGSLETTER A
","","","","","","","","","",""
264,"Module Flow","MODULE-FLOW","MODAL",448863009868559317,"Module Flow","module-flow","NATIVE_FORM","","","select a.TNO,
       a.MODULECODE,
       a.MODULEFLOWNO,
       a.DOCUMENTSTATUSCODE,
       a.ONPASSINGOFMODULEFLOWTNO,
       a.ONGETTINGOFPASSMARKS,
       a.REBOUNDFAILMARKS,
       a.COMPANYCODE,
       a.REMARK,
       a.CREATOR,
       a.COLUMNCODE,
       a.BACKMODULEFLOWTNO,
       a.ACTIVEDATE,
       a.CREATIONTIME,
       a.TTC,
       a.SHOWONMOBILEAPPS,
       nvl(GetDocumentStatusCode(GetModuleCodeForPageNo(:APP_PAGE_ID), a.Tno), 'Status') AS Status
  from MODULEFLOW a","","","","","","","","","",""
266,"PT Slab Master","PT-SLAB-MASTER","NORMAL",560564364697466359,"PT Slab Master","pt-slab-master","NATIVE_FORM","","PTSLAB","","","","","","","","","","",""
270,"Bonus Scheme","BONUS-SCHEME","NORMAL",318331409305879112,"Bonus Scheme","bonus-scheme","NATIVE_FORM","","","select TNO,
       BONUSSCHEMECODE,
       BONUSSCHEMENAME,
       APPLIEDONWARD,
       CATEGORYCODE,
       STAFFTYPECODE,
       ATTENDENCEVALUEMINIMUM,
       SERVICEDAYSMINIMUM,
       BONUSAMOUNTMAXIMUM,
       REMARK,
       BONUSPERCENT,
       CREATIONTIME,
       CREATOR
  from BONUSSCHEME","","","","","","","","","",""
274,"PO Receipt","PO-RECEIPT","NORMAL",278962892099137390,"PO Receipt","po-receipt","NATIVE_FORM","","","select TNO,
       COMPANYCODE,
       FINANCIALYEARCODE,
       LOCATIONCODE,
       DOCTYPECODE,
       DEPARTMENTCODE,
       EMPLOYEECODE,
       PORECEIPTNO,
       PORECEIPTDATE,
       DELIVERYDATE,
       CURRENCYUNITCODE,
       CURRENCYVALUE,
       PARTYCODE,
       DELIVERYORDERTNO,
       SUMOFAMOUNT,
       SUMOFFOOTERAMOUNT,
       PORECEIPTAMOUNT,
       SUBJECTTEXT,
       REFERENCETEXT,
       LETTERTEXT,
       TITLETEXT,
       REMARK,
       ITEMWISEFOOTER,
       SALESQUOTATIONTNO,
       AGENTCODE,
       CONSIGNEECODE,
       PARTYPORECEIPTNO,
       PARTYPORECEIPTDATE,
       VALIDITYUPTODATE,
       NATUREOFSUPPLYCODE,
       TRANSACTIONTYPECODE,
       CREATIONTIME,
       CREATOR
  from PORECEIPT","","","","","","","","","",""
277,"Bonus","BONUS","NORMAL",218299486151779931,"Bonus","bonus","NATIVE_FORM","","","select TNO,
       COMPANYCODE,
       FINANCIALYEARCODE,
       LOCATIONCODE,
       DOCTYPECODE,
       BONUSNO,
       BONUSDATE,
       FROMDATE,
       TODATE,
       STAFFTYPECODE,
       CATEGORYCODE,
       REMARK,
       CREATIONTIME,
       CREATOR,
       DEBITACCOUNTCODE,
       CREDITACCOUNTCODE,
       BONUSAMOUNT
  from BONUS","","","","","","","","","",""
285,"Employee Gate Pass","EMPLOYEE-GATE-PASS","NORMAL",219202262886966359,"Employee Gate Pass","employee-gate-pass","NATIVE_FORM","","","select TNO,
       COMPANYCODE,
       FINANCIALYEARCODE,
       LOCATIONCODE,
       DOCTYPECODE,
       EMPLOYEEGATEPASSNO,
       EMPLOYEEGATEPASSDATE,
       BRANCHCODE,
       EMPLOYEECODE,
       REPORTTOEMPLOYEECODE,
       PURPOSE,
       OUTPASSTYPECODE,
       COMMINGBACK,
       REQUESTEDOUTTIME,
       REQUESTEDINTIME,
       ACTUALOUTTIME,
       ACTUALINTIME,
       REMARK,
       CREATOR,
       CREATIONTIME
  from EMPLOYEEGATEPASS","","","","","","","","","",""
287,"Zone Master","ZONE-MASTER","MODAL",584658509922648808,"Zone Master","zone-master","NATIVE_FORM","","","select TNO,
       ZONECODE,
       ZONENAME,
       REMARK
  from ZONE","","","","","","","","","",""
289,"Outward Freight Rate Approval","OUTWARD-FREIGHT-RATE-APPROVAL1","NORMAL",469307429726996889,"Outward Freight Rate Approval","outward-freight-rate-approval","NATIVE_FORM","","","select TNO,
       COMPANYCODE,
       FINANCIALYEARCODE,
       LOCATIONCODE,
       DOCTYPECODE,
       OUTWARDFRANO,
       OUTWARDFRADATE,
       APPROVEDFREIGHTRATE,
       SALESORDERTNO,
       APPROVEDQUANTITY1,
       APPROVEDREFERENCENO,
       APPROVEDREFERENCEDATE,
       REMARK,
       CREATOR,
       CREATIONTIME,
       PREVIOUSOUTWARDFRATNO,
       QUANTITY1,
       PREVIOUSBALANCEQUANTITY1,
       NVL(GETDOCUMENTSTATUSCODE('OUTWARDFA',TNO),'STATUS') AS STATUS
  from OUTWARDFRA","","","","","","","","","",""
301,"Cheque Receipt","CHEQUE-RECEIPT","NORMAL",471104588918211538,"Cheque Receipt","cheque-receipt","NATIVE_FORM","","CHEQUERECEIPT","","","","","","","","","","",""
303,"Cheque Book Issue","CHEQUE-BOOK-ISSUE","NORMAL",471214167527873944,"Cheque Book Issue","cheque-book-issue","NATIVE_FORM","","","select TNO,
       COMPANYCODE,
       FINANCIALYEARCODE,
       LOCATIONCODE,
       DOCTYPECODE,
       CHEQUEBOOKISSUENO,
       CHEQUEBOOKISSUEDATE,
       BANKCODE,
       BOOKNO,
       BOSSUSERCODE,
       ISLOCKED,
       REMARK,
       CREATOR,
       CREATIONTIME
  from CHEQUEBOOKISSUE","","","","","","","","","",""
305,"Service  Bill","SERVICE-BILL","NORMAL",491078258538652402,"Service Bill","service-bill","NATIVE_FORM","","","select TNO,
       COMPANYCODE,
       FINANCIALYEARCODE,
       LOCATIONCODE,
       DOCTYPECODE,
       DEPARTMENTCODE,
       EMPLOYEECODE,
       CURRENCYUNITCODE,
       CURRENCYVALUE,
       PARTYCODE,
       SUMOFAMOUNT,
       SUMOFFOOTERAMOUNT,
       SERVICEBILLAMOUNT,
       SUBJECTTEXT,
       REFERENCETEXT,
       LETTERTEXT,
       TITLETEXT,
       REMARK,
       ITEMWISEFOOTER,
       SERVICEBILLDATE,
       SERVICEBILLNO,
       FROMDATE,
       TODATE,
       RETAINTIONPERCENT,
       RETAINTIONAMOUNT,
       TRANSACTIONTYPECODE,
       MODULECODE,
       MODULETNO,
       MOANO,
       MSIZE,
       GRADE,
       LOTNO,
       CERTIFICATENUMBER,
       SAPGRNO,
       SAPGRDATE,
       TAXPAIDBYBUYER,
       NATUREOFSUPPLYCODE,
       DEDUCTEDAMOUNT,
       PAIDAMOUNT,
       DFREIGHTBILLTNO,
       DUEDATE,
       AGENTCODE,
       REVERSECHARGE,
       CREATOR,
       CREATIONTIME,
       ADJUSTEDADVANCEAMOUNT,
       taxinroundoff,
       billinroundoff,
       sbamountbeforeround,
       roundoff,
       NVL(GETDOCUMENTSTATUSCODE(getmodulecodeforpageno(:APP_PAGE_ID),TNO),'STATUS') AS STATUS
  from SERVICEBILL ","","","","","","","","","",""
308,"GST Setup","GST-SETUP","NORMAL",205065621038568104,"GST Setup","gst-setup","NATIVE_FORM","","","select TNO,
       CGSTINPUTACCOUNTCODE,
       SGSTINPUTACCOUNTCODE,
       CGSTOUTPUTACCOUNTCODE,
       SGSTOUTPUTACCOUNTCODE,
       IGSTINPUTACCOUNTCODE,
       IGSTOUTPUTACCOUNTCODE,
       CGSTRCMPAYABLEACCOUNTCODE,
       CGSTPAYABLEACCOUNTCODE,
       SGSTPAYABLEACCOUNTCODE,
       IGSTPAYABLEACCOUNTCODE,
       IGSTRCMPAYABLEACCOUNTCODE,
       SGSTRCMPAYABLEACCOUNTCODE,
        cgstrcminputaccountcode   ,
        sgstrcminputaccountcode   ,
        igstrcminputaccountcode ,
cgstrcmoutputaccountcode  ,
  sgstrcmoutputaccountcode ,
  igstrcmoutputaccountcode  ,
       CREATOR,
       CREATIONTIME
  from GSTSETUP","","","","","","","","","",""
312,"Challan","CHALLAN","NORMAL",189386534821780975,"Challan","challan","NATIVE_FORM","","","select ACCOUNTCODE,
       CHALLANAMOUNT,
       CHALLANDATE,
       CHALLANNO,
       COMPANYCODE,
       DOCTYPECODE,
       FINANCIALYEARCODE,
       FROMDATE,
       LOCATIONCODE,
       MONEYTRANSFERMODECODE,
       MONEYTRANSFERREFERENCEDATE,
       MONEYTRANSFERREFERENCENO,
       PAYMENTDONE,
       REMARK,
       TNO,
       TODATE,
       DEPOSITEDINBANKCODE,
       DEPOSITORCODE,
       NARRATION,
       COVERINGLETTERNO,
       TAXSECTIONCODE,
       CREATOR,
       MODULECODE,
       MODULETNO,
       FILENAME,
       CREATIONTIME
  from CHALLAN","","","","","","","","","",""
313,"location master","LOCATION-MASTER2","NORMAL",192082924173032216,"location master","location-master","NATIVE_FORM","","","select LOCATIONCODE,
       LOCATIONNAME,
       LOCATIONSHORTNAME,
       TNO,
       REMARK,
       DATECREATED,
       DATEMODIFY,
       PARENTCODE,
       CREATOR,
       ISDIVISION,
       CREATIONTIME,
       PARTYCODE,
       DESTINATIONCODE,
       TRACKINGREQUIRED,
       LATITUDE,
       LONGITUDE,
       PETTYCASHACCOUNTCODE,
       ZONECODE,
       TRANSACTIONALCYCLECOUNT,
       STORAGERESERVATIONREQUIRED,
       LRENTRYITEMWISE,
       FSABILLWITHCODE,
       PREMISESCODE,
       ISPREMISESOFMULTIPLEWAREHOUSE,
       VEHICLEPLANNING,
       PODPERCENTFORTRANSPORTERBILL,
       OPERATIONBOSSUSERCODE,
       TRANSPORTATIONBOSSUSERCODE,
       LRENTRYSLIPPRINTGROUPWISE,
       WAREHOUSEBOSSUSERCODE,
       PRINTGATEPASSWITHDISPATCHSLIP,
       OVERTIMEFORSANCTIONEDDAY,
       GATEENTRYREQUIRED,
       AVERAGEWEIGHTPERNOS,
       STATECODE,
       SHIPMENTDOCNOINDISPATCHSLIP,
       PAIDBILTYCLAIMIMMEDIATE,
       CITYCODE,
       ASSETACCOUNTCODE,
       BRANCHACCOUNTCODE,
       COMPANYCODE,
       ISITBRANCH,
       FRANCHISEID,
       FRANCHISENAME,
       ACCOUNTCODE,
       STATUS,
       ADDRESS1,
       ADDRESS2,
       ADDRESS3,
       BRANCHTYPECODE,
       PINCODE,
       GSTINNO,
       MOBILENO,
       EMAILID
  from LOCATION","","","","","","","","","",""
317,"Import ","IMPORT","NORMAL",637176894555187382,"Import","import","NATIVE_FORM","","","select TNO,
       COMPANYCODE,
       FINANCIALYEARCODE,
       LOCATIONCODE,
       DOCTYPECODE,
       IMPORTNO,
       IMPORTDATE,
       IMPORTFOR,
       CREATOR,
       CREATIONTIME,
       REMARK
  from IMPORT","","","","","","","","","",""
320,"Footer Formula Master","FOOTER-FORMULA-MASTER","MODAL",196074452142355167,"Footer Formula Master","footer-formula-master","NATIVE_FORM","","FOOTERSCHEMEDETAIL","","","","","","","","","","",""
326,"SAC Master","SAC-MASTER","MODAL",612503434514121935,"Sac Master","sac-master","NATIVE_FORM","","","select TNO,
       SACCODE,
       SACNAME,
       REMARK,
       TAXMECHANISM,
       CREATOR,
       to_char(CREATIONTIME,'DD-MM-YYYY HH24:MI:SS') CREATIONTIME
From SAC","","","","","","","","","",""
332,"PF & ESI Setting","PF-ESI-SETTING1","NORMAL",512391274145914962,"PF Settings","pf-settings","NATIVE_FORM","","PFANDESICSETTING","","","","","","","","","","",""
334,"PF Challan","PF-CHALLAN1","NORMAL",523684307782272596,"PF Challan","pf-challan","NATIVE_FORM","","","select TNO,
       COMPANYCODE,
       FINANCIALYEARCODE,
       LOCATIONCODE,
       DOCTYPECODE,
       PFCHALLANNO,
       PFCHALLANDATE,
       FORMONTH,
       PFDEDUCTEDONSALARYHEADCODE,
       PFSALARYHEADCODE,
       RETIREMENTAGE,
       LASTSUBSCRIBER,
       NEWSUBSCRIBER,
       SUBSCRIBERLEFT,
       PFDEDUCTEDONAMOUNT,
       PFAMOUNT,
       EMPLOYERPFACCOUNT01PERCENT,
       EMPLOYERPFACCOUNT10PERCENT,
       EMPLOYERPFACCOUNT21PERCENT,
       EMPLOYEEPFACCOUNT01PERCENT,
       ADMINPFACCOUNT02PERCENT,
       ADMINPFACCOUNT22PERCENT,
       EMPLOYERPFACCOUNT01AMOUNT,
       EMPLOYERPFACCOUNT10AMOUNT,
       EMPLOYERPFACCOUNT21AMOUNT,
       EMPLOYEEPFACCOUNT01AMOUNT,
       ADMINPFACCOUNT02AMOUNT,
       ADMINPFACCOUNT22AMOUNT,
       REMARK,
       DATEOFREMITTANCE,
       REMITTANCEAMOUNT,
       BANKCODE,
       CHEQUENO,
       CHEQUEDATE,
       ADMINPFACCOUNT21AMOUNT,
       ADMINPFACCOUNT21PERCENT,
       INSPECTIONACCOUNT01AMOUNT,
       INSPECTIONACCOUNT02AMOUNT,
       INSPECTIONACCOUNT10AMOUNT,
       INSPECTIONACCOUNT21AMOUNT,
       INSPECTIONACCOUNT22AMOUNT,
       PENALDAMAGEACCOUNT01AMOUNT,
       PENALDAMAGEACCOUNT02AMOUNT,
       PENALDAMAGEACCOUNT10AMOUNT,
       PENALDAMAGEACCOUNT21AMOUNT,
       PENALDAMAGEACCOUNT22AMOUNT,
       MISCELLANEOUSACCOUNT01AMOUNT,
       MISCELLANEOUSACCOUNT02AMOUNT,
       MISCELLANEOUSACCOUNT10AMOUNT,
       MISCELLANEOUSACCOUNT21AMOUNT,
       MISCELLANEOUSACCOUNT22AMOUNT,
       TOTALINSPECTIONAMOUNT,
       TOTALPENALDAMAGEAMOUNT,
       TOTALMISCELLANEOUSAMOUNT,
       CREATIONTIME,
       CREATOR
  from PFCHALLAN","","","","","","","","","",""
336,"Change In Employee","CHANGE-IN-EMPLOYEE","NORMAL",482814242139501412,"Change In Employee","change-in-employee","NATIVE_FORM","","CHANGEINEMPLOYEE","","","","","","","","","","",""
338,"Employee Separation","EMPLOYEE-SEPARATION","NORMAL",526900945705053136,"Employee Separation","employee-separation","NATIVE_FORM","","","select TNO,
       DOCTYPECODE,
       LOCATIONCODE,
       COMPANYCODE,
       FINANCIALYEARCODE,
       RESIGNATIONNO,
       RESIGNATIONDATE,
       RESIGNATIONACCEPTENCEDATE,
       EMPLOYEECODE,
       REASONOFRESIGNATION,
       REMARK,
       NOTICEPERIOD,
       CREATIONTIME,
       CREATOR
  from RESIGNATION","","","","","","","","","",""
340,"Employee Category","EMPLOYEE-CATEGORY1","MODAL",619209799340768837,"Employee Category","employee-category","NATIVE_FORM","","CATEGORY","","","","","","","","","","",""
342,"Leave Scheme","LEAVE-SCHEME","NORMAL",571465404547834144,"Leave Scheme","leave-scheme","NATIVE_FORM","","LEAVESCHEME","","","","","","","","","","",""
344,"Employee Loan Receipt","EMPLOYEE-LOAN-RECEIPT1","NORMAL",572504936426939237,"Employee Loan Receipt","employee-loan-receipt","NATIVE_FORM","","LOANRECEIPT","","","","","","","","","","",""
346,"Employee Loan Relaxation","EMPLOYEE-LOAN-RELAXATION1","NORMAL",618188246277034977,"Employee Loan Relaxation","employee-loan-relaxation","NATIVE_FORM","","LOANRELAXATION","","","","","","","","","","",""
348,"Advance Receipt","ADVANCE-RECEIPT","NORMAL",506396827876528458,"Advance Receipt","advance-receipt","NATIVE_FORM","","ADVANCERECEIPT","","","","","","","","","","",""
350,"Vendor","VENDOR","NORMAL",627388537902866201,"Vendor","vendor","NATIVE_FORM","","","Select
   a.Tno,
   a.VendorCode,
   a.VendorName,
   a.ContactPerSon,
   a.OfficeAddress,
   a.OfficePhoneNo,
   a.OfficeMobileNo,
   a.OfficeEmailID,
   a.Website,
   a.LocationCode,
   a.Remark,
   a.Creator,
   a.CreationTime,
   a.RegistrationNo,
   a.RegistrationDate,
   a.VendorSiteVisitTno,
   a.ApproveByEmployeeCode,
   a.OfficeCityCode,
   a.ModuleCode,
   a.ModuleTno,
   a.OfficeStateCode,
   a.OfficeCountryCode,
   a.OfficePincode,
   a.ContactPersonAddress,
   a.ContactPersonCityCode,
   a.ContactPersonStateCode,
   a.ContactPersonCountryCode,
   a.ContactPersonPincode,
   a.ContactPersonPhoneNo,
   a.ContactPersonMobileNo,
   a.ContactPersonEmailID,
   a.VendorStatusCode,
   a.BusinessNatureCode,
   a.IndustryTypeCode,
   a.VendorCategory,
   a.TaxRegistrationTypeCode,
   a.ImportTno,
   NVL(GETDOCUMENTSTATUSCODE('VENDOR',TNO),'Status') as Status
From Vendor a;
   ","","","","","","","","","",""
352,"GSTR9","GSTR9","NORMAL",575880844382993515,"GSTR9","gstr","NATIVE_FORM","","","select TNO,
       COMPANYCODE,
       FINANCIALYEARCODE,
       LOCATIONCODE,
       DOCTYPECODE,
       GSTR9NO,
       GSTR9DATE,
       FROMDATE,
       TODATE,
       REMARK,
       CREATOR,
       CREATIONTIME,
       LOCATIONWISE,
       GSTINNO
  from GSTR9","","","","","","","","","",""
355,"Task Master","TASK-MASTER","MODAL",64282393234565248,"Task Master","task-master","NATIVE_FORM","","TASK","","","","","","","","","","",""
356,"Task Assignment Master","TASK-ASSIGNMENT-MASTER","MODAL",64331972663764274,"Task Assignment Master","task-assignment-master","NATIVE_FORM","","TASKASSIGNMENT","","","","","","","","","","",""
367,"Item Grade Master","ITEM-GRADE-MASTER","MODAL",602895927472491703,"Item Grade Master","item-grade-master","NATIVE_FORM","","","select TNO,
       ITEMGRADECODE,
       ITEMGRADENAME,
       REMARK,
       CREATIONTIME,
       CREATOR
  from ITEMGRADE","","","","","","","","","",""
369,"Item Length Master","ITEM-LENGTH-MASTER","MODAL",602942572472579742,"Item Length Master","item-length-master","NATIVE_FORM","","","select TNO,
       ITEMLENGTHCODE,
       ITEMLENGTHNAME,
       REMARK,
       CREATIONTIME,
       CREATOR
  from ITEMLENGTH","","","","","","","","","",""
371,"Item Width Master","ITEM-WIDTH-MASTER","MODAL",602995387479680399,"Item Width Master","item-width-master","NATIVE_FORM","","","select TNO,
       ITEMWIDTHCODE,
       ITEMWIDTHNAME,
       REMARK,
       CREATOR,
       CREATIONTIME
  from ITEMWIDTH","","","","","","","","","",""
373,"Item Thickness Master","ITEM-THICKNESS-MASTER","MODAL",603086546295742825,"Item Thickness Master","item-thickness-master","NATIVE_FORM","","","select TNO,
       ITEMTHICKNESSCODE,
       ITEMTHICKNESSNAME,
       REMARK,
       CREATIONTIME,
       CREATOR
  from ITEMTHICKNESS","","","","","","","","","",""
381,"Payment Follow-up Action","PAYMENT-FOLLOW-UP-ACTION","NORMAL",57913541328864957,"Payment Follow-up Action","payment-follow-up-action","NATIVE_FORM","","PAYMENTFOLLOWUPACTION","","","","","","","","","","",""
383,"Proforma Invoice","PROFORMA-INVOICE","NORMAL",19765993410332648,"Proforma Invoice","proforma-invoice","NATIVE_FORM","","","select TNO,
       LOCATIONCODE,
       DOCTYPECODE,
       PINVOICENO,
       PINVOICEDATE,
       COMPANYCODE,
       FINANCIALYEARCODE,
       DEPARTMENTCODE,
       EMPLOYEECODE,
       PARTYCODE,
       AGENTCODE,
       CONSIGNEECODE,
       TRANSPORTERCODE,
       VEHICLETYPECODE,
       FREIGHTTYPECODE,
       DESPATCHCATEGORYCODE,
       OTHERCODE,
       TRANSACTIONTYPECODE,
       NATUREOFSUPPLYCODE,
       FREIGHTUNITCODE,
       CURRENCYUNITCODE,
       DESPATCHTNO,
       DESPATCHADVICETNO,
       SALESORDERTNO,
       PORECEIPTTNO,
       PURCHASEORDERTNO,
       OUTWARDRAKETNO,
       PINVOICETNO,
       FREIGHTCONTRACTTNO,
       INTERUNITTRANSFERTNO,
       LOADINGADVICETNO,
       MARINEINSURANCETNO,
       SOURCELOCATIONTNO,
       DESTINATIONLOCATIONTNO,
       DELIVERYDATE,
       LORRYDATE,
       REMOVALDATE,
       PREPARINGDATE,
       CURRENCYVALUE,
       SUMOFAMOUNT,
       SUMOFFOOTERAMOUNT,
       PINVOICEAMOUNT,
       FREIGHTADVANCE,
       FREIGHTRATE,
       FREIGHTPOSTEDTOSTOCK,
       MARINEINSURANCEAMOUNT,
       ADJUSTEDADVANCEAMOUNT,
       PAIDAMOUNT,
       DEDUCTEDAMOUNT,
       ROUNDINGAMOUNT,
       TOTALADVANCE,
       AMTAGAINSTPBG,
       PERCENTAGAINSTPBG,
       TOTALADVANCEPERCENT,
       ADVANCEPERCENT,
       ADVANCE,
       RUNNINGKM,
       DISTANCE,
       GROSSWEIGHT,
       TAREWEIGHT,
       NETWEIGHT,
       CHALANORINVOICE,
       VEHICLENO,
       DRIVERNAME,
       UNIONNAME,
       LORRYNO,
       TAXVEHICLENO,
       OLDVEHICLENO,
       ISDEPBBILL,
       ITEMWISEFOOTER,
       ISSITEPINVOICE,
       CREATELR,
       ADDBUSINESSPLACE,
       ADDBUSINESSPLACEBUYER,
       GSTINADVANCE,
       SUBJECTTEXT,
       REFERENCETEXT,
       TITLETEXT,
       REMARK,
       LETTERTEXT,
       CREATOR,
       CREATIONTIME,
       MODIFIEDBY,
       MODIFIEDTIME,
       PINVOICEAMOUNTBEFOREROUND,
       STATUS,
       LESSTDSPERCENT,
       LESSTDSAMOUNT,
       AMOUNTAFTERTDS,
       INTRESTONLCPERCENT,
       INTRESTONLCDAYS,
       INTRESTONLCAMOUNT,
       GSTONINTREST
  from PINVOICE","","","","","","","","","",""
415,"Schedule","SCHEDULE","NORMAL",629729115218884213,"Schedule","schedule","NATIVE_FORM","","","select TNO,
       COMPANYCODE,
       SCHEDULECODE,
       SCHEDULENAME,
       SCHEDULEREMARK,
       ACCOUNTGROUPCODE,
       SCHEDULETYPE,
       AUTHORISEDCAPITALAMOUNT,
       SHAREVALUE,
       AUTHORISEDREMARK,
       ITEMGROUPCODE,
       BREAKUPMONTHS,
       SPECIALFORMAT,
       REMARK,
       CREATOR,
       CREATIONTIME,
       SCHEDULENO,
       SERIALNO
  from SCHEDULE","","","","","","","","","",""
418,"TDS Challan ","TDS-CHALLAN","NORMAL",603251585631581279,"TDS Challan","tds-challan","NATIVE_FORM","","","select TNO,
       COMPANYCODE,
       FINANCIALYEARCODE,
       LOCATIONCODE,
       DOCTYPECODE,
       TDSCHALLANNO,
       TDSCHALLANDATE,
       FROMDATE,
       TODATE,
       REMARK,
       CREATOR,
       CREATIONTIME
  from TDSCHALLAN","","","","","","","","","",""
420,"ESI Challan ","ESI-CHALLAN","NORMAL",624558123349769227,"ESI Challan","esi-challan","NATIVE_FORM","","ESICHALLAN","","","","","","","","","","",""
602,"Staff Type Master","STAFF-TYPE-MASTER","MODAL",599661935237284786,"Staff Type  Master","staff-type-master","NATIVE_FORM","","","select TNO,
       STAFFTYPECODE,
       STAFFTYPENAME,
       CREATOR,
       CREATIONTIME,
       REMARK
  from STAFFTYPE","","","","","","","","","",""
604,"Salary Head Master","SALARY-HEAD-MASTER","MODAL",614604263699377615,"Salary Head  Master","salary-head-master","NATIVE_FORM","","","Select a.tno,
       a.salaryheadcode,
       a.salaryheadname,
       a.salaryheadshortname,
       a.salaryheadtype,
       a.isprovisionalsalaryhead,
       a.arrearnocalculation,
       a.remark,
       a.creator,
       A.CREATIONTIME
  From SALARYHEAD a
","","","","","","","","","",""
606,"Leave Master","LEAVE-MASTER","MODAL",629667830689762508,"Leave  Master","leave-master","NATIVE_FORM","","","Select a.tno,
       a.leavecode,
       a.leavename,
       a.leaveshortname,
       a.remark,
       a.creator,
       A.CREATIONTIME
  From leave a
","","","","","","","","","",""
608,"Loan Category Master","LOAN-CATEGORY-MASTER","MODAL",614774839495743452,"Loan Category  Master","loan-category-master","NATIVE_FORM","","","select TNO,
       LOANCATEGORYCODE,
       LOANCATEGORYNAME,
       CREATOR,
       CREATIONTIME,
       REMARK
  from LOANCATEGORY","","","","","","","","","",""
610,"Loan Type Master","LOAN-TYPE-MASTER","MODAL",629940058339276688,"Loan Type  Master","loan-type-master","NATIVE_FORM","","","Select a.tno,
       a.loantypecode,
	 a.loantypename,
	 a.loancategorycode,
	 a.salaryheadcode,
	 a.deductionsalaryheadcode,
	 a.remark,
	 a.creator,
	 a.creationtime
 From loantype a
","","","","","","","","","",""
612,"Salary Head Account","SALARY-HEAD-ACCOUNT1","MODAL",645224310208085813,"Salary Head Account","salary-head-account","NATIVE_FORM","","","Select
      a.tno,
			a.modulecode,
			a.salaryheadaccountcode,
			a.salaryheadcode,
			a.stafftypecode,
			a.categorycode,
			a.accountcode,
			a.companycode,
			a.drcr,
			a.remark,
			a.creator,
			a.creationtime
 From salaryheadaccount a

","","","","","","","","","",""
614,"Qualification Type","QUALIFICATION-TYPE-LIST","MODAL",454353288187916243,"Qualification Type","qualification-type","NATIVE_FORM","","QUALIFICATIONTYPE","","","","","","","","","","",""
616,"Attendence Head Master","ATTENDENCE-HEAD-MASTER","MODAL",630003420981618589,"Salary Head  Master","salary-head-master","NATIVE_FORM","","","Select a.tno,
       a.Attendenceheadcode,
       a.Attendenceheadname,
       a.Attendenceheadshortname,
       a.salaryheadcode,
       a.attendenceunit,
       a.creator,
       A.CREATIONTIME
  From ATTENDENCEHEAD a
  Order By A.TNO Desc","","","","","","","","","",""
618,"Qualification Master","QUALIFICATION-MASTER","MODAL",645504755926988747,"Qualification  Master","qualification-master","NATIVE_FORM","","","Select a.tno,
       a.Qualificationcode,
       a.Qualificationname,
       a.QualificationTypeCode,
       a.remark,
       a.creator
  From Qualification a
  Order By A.TNO Desc","","","","","","","","","",""
620,"ATTENDENCE PERIODICAL","ATTENDENCE-PERIODICAL","NORMAL",465417535697342820,"ATTENDENCE PERIODICAL","attendence-periodical","NATIVE_FORM","","ATTENDENCEPERIODICAL","","","","","","","","","","",""
622,"EMPLOYEE SALARY","EMPLOYEE-SALARY","NORMAL",455139689450756847,"EMPLOYEE SALARY","employee-salary","NATIVE_FORM","","","select a.TNO,
       a.LOCATIONCODE,
       a.DOCTYPECODE,
       a.COMPANYCODE,
       a.FINANCIALYEARCODE,
       a.EMPLOYEESALARYNO,
       a.EMPLOYEESALARYDATE,
       a.EFFECTIVEDATE,
       a.EMPLOYEECODE,
       a.DESIGNATIONCODE,
       a.SALARYSCHEMECODE,
       a.WEEKLYOFFDAY,
       a.OTATTENDENCEHEADCODE,
       a.LEAVESCHEMECODE,
       a.ATTENDENCESCHEMECODE,
       a.REMARK,
       a.SALARYSLIPSCHEMECODE,
       a.MODULECODE,
       a.MODULETNO,
       a.CREATOR,
       a.DATEOFENTRY,
       a.ENTRYDATE,
       NVL(getdocumentstatuscode(getmodulecodeforpageno(:APP_PAGE_ID),A.TNO),'STATUS') AS STATUS
  from EMPLOYEESALARY a","","","","","","","","","",""
624,"SALARY SCHEME","SALARY-SCHEME1","NORMAL",471459800380220447,"SALARY SCHEME","salary-scheme","NATIVE_FORM","","","select TNO,
       SALARYSCHEMECODE,
       SALARYSCHEMENAME,
       REMARK,
       SALARYTYPE,
       WEEKSTARTDAY,
       SALARYHEADCODEDR,
       SALARYHEADCODECR,
       CREATOR,
       CREATIONTIME,
       NVL(GETDOCUMENTSTATUSCODE(GETMODULECODEFORPAGENO(:APP_PAGE_ID),A.TNO),'STATUS') AS STATUS
  from SALARYSCHEME A","","","","","","","","","",""
626,"EmployeeDeductionEarning","EMPLOYEEDE-DUCTION-EARNING","NORMAL",455617432450386695,"EMPLOYEEDE DUCTION EARNING","employeede-duction-earning","NATIVE_FORM","","EMPLOYEEDEDUCTIONEARNING","","","","","","","","","","",""
628,"LOAN SCHEME","LOAN-SCHEME1","NORMAL",487997241580826743,"LOAN SCHEME","loan-scheme","NATIVE_FORM","","","select TNO,
       LOANSCHEMECODE,
       LOANCATEGORYCODE,
       APPLIEDONWARD,
       MINSERVICEDAYS,
       MAXLOANAMOUNT,
       MAXMULTIPLEOFBASIC,
       DOCSUBMISSIONWITHINDAYS,
       MINGUARANTOR,
       NEXTREQUESTAFTERDAYS,
       REMARK,
       CREATOR,
       CREATIONTIME,
       NVL(GETDOCUMENTSTATUSCODE(GETMODULECODEFORPAGENO(:APP_PAGE_ID),A.TNO),'STATUS') AS STATUS
  from LOANSCHEME A","","","","","","","","","",""
630,"LOAN  REQUEST","LOAN-REQUEST1","NORMAL",504700350066686189,"LOAN  REQUEST","loan-request","NATIVE_FORM","","","select TNO,
       COMPANYCODE,
       FINANCIALYEARCODE,
       LOCATIONCODE,
       DOCTYPECODE,
       LOANREQUESTNO,
       LOANREQUESTDATE,
       EMPLOYEECODE,
       LOANTYPECODE,
       LOANAMOUNT,
       MERGEDAMOUNT,
       TOTALAMOUNT,
       INSTALLMENTAMOUNT,
       NOOFINSTALLMENT,
       DEDUCTIONSTARTDATE,
       REMARK,
       MONEYTRANSFERMODECODE,
       MODULETNO,
       MODULECODE,
       MODULESNO,
       CREATOR,
       NVL(GETDOCUMENTSTATUSCODE(GETMODULECODEFORPAGENO(:APP_PAGE_ID),A.TNO),'STATUS') AS STATUS
  from LOANREQUEST A","","","","","","","","","",""
632,"ATTENDENCE","ATTENDENCE1","NORMAL",456465883363448070,"ATTENDENCE","attendence","NATIVE_FORM","","ATTENDENCE","","","","","","","","","","",""
634,"LEAVEREQUEST","LEAVEREQUEST1","NORMAL",458127022558001575,"LEAVEREQUEST","leaverequest","NATIVE_FORM","","LEAVEREQUEST","","","","","","","","","","",""
636,"LOANREQUEST","LOANREQUEST","NORMAL",459260124354213261,"LOANREQUEST","loanrequest","NATIVE_FORM","","LOANREQUEST","","","","","","","","","","",""
639,"LOANSANCTION","LOANSANCTION1","NORMAL",459977136328031195,"LOANSANCTION","loansanction","NATIVE_FORM","","LOANSANCTION","","","","","","","","","","",""
641,"SALARY","SALARY1","NORMAL",471437251447529746,"Salary","salary","NATIVE_FORM","","","select TNO,
       LOCATIONCODE,
       DOCTYPECODE,
       COMPANYCODE,
       FINANCIALYEARCODE,
       SALARYNO,
       SALARYDATE,
       SALARYFROMDATE,
       SALARYTODATE,
       EMPLOYEECODE,
       EMPLOYEESALARYTNO,
       REMARK,
       ARREARDATE,
       ARREARMODULECODE,
       ARREARMODULETNO,
       EMPLOYEESALARYTNOFROMDATE,
       CREATOR,
       DATEOFENTERY,
       EMPLOYEECOMPANYCODE,
       MODULECODE,
       MODULETNO,
       MODULESNO,
       CREATIONTIME,
       DEPARTMENTCODE
  from SALARY
  ","","","","","","","","","",""
643,"ATTENDENCEREVISION","ATTENDENCEREVISION1","NORMAL",462006920485188463,"ATTENDENCEREVISION","attendencerevision","NATIVE_FORM","","ATTENDENCEREVISION","","","","","","","","","","",""
645,"Visitor In Out","VISITOR-IN-OUT","NORMAL",464088983959498642,"Visitor In Out","visitor-in-out","NATIVE_FORM","","","select TNO,
       VISITORINDATE,
       VISITOROUTDATE,
       VISITORINOUTNO,
       LOCATIONCODE,
       DOCTYPECODE,
       VISITORNAME,
       VEHICLENO,
       CONTACTPERSON,
       GATEPASSBYCODE,
       ALLOWEDBYCODE,
       OUTPASSBYCODE,
       COMPANYCODE,
       FINANCIALYEARCODE,
       REMARK,
       FROMCITY,
       PURPOSE,
       CREATOR,
       CONTACTNO,
       IMAGE1,
       CITYCODE,
       PARTYCODE,
       CREATIONTIME,
       NOOFACCOMPNIEDPERSON,
       CONTACTPERSONCODE
  from VISITORINOUT","","","","","","","","","",""
647,"Visitor In Out","VISITOR-IN-OUT1","NORMAL",489439368186953501,"Visitor In Out","visitor-in-out","NATIVE_FORM","","","select TNO,
       VISITORINDATE,
       TO_CHAR(VISITOROUTDATE,'DD-MM-RRRR HH24:MI') AS VISITOROUTDATE,
       VISITORINOUTNO,
       LOCATIONCODE,
       DOCTYPECODE,
       VISITORNAME,
       VEHICLENO,
       CONTACTPERSON,
       GATEPASSBYCODE,
       ALLOWEDBYCODE,
       OUTPASSBYCODE,
       COMPANYCODE,
       FINANCIALYEARCODE,
       REMARK,
       FROMCITY,
       PURPOSE,
       CREATOR,
       CONTACTNO,
       IMAGE1,
       CITYCODE,
       PARTYCODE,
       CREATIONTIME,
       NOOFACCOMPNIEDPERSON,
       CONTACTPERSONCODE
  from VISITORINOUT","","","","","","","","","",""
649,"Reimbursement Policy","REIMBURSEMENT-POLICY","NORMAL",464804708946630288,"Reimbursement Policy","reimbursement-policy","NATIVE_FORM","","","select TNO,
       COMPANYCODE,
       FINANCIALYEARCODE,
       LOCATIONCODE,
       DOCTYPECODE,
       CONVEYANCESCHEMEDATE,
       CONVEYANCESCHEMENO,
       CONVEYANCESCHEMENAME,
       DATEONWARD,
       REMARK,
       CREATOR,
       CREATIONTIME,
       POLICYFORCODE,
       EMPLOYEEGRADE,
       EMPLOYEEGRADECODE
  from CONVEYANCESCHEME","","","","","","","","","",""
652,"On Duty Request","ON-DUTY-REQUEST","NORMAL",464992167365855258,"On Duty Request","on-duty-request","NATIVE_FORM","","","select TNO,
       COMPANYCODE,
       FINANCIALYEARCODE,
       LOCATIONCODE,
       DOCTYPECODE,
       TOURREQUESTNO,
       TOURREQUESTDATE,
       EMPLOYEECODE,
       TRAVELLINGFROMDATE,
       TRAVELLINGTODATE,
       FROMPLACECODE,
       VIAPLACECODE,
       TOPLACECODE,
       PURPOSE,
       TRAVELLINGMODECODE,
       HOTELTYPECODE,
       ESTIMATEDTOURCOST,
       TOURADVANCE,
       REMARK,
       CREATOR,
       CREATIONTIME,
       CONVEYANCESCHEMETNO,
       DISTANCE,
       TRAVELINGMODECODE,
       IMPRESTACCOUNTCODE,
       ACCOUNTCODE,
       MONEYTRANSFERMODECODE,
       MONEYTRANSFERREFERENCENO,
       TRANSACTIONTYPECODE,
       NATUREOFSUPPLYCODE,
       CONVEYANCETYPECODE,
       MODULECODE,
       MODULETNO
  from TOURREQUEST","","","","","","","","","",""
654,"TRAVELINGMODE","TRAVELINGMODE","NORMAL",465040906701892506,"TRAVELINGMODE","travelingmode","NATIVE_FORM","","TRAVELINGMODE","","","","","","","","","","",""
656,"EXPENSETYPE","EXPENSETYPE1","MODAL",655933056525559955,"EXPENSETYPE","expensetype","NATIVE_FORM","","","Select TNO,
    EXPENSETYPECODE,
    EXPENSETYPENAME,
    REMARK,
    CREATOR,
    CREATIONTIME
  From EXPENSETYPE a
","","","","","","","","","",""
658,"OD Request On Special Approval","OD-REQUEST-ON-SPECIAL-APPROVAL","NORMAL",491339254028018048,"On Duty Request","on-duty-request","NATIVE_FORM","","","select TNO,
        COMPANYCODE,
        FINANCIALYEARCODE,
        LOCATIONCODE,
        DOCTYPECODE,
        TOURREQONSPECIALAPPROVALNO,
        TOURREQONSPECIALAPPROVALDATE,
        TOURREQUESTTNO,
        HOTELNAME,
        HOTELDETAIL,
        TOTALEXPENSEAMOUNT,
        BALANCEAMOUNT,
        TOTALSELFAMOUNT,
        TOTALCOMPANYAMOUNT,
        REMARK,
        CREATOR,
        CREATIONTIME,
        CONVEYANCESCHEMETNO
  from TOURREQUESTONSPECIALAPPROVAL","","","","","","","","","",""
660,"Reimbursement Claim","REIMBURSEMENT-CLAIM-LIST","NORMAL",465941060729663130,"Reimbursement Claim","reimbursement-claim","NATIVE_FORM","","TOUREXPENSE","","","","","","","","","","",""
662,"CONVEYANCETYPE","CONVEYANCETYPE1","MODAL",683048683365768286,"CONVEYANCETYPE","conveyancetype","NATIVE_FORM","","","select TNO,
       CONVEYANCETYPECODE,
       CONVEYANCETYPENAME,
       REMARK,
       CREATOR,
       CREATIONTIME
  from CONVEYANCETYPE","","","","","","","","","",""
664,"PARTYATTRIBUTE","PARTYATTRIBUTE1","MODAL",710586995895790370,"PARTYATTRIBUTE","partyattribute","NATIVE_FORM","","","select PARTYATTRIBUTECODE,
       PARTYATTRIBUTENAME,
       REMARK,
       TNO,
       CREATOR,
       ATTACHMENTMANDATORY,
       OLDTNO,
       CREATIONTIME
  from PARTYATTRIBUTE","","","","","","","","","",""
666,"Asset Opening","ASSET-OPENING1","NORMAL",485627534022166338,"Asset Opening","asset-opening","NATIVE_FORM","","","select TNO,
       COMPANYCODE,
       FINANCIALYEARCODE,
       LOCATIONCODE,
       DOCTYPECODE,
       ASSETDATE,
       ITEMCODE,
       ITEMSPECIFICATIONCODE,
       DESCRIPTION,
       QUANTITY1,
       QUANTITY2,
       ASSETVALUE,
       CADEPRICIATEDVALUE,
       ITDEPRICIATEDVALUE,
       ASSETCOMPONENTSNO,
       REMARK,
       WORKCENTRECODE,
       ASSETCODEPREFIX,
       ASSETCODESTARTNO,
       ASSETNO,
       ACCOUNTCODE,
       DEPRECIATEDAMOUNT,
       CREATOR,
       CREDITACCOUNTCODE,
       MODULECODE,
       MODULETNO,
       OPENINGREVISED,
       REMAININGUSEFULLIFEINMONTHS,
       RESIDUALVALUE,
       CREATIONTIME,
       EQUIPMENTTNO,
       ORIGINALPURCHASEDATE,
       COSTCENTRECODE,
       PHYSICALSTATUS,
       TAXCODE,
       DEACTIVATEDATE,
       DEACTIVATEMODULECODE,
       DEACTIVATEMODULETNO,
       READYTOUSE,
       ITCAVAILEDAMOUNT,
       ITCAVAILED,
       PURCHASEDATE,
       ASSETCATEGORYCODE,
       OLDCOSTCENTRECODE,
       NARRATION
  from ASSET","","","","","","","","","",""
668,"Asset Category Master","ASSET-CATEGORY-MASTER","MODAL",741358946498678535,"ASSET CATEGPRY MASTER","asset-categpry-master","NATIVE_FORM","","","select TNO,
       ASSETCATEGORYCODE,
       ASSETCATEGORYNAME,
       PARENTCODE,
       REMARK,
       creator,
       creationtime
  from ASSETCATEGORY","","","","","","","","","",""
670,"Asset Sale","ASSET-SALE","NORMAL",469815710468328916,"Asset Sale","asset-sale","NATIVE_FORM","","","select TNO,
       COMPANYCODE,
       FINANCIALYEARCODE,
       LOCATIONCODE,
       DOCTYPECODE,
       ASSETSALENO,
       ASSETSALEDATE,
       ASSETTNO,
       PARTYCODE,
       PLACCOUNTCODE,
       SALEAMOUNT,
       PROFITAMOUNT,
       REMARK,
       CREATIONTIME,
       CREATOR
  from ASSETSALE","","","","","","","","","",""
672,"Asset Discard","ASSET-DISCARD1","NORMAL",501539540993554872,"Asset Discard","asset-discard","NATIVE_FORM","","","select TNO,
       COMPANYCODE,
       FINANCIALYEARCODE,
       LOCATIONCODE,
       DOCTYPECODE,
       ASSETDISCARDNO,
       ASSETDISCARDDATE,
       ITEMCODE,
       ITEMSPECIFICATIONCODE,
       DESCRIPTION,
       QUANTITY1,
       QUANTITY2,
       FROMWORKCENTRECODE,
       TOITEMCODECODE,
       TOITEMSPECIFICATIONCODE,
       TODESCRIPTION,
       REMARK,
       TOITEMCODE,
       TOQUANTITY1,
       TOQUANTITY2,
       TOSTORAGELOCATIONCODE,
       ASSETVALUE,
       CREATOR,
       STOCKACCOUNTCODE,
       ASSETACCOUNTCODE,
       DEPRECIATEDAMOUNT,
       NETVALUE,
       CREATIONTIME,
       NARRATION
  from ASSETDISCARD","","","","","","","","","",""
675,"Asset","ASSET","NORMAL",518354183845539446,"Asset","asset","NATIVE_FORM","","","select TNO,
       COMPANYCODE,
       FINANCIALYEARCODE,
       LOCATIONCODE,
       DOCTYPECODE,
       ASSETDATE,
       ITEMCODE,
       ITEMSPECIFICATIONCODE,
       DESCRIPTION,
       QUANTITY1,
       QUANTITY2,
       ASSETVALUE,
       CADEPRICIATEDVALUE,
       ITDEPRICIATEDVALUE,
       ASSETCOMPONENTSNO,
       REMARK,
       WORKCENTRECODE,
       ASSETCODEPREFIX,
       ASSETCODESTARTNO,
       ASSETNO,
       ACCOUNTCODE,
       DEPRECIATEDAMOUNT,
       CREATOR,
       CREDITACCOUNTCODE,
       MODULECODE,
       MODULETNO,
       OPENINGREVISED,
       REMAININGUSEFULLIFEINMONTHS,
       RESIDUALVALUE,
       CREATIONTIME,
       EQUIPMENTTNO,
       ORIGINALPURCHASEDATE,
       COSTCENTRECODE,
       PHYSICALSTATUS,
       TAXCODE,
       DEACTIVATEDATE,
       DEACTIVATEMODULECODE,
       DEACTIVATEMODULETNO,
       READYTOUSE,
       ITCAVAILEDAMOUNT,
       ITCAVAILED,
       PURCHASEDATE,
       ASSETCATEGORYCODE,
       OLDCOSTCENTRECODE,
       NARRATION
  from ASSET","","","","","","","","","",""
677,"Depreciation","DEPRECIATION","NORMAL",472509697165017025,"Depreciation","depreciation","NATIVE_FORM","","","select TNO,
       LOCATIONCODE,
       DOCTYPECODE,
       COMPANYCODE,
       FINANCIALYEARCODE,
       DEPRECIATIONNO,
       DEPRECIATIONDATE,
       TILLDATE,
       ASSETWDV,
       DEPRECIATIONAMOUNT,
       NARRATION,
       REMARK,
       CREATIONTIME,
       CREATOR
  from DEPRECIATION","","","","","","","","","",""
679,"Asset Category Depreciation Rate List","ASSET-CATEGORY-DEPRECIATION-RATE-LIST","NORMAL",473299818336248324,"Asset Category Depreciation Rate List","asset-category-depreciation-rate-list","NATIVE_FORM","","","select TNO,
       COMPANYCODE,
       FINANCIALYEARCODE,
       LOCATIONCODE,
       DOCTYPECODE,
       ASSETCATEGORYDEPRATENO,
       ASSETCATEGORYDEPRATEDATE,
       EFFECTIVEDATE,
       REMARK,
       CREATOR,
       CREATIONTIME
  from ASSETCATEGORYDEPRATE","","","","","","","","","",""
682,"Salary Voucher","SALARY-VOUCHER","NORMAL",480019947996426070,"Salary Voucher","salary-voucher","NATIVE_FORM","","","select TNO,
       LOCATIONCODE,
       DOCTYPECODE,
       COMPANYCODE,
       FINANCIALYEARCODE,
       SALARYVOUCHERNO,
       SALARYVOUCHERDATE,
       REMARK,
       SALARYFROMDATE,
       SALARYTODATE,
       ACCOUNTCODEPAYABLE,
       NARRATION,
       STAFFTYPECODE,
       ARREARDATE,
       CREATIONTIME,
       CREATOR
  from SALARYVOUCHER","","","","","","","","","",""
684,"Salary Payment Advice List","SALARY-PAYMENT-ADVICE-LIST","NORMAL",480414056821038768,"Salary Payment Advice","salary-payment-advice","NATIVE_FORM","","SALARYPAYMENTADVICE","","","","","","","","","","",""
686,"Hold Salary","HOLD-SALARY","NORMAL",482219142922012787,"Hold Salary","hold-salary","NATIVE_FORM","","HOLDSALARY","","","","","","","","","","",""
688,"Un-Hold Salary List","UN-HOLD-SALARY-LIST","NORMAL",483006093624074941,"Un-Hold Salary","un-hold-salary","NATIVE_FORM","","","select TNO,
       COMPANYCODE,
       FINANCIALYEARCODE,
       LOCATIONCODE,
       DOCTYPECODE,
       UNHOLDSALARYNO,
       UNHOLDSALARYDATE,
       SALARYFROMDATE,
       SALARYTODATE,
       EMPLOYEECODE,
       REASON,
       REMARK,
       CREATOR,
       CREATIONTIME,
       HOLDSALARYTNO
  from UNHOLDSALARY","","","","","","","","","",""
690,"Opening Leave","OPENING-LEAVE","NORMAL",485110558148621993,"Opening Leave","opening-leave","NATIVE_FORM","","OPENINGLEAVE","","","","","","","","","","",""
692,"Asset Transfer","ASSET-TRANSFER","NORMAL",487606855020841529,"Asset Transfer","asset-transfer","NATIVE_FORM","","","select TNO,
       COMPANYCODE,
       FINANCIALYEARCODE,
       LOCATIONCODE,
       DOCTYPECODE,
       ASSETTRANSFERNO,
       ASSETTRANSFERDATE,
       ITEMCODE,
       ITEMSPECIFICATIONCODE,
       DESCRIPTION,
       QUANTITY1,
       QUANTITY2,
       REMARK,
       CREATOR,
       WORKCENTRECODE,
       ACCOUNTCODE,
       ASSETCODEPREFIX,
       ASSETCODESTARTNO,
       ASSETVALUE,
       DEPRECIATEDAMOUNT,
       NETVALUE,
       CREATIONTIME
  from ASSETTRANSFER","","","","","","","","","",""
694,"Opening Loan","OPENING-LOAN","NORMAL",488080735302777811,"Opening Loan","opening-loan","NATIVE_FORM","","","select TNO,
       COMPANYCODE,
       FINANCIALYEARCODE,
       LOCATIONCODE,
       DOCTYPECODE,
       OPENINGLOANDATE,
       OPENINGLOANNO,
       EMPLOYEECODE,
       REMARK,
       CREATIONTIME,
       CREATOR
  from OPENINGLOAN","","","","","","","","","",""
696,"Full and Final","FULL-AND-FINAL","NORMAL",488186619061126166,"Full and Final","full-and-final","NATIVE_FORM","","","select TNO,
       DOCTYPECODE,
       LOCATIONCODE,
       COMPANYCODE,
       FINANCIALYEARCODE,
       FULLANDFINALNO,
       FULLANDFINALDATE,
       RESIGNATIONACCEPTENCEDATE,
       EMPLOYEECODE,
       STATUTORYRATE,
       EMPLOYEECONTRIBUTION,
       MONEYTRANSFERMODECODE,
       BANKCODE,
       REASONOFRESIGNATION,
       SALARYFROMDATE,
       SALARYTODATE,
       LEAVESALARYAMOUNT,
       VISA,
       GRATUITYAMOUNT,
       BONUSAMOUNT,
       LTAAMOUNT,
       MEDICALAMOUNT,
       SECURITYDEPOSITEAMOUNT,
       GRATUITYDAYS,
       NARRATION,
       OTHERAMOUNT,
       NOCDATE,
       NOCNO,
       ATTACHMENTFILENAME,
       REMARK,
       CREATOR,
       CREATIONTIME,
       DATEOFLEAVING,
       NOTICEPERIODREMAININGDAYS,
       BASICSALARY,
       DEDUCTIONRATE,
       DEDUCTIONAMOUNT,
       ISGRATUITYALLOWED,
       ISDEDUCTIONALLOWED,
       NOTICEPERIODFROMTERMINATION,
       EARNINGAMOUNT,
       REFERENCEMODULE,
       ISALLOWEDPAYMENT,
       NETPAYABLE,
       ISALLOWSALARY,
       NETBASICSALARY,
       NETGRATUITYAMOUNT,
       LEAVEINCASH,
       OTHER,
       LOAN,
       TOOL,
       UNIFORMPERIOD,
       OTHERDEDUCTION
  from FULLANDFINAL","","","","","","","","","",""
702,"Sales Enquiry","SALES-ENQUIRY","NORMAL",1192151567483897500,"General","general","NATIVE_FORM","","","select TNO,
       COMPANYCODE,
       FINANCIALYEARCODE,
       LOCATIONCODE,
       DOCTYPECODE,
       DEPARTMENTCODE,
       EMPLOYEECODE,
       SALESENQUIRYNO,
       SALESENQUIRYDATE,
       DELIVERYDATE,
       CURRENCYUNITCODE,
       CURRENCYVALUE,
       WORKORDERTNO,
       PARTYCODE,
       AGENTCODE,
       QUOTATIONTNO,
       RATECONTRACTTNO,
       DELIVERYORDERTNO,
       INDENTTNO,
       SUMOFAMOUNT,
       SUMOFFOOTERAMOUNT,
       SALESENQUIRYAMOUNT,
       SUBJECTTEXT,
       REFERENCETEXT,
       LETTERTEXT,
       TITLETEXT,
       REMARK,
       ITEMWISEFOOTER,
       CONSIGNEECODE,
       PARTYSALESENQUIRYNO,
       PARTYSALESENQUIRYDATE,
       VALIDITYUPTODATE,
       CREATIONTIME,
       CREATOR,
       salesemployeecode,
       TRADETYPECODE,
       CONTACTPERSONNAME,
       CONTACTPERSONCONTACTNO
  from SALESENQUIRY","","","","","","","","","",""
702,"Sales Enquiry","SALES-ENQUIRY","NORMAL",1196659459649048212,"E-Mail","e-mail","NATIVE_FORM","","","select TNO,
       MODULETNO,
       MODULESNO,
       MODULESN,
       MODULECODE,
      -- MODULETABLENAME,
      -- MODULESERIALNO,
       ATTRIBUTECODE,
       ATTRIBUTEVALUE,
      -- DESCRIPTION,
      -- ATTACHMENTBLOB,
      decode( nvl(FileName, 'NULL'), 'NULL', 'NO', 'YES') as FILENAME,
      -- MIMETYPE,
       REMARK
  from MODULEATTACHMENT
  where tno = :P702_TNO","","","","","","","","","",""
705,"Sales Quotation","SALES-QUOTATION","NORMAL",1100566559638882663,"General","general","NATIVE_FORM","","","select TNO,
       COMPANYCODE,
       FINANCIALYEARCODE,
       LOCATIONCODE,
       DOCTYPECODE,
       PARTYQUOTATIONNO,
       PARTYQUOTATIONDATE,
       PARTYCODE,
       EMPLOYEECODE,
       VALIDITYDATE,
       CURRENCYUNITCODE,
       CURRENCYVALUE,
       SUMOFAMOUNT,
       SUMOFFOOTER,
       SUBJECTTEXT,
       REFERENCETEXT,
       LETTERTEXT,
       TITLETEXT,
       ITEMWISEFOOTER,
       REMARK,
       SUMOFFOOTERAMOUNT,
       SALESQUOTATIONNO,
       SALESQUOTATIONDATE,
       SALESQUOTATIONAMOUNT,
       SALESENQUIRYTNO,
       AGENTCODE,
       CONSIGNEECODE,
       VALIDITYUPTODATE,
       CREATIONTIME,
       CREATOR,
       REVISIONSALESQUOTATIONTNO,
       roundingamount
  from SALESQUOTATION","","","","","","","","","",""
705,"Sales Quotation","SALES-QUOTATION","NORMAL",1105074451804033375,"E-Mail","e-mail","NATIVE_FORM","","","select TNO,
       MODULETNO,
       MODULESNO,
       MODULESN,
       MODULECODE,
      -- MODULETABLENAME,
      -- MODULESERIALNO,
       ATTRIBUTECODE,
       ATTRIBUTEVALUE,
      -- DESCRIPTION,
      -- ATTACHMENTBLOB,
      decode( nvl(FileName, 'NULL'), 'NULL', 'NO', 'YES') as FILENAME,
      -- MIMETYPE,
       REMARK
  from MODULEATTACHMENT
  where tno = :P705_TNO","","","","","","","","","",""
706,"Sales Enquiry","SALES-ENQUIRY1","NORMAL",1045101183995273219,"General","general","NATIVE_FORM","","","select TNO,
       COMPANYCODE,
       FINANCIALYEARCODE,
       LOCATIONCODE,
       DOCTYPECODE,
       DEPARTMENTCODE,
       EMPLOYEECODE,
       SALESENQUIRYNO,
       SALESENQUIRYDATE,
       DELIVERYDATE,
       CURRENCYUNITCODE,
       CURRENCYVALUE,
       WORKORDERTNO,
       PARTYCODE,
       AGENTCODE,
       QUOTATIONTNO,
       RATECONTRACTTNO,
       DELIVERYORDERTNO,
       INDENTTNO,
       SUMOFAMOUNT,
       SUMOFFOOTERAMOUNT,
       SALESENQUIRYAMOUNT,
       SUBJECTTEXT,
       REFERENCETEXT,
       LETTERTEXT,
       TITLETEXT,
       REMARK,
       ITEMWISEFOOTER,
       CONSIGNEECODE,
       PARTYSALESENQUIRYNO,
       PARTYSALESENQUIRYDATE,
       VALIDITYUPTODATE,
       CREATIONTIME,
       CREATOR
  from SALESENQUIRY","","","","","","","","","",""
706,"Sales Enquiry","SALES-ENQUIRY1","NORMAL",1049609076160423931,"E-Mail","e-mail","NATIVE_FORM","","","select TNO,
       MODULETNO,
       MODULESNO,
       MODULESN,
       MODULECODE,
      -- MODULETABLENAME,
      -- MODULESERIALNO,
       ATTRIBUTECODE,
       ATTRIBUTEVALUE,
      -- DESCRIPTION,
      -- ATTACHMENTBLOB,
      decode( nvl(FileName, 'NULL'), 'NULL', 'NO', 'YES') as FILENAME,
      -- MIMETYPE,
       REMARK
  from MODULEATTACHMENT
  where tno = :P706_TNO","","","","","","","","","",""
708,"Purchase Enquiry ","PURCHASE-ENQUIRY","NORMAL",180243407010702162,"Enquiry","enquiry","NATIVE_FORM","","","select a.TNO,
       a.COMPANYCODE,
       a.FINANCIALYEARCODE,
       a.LOCATIONCODE,
       a.DOCTYPECODE,
       a.ENQUIRYNO,
       a.ENQUIRYDATE,
       a.GENERATEDFOR,
       a.REMARK,
       a.SUBJECT,
       a.LETTERTEXT,
       a.HEADLINEMESSAGE,
       a.EMPLOYEECODE,
       a.CREATOR,
       a.PURCHASEPRIFRENCELOCATIONCODE,
       a.CREATIONTIME,
       NVL(getdocumentstatuscode('ENQUIRY', a.TNO),'STATUS') AS Status
  from ENQUIRY a--, ENQUIRYPARTYDETAIL b, VENDOR c
  --WHERE a.TNO = b.TNO (+)
 -- AND b.PARTYCODE = c.VENDORCODE (+);","","","","","","","","","",""
710,"Purchase Quotation","PURCHASE-QUOTATION","NORMAL",364558321585483094,"Quotation","quotation","NATIVE_FORM","","","select TNO,
       COMPANYCODE,
       FINANCIALYEARCODE,
       LOCATIONCODE,
       DOCTYPECODE,
       QUOTATIONNO,
       QUOTATIONDATE,
       PARTYCODE,
       VALIDITYDATE,
       CURRENCYUNITCODE,
       CURRENCYVALUE,
       ENQUIRYTNO,
       SUMOFAMOUNT,
       QUOTATIONAMOUNT,
       SUBJECTTEXT,
       REFERENCETEXT,
       LETTERTEXT,
       TITLETEXT,
       ITEMWISEFOOTER,
       REMARK,
       EMPLOYEECODE,
       SUMOFFOOTERAMOUNT,
       PARTYQUOTATIONNO,
       PARTYQUOTATIONDATE,
       CREATOR,
       FREIGHTTYPECODE,
       REVISIONQUOTATIONTNO,
       CONTACTPERSON,
       CONTACTNO,
       DESIGNATION,
       CREATIONTIME,
       MODULETNO,
       MODULECODE,
       TRANSACTIONTYPECODE,
       NATUREOFSUPPLYCODE,
       CREDITDAYS,
       VALIDITYDAYS,
       NVL(getdocumentstatuscode('QUOTATION',TNO),'STATUS') AS Status
  from QUOTATION","","","","","","","","","",""
712,"Comparative Statement","COMPARATIVE-STATEMENT","NORMAL",364920311325722292,"Comparative Statement","comparative-statement","NATIVE_FORM","","COMPARATIVESTATEMENT","","","","","","","","","","",""
714,"Rate Contract","RATE-CONTRACT","NORMAL",1000355565139502280,"General","general","NATIVE_FORM","","","select TNO,
       COMPANYCODE,
       FINANCIALYEARCODE,
       LOCATIONCODE,
       DOCTYPECODE,
       DEPARTMENTCODE,
       EMPLOYEECODE,
       RATECONTRACTNO,
       RATECONTRACTDATE,
       CURRENCYUNITCODE,
       CURRENCYVALUE,
       WORKORDERTNO,
       PARTYCODE,
       SUMOFAMOUNT,
       RATECONTRACTAMOUNT,
       SUBJECTTEXT,
       REFERENCETEXT,
       LETTERTEXT,
       TITLETEXT,
       REMARK,
       ITEMWISEFOOTER,
       EXPIRYDATE,
       SUMOFFOOTERAMOUNT,
       CREATOR,
       CREATIONTIME,
       TRANSACTIONTYPECODE,
       NATUREOFSUPPLYCODE
  from RATECONTRACT","","","","","","","","","",""
716,"Process Routing Master","PROCESS-ROUTING-MASTER","NORMAL",913986840758996031,"Process Routing","process-routing-2","NATIVE_FORM","","PROCESSROUTING","","","","","","","","","","",""
718,"Process TAT Master","PROCESS-TAT-MASTER","NORMAL",922445510758753288,"Process TAT","process-tat","NATIVE_FORM","","PROCESSTAT","","","","","","","","","","",""
720,"Process Escalation","PROCESS-ESCALATION","NORMAL",239546397393172800,"Process Escalation","process-escalation","NATIVE_FORM","","","select TNO,
       PROCESSESCALATIONCODE,
       PROCESSESCALATIONNAME,
       PROCESSROUTINGTNO,
       REMARK,
       CREATOR,
       CREATIONTIME
  from PROCESSESCALATION","","","","","","","","","",""
1063,"Attachment","SHARED-ATTACHMENT","MODAL",2873813392493361501,"Party Attachment","party-attachment","NATIVE_FORM","","","select a.TNO,
      -- a.SNO,
       --a.DESCRIPTION,
       A.MODULETNO,
       A.MODULESNO,
       A.ATTRIBUTECODE,
       A.ATTRIBUTEVALUE,
       a.ATTACHMENTBLOB,
       a.FILENAME,
       trunc(sysdate) as Creationdate,
       a.mimetype
       /*CASE
              WHEN upper(A.FILENAME) LIKE '%DOCX%' then
               'application/vnd.openxmlformats-officedocument.wordprocessingml.document'
              WHEN upper(A.FILENAME) LIKE '%DOC' then
               'application/msword'
              when UPPER(a.filename) like '%JPG' then
               'image/jpeg'
              when UPPER(a.filename) like '%JPEG' then
               'image/jpeg'
              when UPPER(a.filename) like '%PDF' then
                'application/pdf'
              when UPPER(a.filename) like '%TXT' then
                'text/plain'
              when UPPER(a.filename) like '%XLS' then
                'application/vnd.ms-excel'
              when UPPER(a.filename) like '%XLSX' then
                'application/vnd.openxmlformats-officedocument.spreadsheetml.sheet'
              when UPPER(a.filename) like '%PPT' then
                'application/vnd.ms-powerpoint'
              when UPPER(a.filename) like '%PPTX' then
                'application/vnd.openxmlformats-officedocument.presentationml.presentation'
              when UPPER(a.filename) like '%PNG' then
               'image/png'
              when UPPER(a.filename) like '%TIF%' then
               'image/tiff'
            end mimetype
          */
  from MODULEATTACHMENT a
  WHERE  A.MODULESNO = :P1063_MODULESNO
  /*
  union all
  select a.TNO,
      -- a.SNO,
       --a.DESCRIPTION,
       A.TNO as ModuleTno,
       A.SNO as ModuleSno,
       A.ATTRIBUTECODE,
       A.ATTRIBUTEVALUE,
       a.ATTACHMENTBLOB,
       a.FILENAME,
       trunc(sysdate) as Creationdate,
       a.mimetype
       CASE
              WHEN upper(A.FILENAME) LIKE '%DOCX%' then
               'application/vnd.openxmlformats-officedocument.wordprocessingml.document'
              WHEN upper(A.FILENAME) LIKE '%DOC' then
               'application/msword'
              when UPPER(a.filename) like '%JPG' then
               'image/jpeg'
              when UPPER(a.filename) like '%JPEG' then
               'image/jpeg'
              when UPPER(a.filename) like '%PDF' then
                'application/pdf'
              when UPPER(a.filename) like '%TXT' then
                'text/plain'
              when UPPER(a.filename) like '%XLS' then
                'application/vnd.ms-excel'
              when UPPER(a.filename) like '%XLSX' then
                'application/vnd.openxmlformats-officedocument.spreadsheetml.sheet'
              when UPPER(a.filename) like '%PPT' then
                'application/vnd.ms-powerpoint'
              when UPPER(a.filename) like '%PPTX' then
                'application/vnd.openxmlformats-officedocument.presentationml.presentation'
              when UPPER(a.filename) like '%PNG' then
               'image/png'
              when UPPER(a.filename) like '%TIF%' then
               'image/tiff'
            end mimetype

  from locationdetail a
  WHERE A.TNO = :P1063_MODULETNO
  AND A.SNO = :P1063_MODULESNO
  */
  ","","","","","","","","","",""
