"PAGE_ID","PAGE_NAME","PAGE_ALIAS","PLUG_DISPLAY_SEQUENCE","REGION_NAME","REGION_STATIC_ID","PLUG_SOURCE_TYPE","REGION_SOURCE_01","REGION_SOURCE_02","REGION_SOURCE_03","REGION_SOURCE_04"
906,"Location Profitability","LOCATION-PROFITABILITY",5,"Location Profitability","command-header","NATIVE_SQL_REPORT","Select '<div class=""ds-fin-head"">'
    /* Monthly is driven by a financial year, so the year holding From
       Date is looked up and passed instead of the range. If From Date
       falls outside every defined year nothing is passed and that page
       opens on its own default, which is the year holding today. */
    || '<div class=""ds-head-ctas"">'
    || '<a class=""ds-head-cta"" href=""'
       || apex_page.get_url(
            p_page   => 904,
            p_clear_cache => '904',
            p_items  => 'P904_FROMDATE,P904_TODATE,P904_COMPANY',
            p_values => :P906_FROMDATE||','||:P906_TODATE||','||:P906_COMPANY)
       || '""><span class=""fa fa-arrow-left""></span>P and L Summary <b>&larr;</b></a>'
    || '<a class=""ds-head-cta"" href=""'
       || apex_page.get_url(
            p_page   => 905,
            p_clear_cache => '905',
            p_items  => 'P905_FINYEAR,P905_COMPANY',
            p_values => (Select Max(f.FinancialYearCode) From FinancialYear f
                          Where to_date(:P906_FROMDATE,'DD-MM-RRRR')
                                Between f.FinancialYearBegin And f.FinancialYearEnd)
                        ||','||:P906_COMPANY)
       || '""><span class=""fa fa-calendar""></span>Monthly <b>&rarr;</b></a>'
    || '</div>'
    || '<div class=""ds-fin-eyebrow"">Finance &middot; General Ledger &middot; Profitability</div>'
    || '<h1 class=""ds-fin-title"">Location Profitability</h1>'
    || '<div class=""ds-fin-sub"">Revenue to PBT for each location, footing to the P and L Summary</div>'
    || '<div class=""ds-fin-context"">'
    || '<span class=""ds-fin-chip""><span class=""fa fa-calendar""></span>Period <b>'
       || :P906_FROMDATE || ' &rarr; ' || :P906_TODATE || '</b></span>'
    || '<span class=""ds-fin-chip""><span class=""fa fa-calendar-check-o""></span>Financial Year <b>'
       || nvl((Select f.FinancialYearCode From FinancialYear f
                Where to_date(:P906_FROMDATE,'DD-MM-RRRR')
                      Between f.FinancialYearBegin And f.FinancialYearEnd),'outside any defined year')
       || '</b></span>'
    || '<span class=""ds-fin-chip""><span class=""fa fa-building-o""></span>Company <b>'
       || apex_escape.html(nvl((Select c.CompanyName From Company c Where c.CompanyCode = :P906_COMPANY),'All companies')) || '</b></span>'
    || '</div></div>' As HEAD
  From dual","","",""
906,"Location Profitability","LOCATION-PROFITABILITY",10,"Filters","filter-bar","NATIVE_STATIC","","","",""
906,"Location Profitability","LOCATION-PROFITABILITY",30,"Profitability by Location","location-grid","NATIVE_SQL_REPORT","/* One row per location, the same buckets page 705 uses.

   Real report columns rather than assembled HTML - a fourteen-column
   table exceeds the 4000-byte VARCHAR2 limit this database runs with,
   and real columns bring sorting and Download anyway. Row weight for
   the Total line is carried by a marker span and applied with :has().

   A location appears only if it has P and L movement. One with nothing
   but balance-sheet postings has no profitability to report, and
   listing it with zeros would read as ""this location broke even"". */
With Carry As (Select v.Tno From Voucher v Where v.VoucherNo = 'OPENING'),
     Src As (
       Select p.PartyCode Acct,
              Connect_By_Root p.NatureOfAccountCode RootNat,
              regexp_substr(Sys_Connect_By_Path(p.PartyCode,'/'),'[^/]+',1,2) L2,
              regexp_substr(Sys_Connect_By_Path(p.PartyCode,'/'),'[^/]+',1,3) Bucket
         From Party p Start With p.ParentCode Is Null
       Connect By Prior p.PartyCode = p.ParentCode),
     Mv As (
       Select d.LocationCode Loc, d.AccountCode Acct, Sum(nvl(d.Amount,0)) Amt
         From VoucherDetail d
        Where d.VoucherDate >= to_date(:P906_FROMDATE,'DD-MM-RRRR')
          And d.VoucherDate <  to_date(:P906_TODATE,'DD-MM-RRRR') + 1
          And d.Tno Not In (Select Tno From Carry)
          And (cast(null as varchar2(100)) Is Null Or cast(null as varchar2(100)) = cast(null as varchar2(100)))
          And (null   Is Null Or cast(null as varchar2(100))       = null)
          And (:P906_COMPANY Is Null Or d.CompanyCode = :P906_COMPANY)
        Group By d.LocationCode, d.AccountCode),
     B As (
       Select m.Loc,
              Case When s.L2 = 'INCOME'       Or s.RootNat = 'INCOME'    Then 'REVENUE'
                   When s.Bucket = 'DIRECTCOST'                         Then 'DIRECT'
                   When s.Bucket = 'DEPRECIATION'                       Then 'DEPN'
                   When s.Bucket = '4892'                               Then 'FIN'
                   When s.Bucket = '7481'                               Then 'TAX'
                   When s.L2 = 'EXPENDITURES' Or s.RootNat = 'EXPENSES' Then 'OPEX'
              End Bkt, m.Amt
         From Mv m Join Src s On s.Acct = m.Acct),
     P As (
       Select Loc,
              nvl(Sum(Case When Bkt='REVENUE' Then Amt End),0) Rev,
              nvl(Sum(Case When Bkt='DIRECT'  Then Amt End),0) Dir,
              nvl(Sum(Case When Bkt='OPEX'    Then Amt End),0) Opx,
              nvl(Sum(Case When Bkt='DEPN'    Then Amt End),0) Dep,
              nvl(Sum(Case When Bkt='FIN'     Then Amt End),0) Fin,
              nvl(Sum(Case When Bkt='TAX'     Then Amt End),0) Tax
         From B Where Bkt Is Not Null Group By Loc),
     /* the Total row is computed from the same set, not by adding up
        the printed rows - rounding to two decimals eleven times over
        would not foot */
     R As (
       Select 1 Ord, p.Loc, nvl(l.LocationName, nvl(p.Loc,'(no location)')) Nm,
              p.Rev, p.Dir, p.Opx, p.Dep, p.Fin, p.Tax
         From P p Left Join Location l On l.LocationCode = p.Loc
       Union All
       Select 2, Cast(Null As Varchar2(30)), 'TOTAL',
              Sum(Rev), Sum(Dir), Sum(Opx), Sum(Dep), Sum(Fin), Sum(Tax)
         From P)
Select r.Ord As SEQ,
       Case When r.Ord = 2
            Then '<span class=""ds-pnl-rowtag ds-pnl-bottom""></span>TOTAL'
            Else '<a href=""'
                 || apex_page.get_url(p_page => 904, p_clear_cache => '904',
                      p_items  => 'P904_FROMDATE,P904_TODATE,P904_COMPANY,P904_LOCATION',
                      p_values => :P906_FROMDATE || ',' || :P906_TODATE || ','
                                  || :P906_COMPANY || ',' || r.Loc)
                 || '"" target=""_blank"" rel=""noopener"">' || apex_escape.html(r.Nm) || '</a>'
       End                                                          ","As LOCATION,
       to_char(Round(r.Rev/10000000,2),'FM999G990D00')              As REVENUE,
       to_char(Round(-r.Dir/10000000,2),'FM999G990D00')             As DIRECT_COST,
       to_char(Round((r.Rev+r.Dir)/10000000,2),'FM999G990D00')      As CONTRIBUTION,
       Case When r.Rev > 100000 And Abs((r.Rev+r.Dir)/r.Rev) < 10
            Then to_char(Round((r.Rev+r.Dir)/r.Rev*100,1),'FM990D0') || '%'
            Else '&mdash;' End                                      As CONTRIBUTION_PCT,
       to_char(Round(-r.Opx/10000000,2),'FM999G990D00')             As OPERATING_EXPENSE,
       to_char(Round((r.Rev+r.Dir+r.Opx)/10000000,2),'FM999G990D00') As EBITDA,
       Case When r.Rev > 100000 And Abs((r.Rev+r.Dir+r.Opx)/r.Rev) < 10
            Then to_char(Round((r.Rev+r.Dir+r.Opx)/r.Rev*100,1),'FM990D0') || '%'
            Else '&mdash;' End                                      As EBITDA_PCT,
       to_char(Round(-r.Dep/10000000,2),'FM999G990D00')             As DEPRECIATION,
       to_char(Round(-r.Fin/10000000,2),'FM999G990D00')             As FINANCE_COST,
       to_char(Round((r.Rev+r.Dir+r.Opx+r.Dep+r.Fin)/10000000,2),'FM999G990D00') As PBT,
       Case When r.Rev > 100000 And Abs((r.Rev+r.Dir+r.Opx+r.Dep+r.Fin)/r.Rev) < 10
            Then to_char(Round((r.Rev+r.Dir+r.Opx+r.Dep+r.Fin)/r.Rev*100,1),'FM990D0') || '%'
            Else '&mdash;' End                                      As PBT_PCT
  From R r
 Order By r.Ord, r.Rev Desc","",""
906,"Location Profitability","LOCATION-PROFITABILITY",40,"Cross-check","location-check","NATIVE_SQL_REPORT","/* The locations must add up to the whole. Both sides are the same
   ledger, so the difference is an identity, not a tolerance. */
With Carry As (Select v.Tno From Voucher v Where v.VoucherNo = 'OPENING'),
     Src As (
       Select p.PartyCode Acct,
              Connect_By_Root p.NatureOfAccountCode RootNat,
              regexp_substr(Sys_Connect_By_Path(p.PartyCode,'/'),'[^/]+',1,2) L2
         From Party p Start With p.ParentCode Is Null
       Connect By Prior p.PartyCode = p.ParentCode),
     Mv As (
       Select d.AccountCode Acct, Sum(nvl(d.Amount,0)) Amt
         From VoucherDetail d
        Where d.VoucherDate >= to_date(:P906_FROMDATE,'DD-MM-RRRR')
          And d.VoucherDate <  to_date(:P906_TODATE,'DD-MM-RRRR') + 1
          And d.Tno Not In (Select Tno From Carry)
          And (cast(null as varchar2(100)) Is Null Or cast(null as varchar2(100)) = cast(null as varchar2(100)))
          And (null   Is Null Or cast(null as varchar2(100))       = null)
          And (:P906_COMPANY Is Null Or d.CompanyCode = :P906_COMPANY)
        Group By d.AccountCode),
     C As (
       Select Sum(Case When Case When s.RootNat Is Not Null Then s.RootNat
                                 When s.L2='INCOME' Then 'INCOME'
                                 When s.L2='EXPENDITURES' Then 'EXPENSES' End In ('INCOME','EXPENSES')
                       Then m.Amt Else 0 End) Tb,
              Count(Distinct Case When Case When s.RootNat Is Not Null Then s.RootNat
                                            When s.L2='INCOME' Then 'INCOME'
                                            When s.L2='EXPENDITURES' Then 'EXPENSES' End In ('INCOME','EXPENSES')
                                  Then m.Acct End) Accts
         From Mv m Join Src s On s.Acct = m.Acct)
Select '<div class=""ds-pnl-recon ds-pnl-recon--ok"">'
    || '<b>Total row proved.</b> The TOTAL line equals the Trial Balance movement on INCOME and '
    || 'EXPENSES for this period and scope &mdash; &#8377;'
    || to_char(Round(c.Tb/10000000,2),'FM999G990D00') || ' Cr across '
    || to_char(c.Accts) || ' posting accounts &mdash; which is what the P and L Summary shows. '
    || 'Locations are a partition of that total, so the rows above add to it by construction.'
    || '</div>' As RECON
  From C c","","",""
906,"Location Profitability","LOCATION-PROFITABILITY",50,"Reading this table","location-note","NATIVE_STATIC","<div class=""ds-finnote"">
  <span class=""fa fa-info-circle""></span>
  <b>Reading this table.</b> Click a location to open the P&nbsp;and&nbsp;L Summary for it, with the
  same period and company, in a new tab &mdash; and from there down to the account, its ledger and
  the voucher.
  <b>Why there is no department or cost centre view:</b> department is not carried on the ledger at
  all, and cost centre covers about a tenth of it in a separate table with its own amounts. Neither
  can produce an honest profit and loss, so neither is offered.
  <b>Percentages</b> are of that location's own revenue, and blank where it has none &mdash; a
  location that only carries cost has no margin, rather than a margin of zero.
  Figures are &#8377; crore. Cost of goods sold, depreciation and tax carry the same caveats as the
  Summary page; open it for the closing control that explains them.
</div>","","",""
907,"Accounts Receivable Command Centre","AR-COMMAND-CENTRE",5,"Accounts Receivable Command Centre","command-header","NATIVE_SQL_REPORT","Select '<div class=""ds-ar-head"">'
    || '<div class=""ds-ar-eyebrow"">Finance &middot; Accounts Receivable</div>'
    || '<h1 class=""ds-ar-title"">Accounts Receivable Command Centre</h1>'
    || '<div class=""ds-ar-sub"">Outstanding, ageing, collections, customer advances, debtor exposure, reconciliation to the general ledger and the control exceptions behind every number</div>'
    || '<div class=""ds-ar-context"">'
    /* Balances are AS AT To Date; flows are BETWEEN the two. Saying
       so in the header is the cheapest way to stop a reader assuming
       outstanding was filtered to the period, which is the single
       most common misreading of an AR dashboard. */
    || '<span class=""ds-ar-chip""><span class=""fa fa-crosshairs""></span>Outstanding as at <b>'
       || :P907_TODATE || '</b></span>'
    || '<span class=""ds-ar-chip""><span class=""fa fa-calendar""></span>Flows <b>'
       || :P907_FROMDATE || ' &rarr; ' || :P907_TODATE || '</b></span>'
    || '<span class=""ds-ar-chip""><span class=""fa fa-hourglass-half""></span>Ageing basis <b>'
       || Case When :P907_AGEBASIS = 'DOC' Then 'Document date (age)'
               Else 'Due date (lateness)' End || '</b></span>'
    || '<span class=""ds-ar-chip""><span class=""fa fa-building-o""></span>Company <b>'
       || apex_escape.html(nvl((Select c.CompanyName From Company c Where c.CompanyCode = :P907_COMPANY),'All companies')) || '</b></span>'
    || '<span class=""ds-ar-chip""><span class=""fa fa-map-marker""></span>Location <b>'
       || apex_escape.html(nvl((Select l.LocationName From Location l Where l.LocationCode = :P907_LOCATION),'All locations')) || '</b></span>'
    /* There is no currency, exchange-rate or conversion column
       anywhere in the voucher chain. Stating it beats letting a
       reader assume a conversion happened. */
    || '<span class=""ds-ar-chip""><span class=""fa fa-money""></span>Currency <b>INR (base, single-currency ledger)</b></span>'
    || '<span class=""ds-ar-chip ds-ar-chip--live""><span class=""fa fa-clock-o""></span>Last posting <b>'
       || nvl((Select to_char(Max(d.VoucherDate),'DD-MM-RRRR')
                 From VoucherDetail d
                Where d.AccountCode In (Select PartyCode From Party
                        Start With PartyCode = 'SUNDRYDEBTORS' Connect By Prior PartyCode = ParentCode)
                  And (cast(null as varchar2(100)) Is Null Or cast(null as varchar2(100)) = cast(null as varchar2(100)))
                  And (null    Is Null Or cast(null as varchar2(100))        = null)
                  And (:P907_COMPANY  Is Null Or d.CompanyCode  = :P907_COMPANY)
                  And (:P907_LOCATION Is Null Or d.LocationCode = :P907_LOCATION)),'no postings') || '</b></span>'
    || '</div></div>' As HEAD
  From dual","","",""
907,"Accounts Receivable Command Centre","AR-COMMAND-CENTRE",10,"Filters","filter-bar","NATIVE_STATIC","","","",""
907,"Accounts Receivable Command Centre","AR-COMMAND-CENTRE",12,"Advanced Filters","filter-drawer","NATIVE_STATIC","","","",""
907,"Accounts Receivable Command Centre","AR-COMMAND-CENTRE",20,"Receivable Position","exposure","NATIVE_SQL_REPORT","/* THE CANONICAL AR PROLOGUE. Reproduced verbatim in every region on
   every AR page; specified once in docs/ar-dashboard/AR_KPI_DEFINITION.md.
   It is a copied CTE and not a view because this repository forbids
   DDL absolutely - docs/ar-dashboard/AR_SYSTEM_AUDIT.md section 9.
   docs/sql/ar-reconciliation.sql proves every region agrees with it. */
With Sd As (
       /* AR is the SUNDRYDEBTORS control account. No voucher line ever
          posts to a group node in this ERP, so the control account's
          balance IS the sum of its members - which is what makes the
          tie-out below possible at all. */
       Select PartyCode From Party
        Start With PartyCode = 'SUNDRYDEBTORS'
        Connect By Prior PartyCode = ParentCode),
     Asof As (Select to_date(:P907_TODATE,'DD-MM-RRRR') D From dual),
     Alc As (
       /* DrCrAllocation.Amount is ALWAYS positive; it is applied as
          -Amount to the debit line and +Amount to the credit line.
          Joining BOTH voucher headers does two things: it enforces the
          as-of rule, and it excludes orphan allocations whose voucher
          no longer exists. One such orphan has a NULL DrVoucherTno and
          a Cr side inside this control account; honour it and AR
          overstates by exactly 34,119.00. */
       Select a.DrVoucherTno Tno, a.DrVoucherSno Sno, -Sum(a.Amount) Amt
         From DrCrAllocation a, Voucher dv, Voucher cv, Asof
        Where dv.Tno = a.DrVoucherTno And cv.Tno = a.CrVoucherTno
          And dv.VoucherDate <= Asof.D And cv.VoucherDate <= Asof.D
        Group By a.DrVoucherTno, a.DrVoucherSno
       Union All
       Select a.CrVoucherTno, a.CrVoucherSno, Sum(a.Amount)
         From DrCrAllocation a, Voucher dv, Voucher cv, Asof
        Where dv.Tno = a.DrVoucherTno And cv.Tno = a.CrVoucherTno
          And dv.VoucherDate <= Asof.D And cv.VoucherDate <= Asof.D
        Group By a.CrVoucherTno, a.CrVoucherSno),
     Al As (Select Tno, Sno, Sum(Amt) Amt From Alc Group By Tno, Sno),
     Oi As (
       Select d.AccountCode Pty, -(d.Amount - nvl(al.Amt,0)) Recv
         From VoucherDetail d
         Left Join Al al On al.Tno = d.Tno And al.Sno = d.Sno
         Cross Join Asof
        Where d.AccountCode In (Select PartyCode From Sd)
          And d.VoucherDate <= Asof.D
          And (cast(null as varchar2(100)) Is Null
               Or cast(null as varchar2(100)) = cast(null as varchar2(100)))
          And (null    Is Null Or cast(null as varchar2(100))        = null)
          And (:P907_COMPANY  Is Null Or d.CompanyCode  = :P907_COMPANY)
          And (:P907_LOCATION Is Null Or d.LocationCode = :P907_LOCATION)),
     Gl As (
       /* The control account taken straight off the ledger, with no
          allocation logic at all. Computed INSIDE this statement so
          both sides see one read-consistent snapshot - the ERP is
          live and two statements minutes apart legitimately differ. */
       Select -Sum(d.Amount) Ctl
         From VoucherDetail d Cross Join Asof
        Where d.AccountCode In (Select PartyCode From Sd)
          And d.VoucherDate <= Asof.D
          And (cast(null as varchar2(100)) Is Null
               Or cast(null as varchar2(100)) = cast(null as varchar2(100)))
          And (null    Is Null Or cast(null as varchar2(100))        = null)
          And (:P907_COMPANY  Is Null Or d.CompanyCode  = :P907_COMPANY)
          And (:P907_LOCATION Is Null Or d.LocationCode = :P907_LOCATION)),
     T As (
       Select nvl(Sum(Case When Recv > 0 Then Recv Else 0 End),0) Gross,
              nvl(Sum(Case When Recv < 0 Then -Recv Else 0 End),0) Cred,
              nvl(Sum(Recv),0) Net,
              Count(Distinct Case When Recv > 0 Then Pty End) DrPty,
              Count(Distinct Case When Recv < 0 Then Pty End) CrPty
         From Oi)
Select '<div class=""ds-arexp"">'
    || '<div class=""ds-arexp-cell ds-arex","p-cell--recv"">'
    || '<dl><dt>Gross Outstanding</dt><dd>&#8377;'
    || Case When t.Gross >= 10000000 Then to_char(Round(t.Gross/10000000,2),'FM999G990D00') || ' Cr'
            When t.Gross >= 100000   Then to_char(Round(t.Gross/100000,2),'FM999G990D00') || ' Lac'
            Else to_char(Round(t.Gross,0),'FM999G99G99G990') End
    || '</dd><div class=""ds-arexp-sub"">'
    || to_char(t.DrPty,'FM999G990') || ' customers owe &middot; open debit items only</div></dl></div>'
    /* A customer credit is NOT a negative receivable to be netted
       away in the headline. It is money we hold that is not applied
       to any bill, and at 442 Cr against 478 Cr of debits it is the
       largest single fact on this page. It gets its own cell. */
    || '<div class=""ds-arexp-cell ds-arexp-cell--cred"">'
    || '<dl><dt>Customer Credits Held</dt><dd>&#8377;'
    || Case When t.Cred >= 10000000 Then to_char(Round(t.Cred/10000000,2),'FM999G990D00') || ' Cr'
            When t.Cred >= 100000   Then to_char(Round(t.Cred/100000,2),'FM999G990D00') || ' Lac'
            Else to_char(Round(t.Cred,0),'FM999G99G99G990') End
    || '</dd><div class=""ds-arexp-sub"">'
    || to_char(t.CrPty,'FM999G990') || ' customers in credit &middot; advances, unapplied receipts and contra</div></dl></div>'
    || '<div class=""ds-arexp-cell ds-arexp-cell--net"">'
    || '<dl><dt>Net Customer Exposure</dt><dd>&#8377;'
    || Case When Abs(t.Net) >= 10000000 Then to_char(Round(t.Net/10000000,2),'FM999G990D00') || ' Cr'
            When Abs(t.Net) >= 100000   Then to_char(Round(t.Net/100000,2),'FM999G990D00') || ' Lac'
            Else to_char(Round(t.Net,0),'FM999G99G99G990') End
    || '</dd><div class=""ds-arexp-sub"">Gross outstanding less customer credits</div>'
    /* The tie-out is executed, not asserted. Difference is compared at
       full precision with a half-paisa tolerance and printed in full
       when it breaks - a receivables ledger out by four paise is out. */
    || Case When Abs(t.Net - g.Ctl) < 0.005
            Then '<span class=""ds-arexp-tie ds-arexp-tie--ok""><span class=""fa fa-check""></span>Ties to SUNDRYDEBTORS GL control</span>'
            Else '<span class=""ds-arexp-tie ds-arexp-tie--bad""><span class=""fa fa-exclamation-triangle""></span>GL control differs by &#8377;'
                 || to_char(Round(t.Net - g.Ctl,2),'FM999G99G99G990D00') || '</span>' End
    || '</dl></div></div>' As BAND
  From T t Cross Join Gl g","",""
907,"Accounts Receivable Command Centre","AR-COMMAND-CENTRE",24,"Measurement Basis","basis-note","NATIVE_SQL_REPORT","/* A REPORT, not static text. Each note is emitted only when the
   condition it describes is actually true in the current scope, so a
   reader never sees a caveat that does not apply to what is on screen
   - and never misses one that does. */
With Sd As (
       Select PartyCode From Party
        Start With PartyCode = 'SUNDRYDEBTORS'
        Connect By Prior PartyCode = ParentCode),
     Asof As (Select to_date(:P907_TODATE,'DD-MM-RRRR') D From dual),
     Alc As (
       Select a.DrVoucherTno Tno, a.DrVoucherSno Sno, -Sum(a.Amount) Amt
         From DrCrAllocation a, Voucher dv, Voucher cv, Asof
        Where dv.Tno = a.DrVoucherTno And cv.Tno = a.CrVoucherTno
          And dv.VoucherDate <= Asof.D And cv.VoucherDate <= Asof.D
        Group By a.DrVoucherTno, a.DrVoucherSno
       Union All
       Select a.CrVoucherTno, a.CrVoucherSno, Sum(a.Amount)
         From DrCrAllocation a, Voucher dv, Voucher cv, Asof
        Where dv.Tno = a.DrVoucherTno And cv.Tno = a.CrVoucherTno
          And dv.VoucherDate <= Asof.D And cv.VoucherDate <= Asof.D
        Group By a.CrVoucherTno, a.CrVoucherSno),
     Al As (Select Tno, Sno, Sum(Amt) Amt From Alc Group By Tno, Sno),
     Item As (
       Select -(d.Amount - nvl(al.Amt,0)) Recv,
              coalesce(i.DueDate, sb.DueDate, ao.BillDueDate) DueDate
         From VoucherDetail d
         Join Voucher v On v.Tno = d.Tno
         Left Join Al al On al.Tno = d.Tno And al.Sno = d.Sno
         Left Join Invoice     i  On v.ModuleCode = 'INVOICE'     And i.Tno  = v.ModuleTno
         Left Join ServiceBill sb On v.ModuleCode = 'SERVICEBILL' And sb.Tno = v.ModuleTno
         Left Join AccountOpening ao On v.VoucherNo = 'OPENING'   And ao.Tno = d.ModuleTno
         Cross Join Asof
        Where d.AccountCode In (Select PartyCode From Sd)
          And d.VoucherDate <= Asof.D
          And (cast(null as varchar2(100)) Is Null
               Or cast(null as varchar2(100)) = cast(null as varchar2(100)))
          And (null    Is Null Or cast(null as varchar2(100))        = null)
          And (:P907_COMPANY  Is Null Or d.CompanyCode  = :P907_COMPANY)
          And (:P907_LOCATION Is Null Or d.LocationCode = :P907_LOCATION)),
     Cov As (
       Select nvl(Sum(Case When Recv > 0 Then Recv Else 0 End),0) Gross,
              nvl(Sum(Case When Recv > 0 And DueDate Is Null Then Recv Else 0 End),0) NoDue
         From Item)
Select NOTE From (
  /* 1. As-of Date earlier than the ledger itself. Returning a number
        here would be worse than returning nothing: it would look real
        and be built from whatever the carry-forward happens to hold. */
  Select 10 Ord,
         '<div class=""ds-arnote ds-arnote--stop""><span class=""fa fa-ban""></span><div>'
      || '<b>The As-of Date is before this ledger begins.</b> VoucherDetail holds '
      || to_char((Select Min(VoucherDate) From VoucherDetail),'DD-MM-RRRR')
      || ' onward and prior-year receivables arrive as OPENING journals dated 31-03-2026. '
      || 'A position dated earlier than 01-04-2026 is not a valid historical AR balance and the figures above should not be relied on.'
      || '</div></div>' NOTE
    From dual
   Where to_date(:P907_TODATE,'DD-MM-RRRR') < date '2026-04-01'
  Union All
  /* 2. Due-date coverage. Only shown on the Due basis, because on the
        Document basis it is not the limitation that bites. */
  Select 20,
         '<div class=""ds-arnote ds-arnote--warn""><span class=""fa fa-hourglass-half""></span><div>'
      || '<b>Ageing basis: Due Date.</b> Due dates exist on the source document, not on the ledger, and this ERP holds no credit terms to derive one from '
      || '(Party.CreditDays is set on 2 of 954 debtor accounts, Party.CreditAmount on none). '
      || 'In this scope <b>&#8377;' || to_char(Round(c.NoDue,0),'FM999G99G99G990') || '</b> of &#8377;'
      || to_char(Round(c.Gross,0),'FM999G99G99G990') || ' (","'
      || to_char(Round(100 * c.NoDue / Nullif(c.Gross,0),1),'FM990D0') || '%) has no due date. '
      || 'It is shown in its own <b>Cannot Age</b> bucket - not spread across the others, and not dropped. '
      || 'Switch the basis to <b>Document date</b> to age every item by its own age instead of its lateness.'
      || '</div></div>'
    From Cov c
   Where nvl(:P907_AGEBASIS,'DUE') = 'DUE' And c.NoDue > 0
  Union All
  /* 3. Document basis is age, not lateness. Said plainly, because the
        buckets look identical to the Due-basis ones. */
  Select 21,
         '<div class=""ds-arnote""><span class=""fa fa-info-circle""></span><div>'
      || '<b>Ageing basis: Document Date.</b> Buckets measure how <i>old</i> an item is, not how <i>late</i> it is - '
      || 'every open item can be aged this way, so nothing falls into Cannot Age, but an item inside its credit period is counted alongside one that is genuinely overdue. '
      || 'This is the basis every existing iBOSS ageing report uses (pages 618, 170, 463, 495). Switch to <b>Due date</b> for true lateness on the '
      || to_char(Round(100 * (c.Gross - c.NoDue) / Nullif(c.Gross,0),1),'FM990D0') || '% of value that carries one.'
      || '</div></div>'
    From Cov c
   Where :P907_AGEBASIS = 'DOC'
  Union All
  /* 4. The ageing horizon. Only raised when the reader is actually
        looking at the oldest buckets, i.e. always on this page. */
  Select 30,
         '<div class=""ds-arnote""><span class=""fa fa-history""></span><div>'
      || '<b>Ageing beyond 31-03-2026 exists only where the migration kept an original bill date.</b> '
      || 'Prior-year receivables enter as OPENING journals dated at the cutover; 242 of 699 such lines carry an original AccountOpening.BillDate '
      || '(reaching back to 31-03-2023) and are aged from it. The remaining 457 are floored at the cutover, so their true age is understated - '
      || 'they are listed under control <b>AR-O01</b>.'
      || '</div></div>'
    From dual
   Where to_date(:P907_TODATE,'DD-MM-RRRR') >= date '2026-04-01'
) Order By Ord","",""
907,"Accounts Receivable Command Centre","AR-COMMAND-CENTRE",28,"Receivables Pulse","rule-pulse","NATIVE_STATIC","<div class=""ds-dash-section"">
  <h2>Receivables Pulse</h2>
  <p>Every card is clickable and lands on the exact rows behind it</p>
</div>","","",""
907,"Accounts Receivable Command Centre","AR-COMMAND-CENTRE",30,"Receivables KPIs","kpi-strip","NATIVE_SQL_REPORT","With Sd As (
       Select PartyCode From Party
        Start With PartyCode = 'SUNDRYDEBTORS'
        Connect By Prior PartyCode = ParentCode),
     Asof As (Select to_date(:P907_TODATE,'DD-MM-RRRR') D From dual),
     Alc As (
       Select a.DrVoucherTno Tno, a.DrVoucherSno Sno, -Sum(a.Amount) Amt
         From DrCrAllocation a, Voucher dv, Voucher cv, Asof
        Where dv.Tno = a.DrVoucherTno And cv.Tno = a.CrVoucherTno
          And dv.VoucherDate <= Asof.D And cv.VoucherDate <= Asof.D
        Group By a.DrVoucherTno, a.DrVoucherSno
       Union All
       Select a.CrVoucherTno, a.CrVoucherSno, Sum(a.Amount)
         From DrCrAllocation a, Voucher dv, Voucher cv, Asof
        Where dv.Tno = a.DrVoucherTno And cv.Tno = a.CrVoucherTno
          And dv.VoucherDate <= Asof.D And cv.VoucherDate <= Asof.D
        Group By a.CrVoucherTno, a.CrVoucherSno),
     Al As (Select Tno, Sno, Sum(Amt) Amt From Alc Group By Tno, Sno),
     Aged As (
       Select d.AccountCode Pty,
              cast(null as varchar2(1)) IsCo,
              -(d.Amount - nvl(al.Amt,0)) Recv,
              coalesce(i.DueDate, sb.DueDate, ao.BillDueDate) DueDate,
              Case When v.VoucherNo = 'OPENING'  Then 'Opening Carry-forward'
                   When v.ModuleCode = 'INVOICE' Then 'Trade Invoice'
                   When v.DocTypeCode = 'RECEIPT' Then 'Receipt / On-account'
                   Else 'Other' End Cls,
              /* Bucket 0 = Not Due, 1..6 = ranges, 7 = Cannot Age.
                 Identical expression on every AR region. */
              Case When nvl(:P907_AGEBASIS,'DUE') = 'DUE'
                        And coalesce(i.DueDate, sb.DueDate, ao.BillDueDate) Is Null Then 7
                   When nvl(:P907_AGEBASIS,'DUE') = 'DUE'
                        And coalesce(i.DueDate, sb.DueDate, ao.BillDueDate) >= Asof.D Then 0
                   When (Case When :P907_AGEBASIS = 'DOC'
                              Then Asof.D - coalesce(i.InvoiceDate, ao.BillDate, d.VoucherDate)
                              Else Greatest(Asof.D - coalesce(i.DueDate, sb.DueDate, ao.BillDueDate),0) End) <=  30 Then 1
                   When (Case When :P907_AGEBASIS = 'DOC'
                              Then Asof.D - coalesce(i.InvoiceDate, ao.BillDate, d.VoucherDate)
                              Else Greatest(Asof.D - coalesce(i.DueDate, sb.DueDate, ao.BillDueDate),0) End) <=  60 Then 2
                   When (Case When :P907_AGEBASIS = 'DOC'
                              Then Asof.D - coalesce(i.InvoiceDate, ao.BillDate, d.VoucherDate)
                              Else Greatest(Asof.D - coalesce(i.DueDate, sb.DueDate, ao.BillDueDate),0) End) <=  90 Then 3
                   When (Case When :P907_AGEBASIS = 'DOC'
                              Then Asof.D - coalesce(i.InvoiceDate, ao.BillDate, d.VoucherDate)
                              Else Greatest(Asof.D - coalesce(i.DueDate, sb.DueDate, ao.BillDueDate),0) End) <= 180 Then 4
                   When (Case When :P907_AGEBASIS = 'DOC'
                              Then Asof.D - coalesce(i.InvoiceDate, ao.BillDate, d.VoucherDate)
                              Else Greatest(Asof.D - coalesce(i.DueDate, sb.DueDate, ao.BillDueDate),0) End) <= 365 Then 5
                   Else 6 End Bkt,
              Case When :P907_AGEBASIS = 'DOC'
                   Then Asof.D - coalesce(i.InvoiceDate, ao.BillDate, d.VoucherDate)
                   When coalesce(i.DueDate, sb.DueDate, ao.BillDueDate) Is Not Null
                   Then Greatest(Asof.D - coalesce(i.DueDate, sb.DueDate, ao.BillDueDate),0)
              End DaysOd
         From VoucherDetail d
         Join Voucher v On v.Tno = d.Tno
         Left Join Al al On al.Tno = d.Tno And al.Sno = d.Sno
         Left Join Invoice     i  On v.ModuleCode = 'INVOICE'     And i.Tno  = v.ModuleTno
         Left Join ServiceBill sb On v.ModuleCode = 'SERVICEBILL' And sb.Tn","o = v.ModuleTno
         Left Join AccountOpening ao On v.VoucherNo = 'OPENING'   And ao.Tno = d.ModuleTno
         Cross Join Asof
        Where d.AccountCode In (Select PartyCode From Sd)
          And d.VoucherDate <= Asof.D
          And (cast(null as varchar2(100)) Is Null
               Or cast(null as varchar2(100)) = cast(null as varchar2(100)))
          And (null    Is Null Or cast(null as varchar2(100))        = null)
          And (:P907_COMPANY  Is Null Or d.CompanyCode  = :P907_COMPANY)
          And (:P907_LOCATION Is Null Or d.LocationCode = :P907_LOCATION)),
     Rc As (
       /* Collections are ACTUAL RECEIPT TRANSACTIONS in the period.
          Never a fall in outstanding - a fall in outstanding also
          happens through credit notes, write-backs and allocation. */
       Select nvl(Sum(d.Amount),0) Amt, Count(Distinct d.Tno) N
         From VoucherDetail d Join Voucher v On v.Tno = d.Tno
        Where d.AccountCode In (Select PartyCode From Sd)
          And v.DocTypeCode = 'RECEIPT'
          And d.VoucherDate >= to_date(:P907_FROMDATE,'DD-MM-RRRR')
          And d.VoucherDate <  to_date(:P907_TODATE,'DD-MM-RRRR') + 1
          And (cast(null as varchar2(100)) Is Null
               Or cast(null as varchar2(100)) = cast(null as varchar2(100)))
          And (null    Is Null Or cast(null as varchar2(100))        = null)
          And (:P907_COMPANY  Is Null Or d.CompanyCode  = :P907_COMPANY)
          And (:P907_LOCATION Is Null Or d.LocationCode = :P907_LOCATION)),
     P As (
       Select Pty,
              Sum(Case When Recv > 0 Then Recv Else 0 End) Dr,
              Sum(Case When Recv < 0 Then -Recv Else 0 End) Cr
         From Aged Group By Pty),
     T As (
       Select nvl(Sum(Case When Recv > 0 Then Recv Else 0 End),0) Gross,
              nvl(Sum(Case When Recv > 0 And Bkt = 0 Then Recv Else 0 End),0) NotDue,
              nvl(Sum(Case When Recv > 0 And Bkt Between 1 And 6 Then Recv Else 0 End),0) Overdue,
              nvl(Sum(Case When Recv > 0 And Bkt >= 4 And Bkt <= 6 Then Recv Else 0 End),0) D90,
              nvl(Sum(Case When Recv > 0 And Bkt >= 5 And Bkt <= 6 Then Recv Else 0 End),0) D180,
              nvl(Sum(Case When Recv > 0 And Bkt = 7 Then Recv Else 0 End),0) NoAge,
              nvl(Sum(Case When Recv < 0 And Cls = 'Receipt / On-account' Then -Recv Else 0 End),0) Unapp,
              nvl(Sum(Case When Recv < 0 Then -Recv Else 0 End),0) Cred,
              nvl(Sum(Recv),0) Net,
              Count(Distinct Case When Recv > 0 And Bkt Between 1 And 6 Then Pty End) OdPty,
              Count(Distinct Case When Recv <> 0 Then Pty End) ActPty,
              nvl(Sum(Case When Recv > 0 And DaysOd Is Not Null Then Recv * DaysOd End),0) WSum,
              nvl(Sum(Case When Recv > 0 And DaysOd Is Not Null Then Recv End),0) WBase
              ,Count(Distinct Case When Recv <> 0 And IsCo = 'YES' Then Pty End) IntPty
              ,nvl(Sum(Case When Recv > 0 And IsCo = 'YES' Then Recv Else 0 End),0) IntGross
         From Aged),
     B As (Select Count(*) N From P Where Dr > 0.005 And Cr > 0.005)
Select /* Card 1 - the headline, drills to the party summary */
       '<a class=""ds-kpi ds-kpi--gold"" href=""'
    || apex_page.get_url(p_page => 908, p_clear_cache => '908',
         p_items => 'P908_FROMDATE,P908_TODATE,P908_COMPANY,P908_LOCATION,P908_AGEBASIS,P908_FOCUS',
         p_values => :P907_FROMDATE ||','|| :P907_TODATE ||','|| :P907_COMPANY ||','|| :P907_LOCATION ||','|| nvl(:P907_AGEBASIS,'DUE') ||',ALL')
    || '"" title=""Sum of open debit items on the SUNDRYDEBTORS control account as at the As-of Date. Open = original amount less allocations whose both vouchers are dated on or before that date."">'
    || '<span class=""ds-kpi-ic fa fa-inbox""></span><div class=""ds-kpi-body"">'
    || '<div class=""ds-kpi-t"">Gross Outstanding</div><div class=""ds-kpi-n"">&#8377;'
    || Case When t.Gross"," >= 10000000 Then to_char(Round(t.Gross/10000000,2),'FM999G990D00') || ' Cr'
            Else to_char(Round(t.Gross/100000,2),'FM999G990D00') || ' Lac' End
    || '</div><div class=""ds-kpi-sub"">as at ' || :P907_TODATE || ' &middot; ' || to_char(t.ActPty,'FM999G990') || ' active debtors</div>'
    || '</div></a>' As KPI1,
       /* Card 2 */
       '<a class=""ds-kpi ds-kpi--ok"" href=""'
    || apex_page.get_url(p_page => 909, p_clear_cache => '909',
         p_items => 'P909_FROMDATE,P909_TODATE,P909_COMPANY,P909_LOCATION,P909_AGEBASIS,P909_BUCKET',
         p_values => :P907_FROMDATE ||','|| :P907_TODATE ||','|| :P907_COMPANY ||','|| :P907_LOCATION ||','|| nvl(:P907_AGEBASIS,'DUE') ||',0')
    || '"" title=""Open receivable whose due date falls on or after the As-of Date. Available on the Due Date basis only."">'
    || '<span class=""ds-kpi-ic fa fa-calendar-check-o""></span><div class=""ds-kpi-body"">'
    || '<div class=""ds-kpi-t"">Not Yet Due</div><div class=""ds-kpi-n"">'
    || Case When nvl(:P907_AGEBASIS,'DUE') = 'DOC' Then '<span style=""font-size:15px"">Due basis only</span>'
            Else '&#8377;' || Case When t.NotDue >= 10000000 Then to_char(Round(t.NotDue/10000000,2),'FM999G990D00') || ' Cr'
                                  Else to_char(Round(t.NotDue/100000,2),'FM999G990D00') || ' Lac' End End
    || '</div><div class=""ds-kpi-sub"">'
    || Case When nvl(:P907_AGEBASIS,'DUE') = 'DOC' Then 'Document-date ageing measures age, not lateness'
            Else to_char(Round(100 * t.NotDue / Nullif(t.Gross,0),1),'FM990D0') || '% of gross outstanding' End
    || '</div></div></a>' As KPI2,
       /* Card 3 */
       '<a class=""ds-kpi ds-kpi--' || Case When t.Overdue > t.Gross * 0.5 Then 'risk' Else 'amber' End || '"" href=""'
    || apex_page.get_url(p_page => 909, p_clear_cache => '909',
         p_items => 'P909_FROMDATE,P909_TODATE,P909_COMPANY,P909_LOCATION,P909_AGEBASIS,P909_BUCKET',
         p_values => :P907_FROMDATE ||','|| :P907_TODATE ||','|| :P907_COMPANY ||','|| :P907_LOCATION ||','|| nvl(:P907_AGEBASIS,'DUE') ||',OD')
    || '"" title=""Open receivable past its due date (Due basis) or aged beyond zero days (Document basis). Items that cannot be aged are NOT counted here - they have their own card."">'
    || '<span class=""ds-kpi-ic fa fa-exclamation-circle""></span><div class=""ds-kpi-body"">'
    || '<div class=""ds-kpi-t"">Total Overdue</div><div class=""ds-kpi-n"">&#8377;'
    || Case When t.Overdue >= 10000000 Then to_char(Round(t.Overdue/10000000,2),'FM999G990D00') || ' Cr'
            Else to_char(Round(t.Overdue/100000,2),'FM999G990D00') || ' Lac' End
    || '</div><div class=""ds-kpi-sub"">'
    || Case When t.Gross > 0 Then to_char(Round(100 * t.Overdue / t.Gross,1),'FM990D0') || '% of gross' Else 'no outstanding' End
    || ' &middot; ' || to_char(t.OdPty,'FM999G990') || ' debtors</div></div></a>' As KPI3,
       /* Card 4 - the honesty card. It exists because on the Due basis
          72% of value lands here, and a dashboard that hides that is
          worse than one that has no ageing at all. */
       '<a class=""ds-kpi ds-kpi--struct"" href=""'
    || apex_page.get_url(p_page => 909, p_clear_cache => '909',
         p_items => 'P909_FROMDATE,P909_TODATE,P909_COMPANY,P909_LOCATION,P909_AGEBASIS,P909_BUCKET',
         p_values => :P907_FROMDATE ||','|| :P907_TODATE ||','|| :P907_COMPANY ||','|| :P907_LOCATION ||',DUE,7')
    || '"" title=""Open receivable with no due date on its source document and no credit terms to derive one from. Never given an arbitrary bucket and never dropped."">'
    || '<span class=""ds-kpi-ic fa fa-question-circle""></span><div class=""ds-kpi-body"">'
    || '<div class=""ds-kpi-t"">Cannot Age &mdash; No Due Date</div><div class=""ds-kpi-n"">&#8377;'
    || Case When t.NoAge >= 10000000 Then to_char(Round(t.NoAge/10000000,2),'FM999G990D00') || ' Cr'
            Else to_char(Round(t.NoAge/100000,2),'FM999G","990D00') || ' Lac' End
    || '</div><div class=""ds-kpi-sub"">'
    || Case When t.Gross > 0 Then to_char(Round(100 * t.NoAge / t.Gross,1),'FM990D0') || '% of gross' Else '&mdash;' End
    || ' &middot; control AR-B02</div></div></a>' As KPI4,
       /* Card 5 */
       '<a class=""ds-kpi ds-kpi--risk"" href=""'
    || apex_page.get_url(p_page => 909, p_clear_cache => '909',
         p_items => 'P909_FROMDATE,P909_TODATE,P909_COMPANY,P909_LOCATION,P909_AGEBASIS,P909_BUCKET',
         p_values => :P907_FROMDATE ||','|| :P907_TODATE ||','|| :P907_COMPANY ||','|| :P907_LOCATION ||','|| nvl(:P907_AGEBASIS,'DUE') ||',90')
    || '"" title=""Open receivable in the 91-180, 181-365 and over-365 buckets combined."">'
    || '<span class=""ds-kpi-ic fa fa-fire""></span><div class=""ds-kpi-body"">'
    || '<div class=""ds-kpi-t"">90+ Days</div><div class=""ds-kpi-n"">&#8377;'
    || Case When t.D90 >= 10000000 Then to_char(Round(t.D90/10000000,2),'FM999G990D00') || ' Cr'
            Else to_char(Round(t.D90/100000,2),'FM999G990D00') || ' Lac' End
    || '</div><div class=""ds-kpi-sub"">180+ &#8377;'
    || Case When t.D180 >= 10000000 Then to_char(Round(t.D180/10000000,2),'FM999G990D00') || ' Cr'
            Else to_char(Round(t.D180/100000,2),'FM999G990D00') || ' Lac' End
    || ' &middot; weighted ' || to_char(Round(t.WSum / Nullif(t.WBase,0),0),'FM999G990') || ' days overdue</div></div></a>' As KPI5,
       /* Card 6 */
       '<a class=""ds-kpi ds-kpi--teal"" href=""'
    || apex_page.get_url(p_page => 911, p_clear_cache => '911',
         p_items => 'P911_FROMDATE,P911_TODATE,P911_COMPANY,P911_LOCATION',
         p_values => :P907_FROMDATE ||','|| :P907_TODATE ||','|| :P907_COMPANY ||','|| :P907_LOCATION)
    || '"" title=""Actual RECEIPT voucher lines posted to a debtor account between From Date and To Date. This is a transaction count, never a movement in outstanding."">'
    || '<span class=""ds-kpi-ic fa fa-download""></span><div class=""ds-kpi-body"">'
    || '<div class=""ds-kpi-t"">Receipts in Period</div><div class=""ds-kpi-n"">&#8377;'
    || Case When rc.Amt >= 10000000 Then to_char(Round(rc.Amt/10000000,2),'FM999G990D00') || ' Cr'
            Else to_char(Round(rc.Amt/100000,2),'FM999G990D00') || ' Lac' End
    || '</div><div class=""ds-kpi-sub"">' || to_char(rc.N,'FM999G990') || ' receipts &middot; '
    || :P907_FROMDATE || ' to ' || :P907_TODATE || '</div></div></a>' As KPI6,
       /* Card 7 - the largest actionable item in this dataset */
       '<a class=""ds-kpi ds-kpi--violet"" href=""'
    || apex_page.get_url(p_page => 912, p_clear_cache => '912',
         p_items => 'P912_FROMDATE,P912_TODATE,P912_COMPANY,P912_LOCATION',
         p_values => :P907_FROMDATE ||','|| :P907_TODATE ||','|| :P907_COMPANY ||','|| :P907_LOCATION)
    || '"" title=""Receipt lines carrying an open credit balance - cash received and never applied to a bill. Only 31% of AR lines in this ledger have ever been allocated."">'
    || '<span class=""ds-kpi-ic fa fa-hand-o-up""></span><div class=""ds-kpi-body"">'
    || '<div class=""ds-kpi-t"">Unapplied Cash</div><div class=""ds-kpi-n"">&#8377;'
    || Case When t.Unapp >= 10000000 Then to_char(Round(t.Unapp/10000000,2),'FM999G990D00') || ' Cr'
            Else to_char(Round(t.Unapp/100000,2),'FM999G990D00') || ' Lac' End
    || '</div><div class=""ds-kpi-sub"">of &#8377;'
    || Case When t.Cred >= 10000000 Then to_char(Round(t.Cred/10000000,2),'FM999G990D00') || ' Cr'
            Else to_char(Round(t.Cred/100000,2),'FM999G990D00') || ' Lac' End
    || ' total customer credits</div></div></a>' As KPI7,
       /* Card 8 - customers who owe AND hold credit at the same time */
       '<a class=""ds-kpi ds-kpi--amber"" href=""'
    || apex_page.get_url(p_page => 912, p_clear_cache => '912',
         p_items => 'P912_FROMDATE,P912_TODATE,P912_COMPANY,P912_LOCATION,P912_BOTH',
         p_values => :P907_FROMDATE ||','|| :P907_TODATE ||','|| :P907_COMPA"
907,"Accounts Receivable Command Centre","AR-COMMAND-CENTRE",32,"Secondary KPIs","kpi-secondary","NATIVE_SQL_REPORT","/* The brief's secondary KPI set. Every card is derived from the SAME
   Aged CTE as the primary strip, so the two strips cannot disagree.
   Customers Above Credit Limit is a real measure now: it reads the
   credit limit APPROVAL, not Party.CreditAmount, which is set on none of
   the 954 debtor accounts. Coverage is small and the card says so on its
   face rather than implying the whole book is capped. */
With Sd As (
       Select PartyCode From Party
        Start With PartyCode = 'SUNDRYDEBTORS'
        Connect By Prior PartyCode = ParentCode),
     Asof As (Select to_date(:P907_TODATE,'DD-MM-RRRR') D From dual),
     Alc As (
       Select a.DrVoucherTno Tno, a.DrVoucherSno Sno, -Sum(a.Amount) Amt
         From DrCrAllocation a, Voucher dv, Voucher cv, Asof
        Where dv.Tno = a.DrVoucherTno And cv.Tno = a.CrVoucherTno
          And dv.VoucherDate <= Asof.D And cv.VoucherDate <= Asof.D
        Group By a.DrVoucherTno, a.DrVoucherSno
       Union All
       Select a.CrVoucherTno, a.CrVoucherSno, Sum(a.Amount)
         From DrCrAllocation a, Voucher dv, Voucher cv, Asof
        Where dv.Tno = a.DrVoucherTno And cv.Tno = a.CrVoucherTno
          And dv.VoucherDate <= Asof.D And cv.VoucherDate <= Asof.D
        Group By a.CrVoucherTno, a.CrVoucherSno),
     Al As (Select Tno, Sno, Sum(Amt) Amt From Alc Group By Tno, Sno),
     Aged As (
       Select d.AccountCode Pty, d.LocationCode Loc, d.VoucherDate Vdt, v.DocTypeCode Dtc,
              -(d.Amount - nvl(al.Amt,0)) Recv,
              coalesce(i.DueDate, sb.DueDate, ao.BillDueDate) DueDate,
              coalesce(i.InvoiceDate, ao.BillDate, d.VoucherDate) DocDate
         From VoucherDetail d
         Join Voucher v On v.Tno = d.Tno
         Left Join Al al On al.Tno = d.Tno And al.Sno = d.Sno
         Left Join Invoice     i  On v.ModuleCode = 'INVOICE'     And i.Tno  = v.ModuleTno
         Left Join ServiceBill sb On v.ModuleCode = 'SERVICEBILL' And sb.Tno = v.ModuleTno
         Left Join AccountOpening ao On v.VoucherNo = 'OPENING'   And ao.Tno = d.ModuleTno
         Cross Join Asof
        Where d.AccountCode In (Select PartyCode From Sd)
          And d.VoucherDate <= Asof.D
          And (cast(null as varchar2(100)) Is Null
               Or cast(null as varchar2(100)) = cast(null as varchar2(100)))
          And (null    Is Null Or cast(null as varchar2(100))        = null)
          And (:P907_COMPANY  Is Null Or d.CompanyCode  = :P907_COMPANY)
          And (:P907_LOCATION Is Null Or d.LocationCode = :P907_LOCATION)),
     Pty As (
       Select Pty, Sum(Case When Recv > 0 Then Recv Else 0 End) Dr
         From Aged Group By Pty),
     Conc As (Select nvl(Sum(Dr),0) Top10 From (
       Select Dr From Pty Where Dr > 0.005 Order By Dr Desc Fetch First 10 Rows Only)),
     T As (
       Select nvl(Sum(Case When Recv > 0 Then Recv Else 0 End),0) Gross,
              nvl(Sum(Case When Recv > 0 And DueDate Is Not Null
                            And (Select D From Asof) - DueDate > 180 Then Recv Else 0 End),0) D180,
              nvl(Sum(Case When Recv > 0 And DueDate Is Not Null
                            And (Select D From Asof) - DueDate > 365 Then Recv Else 0 End),0) D365,
              Count(Distinct Case When Recv <> 0 Then Pty End) ActPty,
              Count(Distinct Case When Recv > 0 And DueDate < (Select D From Asof) Then Pty End) OdPty,
              nvl(Sum(Case When Recv > 0 And DueDate > (Select D From Asof)
                            And DueDate <= (Select D From Asof) + 7 Then Recv Else 0 End),0) Due7,
              nvl(Sum(Case When Recv > 0 And DueDate > (Select D From Asof)
                            And DueDate <= (Select D From Asof) + 30 Then Recv Else 0 End),0) Due30,
              nvl(Sum(Case When Recv > 0 And DueDate Is Not Null
                       Then Recv * Greatest((Select D From Asof) - DueDate,0) End),0) WSum,
              nvl(","Sum(Case When Recv > 0 And DueDate Is Not Null Then Recv End),0) WBase,
              nvl(Sum(Case When Recv < 0 And Dtc = 'RECEIPT'
                            And (Select D From Asof) - Vdt > 90 Then -Recv Else 0 End),0) OldCash
         From Aged),
     Ex As (
       Select (Select Count(*) From Aged Where Recv > 0 And DueDate Is Null)
            + (Select Count(*) From Aged a2 Cross Join Asof
                Where a2.Dtc = 'RECEIPT' And a2.Recv < -0.005 And Asof.D - a2.Vdt > 90)
            + (Select Count(*) From DrCrAllocation a
                Where Not Exists (Select 1 From Voucher v Where v.Tno = a.DrVoucherTno)
                   Or Not Exists (Select 1 From Voucher v Where v.Tno = a.CrVoucherTno)) N
         From dual),
     /* THE EFFECTIVE APPROVED CREDIT LIMIT.

        Party.CreditAmount and Party.CreditDays would take precedence,
        but they are set on 0 and 2 of 954 debtor accounts. The working
        source is CREDITLIMITAPPROVAL: one row per approval, per company
        and location, where TillDate null means it never expires. The
        approval in force is the latest one granted by the date whose
        TillDate has not passed.

        As on the To Date rather than as on today, so a historical view
        is judged against the limit that was in force then.

        No ERP code resolves this. The table carries only panel triggers,
        and GETCREDITLIMITASON, despite the name, derives a limit from the
        last thirty days of CC invoices - a different measure for a
        different purpose. The rule is therefore stated here.

        A limit above Rs1,000 crore is not counted as a ceiling. The
        largest real limit in this data is Rs100 Cr and the two
        placeholders are Rs1,00,000 Cr and Rs2,00,000 Cr - a thousandfold
        gap with nothing inside it - so a figure that size records ""no
        limit"" rather than a control. Counting it would report a
        comfortable utilisation on a customer nobody is capping. */
     Lim As (Select cast(null as varchar2(100)) Pty, cast(null as varchar2(100)) Loc, cast(null as number) Days, cast(null as number) Amt From dual Where 1=0),
     Expo As (Select a.Pty, a.Loc, Sum(a.Recv) Owed From Aged a Group By a.Pty, a.Loc),
     Cl As (
       Select Count(*) WithLimit,
              Count(Case When l.Amt <= 10000000000 Then 1 End) Capped,
              Count(Case When l.Amt >  10000000000 Then 1 End) Uncapped,
              Count(Case When l.Amt <= 10000000000
                          And nvl(e.Owed,0) > l.Amt Then 1 End) Above
         From Lim l Left Join Expo e On e.Pty = l.Pty And e.Loc = l.Loc)
Select '<a class=""ds-kpi ds-kpi--amber"" href=""'
    || apex_page.get_url(p_page => 909, p_clear_cache => '909',
         p_items => 'P909_FROMDATE,P909_TODATE,P909_COMPANY,P909_LOCATION,P909_AGEBASIS,P909_BUCKET',
         p_values => :P907_FROMDATE ||','|| :P907_TODATE ||','|| :P907_COMPANY ||','|| :P907_LOCATION ||',DUE,5')
    || '"" title=""Open receivable more than 180 days past its due date.""><span class=""ds-kpi-ic fa fa-hourglass-end""></span>'
    || '<div class=""ds-kpi-body""><div class=""ds-kpi-t"">180+ Days</div><div class=""ds-kpi-n"">&#8377;'
    || Case When t.D180 >= 10000000 Then to_char(Round(t.D180/10000000,2),'FM999G990D00') || ' Cr'
            Else to_char(Round(t.D180/100000,2),'FM999G990D00') || ' Lac' End
    || '</div><div class=""ds-kpi-sub"">past due, not merely old</div></div></a>' As S1,
       '<a class=""ds-kpi ds-kpi--risk"" href=""'
    || apex_page.get_url(p_page => 909, p_clear_cache => '909',
         p_items => 'P909_FROMDATE,P909_TODATE,P909_COMPANY,P909_LOCATION,P909_AGEBASIS,P909_BUCKET',
         p_values => :P907_FROMDATE ||','|| :P907_TODATE ||','|| :P907_COMPANY ||','|| :P907_LOCATION ||',DUE,6')
    || '"" title=""Open receivable more than 365 days past its due date.""><span class=""ds-kpi-ic fa fa-fire""></span>'
   "," || '<div class=""ds-kpi-body""><div class=""ds-kpi-t"">365+ Days</div><div class=""ds-kpi-n"">&#8377;'
    || Case When t.D365 >= 10000000 Then to_char(Round(t.D365/10000000,2),'FM999G990D00') || ' Cr'
            Else to_char(Round(t.D365/100000,2),'FM999G990D00') || ' Lac' End
    || '</div><div class=""ds-kpi-sub"">the oldest exposure carried</div></div></a>' As S2,
       '<a class=""ds-kpi ds-kpi--teal"" href=""'
    || apex_page.get_url(p_page => 908, p_clear_cache => '908',
         p_items => 'P908_FROMDATE,P908_TODATE,P908_COMPANY,P908_LOCATION,P908_AGEBASIS,P908_FOCUS',
         p_values => :P907_FROMDATE ||','|| :P907_TODATE ||','|| :P907_COMPANY ||','|| :P907_LOCATION ||',DUE,ALL')
    || '"" title=""Customers carrying any non-zero position - debit, credit or both.""><span class=""ds-kpi-ic fa fa-users""></span>'
    || '<div class=""ds-kpi-body""><div class=""ds-kpi-t"">Active Debtors</div><div class=""ds-kpi-n"">'
    || to_char(t.ActPty,'FM999G990') || '</div>'
    || '<div class=""ds-kpi-sub"">with a live position</div></div></a>' As S3,
       '<a class=""ds-kpi ds-kpi--amber"" href=""'
    || apex_page.get_url(p_page => 908, p_clear_cache => '908',
         p_items => 'P908_FROMDATE,P908_TODATE,P908_COMPANY,P908_LOCATION,P908_AGEBASIS,P908_FOCUS',
         p_values => :P907_FROMDATE ||','|| :P907_TODATE ||','|| :P907_COMPANY ||','|| :P907_LOCATION ||',DUE,OVERDUE')
    || '"" title=""Customers with at least one item past its due date.""><span class=""ds-kpi-ic fa fa-user-times""></span>'
    || '<div class=""ds-kpi-body""><div class=""ds-kpi-t"">Overdue Debtors</div><div class=""ds-kpi-n"">'
    || to_char(t.OdPty,'FM999G990') || '</div>'
    || '<div class=""ds-kpi-sub"">of ' || to_char(t.ActPty,'FM999G990') || ' active</div></div></a>' As S4,
       '<a class=""ds-kpi ds-kpi--ok"" href=""'
    || apex_page.get_url(p_page => 909, p_clear_cache => '909',
         p_items => 'P909_FROMDATE,P909_TODATE,P909_COMPANY,P909_LOCATION,P909_AGEBASIS,P909_BUCKET',
         p_values => :P907_FROMDATE ||','|| :P907_TODATE ||','|| :P907_COMPANY ||','|| :P907_LOCATION ||',DUE,D7')
    || '"" title=""Receivable whose due date falls within seven days of the As-of Date. Due-date basis only. Opens the bills behind it.""><span class=""ds-kpi-ic fa fa-calendar-o""></span>'
    || '<div class=""ds-kpi-body""><div class=""ds-kpi-t"">Due Next 7 Days</div><div class=""ds-kpi-n"">&#8377;'
    || Case When t.Due7 >= 10000000 Then to_char(Round(t.Due7/10000000,2),'FM999G990D00') || ' Cr'
            Else to_char(Round(t.Due7/100000,2),'FM999G990D00') || ' Lac' End
    || '</div><div class=""ds-kpi-sub"">collectable this week</div></div></a>' As S5,
       '<a class=""ds-kpi ds-kpi--ok"" href=""'
    || apex_page.get_url(p_page => 909, p_clear_cache => '909',
         p_items => 'P909_FROMDATE,P909_TODATE,P909_COMPANY,P909_LOCATION,P909_AGEBASIS,P909_BUCKET',
         p_values => :P907_FROMDATE ||','|| :P907_TODATE ||','|| :P907_COMPANY ||','|| :P907_LOCATION ||',DUE,D30')
    || '"" title=""Receivable whose due date falls within thirty days of the As-of Date. Due-date basis only. Opens the bills behind it.""><span class=""ds-kpi-ic fa fa-calendar""></span>'
    || '<div class=""ds-kpi-body""><div class=""ds-kpi-t"">Due Next 30 Days</div><div class=""ds-kpi-n"">&#8377;'
    || Case When t.Due30 >= 10000000 Then to_char(Round(t.Due30/10000000,2),'FM999G990D00') || ' Cr'
            Else to_char(Round(t.Due30/100000,2),'FM999G990D00') || ' Lac' End
    || '</div><div class=""ds-kpi-sub"">collectable this month</div></div></a>' As S6,
       '<a class=""ds-kpi ds-kpi--struct"" href=""'
    || apex_page.get_url(p_page => 909, p_clear_cache => '909',
         p_items => 'P909_FROMDATE,P909_TODATE,P909_COMPANY,P909_LOCATION,P909_AGEBASIS,P909_BUCKET',
         p_values => :P907_FROMDATE ||','|| :P907_TODATE ||','|| :P907_COMPANY ||','|| :P907_LOCATION ||',DUE,WTD')
    || '"" title=""Days overdue weighted by amount. It","ems with no due date are excluded from BOTH sides of the average, so it is not diluted by what cannot be aged. Opens exactly that population - read the Days Overdue column.""><span class=""ds-kpi-ic fa fa-balance-scale""></span>'
    || '<div class=""ds-kpi-body""><div class=""ds-kpi-t"">Weighted Days Overdue</div><div class=""ds-kpi-n"">'
    || nvl(to_char(Round(t.WSum / Nullif(t.WBase,0),0),'FM999G990'),'&mdash;') || '</div>'
    || '<div class=""ds-kpi-sub"">over aged items only</div></div></a>' As S7,
       '<a class=""ds-kpi ds-kpi--gold"" href=""'
    || apex_page.get_url(p_page => 908, p_clear_cache => '908',
         p_items => 'P908_FROMDATE,P908_TODATE,P908_COMPANY,P908_LOCATION,P908_AGEBASIS,P908_FOCUS',
         p_values => :P907_FROMDATE ||','|| :P907_TODATE ||','|| :P907_COMPANY ||','|| :P907_LOCATION ||',DUE,ALL')
    || '"" title=""Share of gross receivable held by the ten largest debtors.""><span class=""ds-kpi-ic fa fa-pie-chart""></span>'
    || '<div class=""ds-kpi-body""><div class=""ds-kpi-t"">Top 10 Concentration</div><div class=""ds-kpi-n"">'
    || nvl(to_char(Round(100 * c.Top10 / Nullif(t.Gross,0),1),'FM990D0'),'&mdash;') || '%</div>'
    || '<div class=""ds-kpi-sub"">&#8377;'
    || Case When c.Top10 >= 10000000 Then to_char(Round(c.Top10/10000000,2),'FM999G990D00') || ' Cr'
            Else to_char(Round(c.Top10/100000,2),'FM999G990D00') || ' Lac' End
    || ' of gross</div></div></a>' As S8,
       '<a class=""ds-kpi ds-kpi--violet"" href=""'
    || apex_page.get_url(p_page => 913, p_clear_cache => '913',
         p_items => 'P913_FROMDATE,P913_TODATE,P913_COMPANY,P913_LOCATION,P913_CONTROL',
         p_values => :P907_FROMDATE ||','|| :P907_TODATE ||','|| :P907_COMPANY ||','|| :P907_LOCATION ||',AR-R03')
    || '"" title=""Receipt cash unapplied for more than 90 days - control AR-R03.""><span class=""ds-kpi-ic fa fa-hourglass-half""></span>'
    || '<div class=""ds-kpi-body""><div class=""ds-kpi-t"">Old Unapplied Cash</div><div class=""ds-kpi-n"">&#8377;'
    || Case When t.OldCash >= 10000000 Then to_char(Round(t.OldCash/10000000,2),'FM999G990D00') || ' Cr'
            Else to_char(Round(t.OldCash/100000,2),'FM999G990D00') || ' Lac' End
    || '</div><div class=""ds-kpi-sub"">over 90 days on account</div></div></a>' As S9,
       '<a class=""ds-kpi ds-kpi--risk"" href=""'
    || apex_page.get_url(p_page => 913, p_clear_cache => '913',
         p_items => 'P913_FROMDATE,P913_TODATE,P913_COMPANY,P913_LOCATION,P913_CATEGORY',
         p_values => :P907_FROMDATE ||','|| :P907_TODATE ||','|| :P907_COMPANY ||','|| :P907_LOCATION ||',CRITICAL')
    || '"" title=""Findings on Critical-severity controls: orphan allocation, over-allocation, cross-company allocation, old unapplied cash, null Panel.""><span class=""ds-kpi-ic fa fa-exclamation-triangle""></span>'
    || '<div class=""ds-kpi-body""><div class=""ds-kpi-t"">Critical Exceptions</div><div class=""ds-kpi-n"">'
    || to_char(e.N,'FM999G999G990') || '</div>'
    || '<div class=""ds-kpi-sub"">unaged items, old cash and orphan allocations</div></div></a>' As S10,
       '<div class=""ds-kpi ds-kpi--risk""><span class=""ds-kpi-ic fa fa-hand-paper-o""></span>'
    || '<div class=""ds-kpi-body""><div class=""ds-kpi-t"">Customers Above Credit Limit</div>'
    || '<div class=""ds-kpi-n"">' || to_char(cl.Above,'FM999G990') || '</div>'
    || '<div class=""ds-kpi-sub"">'
    || Case When cl.WithLimit = 0
            Then 'no approved limit is in force on this date'
            Else 'of ' || to_char(cl.Capped) || ' with a ceiling in force'
                 || Case When cl.Uncapped > 0
                         Then ', and ' || to_char(cl.Uncapped) || ' approved with no effective ceiling' End
       End
    || '</div></div></div>' As S11
  From T t Cross Join Conc c Cross Join Ex e Cross Join Cl cl"
907,"Accounts Receivable Command Centre","AR-COMMAND-CENTRE",36,"Ageing","rule-ageing","NATIVE_STATIC","<div class=""ds-dash-section"">
  <h2>Ageing</h2>
  <p>Every bucket, including the one that cannot be aged, and what the money is actually made of</p>
</div>","","",""
907,"Accounts Receivable Command Centre","AR-COMMAND-CENTRE",38,"Ageing Distribution","ageing-scale","NATIVE_SQL_REPORT","With Sd As (
       Select PartyCode From Party
        Start With PartyCode = 'SUNDRYDEBTORS'
        Connect By Prior PartyCode = ParentCode),
     Asof As (Select to_date(:P907_TODATE,'DD-MM-RRRR') D From dual),
     Alc As (
       Select a.DrVoucherTno Tno, a.DrVoucherSno Sno, -Sum(a.Amount) Amt
         From DrCrAllocation a, Voucher dv, Voucher cv, Asof
        Where dv.Tno = a.DrVoucherTno And cv.Tno = a.CrVoucherTno
          And dv.VoucherDate <= Asof.D And cv.VoucherDate <= Asof.D
        Group By a.DrVoucherTno, a.DrVoucherSno
       Union All
       Select a.CrVoucherTno, a.CrVoucherSno, Sum(a.Amount)
         From DrCrAllocation a, Voucher dv, Voucher cv, Asof
        Where dv.Tno = a.DrVoucherTno And cv.Tno = a.CrVoucherTno
          And dv.VoucherDate <= Asof.D And cv.VoucherDate <= Asof.D
        Group By a.CrVoucherTno, a.CrVoucherSno),
     Al As (Select Tno, Sno, Sum(Amt) Amt From Alc Group By Tno, Sno),
     Aged As (
       Select -(d.Amount - nvl(al.Amt,0)) Recv,
              Case When nvl(:P907_AGEBASIS,'DUE') = 'DUE'
                        And coalesce(i.DueDate, sb.DueDate, ao.BillDueDate) Is Null Then 7
                   When nvl(:P907_AGEBASIS,'DUE') = 'DUE'
                        And coalesce(i.DueDate, sb.DueDate, ao.BillDueDate) >= Asof.D Then 0
                   When (Case When :P907_AGEBASIS = 'DOC'
                              Then Asof.D - coalesce(i.InvoiceDate, ao.BillDate, d.VoucherDate)
                              Else Greatest(Asof.D - coalesce(i.DueDate, sb.DueDate, ao.BillDueDate),0) End) <=  30 Then 1
                   When (Case When :P907_AGEBASIS = 'DOC'
                              Then Asof.D - coalesce(i.InvoiceDate, ao.BillDate, d.VoucherDate)
                              Else Greatest(Asof.D - coalesce(i.DueDate, sb.DueDate, ao.BillDueDate),0) End) <=  60 Then 2
                   When (Case When :P907_AGEBASIS = 'DOC'
                              Then Asof.D - coalesce(i.InvoiceDate, ao.BillDate, d.VoucherDate)
                              Else Greatest(Asof.D - coalesce(i.DueDate, sb.DueDate, ao.BillDueDate),0) End) <=  90 Then 3
                   When (Case When :P907_AGEBASIS = 'DOC'
                              Then Asof.D - coalesce(i.InvoiceDate, ao.BillDate, d.VoucherDate)
                              Else Greatest(Asof.D - coalesce(i.DueDate, sb.DueDate, ao.BillDueDate),0) End) <= 180 Then 4
                   When (Case When :P907_AGEBASIS = 'DOC'
                              Then Asof.D - coalesce(i.InvoiceDate, ao.BillDate, d.VoucherDate)
                              Else Greatest(Asof.D - coalesce(i.DueDate, sb.DueDate, ao.BillDueDate),0) End) <= 365 Then 5
                   Else 6 End Bkt
         From VoucherDetail d
         Join Voucher v On v.Tno = d.Tno
         Left Join Al al On al.Tno = d.Tno And al.Sno = d.Sno
         Left Join Invoice     i  On v.ModuleCode = 'INVOICE'     And i.Tno  = v.ModuleTno
         Left Join ServiceBill sb On v.ModuleCode = 'SERVICEBILL' And sb.Tno = v.ModuleTno
         Left Join AccountOpening ao On v.VoucherNo = 'OPENING'   And ao.Tno = d.ModuleTno
         Cross Join Asof
        Where d.AccountCode In (Select PartyCode From Sd)
          And d.VoucherDate <= Asof.D
          And (cast(null as varchar2(100)) Is Null
               Or cast(null as varchar2(100)) = cast(null as varchar2(100)))
          And (null    Is Null Or cast(null as varchar2(100))        = null)
          And (:P907_COMPANY  Is Null Or d.CompanyCode  = :P907_COMPANY)
          And (:P907_LOCATION Is Null Or d.LocationCode = :P907_LOCATION)),
     G As (Select Bkt, Sum(Recv) Amt From Aged Where Recv > 0 Group By Bkt),
     Tot As (Select nvl(Sum(Amt),0) T From G)
Select '<div class=""ds-arage""><div class=""ds-arage-bar"">'
    || nvl(ListAgg(
         Case When g.Amt / Nullif(tot.T,0) >= 0.0005 Then
           '<div class=""ds-arage-seg ds-","arage-seg--b' || g.Bkt || '"" style=""width:'
           || to_char(Round(100 * g.Amt / tot.T,3),'FM990D000') || '%"" title=""'
           || Case g.Bkt When 0 Then 'Not Due' When 1 Then '1-30 days' When 2 Then '31-60 days'
                         When 3 Then '61-90 days' When 4 Then '91-180 days' When 5 Then '181-365 days'
                         When 6 Then 'Over 365 days' Else 'Cannot Age - no due date on the source document' End
           || ': &#8377;' || to_char(Round(g.Amt,0),'FM999G99G99G990') || '"">'
           || Case When g.Amt / tot.T >= 0.06
                   Then to_char(Round(100 * g.Amt / tot.T,0),'FM990') || '%' End
           || '</div>'
         End, '') Within Group (Order By g.Bkt), '')
    || '</div><div class=""ds-arage-legend"">'
    || nvl(ListAgg(
         '<span class=""ds-arage-key ds-arage-key--b' || g.Bkt || '""><i></i>'
         || Case g.Bkt When 0 Then 'Not Due' When 1 Then '1-30' When 2 Then '31-60'
                       When 3 Then '61-90' When 4 Then '91-180' When 5 Then '181-365'
                       When 6 Then '&gt;365' Else 'Cannot Age' End
         || ' <b>&#8377;'
         || Case When g.Amt >= 10000000 Then to_char(Round(g.Amt/10000000,2),'FM999G990D00') || ' Cr'
                 When g.Amt >= 100000   Then to_char(Round(g.Amt/100000,2),'FM999G990D00') || ' Lac'
                 Else to_char(Round(g.Amt,0),'FM999G99G99G990') End
         || '</b></span>', '') Within Group (Order By g.Bkt), '')
    || '</div></div>' As SCALE
  From G g Cross Join Tot tot","",""
907,"Accounts Receivable Command Centre","AR-COMMAND-CENTRE",42,"What the Open Balance Is Made Of","class-mix","NATIVE_JET_CHART","/* Gross Outstanding is the control account, and the control account is
   not all trade debt. Payments MADE to a customer, purchases FROM a
   customer (this is a contra-trading business) and opening carry-forward
   all sit inside it. Presenting the total without this breakdown is the
   fastest way to have a CFO chase a receivable that is really a
   purchase ledger entry. */
With Sd As (
       Select PartyCode From Party
        Start With PartyCode = 'SUNDRYDEBTORS'
        Connect By Prior PartyCode = ParentCode),
     Asof As (Select to_date(:P907_TODATE,'DD-MM-RRRR') D From dual),
     Alc As (
       Select a.DrVoucherTno Tno, a.DrVoucherSno Sno, -Sum(a.Amount) Amt
         From DrCrAllocation a, Voucher dv, Voucher cv, Asof
        Where dv.Tno = a.DrVoucherTno And cv.Tno = a.CrVoucherTno
          And dv.VoucherDate <= Asof.D And cv.VoucherDate <= Asof.D
        Group By a.DrVoucherTno, a.DrVoucherSno
       Union All
       Select a.CrVoucherTno, a.CrVoucherSno, Sum(a.Amount)
         From DrCrAllocation a, Voucher dv, Voucher cv, Asof
        Where dv.Tno = a.DrVoucherTno And cv.Tno = a.CrVoucherTno
          And dv.VoucherDate <= Asof.D And cv.VoucherDate <= Asof.D
        Group By a.CrVoucherTno, a.CrVoucherSno),
     Al As (Select Tno, Sno, Sum(Amt) Amt From Alc Group By Tno, Sno),
     Oi As (
       Select -(d.Amount - nvl(al.Amt,0)) Recv,
              Case When v.VoucherNo = 'OPENING'      Then 'Opening Carry-forward'
                   When v.ModuleCode = 'INVOICE'     Then 'Trade Invoice'
                   When v.ModuleCode = 'SERVICEBILL' Then 'Service Bill'
                   When v.ModuleCode = 'CREDITNOTE'  Then 'Credit Note'
                   When v.ModuleCode = 'DEBITNOTE'   Then 'Debit Note'
                   When v.ModuleCode = 'PBPASS'      Then 'Contra Purchase'
                   When v.DocTypeCode = 'RECEIPT'    Then 'Receipt / On-account'
                   When v.DocTypeCode In ('PAYMENT','CASHPAYMENT','BANKPAYMENT')
                                                     Then 'Payment to Customer'
                   Else 'Journal' End Cls
         From VoucherDetail d
         Join Voucher v On v.Tno = d.Tno
         Left Join Al al On al.Tno = d.Tno And al.Sno = d.Sno
         Cross Join Asof
        Where d.AccountCode In (Select PartyCode From Sd)
          And d.VoucherDate <= Asof.D
          And (cast(null as varchar2(100)) Is Null
               Or cast(null as varchar2(100)) = cast(null as varchar2(100)))
          And (null    Is Null Or cast(null as varchar2(100))        = null)
          And (:P907_COMPANY  Is Null Or d.CompanyCode  = :P907_COMPANY)
          And (:P907_LOCATION Is Null Or d.LocationCode = :P907_LOCATION))
Select Cls As LABEL,
       Round(Sum(Case When Recv > 0 Then Recv Else 0 End)/100000,2) As RECEIVABLE_LAC,
       Round(Sum(Case When Recv < 0 Then -Recv Else 0 End)/100000,2) As CREDIT_LAC
  From Oi
 Group By Cls
Having Sum(Abs(Recv)) > 0.005
 Order By Sum(Abs(Recv)) Desc","","",""
907,"Accounts Receivable Command Centre","AR-COMMAND-CENTRE",44,"Top Debtors by Net Exposure","top-debtors","NATIVE_JET_CHART","With Sd As (
       Select PartyCode From Party
        Start With PartyCode = 'SUNDRYDEBTORS'
        Connect By Prior PartyCode = ParentCode),
     Asof As (Select to_date(:P907_TODATE,'DD-MM-RRRR') D From dual),
     Alc As (
       Select a.DrVoucherTno Tno, a.DrVoucherSno Sno, -Sum(a.Amount) Amt
         From DrCrAllocation a, Voucher dv, Voucher cv, Asof
        Where dv.Tno = a.DrVoucherTno And cv.Tno = a.CrVoucherTno
          And dv.VoucherDate <= Asof.D And cv.VoucherDate <= Asof.D
        Group By a.DrVoucherTno, a.DrVoucherSno
       Union All
       Select a.CrVoucherTno, a.CrVoucherSno, Sum(a.Amount)
         From DrCrAllocation a, Voucher dv, Voucher cv, Asof
        Where dv.Tno = a.DrVoucherTno And cv.Tno = a.CrVoucherTno
          And dv.VoucherDate <= Asof.D And cv.VoucherDate <= Asof.D
        Group By a.CrVoucherTno, a.CrVoucherSno),
     Al As (Select Tno, Sno, Sum(Amt) Amt From Alc Group By Tno, Sno),
     P As (
       Select d.AccountCode Pty,
              Sum(Case When -(d.Amount - nvl(al.Amt,0)) > 0 Then -(d.Amount - nvl(al.Amt,0)) Else 0 End) Dr,
              Sum(Case When -(d.Amount - nvl(al.Amt,0)) < 0 Then  (d.Amount - nvl(al.Amt,0)) Else 0 End) Cr
         From VoucherDetail d
         Left Join Al al On al.Tno = d.Tno And al.Sno = d.Sno
         Cross Join Asof
        Where d.AccountCode In (Select PartyCode From Sd)
          And d.VoucherDate <= Asof.D
          And (cast(null as varchar2(100)) Is Null
               Or cast(null as varchar2(100)) = cast(null as varchar2(100)))
          And (null    Is Null Or cast(null as varchar2(100))        = null)
          And (:P907_COMPANY  Is Null Or d.CompanyCode  = :P907_COMPANY)
          And (:P907_LOCATION Is Null Or d.LocationCode = :P907_LOCATION)
        Group By d.AccountCode)
Select * From (
  Select nvl(pa.PartyName, p.Pty) As LABEL,
         Round(p.Dr/100000,2) As RECEIVABLE_LAC,
         Round(p.Cr/100000,2) As CREDIT_LAC,
         p.Pty As PARTY_CODE
    From P p Left Join Party pa On pa.PartyCode = p.Pty
   Where p.Dr > 0.005
   Order By p.Dr Desc)
 Where rownum <= 12
 /* Outer Order By is required: the inner one only picks the twelve
    rows, it does not survive to the result set. */
 Order By RECEIVABLE_LAC Desc","","",""
907,"Accounts Receivable Command Centre","AR-COMMAND-CENTRE",46,"Top Overdue Debtors","top-overdue","NATIVE_JET_CHART","With Sd As (
       Select PartyCode From Party
        Start With PartyCode = 'SUNDRYDEBTORS'
        Connect By Prior PartyCode = ParentCode),
     Asof As (Select to_date(:P907_TODATE,'DD-MM-RRRR') D From dual),
     Alc As (
       Select a.DrVoucherTno Tno, a.DrVoucherSno Sno, -Sum(a.Amount) Amt
         From DrCrAllocation a, Voucher dv, Voucher cv, Asof
        Where dv.Tno = a.DrVoucherTno And cv.Tno = a.CrVoucherTno
          And dv.VoucherDate <= Asof.D And cv.VoucherDate <= Asof.D
        Group By a.DrVoucherTno, a.DrVoucherSno
       Union All
       Select a.CrVoucherTno, a.CrVoucherSno, Sum(a.Amount)
         From DrCrAllocation a, Voucher dv, Voucher cv, Asof
        Where dv.Tno = a.DrVoucherTno And cv.Tno = a.CrVoucherTno
          And dv.VoucherDate <= Asof.D And cv.VoucherDate <= Asof.D
        Group By a.CrVoucherTno, a.CrVoucherSno),
     Al As (Select Tno, Sno, Sum(Amt) Amt From Alc Group By Tno, Sno),
     G As (
       Select d.AccountCode Pty,
              Sum(Case When -(d.Amount - nvl(al.Amt,0)) > 0
                        And coalesce(i.DueDate, sb.DueDate, ao.BillDueDate) < (Select D From Asof)
                       Then -(d.Amount - nvl(al.Amt,0)) Else 0 End) Overdue,
              Sum(Case When -(d.Amount - nvl(al.Amt,0)) > 0
                        And coalesce(i.DueDate, sb.DueDate, ao.BillDueDate) < (Select D From Asof) - 90
                       Then -(d.Amount - nvl(al.Amt,0)) Else 0 End) Over90
         From VoucherDetail d
         Join Voucher v On v.Tno = d.Tno
         Left Join Al al On al.Tno = d.Tno And al.Sno = d.Sno
         Left Join Invoice     i  On v.ModuleCode = 'INVOICE'     And i.Tno  = v.ModuleTno
         Left Join ServiceBill sb On v.ModuleCode = 'SERVICEBILL' And sb.Tno = v.ModuleTno
         Left Join AccountOpening ao On v.VoucherNo = 'OPENING'   And ao.Tno = d.ModuleTno
         Cross Join Asof
        Where d.AccountCode In (Select PartyCode From Sd)
          And d.VoucherDate <= Asof.D
          And (cast(null as varchar2(100)) Is Null
               Or cast(null as varchar2(100)) = cast(null as varchar2(100)))
          And (null    Is Null Or cast(null as varchar2(100))        = null)
          And (:P907_COMPANY  Is Null Or d.CompanyCode  = :P907_COMPANY)
          And (:P907_LOCATION Is Null Or d.LocationCode = :P907_LOCATION)
        Group By d.AccountCode)
Select * From (
  Select nvl(p.PartyName, g.Pty) As LABEL,
         Round(g.Overdue/100000,2)                 As OVERDUE_LAC,
         Round(g.Over90/100000,2)                  As OVER90_LAC,
         g.Pty                                     As PARTY_CODE
    From G g Left Join Party p On p.PartyCode = g.Pty
   Where g.Overdue > 0.005
   Order By g.Overdue Desc)
 Where rownum <= 12
 /* The inner Order By only decides WHICH twelve rows rownum keeps -
    Oracle does not carry that order out to the caller. The chart no
    longer re-sorts by label, so without this outer Order By the bars
    would come back in whatever order the plan produced. */
 Order By OVERDUE_LAC Desc","","",""
907,"Accounts Receivable Command Centre","AR-COMMAND-CENTRE",47,"Customer Concentration","concentration","NATIVE_JET_CHART","/* Concentration as four mutually exclusive bands that together make the
   whole gross receivable - which is what makes a donut legitimate here.
   A donut over overlapping or partial measures would be misleading, so
   the bands are built to be exhaustive. */
With Sd As (
       Select PartyCode From Party
        Start With PartyCode = 'SUNDRYDEBTORS'
        Connect By Prior PartyCode = ParentCode),
     Asof As (Select to_date(:P907_TODATE,'DD-MM-RRRR') D From dual),
     Alc As (
       Select a.DrVoucherTno Tno, a.DrVoucherSno Sno, -Sum(a.Amount) Amt
         From DrCrAllocation a, Voucher dv, Voucher cv, Asof
        Where dv.Tno = a.DrVoucherTno And cv.Tno = a.CrVoucherTno
          And dv.VoucherDate <= Asof.D And cv.VoucherDate <= Asof.D
        Group By a.DrVoucherTno, a.DrVoucherSno
       Union All
       Select a.CrVoucherTno, a.CrVoucherSno, Sum(a.Amount)
         From DrCrAllocation a, Voucher dv, Voucher cv, Asof
        Where dv.Tno = a.DrVoucherTno And cv.Tno = a.CrVoucherTno
          And dv.VoucherDate <= Asof.D And cv.VoucherDate <= Asof.D
        Group By a.CrVoucherTno, a.CrVoucherSno),
     Al As (Select Tno, Sno, Sum(Amt) Amt From Alc Group By Tno, Sno),
     G As (
       Select d.AccountCode Pty,
              Sum(Case When -(d.Amount - nvl(al.Amt,0)) > 0
                       Then -(d.Amount - nvl(al.Amt,0)) Else 0 End) Dr
         From VoucherDetail d
         Left Join Al al On al.Tno = d.Tno And al.Sno = d.Sno
         Cross Join Asof
        Where d.AccountCode In (Select PartyCode From Sd)
          And d.VoucherDate <= Asof.D
          And (cast(null as varchar2(100)) Is Null
               Or cast(null as varchar2(100)) = cast(null as varchar2(100)))
          And (null    Is Null Or cast(null as varchar2(100))        = null)
          And (:P907_COMPANY  Is Null Or d.CompanyCode  = :P907_COMPANY)
          And (:P907_LOCATION Is Null Or d.LocationCode = :P907_LOCATION)
        Group By d.AccountCode),
     R As (Select Pty, Dr, Row_Number() Over (Order By Dr Desc) Rn From G Where Dr > 0.005)
Select Band As LABEL, Round(Sum(Dr)/10000000,2) As EXPOSURE_CR
  From (Select Case When Rn <= 5  Then 'Top 5 customers'
                    When Rn <= 10 Then 'Rank 6-10'
                    When Rn <= 25 Then 'Rank 11-25'
                    Else 'All other customers' End Band, Dr
          From R)
 Group By Band
 Order By Case Band When 'Top 5 customers' Then 1 When 'Rank 6-10' Then 2
                    When 'Rank 11-25' Then 3 Else 4 End","","",""
907,"Accounts Receivable Command Centre","AR-COMMAND-CENTRE",48,"Overdue Movement","overdue-movement","NATIVE_JET_CHART","/* Overdue re-derived at each month end, so the line shows how the
   overdue book actually moved rather than the net of period postings.
   The month spine is cross-joined into the open-item layer, the same
   construction page 699 uses and for the same reason. */
With Sd As (
       Select PartyCode From Party
        Start With PartyCode = 'SUNDRYDEBTORS'
        Connect By Prior PartyCode = ParentCode),
     Spine As (
       Select Me From (
         Select Least(Last_Day(Add_Months(trunc(to_date(:P907_FROMDATE,'DD-MM-RRRR'),'MM'), Level - 1)),
                      to_date(:P907_TODATE,'DD-MM-RRRR')) Me
           From dual
        Connect By Level <= Months_Between(trunc(to_date(:P907_TODATE,'DD-MM-RRRR'),'MM'),
                                           trunc(to_date(:P907_FROMDATE,'DD-MM-RRRR'),'MM')) + 1)
        Where Me >= date '2026-04-01'),
     Ln As (
       Select d.Tno, d.Sno, d.Amount Amt, d.VoucherDate Vdt,
              coalesce(i.DueDate, sb.DueDate, ao.BillDueDate) DueDate
         From VoucherDetail d
         Join Voucher v On v.Tno = d.Tno
         Left Join Invoice     i  On v.ModuleCode = 'INVOICE'     And i.Tno  = v.ModuleTno
         Left Join ServiceBill sb On v.ModuleCode = 'SERVICEBILL' And sb.Tno = v.ModuleTno
         Left Join AccountOpening ao On v.VoucherNo = 'OPENING'   And ao.Tno = d.ModuleTno
        Where d.AccountCode In (Select PartyCode From Sd)
          And (cast(null as varchar2(100)) Is Null
               Or cast(null as varchar2(100)) = cast(null as varchar2(100)))
          And (null    Is Null Or cast(null as varchar2(100))        = null)
          And (:P907_COMPANY  Is Null Or d.CompanyCode  = :P907_COMPANY)
          And (:P907_LOCATION Is Null Or d.LocationCode = :P907_LOCATION)),
     AlSpine As (
       Select s.Me, a.DrVoucherTno Tno, a.DrVoucherSno Sno, -Sum(a.Amount) Amt
         From DrCrAllocation a, Voucher dv, Voucher cv, Spine s
        Where dv.Tno = a.DrVoucherTno And cv.Tno = a.CrVoucherTno
          And dv.VoucherDate <= s.Me And cv.VoucherDate <= s.Me
        Group By s.Me, a.DrVoucherTno, a.DrVoucherSno
       Union All
       Select s.Me, a.CrVoucherTno, a.CrVoucherSno, Sum(a.Amount)
         From DrCrAllocation a, Voucher dv, Voucher cv, Spine s
        Where dv.Tno = a.DrVoucherTno And cv.Tno = a.CrVoucherTno
          And dv.VoucherDate <= s.Me And cv.VoucherDate <= s.Me
        Group By s.Me, a.CrVoucherTno, a.CrVoucherSno),
     Al As (Select Me, Tno, Sno, Sum(Amt) Amt From AlSpine Group By Me, Tno, Sno),
     P As (
       Select s.Me, -(l.Amt - nvl(al.Amt,0)) Recv, l.DueDate,
              Case When l.DueDate Is Null Then Null Else s.Me - l.DueDate End Od
         From Ln l
         Join Spine s On l.Vdt <= s.Me
         Left Join Al al On al.Me = s.Me And al.Tno = l.Tno And al.Sno = l.Sno)
Select to_char(Me,'Mon-RR')                                                    As LABEL,
       Round(Sum(Case When Recv > 0 And Od > 0 Then Recv Else 0 End)/10000000,2) As OVERDUE_CR,
       Round(Sum(Case When Recv > 0 And Od > 90 Then Recv Else 0 End)/10000000,2) As OVER90_CR,
       Round(Sum(Case When Recv > 0 And DueDate Is Null Then Recv Else 0 End)/10000000,2) As CANNOT_AGE_CR
  From P Group By Me Order By Me","","",""
907,"Accounts Receivable Command Centre","AR-COMMAND-CENTRE",49,"Exception Trend","exception-trend","NATIVE_JET_CHART","/* Exceptions plotted by the TRANSACTION date of the offending record,
   because this ERP keeps no exception log and therefore no detection
   date. The chart answers ""which months are generating exceptions"",
   not ""when were they found"" - and the axis title says so. */
With Sd As (
       Select PartyCode From Party
        Start With PartyCode = 'SUNDRYDEBTORS'
        Connect By Prior PartyCode = ParentCode),
     Asof As (Select to_date(:P907_TODATE,'DD-MM-RRRR') D From dual),
     Alc As (
       Select a.DrVoucherTno Tno, a.DrVoucherSno Sno, -Sum(a.Amount) Amt
         From DrCrAllocation a, Voucher dv, Voucher cv, Asof
        Where dv.Tno = a.DrVoucherTno And cv.Tno = a.CrVoucherTno
          And dv.VoucherDate <= Asof.D And cv.VoucherDate <= Asof.D
        Group By a.DrVoucherTno, a.DrVoucherSno
       Union All
       Select a.CrVoucherTno, a.CrVoucherSno, Sum(a.Amount)
         From DrCrAllocation a, Voucher dv, Voucher cv, Asof
        Where dv.Tno = a.DrVoucherTno And cv.Tno = a.CrVoucherTno
          And dv.VoucherDate <= Asof.D And cv.VoucherDate <= Asof.D
        Group By a.CrVoucherTno, a.CrVoucherSno),
     Al As (Select Tno, Sno, Sum(Amt) Amt From Alc Group By Tno, Sno),
     Oi As (
       Select d.VoucherDate Vdt, v.DocTypeCode Dtc, v.VoucherNo Vno,
              -(d.Amount - nvl(al.Amt,0)) Recv,
              coalesce(i.DueDate, sb.DueDate, ao.BillDueDate) DueDate,
              ao.BillDate AoBillDate
         From VoucherDetail d
         Join Voucher v On v.Tno = d.Tno
         Left Join Al al On al.Tno = d.Tno And al.Sno = d.Sno
         Left Join Invoice     i  On v.ModuleCode = 'INVOICE'     And i.Tno  = v.ModuleTno
         Left Join ServiceBill sb On v.ModuleCode = 'SERVICEBILL' And sb.Tno = v.ModuleTno
         Left Join AccountOpening ao On v.VoucherNo = 'OPENING'   And ao.Tno = d.ModuleTno
         Cross Join Asof
        Where d.AccountCode In (Select PartyCode From Sd)
          And d.VoucherDate <= Asof.D
          And (cast(null as varchar2(100)) Is Null
               Or cast(null as varchar2(100)) = cast(null as varchar2(100)))
          And (null    Is Null Or cast(null as varchar2(100))        = null)
          And (:P907_COMPANY  Is Null Or d.CompanyCode  = :P907_COMPANY)
          And (:P907_LOCATION Is Null Or d.LocationCode = :P907_LOCATION))
Select to_char(trunc(Vdt,'MM'),'Mon-RR')                                     As LABEL,
       Sum(Case When Recv > 0 And DueDate Is Null Then 1 Else 0 End)         As CANNOT_AGE,
       Sum(Case When Dtc = 'RECEIPT' And Recv < -0.005
                 And (Select D From Asof) - Vdt > 90 Then 1 Else 0 End)      As OLD_UNAPPLIED,
       Sum(Case When Vno = 'OPENING' And AoBillDate Is Null
                 And Abs(Recv) > 0.005 Then 1 Else 0 End)                    As OPENING_NO_DATE
  From Oi
 Where Vdt >= to_date(:P907_FROMDATE,'DD-MM-RRRR')
 Group By trunc(Vdt,'MM')
 Order By trunc(Vdt,'MM')","","",""
907,"Accounts Receivable Command Centre","AR-COMMAND-CENTRE",50,"Longer-run trend","trend-link","NATIVE_STATIC","<div class=""ds-arnote""><span class=""fa fa-line-chart""></span><div>
  <b>Outstanding Trend, Ageing Mix Trend and Receipt Application</b> are on the dedicated
  <b>AR Trend Analysis</b> page, where each series is re-derived at every month end rather than
  compressed onto this dashboard. Open it from the navigation menu, or from the Overdue Movement
  chart above, which uses the same month-end construction.
</div></div>","","",""
907,"Accounts Receivable Command Centre","AR-COMMAND-CENTRE",52,"Billing vs Collection","billing-collection","NATIVE_JET_CHART","/* A flow chart, not a balance chart: it is bounded by From/To, not by
   the As-of Date. Billing is the debit side of SALE and SERVICEBILL
   vouchers; collection is the credit side of RECEIPT vouchers. Credit
   notes are shown separately rather than netted into billing, because
   a fall in billing and a credit note are different events. */
With Sd As (
       Select PartyCode From Party
        Start With PartyCode = 'SUNDRYDEBTORS'
        Connect By Prior PartyCode = ParentCode),
     Mv As (
       Select trunc(d.VoucherDate,'MM') Mth,
              Sum(Case When v.DocTypeCode In ('SALE','SERVICEBILL') And d.Amount < 0
                       Then -d.Amount Else 0 End) Billing,
              Sum(Case When v.DocTypeCode = 'RECEIPT' And d.Amount > 0
                       Then d.Amount Else 0 End) Collection,
              Sum(Case When v.DocTypeCode = 'CREDITNOTE' And d.Amount > 0
                       Then d.Amount Else 0 End) CreditNotes
         From VoucherDetail d Join Voucher v On v.Tno = d.Tno
        Where d.AccountCode In (Select PartyCode From Sd)
          And d.VoucherDate >= to_date(:P907_FROMDATE,'DD-MM-RRRR')
          And d.VoucherDate <  to_date(:P907_TODATE,'DD-MM-RRRR') + 1
          And (cast(null as varchar2(100)) Is Null
               Or cast(null as varchar2(100)) = cast(null as varchar2(100)))
          And (null    Is Null Or cast(null as varchar2(100))        = null)
          And (:P907_COMPANY  Is Null Or d.CompanyCode  = :P907_COMPANY)
          And (:P907_LOCATION Is Null Or d.LocationCode = :P907_LOCATION)
        Group By trunc(d.VoucherDate,'MM'))
Select to_char(Mth,'Mon-RR') As LABEL,
       Round(Billing/100000,2) As BILLING_LAC,
       Round(Collection/100000,2) As COLLECTION_LAC,
       Round(CreditNotes/100000,2) As CREDITNOTE_LAC
  From Mv Order By Mth","","",""
907,"Accounts Receivable Command Centre","AR-COMMAND-CENTRE",58,"Control and Traceability","rule-control","NATIVE_STATIC","<div class=""ds-dash-section"">
  <h2>Control and Traceability</h2>
  <p>What the data cannot support, and where the exceptions are</p>
</div>","","",""
907,"Accounts Receivable Command Centre","AR-COMMAND-CENTRE",60,"Exceptions and Controls","control-summary","NATIVE_SQL_REPORT","/* Headline counts only. Every one of them is a link into page 696,
   where the identical predicate produces the row set - the count and
   the drill-down cannot disagree because they are the same WHERE
   clause, proved in docs/sql/ar-reconciliation.sql section 9. */
With Sd As (
       Select PartyCode From Party
        Start With PartyCode = 'SUNDRYDEBTORS'
        Connect By Prior PartyCode = ParentCode),
     C As (
       Select
         (Select Count(*) From DrCrAllocation a
           Where Not Exists (Select 1 From Voucher v Where v.Tno = a.DrVoucherTno)
              Or Not Exists (Select 1 From Voucher v Where v.Tno = a.CrVoucherTno)) Orphan,
         (Select Count(*) From (Select CompanyCode, InvoiceNo From Invoice
                                 Group By CompanyCode, InvoiceNo Having Count(*) > 1)) Dup,
         (Select Count(*) From Invoice Where nvl(InvoiceAmount,0) = 0) ZeroAmt,
         (Select Count(*) From VoucherDetail d Join Voucher v On v.Tno = d.Tno
            Left Join AccountOpening ao On ao.Tno = d.ModuleTno
           Where d.AccountCode In (Select PartyCode From Sd)
             And v.VoucherNo = 'OPENING' And ao.BillDate Is Null) OpenNoDate
         From dual)
Select '<a class=""ds-kpi ds-kpi--risk"" href=""'
    || apex_page.get_url(p_page => 913, p_clear_cache => '913',
         p_items => 'P913_FROMDATE,P913_TODATE,P913_COMPANY,P913_LOCATION,P913_CONTROL',
         p_values => :P907_FROMDATE ||','|| :P907_TODATE ||','|| :P907_COMPANY ||','|| :P907_LOCATION ||',AR-A05')
    || '"" title=""Allocation rows whose debit or credit voucher no longer exists. This ERP has no reversal mechanism - deletion is it - so a deleted voucher leaves its allocations behind."">'
    || '<span class=""ds-kpi-ic fa fa-unlink""></span><div class=""ds-kpi-body"">'
    || '<div class=""ds-kpi-t"">Orphan Allocations</div><div class=""ds-kpi-n"">' || to_char(c.Orphan,'FM999G990') || '</div>'
    || '<div class=""ds-kpi-sub"">AR-A05 &middot; one of them would misstate AR by &#8377;34,119</div></div></a>' As C1,
       '<a class=""ds-kpi ds-kpi--amber"" href=""'
    || apex_page.get_url(p_page => 913, p_clear_cache => '913',
         p_items => 'P913_FROMDATE,P913_TODATE,P913_COMPANY,P913_LOCATION,P913_CONTROL',
         p_values => :P907_FROMDATE ||','|| :P907_TODATE ||','|| :P907_COMPANY ||','|| :P907_LOCATION ||',AR-B05')
    || '"" title=""The same invoice number issued more than once within one company."">'
    || '<span class=""ds-kpi-ic fa fa-copy""></span><div class=""ds-kpi-body"">'
    || '<div class=""ds-kpi-t"">Duplicate Invoice Numbers</div><div class=""ds-kpi-n"">' || to_char(c.Dup,'FM999G990') || '</div>'
    || '<div class=""ds-kpi-sub"">AR-B05 &middot; invoice number groups within a company</div></div></a>' As C2,
       '<a class=""ds-kpi ds-kpi--struct"" href=""'
    || apex_page.get_url(p_page => 913, p_clear_cache => '913',
         p_items => 'P913_FROMDATE,P913_TODATE,P913_COMPANY,P913_LOCATION,P913_CONTROL',
         p_values => :P907_FROMDATE ||','|| :P907_TODATE ||','|| :P907_COMPANY ||','|| :P907_LOCATION ||',AR-O01')
    || '"" title=""Opening carry-forward receivables whose original bill date did not survive migration. Their age is floored at the 31-03-2026 cutover and is therefore understated."">'
    || '<span class=""ds-kpi-ic fa fa-history""></span><div class=""ds-kpi-body"">'
    || '<div class=""ds-kpi-t"">Opening AR, Age Understated</div><div class=""ds-kpi-n"">' || to_char(c.OpenNoDate,'FM999G990') || '</div>'
    || '<div class=""ds-kpi-sub"">AR-O01 &middot; no original bill date preserved</div></div></a>' As C3,
       '<a class=""ds-kpi ds-kpi--teal"" href=""'
    || apex_page.get_url(p_page => 914, p_clear_cache => '914',
         p_items => 'P914_FROMDATE,P914_TODATE,P914_COMPANY,P914_LOCATION',
         p_values => :P907_FROMDATE ||','|| :P907_TODATE ||','|| :P907_COMPANY ||','|| :P907_LOCATION)
    || '"" title=""Analytical AR agai","nst the SUNDRYDEBTORS general-ledger control account, executed rather than asserted."">'
    || '<span class=""ds-kpi-ic fa fa-balance-scale""></span><div class=""ds-kpi-body"">'
    || '<div class=""ds-kpi-t"">AR vs GL Reconciliation</div><div class=""ds-kpi-n""><span style=""font-size:17px"">Open</span></div>'
    || '<div class=""ds-kpi-sub"">full tie-out by company, location and party</div></div></a>' As C4
  From C c","",""
907,"Accounts Receivable Command Centre","AR-COMMAND-CENTRE",64,"What This ERP Can And Cannot Measure","excluded","NATIVE_SQL_REPORT","/* The coverage figures are counted, not written down. Two of these four
   measures used to be listed as impossible; one now has a source, and a
   card stating ""0 of 954"" in fixed text goes stale the moment somebody
   approves a limit. Everything quantified here is a live count, so the
   page cannot drift away from the data it describes. */
With Sd As (
       Select PartyCode From Party
        Start With PartyCode = 'SUNDRYDEBTORS'
        Connect By Prior PartyCode = ParentCode),
     Asof As (Select to_date(:P907_TODATE,'DD-MM-RRRR') D From dual),
     P As (
       Select Count(*) Deb,
              Count(Case When nvl(p.CreditAmount,0) > 0 Then 1 End) MastAmt,
              Count(Case When nvl(p.CreditDays,0)   > 0 Then 1 End) MastDays
         From Party p Where p.PartyCode In (Select PartyCode From Sd)),
     A As (Select 0 InForce, 0 Capped, 0 Uncapped, 0 WithDays From dual),
     E As (Select 0 Expired From dual)
Select '<div class=""ds-arnote""><span class=""fa fa-info-circle""></span><div>'
    || '<b>Two measures a receivables dashboard would normally carry cannot be computed from this ERP, '
    || 'and two more are limited by how much has been approved rather than by the data model.</b> '
    || 'Showing any of them as zero would be a lie; omitting them silently would invite someone to ask for them again.'
    || '</div></div>'
    || '<div style=""display:grid;grid-template-columns:repeat(auto-fit,minmax(240px,1fr));gap:12px"">'
    || '<div class=""ds-arexcl""><div class=""ds-arexcl-h"">Credit Limit &amp; Credit Utilisation %</div>'
    || '<div class=""ds-arexcl-b""><code>Party.CreditAmount</code> is set on <b>'
       || to_char(p.MastAmt) || ' of ' || to_char(p.Deb) || '</b> debtor accounts, so the master is not the source. '
    || 'The limit comes from the <b>credit limit approval</b> instead: the latest approval granted by this date whose '
    || 'till-date has not passed, per company and location. A blank till-date never expires. '
    || Case When a.InForce = 0
            Then 'No approval is in force on this date, so no utilisation is shown.'
            Else '<b>' || to_char(a.Capped) || '</b> customer'
                 || Case When a.Capped = 1 Then ' has' Else 's have' End
                 || ' a ceiling in force'
                 || Case When a.Uncapped > 0
                         Then ', and <b>' || to_char(a.Uncapped) || '</b> carr'
                              || Case When a.Uncapped = 1 Then 'ies' Else 'y' End
                              || ' a limit above &#8377;1,000 Cr, which records <i>no limit</i> rather than a control '
                              || 'and is reported as no effective ceiling rather than as a comfortable utilisation' End
                 || '. ' || to_char(e.Expired) || ' further approvals have lapsed and are not counted.' End
    || '</div></div>'
    || '<div class=""ds-arexcl""><div class=""ds-arexcl-h"">Credit Days / Derived Due Date</div>'
    || '<div class=""ds-arexcl-b""><code>Party.CreditDays</code> is set on <b>'
       || to_char(p.MastDays) || ' of ' || to_char(p.Deb) || '</b> debtor accounts. '
    || 'The approval carries credit days too, and <b>' || to_char(a.WithDays) || '</b> of the approvals in force do. '
    || 'That covers too little of the book to age it on customer terms, so the due date is still taken from the source '
    || 'document, and an item with none is marked <b>Cannot Age</b> rather than assumed current.'
    || '</div></div>'
    || '<div class=""ds-arexcl""><div class=""ds-arexcl-h"">Receipts by Payment Mode</div>'
    || '<div class=""ds-arexcl-b""><code>VoucherDetail.MoneyTransferModeCode</code> is null on every row and the voucher '
    || 'header carries a mode on a small minority of debtor receipts. Bank <i>is</i> reliable and is analysed instead, '
    || 'taken from the contra account on the receipt voucher.</div></div>'
    || '<div class=""ds-","arexcl""><div class=""ds-arexcl-h"">Reversed / Cancelled Receipts</div>'
    || '<div class=""ds-arexcl-b""><code>VOUCHER</code> carries no approval, posting, draft, cancellation or reversal '
    || 'column, and <code>VoucherReferenceDetailReversal</code> is empty. Deletion is this ERP&rsquo;s only cancellation '
    || 'mechanism, and its trace is the orphan-allocation control <b>AR-A05</b>.</div></div>'
    || '</div>' As NOTE
  From P p Cross Join A a Cross Join E e","",""
907,"Accounts Receivable Command Centre","AR-COMMAND-CENTRE",900,"Go to","quick-links","NATIVE_SQL_REPORT","/* The quick-links strip: one card per sibling page in this section.
   One report ROW per card, so the report's own tbody becomes the
   grid (see `.ds-kpiwrap` in design-system.css) and the number of
   cards can vary with the reader's privileges without the layout
   caring.

   AUTHORISATION. The menu gates each entry on
   GetApexReportPrivilege, but that function returns a PL/SQL
   BOOLEAN and therefore cannot be called from SQL. Its logic is
   reproduced below against the same three tables, INCLUDING the
   hard-coded 'BOSS' bypass it carries, so a card appears only
   where the menu entry would. A reader never sees a card for a
   page they cannot open. If that function's rule changes, this
   predicate has to change with it - that duplication is the price
   of the boolean return type.

   Page 698 (Bill Detail) is deliberately absent: it is keyed on a
   specific (Tno, Sno) and is meaningless without one, so it is
   reached by clicking a bill, never from a menu. */
With Pg As (
  Select 907 Id, 'AR Command Centre'          Nm, 'Exposure, ageing, collections and the exceptions behind every number' Sub, 'fa-dashboard'              Ic From dual Union All
  Select 908,    'Party-wise Outstanding',        'One row per customer, with ageing and the contact position',           'fa-users'                  From dual Union All
  Select 909,    'Bill-wise Outstanding',         'Every open item at line level, with its source document',              'fa-list-alt'               From dual Union All
  Select 910,    'Debtor 360',                    'One customer from every angle - bills, receipts, credits, statement',  'fa-user'                   From dual Union All
  Select 911,    'Receipts and Collections',      'Cash actually received, which bank took it, how much is applied',      'fa-download'               From dual Union All
  Select 912,    'Advances and Unapplied Cash',   'Customer money already held, and the receivable it could clear',       'fa-hand-o-up'              From dual Union All
  Select 913,    'Exceptions and Controls',       'Every control, what it tests, and the records that fail it',           'fa-exclamation-triangle'   From dual Union All
  Select 914,    'Reconciliation and Data Health','The open-item register against the general-ledger control account',    'fa-balance-scale'          From dual Union All
  Select 916,    'Trend Analysis',                'How the position moved, month by month',                               'fa-line-chart'             From dual Union All
  Select 917,    'Daily Collection MIS',          'One day: position, movement, and what remains unexplained',            'fa-calendar-o'             From dual Union All
  Select 918,    'Weekly AR Review',              'Opening against closing, and the controls that failed in the week',    'fa-calendar'               From dual Union All
  Select 919,    'Monthly Management MIS',        'The nine-section management pack',                                     'fa-file-text-o'            From dual)
Select '<a class=""ds-kpi ds-kpi--link ds-kpi--teal"" href=""'
    || apex_page.get_url(
         p_page        => Pg.Id,
         p_clear_cache => to_char(Pg.Id),
         /* Page 700 is a single-day report and has no From/To pair -
            naming an item that does not exist on the target page
            fails at run time, so its filter list is built separately. */
         p_items  => Case When Pg.Id = 917
                          Then 'P917_DAY,P917_COMPANY,P917_LOCATION'
                          Else 'P'||Pg.Id||'_FROMDATE,P'||Pg.Id||'_TODATE,P'
                               ||Pg.Id||'_COMPANY,P'||Pg.Id||'_LOCATION' End,
         p_values => Case When Pg.Id = 917
                          Then :P907_TODATE ||','|| :P907_COMPANY ||','|| :P907_LOCATION
                          Else :P907_FROMDATE ||','|| :P907_TODATE ||','|| :P907_COMPA","NY ||','|| :P907_LOCATION End)
    || '""><span class=""ds-kpi-ic fa ' || Pg.Ic || '""></span>'
    || '<div class=""ds-kpi-body""><div class=""ds-kpi-t"">' || Pg.Nm || '</div>'
    || '<div class=""ds-kpi-sub"">' || Pg.Sub || '</div></div></a>' As CARD
  From Pg
 Where Pg.Id <> 907
 Order By Pg.Id","",""
908,"Party-wise Outstanding","AR-PARTY-OUTSTANDING",5,"Party-wise Outstanding","command-header","NATIVE_SQL_REPORT","Select '<div class=""ds-ar-head"">'
    || '<div class=""ds-ar-eyebrow"">Receivables &middot; Party Summary</div>'
    || '<h1 class=""ds-ar-title"">Party-wise Outstanding</h1>'
    || '<div class=""ds-ar-sub"">Every customer''s receivable, credit held, net exposure and ageing profile as at the As-of Date. Click a customer for Debtor 360.</div>'
    || '<div class=""ds-ar-context"">'
    || '<span class=""ds-ar-chip""><span class=""fa fa-crosshairs""></span>Outstanding as at <b>' || :P908_TODATE || '</b></span>'
    || '<span class=""ds-ar-chip""><span class=""fa fa-hourglass-half""></span>Ageing basis <b>'
       || Case When :P908_AGEBASIS = 'DOC' Then 'Document date (age)' Else 'Due date (lateness)' End || '</b></span>'
    || '<span class=""ds-ar-chip""><span class=""fa fa-building-o""></span>Company <b>'
       || apex_escape.html(nvl((Select c.CompanyName From Company c Where c.CompanyCode = :P908_COMPANY),'All companies')) || '</b></span>'
    || '<span class=""ds-ar-chip""><span class=""fa fa-map-marker""></span>Location <b>'
       || apex_escape.html(nvl((Select l.LocationName From Location l Where l.LocationCode = :P908_LOCATION),'All locations')) || '</b></span>'
    || '</div></div>' As HEAD
  From dual","","",""
908,"Party-wise Outstanding","AR-PARTY-OUTSTANDING",10,"Filters","filter-bar","NATIVE_STATIC","","","",""
908,"Party-wise Outstanding","AR-PARTY-OUTSTANDING",30,"Customer Outstanding","party-report","NATIVE_IR","/* CANONICAL AR PROLOGUE - identical to page 690. See
   docs/ar-dashboard/AR_KPI_DEFINITION.md section 1. */
With Sd As (
       Select PartyCode From Party
        Start With PartyCode = 'SUNDRYDEBTORS'
        Connect By Prior PartyCode = ParentCode),
     Asof As (Select to_date(:P908_TODATE,'DD-MM-RRRR') D From dual),
     Alc As (
       Select a.DrVoucherTno Tno, a.DrVoucherSno Sno, -Sum(a.Amount) Amt
         From DrCrAllocation a, Voucher dv, Voucher cv, Asof
        Where dv.Tno = a.DrVoucherTno And cv.Tno = a.CrVoucherTno
          And dv.VoucherDate <= Asof.D And cv.VoucherDate <= Asof.D
        Group By a.DrVoucherTno, a.DrVoucherSno
       Union All
       Select a.CrVoucherTno, a.CrVoucherSno, Sum(a.Amount)
         From DrCrAllocation a, Voucher dv, Voucher cv, Asof
        Where dv.Tno = a.DrVoucherTno And cv.Tno = a.CrVoucherTno
          And dv.VoucherDate <= Asof.D And cv.VoucherDate <= Asof.D
        Group By a.CrVoucherTno, a.CrVoucherSno),
     Al As (Select Tno, Sno, Sum(Amt) Amt From Alc Group By Tno, Sno),
     Aged As (
       Select d.AccountCode Pty, d.CompanyCode Cmp, d.LocationCode Loc, cast(null as varchar2(100)) Pnl,
              -(d.Amount - nvl(al.Amt,0)) Recv,
              d.VoucherDate Vdt, v.VoucherNo Vno, v.DocTypeCode Dtc,
              ao.BillDate AoBillDate,
              coalesce(i.DueDate, sb.DueDate, ao.BillDueDate) DueDate,
              coalesce(i.InvoiceDate, ao.BillDate, d.VoucherDate) DocDate,
              Case When nvl(:P908_AGEBASIS,'DUE') = 'DUE'
                        And coalesce(i.DueDate, sb.DueDate, ao.BillDueDate) Is Null Then 7
                   When nvl(:P908_AGEBASIS,'DUE') = 'DUE'
                        And coalesce(i.DueDate, sb.DueDate, ao.BillDueDate) >= Asof.D Then 0
                   When (Case When :P908_AGEBASIS = 'DOC'
                              Then Asof.D - coalesce(i.InvoiceDate, ao.BillDate, d.VoucherDate)
                              Else Greatest(Asof.D - coalesce(i.DueDate, sb.DueDate, ao.BillDueDate),0) End) <=  30 Then 1
                   When (Case When :P908_AGEBASIS = 'DOC'
                              Then Asof.D - coalesce(i.InvoiceDate, ao.BillDate, d.VoucherDate)
                              Else Greatest(Asof.D - coalesce(i.DueDate, sb.DueDate, ao.BillDueDate),0) End) <=  60 Then 2
                   When (Case When :P908_AGEBASIS = 'DOC'
                              Then Asof.D - coalesce(i.InvoiceDate, ao.BillDate, d.VoucherDate)
                              Else Greatest(Asof.D - coalesce(i.DueDate, sb.DueDate, ao.BillDueDate),0) End) <=  90 Then 3
                   When (Case When :P908_AGEBASIS = 'DOC'
                              Then Asof.D - coalesce(i.InvoiceDate, ao.BillDate, d.VoucherDate)
                              Else Greatest(Asof.D - coalesce(i.DueDate, sb.DueDate, ao.BillDueDate),0) End) <= 180 Then 4
                   When (Case When :P908_AGEBASIS = 'DOC'
                              Then Asof.D - coalesce(i.InvoiceDate, ao.BillDate, d.VoucherDate)
                              Else Greatest(Asof.D - coalesce(i.DueDate, sb.DueDate, ao.BillDueDate),0) End) <= 365 Then 5
                   Else 6 End Bkt,
              Case When :P908_AGEBASIS = 'DOC'
                   Then Asof.D - coalesce(i.InvoiceDate, ao.BillDate, d.VoucherDate)
                   When coalesce(i.DueDate, sb.DueDate, ao.BillDueDate) Is Not Null
                   Then Greatest(Asof.D - coalesce(i.DueDate, sb.DueDate, ao.BillDueDate),0)
              End DaysOd
         From VoucherDetail d
         Join Voucher v On v.Tno = d.Tno
         Left Join Al al On al.Tno = d.Tno And al.Sno = d.Sno
         Left Join Invoice     i  On v.ModuleCode = 'INVOICE'     And i.Tno  = v.ModuleTno
         Left Join ServiceBill sb On v.ModuleCode = 'SERVICEBILL' And sb.Tno = v.ModuleTno
         Left Join AccountOpening ao On v.VoucherNo = 'OPENING","'   And ao.Tno = d.ModuleTno
         Cross Join Asof
        Where d.AccountCode In (Select PartyCode From Sd)
          And d.VoucherDate <= Asof.D
          And (cast(null as varchar2(100)) Is Null
               Or cast(null as varchar2(100)) = cast(null as varchar2(100)))
          And (null    Is Null Or cast(null as varchar2(100))        = null)
          And (:P908_COMPANY  Is Null Or d.CompanyCode  = :P908_COMPANY)
          And (:P908_LOCATION Is Null Or d.LocationCode = :P908_LOCATION)),
     Rc As (
       /* Receipts are a FLOW, bounded by From/To - not by the As-of
          Date - and are aggregated to the party BEFORE they join, so
          they cannot fan out the open-item grain. */
       Select d.AccountCode Pty, Sum(d.Amount) Amt, Max(d.VoucherDate) Last
         From VoucherDetail d Join Voucher v On v.Tno = d.Tno
        Where d.AccountCode In (Select PartyCode From Sd)
          And v.DocTypeCode = 'RECEIPT'
          And d.VoucherDate >= to_date(:P908_FROMDATE,'DD-MM-RRRR')
          And d.VoucherDate <  to_date(:P908_TODATE,'DD-MM-RRRR') + 1
          And (cast(null as varchar2(100)) Is Null
               Or cast(null as varchar2(100)) = cast(null as varchar2(100)))
          And (null    Is Null Or cast(null as varchar2(100))        = null)
          And (:P908_COMPANY  Is Null Or d.CompanyCode  = :P908_COMPANY)
          And (:P908_LOCATION Is Null Or d.LocationCode = :P908_LOCATION)
        Group By d.AccountCode),
     LastRc As (
       /* Last receipt EVER, not just in the period - a collections
          reader needs ""when did this customer last pay us"", which the
          period-bounded figure cannot answer. */
       Select d.AccountCode Pty, Max(d.VoucherDate) Last
         From VoucherDetail d Join Voucher v On v.Tno = d.Tno
         Cross Join Asof
        Where d.AccountCode In (Select PartyCode From Sd)
          And v.DocTypeCode = 'RECEIPT' And d.VoucherDate <= Asof.D
        Group By d.AccountCode),
     Agt As (
       /* Salesperson is on the INVOICE, not on the customer master
          (Party.AgentCode is null on all 954 debtors). A customer may
          have been billed by more than one agent, so the agent with the
          largest billed value is shown and the column is labelled
          ""Agent (by value)"" rather than implying an exclusive owner. */
       Select PartyCode Pty, AgentCode Agent From (
         Select i.PartyCode, i.AgentCode,
                Row_Number() Over (Partition By i.PartyCode
                                   Order By Sum(nvl(i.InvoiceAmount,0)) Desc) Rn
           From Invoice i Where i.AgentCode Is Not Null
          Group By i.PartyCode, i.AgentCode)
        Where Rn = 1),
     Exc As (
       /* Exception count per customer, using the same predicates as
          page 696 so the number a reader sees here and the rows they
          get there are the same finding set. */
       Select Pty, Count(*) N From (
         Select Pty From Aged Where Recv > 0.005 And DueDate Is Null
         Union All
         Select a2.Pty From Aged a2 Cross Join Asof
          Where a2.Dtc = 'RECEIPT' And a2.Recv < -0.005 And Asof.D - a2.Vdt > 90
         Union All
         Select Pty From Aged Where Vno = 'OPENING' And AoBillDate Is Null And Abs(Recv) > 0.005
         Union All
         Select a3.Pty From Aged a3 Join Location l On l.LocationCode = a3.Loc
          Where upper(l.LocationName) Like '%DO NOT USE%' And Abs(a3.Recv) > 0.005
       ) Group By Pty),
     G As (
       Select Pty,
              Max(Cmp) Cmp, Max(Loc) Loc, Max(Pnl) Pnl,
              Sum(Case When Recv > 0 Then Recv Else 0 End) Gross,
              Sum(Case When Recv < 0 Then -Recv Else 0 End) Cred,
              Sum(Recv) Net,
              Sum(Case When Recv > 0 And Bkt = 0 Then Recv Else 0 End) B0,
              Sum(Case When Recv > 0 And Bkt = 1 Then Recv Else 0 End) B1,
              Sum(","Case When Recv > 0 And Bkt = 2 Then Recv Else 0 End) B2,
              Sum(Case When Recv > 0 And Bkt = 3 Then Recv Else 0 End) B3,
              Sum(Case When Recv > 0 And Bkt = 4 Then Recv Else 0 End) B4,
              Sum(Case When Recv > 0 And Bkt = 5 Then Recv Else 0 End) B5,
              Sum(Case When Recv > 0 And Bkt = 6 Then Recv Else 0 End) B6,
              Sum(Case When Recv > 0 And Bkt = 7 Then Recv Else 0 End) B7,
              Sum(Case When Recv > 0 And Bkt Between 1 And 6 Then Recv Else 0 End) Overdue,
              Count(Case When Recv > 0 Then 1 End) OpenItems,
              Min(Case When Recv > 0 Then DueDate End) OldestDue,
              Max(Case When Recv > 0 Then DaysOd End) MaxDaysOd,
              Sum(Case When Recv > 0 And DaysOd Is Not Null Then Recv * DaysOd End) WSum,
              Sum(Case When Recv > 0 And DaysOd Is Not Null Then Recv End) WBase
         From Aged Group By Pty)
Select g.Pty                                             As PARTY_CODE,
       nvl(p.PartyName, g.Pty)         As PARTY_NAME,
       apex_escape.html(nvl(pg.PartyName,'&mdash;'))     As CUSTOMER_GROUP,
       Case When 1=0 Then 'Internal' Else 'Trade' End As CATEGORY,
       nvl(c.CompanyName, g.Cmp)       As COMPANY,
       nvl(l.LocationName, g.Loc)      As LOCATION,
       g.Pnl                                             As PANEL,
       Round(g.Gross,2)                                  As RECEIVABLE,
       Round(g.Cred,2)                                   As CREDIT_HELD,
       Round(g.Net,2)                                    As NET_EXPOSURE,
       Round(g.B0,2)                                     As NOT_DUE,
       Round(g.B1,2)                                     As D1_30,
       Round(g.B2,2)                                     As D31_60,
       Round(g.B3,2)                                     As D61_90,
       Round(g.B4,2)                                     As D91_180,
       Round(g.B5,2)                                     As D181_365,
       Round(g.B6,2)                                     As D365_PLUS,
       Round(g.B7,2)                                     As CANNOT_AGE,
       Round(g.Overdue,2)                                As TOTAL_OVERDUE,
       g.OpenItems                                       As OPEN_ITEMS,
       /* The immediately-adjustable figure: how much of this
          customer's receivable could be cleared by allocating credit
          the company already holds, with no collection effort at all. */
       Round(Least(g.Gross, g.Cred),2)                   As ADJUSTABLE_NOW,
       Round(Greatest(g.Gross - g.Cred,0),2)             As COLLECTION_NEEDED,
       Round(nvl(rc.Amt,0),2)                            As RECEIPTS_IN_PERIOD,
       lr.Last                                           As LAST_RECEIPT,
       g.OldestDue                                       As OLDEST_DUE_DATE,
       g.MaxDaysOd                                       As MAX_DAYS_OVERDUE,
       Round(g.WSum / Nullif(g.WBase,0),0)               As WEIGHTED_DAYS_OVERDUE,
       nvl(ag.PartyName, agt.Agent)    As SALESPERSON,
       nvl(ex.N,0)                                       As EXCEPTION_COUNT,
       Case When g.Gross > 0.005 And g.Cred > 0.005
                 Then '<span class=""ds-archip ds-archip--warn"">AR + Credit</span>'
            When g.Net < -0.005
                 Then '<span class=""ds-archip ds-archip--cred"">Net Credit</span>'
            When g.B7 > 0.005 And g.B7 >= g.Gross * 0.5
                 Then '<span class=""ds-archip ds-archip--nodata"">Mostly Unaged</span>'
            When g.Overdue > 0.005
                 Then '<span class=""ds-archip ds-archip--fail"">Overdue</span>'
            Else '<span class=""ds-archip ds-archip--pass"">Current</span>' End As POSITION
  From G g
  Left Join Party p  On p.PartyCode  = g.Pty
  Left Join Party pg On pg.PartyCode = p.ParentCode
  Left Join Company c On c.Comp","anyCode = g.Cmp
  Left Join Location l On l.LocationCode = g.Loc
  Left Join Rc rc On rc.Pty = g.Pty
  Left Join LastRc lr On lr.Pty = g.Pty
  Left Join Agt agt On agt.Pty = g.Pty
  Left Join Party ag On ag.PartyCode = agt.Agent
  Left Join Exc ex On ex.Pty = g.Pty
 /* Both predicates are parenthesised. Without the brackets AND binds
    tighter than OR and the focus filter would silently apply to only
    the last of the three balance tests. */
 Where (Abs(g.Net) > 0.005 Or g.Gross > 0.005 Or g.Cred > 0.005)
   And (:P908_FOCUS Is Null Or :P908_FOCUS = 'ALL'
        Or (:P908_FOCUS = 'OVERDUE' And g.Overdue > 0.005)
        Or (:P908_FOCUS = 'BOTH'    And g.Gross > 0.005 And g.Cred > 0.005)
        Or (:P908_FOCUS = 'INTERNAL' And 1=0))"
908,"Party-wise Outstanding","AR-PARTY-OUTSTANDING",900,"Go to","quick-links","NATIVE_SQL_REPORT","/* The quick-links strip: one card per sibling page in this section.
   One report ROW per card, so the report's own tbody becomes the
   grid (see `.ds-kpiwrap` in design-system.css) and the number of
   cards can vary with the reader's privileges without the layout
   caring.

   AUTHORISATION. The menu gates each entry on
   GetApexReportPrivilege, but that function returns a PL/SQL
   BOOLEAN and therefore cannot be called from SQL. Its logic is
   reproduced below against the same three tables, INCLUDING the
   hard-coded 'BOSS' bypass it carries, so a card appears only
   where the menu entry would. A reader never sees a card for a
   page they cannot open. If that function's rule changes, this
   predicate has to change with it - that duplication is the price
   of the boolean return type.

   Page 698 (Bill Detail) is deliberately absent: it is keyed on a
   specific (Tno, Sno) and is meaningless without one, so it is
   reached by clicking a bill, never from a menu. */
With Pg As (
  Select 907 Id, 'AR Command Centre'          Nm, 'Exposure, ageing, collections and the exceptions behind every number' Sub, 'fa-dashboard'              Ic From dual Union All
  Select 908,    'Party-wise Outstanding',        'One row per customer, with ageing and the contact position',           'fa-users'                  From dual Union All
  Select 909,    'Bill-wise Outstanding',         'Every open item at line level, with its source document',              'fa-list-alt'               From dual Union All
  Select 910,    'Debtor 360',                    'One customer from every angle - bills, receipts, credits, statement',  'fa-user'                   From dual Union All
  Select 911,    'Receipts and Collections',      'Cash actually received, which bank took it, how much is applied',      'fa-download'               From dual Union All
  Select 912,    'Advances and Unapplied Cash',   'Customer money already held, and the receivable it could clear',       'fa-hand-o-up'              From dual Union All
  Select 913,    'Exceptions and Controls',       'Every control, what it tests, and the records that fail it',           'fa-exclamation-triangle'   From dual Union All
  Select 914,    'Reconciliation and Data Health','The open-item register against the general-ledger control account',    'fa-balance-scale'          From dual Union All
  Select 916,    'Trend Analysis',                'How the position moved, month by month',                               'fa-line-chart'             From dual Union All
  Select 917,    'Daily Collection MIS',          'One day: position, movement, and what remains unexplained',            'fa-calendar-o'             From dual Union All
  Select 918,    'Weekly AR Review',              'Opening against closing, and the controls that failed in the week',    'fa-calendar'               From dual Union All
  Select 919,    'Monthly Management MIS',        'The nine-section management pack',                                     'fa-file-text-o'            From dual)
Select '<a class=""ds-kpi ds-kpi--link ds-kpi--teal"" href=""'
    || apex_page.get_url(
         p_page        => Pg.Id,
         p_clear_cache => to_char(Pg.Id),
         /* Page 700 is a single-day report and has no From/To pair -
            naming an item that does not exist on the target page
            fails at run time, so its filter list is built separately. */
         p_items  => Case When Pg.Id = 917
                          Then 'P917_DAY,P917_COMPANY,P917_LOCATION'
                          Else 'P'||Pg.Id||'_FROMDATE,P'||Pg.Id||'_TODATE,P'
                               ||Pg.Id||'_COMPANY,P'||Pg.Id||'_LOCATION' End,
         p_values => Case When Pg.Id = 917
                          Then :P908_TODATE ||','|| :P908_COMPANY ||','|| :P908_LOCATION
                          Else :P908_FROMDATE ||','|| :P908_TODATE ||','|| :P908_COMPA","NY ||','|| :P908_LOCATION End)
    || '""><span class=""ds-kpi-ic fa ' || Pg.Ic || '""></span>'
    || '<div class=""ds-kpi-body""><div class=""ds-kpi-t"">' || Pg.Nm || '</div>'
    || '<div class=""ds-kpi-sub"">' || Pg.Sub || '</div></div></a>' As CARD
  From Pg
 Where Pg.Id <> 908
 Order By Pg.Id","",""
909,"Bill-wise Outstanding","AR-OPEN-ITEMS",5,"Bill-wise Outstanding","command-header","NATIVE_SQL_REPORT","Select '<div class=""ds-ar-head"">'
    || '<div class=""ds-ar-eyebrow"">Receivables &middot; Open Items</div>'
    || '<h1 class=""ds-ar-title"">Bill-wise Outstanding</h1>'
    || '<div class=""ds-ar-sub"">Every open receivable and customer credit at line level, with its source document, ageing and full traceability into the general ledger</div>'
    || '<div class=""ds-ar-context"">'
    || '<span class=""ds-ar-chip""><span class=""fa fa-crosshairs""></span>Open as at <b>' || :P909_TODATE || '</b></span>'
    || '<span class=""ds-ar-chip""><span class=""fa fa-hourglass-half""></span>Ageing basis <b>'
       || Case When :P909_AGEBASIS = 'DOC' Then 'Document date (age)' Else 'Due date (lateness)' End || '</b></span>'
    || Case When nvl(:P909_BUCKET,'ALL') <> 'ALL' Then
            '<span class=""ds-ar-chip ds-ar-chip--warn""><span class=""fa fa-filter""></span>Showing <b>'
            || Case :P909_BUCKET When '0' Then 'Not Due' When '1' Then '1-30 days'
                                 When '2' Then '31-60 days' When '3' Then '61-90 days'
                                 When '4' Then '91-180 days' When '5' Then '181-365 days'
                                 When '6' Then 'over 365 days' When '7' Then 'Cannot Age - no due date'
                                 When '90' Then '90+ days' When 'OD' Then 'all overdue'
                                 When 'D7'  Then 'due within the next 7 days'
                                 When 'D30' Then 'due within the next 30 days'
                                 When 'WTD' Then 'aged items - those carrying a due date'
                                 When 'CR' Then 'customer credits only' Else :P909_BUCKET End
            || '</b> only</span>' End
    || '<span class=""ds-ar-chip""><span class=""fa fa-building-o""></span>Company <b>'
       || apex_escape.html(nvl((Select c.CompanyName From Company c Where c.CompanyCode = :P909_COMPANY),'All companies')) || '</b></span>'
    || '<span class=""ds-ar-chip""><span class=""fa fa-map-marker""></span>Location <b>'
       || apex_escape.html(nvl((Select l.LocationName From Location l Where l.LocationCode = :P909_LOCATION),'All locations')) || '</b></span>'
    || '</div></div>' As HEAD
  From dual","","",""
909,"Bill-wise Outstanding","AR-OPEN-ITEMS",10,"Filters","filter-bar","NATIVE_STATIC","","","",""
909,"Bill-wise Outstanding","AR-OPEN-ITEMS",30,"Open Items","items","NATIVE_IR","/* CANONICAL AR PROLOGUE - identical to pages 690 and 691.
   docs/ar-dashboard/AR_KPI_DEFINITION.md section 1. */
With Sd As (
       Select PartyCode From Party
        Start With PartyCode = 'SUNDRYDEBTORS'
        Connect By Prior PartyCode = ParentCode),
     Asof As (Select to_date(:P909_TODATE,'DD-MM-RRRR') D From dual),
     Alc As (
       Select a.DrVoucherTno Tno, a.DrVoucherSno Sno, -Sum(a.Amount) Amt
         From DrCrAllocation a, Voucher dv, Voucher cv, Asof
        Where dv.Tno = a.DrVoucherTno And cv.Tno = a.CrVoucherTno
          And dv.VoucherDate <= Asof.D And cv.VoucherDate <= Asof.D
        Group By a.DrVoucherTno, a.DrVoucherSno
       Union All
       Select a.CrVoucherTno, a.CrVoucherSno, Sum(a.Amount)
         From DrCrAllocation a, Voucher dv, Voucher cv, Asof
        Where dv.Tno = a.DrVoucherTno And cv.Tno = a.CrVoucherTno
          And dv.VoucherDate <= Asof.D And cv.VoucherDate <= Asof.D
        Group By a.CrVoucherTno, a.CrVoucherSno),
     Al As (Select Tno, Sno, Sum(Amt) Amt From Alc Group By Tno, Sno),
     Nr As (
       /* Number of receipts allocated to this item, and the date of the
          latest one. Aggregated to (Tno,Sno) BEFORE it is joined - a
          bill is settled by many receipts, so joining the bridge raw
          would duplicate the outstanding amount on every row. */
       Select a.DrVoucherTno Tno, a.DrVoucherSno Sno,
              Count(*) N, Max(cv.VoucherDate) Last
         From DrCrAllocation a, Voucher dv, Voucher cv, Asof
        Where dv.Tno = a.DrVoucherTno And cv.Tno = a.CrVoucherTno
          And dv.VoucherDate <= Asof.D And cv.VoucherDate <= Asof.D
        Group By a.DrVoucherTno, a.DrVoucherSno),
     Adj As (
       /* Debit and Credit Adjustment, split by what was on the OTHER
          side of each allocation. This ERP has no bill-level link from
          a credit note to the invoice it adjusts - the allocation
          bridge is the only place that relationship is recorded - so
          the split is derived from the counterpart voucher's DocTypeCode
          rather than invented. An allocation against a RECEIPT is a
          collection, not an adjustment, and is excluded from both. */
       Select a.DrVoucherTno Tno, a.DrVoucherSno Sno,
              Sum(Case When cv.DocTypeCode = 'CREDITNOTE' Then a.Amount Else 0 End) CrAdj,
              Sum(Case When cv.DocTypeCode = 'DEBITNOTE'  Then a.Amount Else 0 End) DrAdj
         From DrCrAllocation a, Voucher dv, Voucher cv, Asof
        Where dv.Tno = a.DrVoucherTno And cv.Tno = a.CrVoucherTno
          And dv.VoucherDate <= Asof.D And cv.VoucherDate <= Asof.D
          And cv.DocTypeCode In ('CREDITNOTE','DEBITNOTE')
        Group By a.DrVoucherTno, a.DrVoucherSno),
     Aged As (
       Select d.Tno, d.Sno, d.AccountCode Pty, d.CompanyCode Cmp,
              d.LocationCode Loc, cast(null as varchar2(100)) Pnl, d.VoucherDate Vdt, d.Narration Nrt,
              v.VoucherNo Vno, v.DocTypeCode Dtc, v.ModuleCode Mc,
              d.Amount Amt, nvl(al.Amt,0) Alloc,
              -(d.Amount - nvl(al.Amt,0)) Recv,
              coalesce(i.InvoiceDate, ao.BillDate, d.VoucherDate) DocDate,
              coalesce(i.DueDate, sb.DueDate, ao.BillDueDate) DueDate,
              coalesce(i.InvoiceNo, sb.ServiceBillNo, cn.CreditNoteNo, ao.BillNo, v.VoucherNo) BillRef,
              ao.BillDate AoBillDate,
              i.AgentCode Agent,
              Case When v.VoucherNo = 'OPENING'      Then 'Opening Carry-forward'
                   When v.ModuleCode = 'INVOICE'     Then 'Trade Invoice'
                   When v.ModuleCode = 'SERVICEBILL' Then 'Service Bill'
                   When v.ModuleCode = 'CREDITNOTE'  Then 'Credit Note'
                   When v.ModuleCode = 'DEBITNOTE'   Then 'Debit Note'
                   When v.ModuleCode = 'PBPASS'      Then 'Contra Purchase'
                   When v.DocTypeCode = 'R","ECEIPT'    Then 'Receipt / On-account'
                   When v.DocTypeCode In ('PAYMENT','CASHPAYMENT','BANKPAYMENT')
                                                     Then 'Payment to Customer'
                   Else 'Journal' End Cls,
              Case When nvl(:P909_AGEBASIS,'DUE') = 'DUE'
                        And coalesce(i.DueDate, sb.DueDate, ao.BillDueDate) Is Null Then 7
                   When nvl(:P909_AGEBASIS,'DUE') = 'DUE'
                        And coalesce(i.DueDate, sb.DueDate, ao.BillDueDate) >= Asof.D Then 0
                   When (Case When :P909_AGEBASIS = 'DOC'
                              Then Asof.D - coalesce(i.InvoiceDate, ao.BillDate, d.VoucherDate)
                              Else Greatest(Asof.D - coalesce(i.DueDate, sb.DueDate, ao.BillDueDate),0) End) <=  30 Then 1
                   When (Case When :P909_AGEBASIS = 'DOC'
                              Then Asof.D - coalesce(i.InvoiceDate, ao.BillDate, d.VoucherDate)
                              Else Greatest(Asof.D - coalesce(i.DueDate, sb.DueDate, ao.BillDueDate),0) End) <=  60 Then 2
                   When (Case When :P909_AGEBASIS = 'DOC'
                              Then Asof.D - coalesce(i.InvoiceDate, ao.BillDate, d.VoucherDate)
                              Else Greatest(Asof.D - coalesce(i.DueDate, sb.DueDate, ao.BillDueDate),0) End) <=  90 Then 3
                   When (Case When :P909_AGEBASIS = 'DOC'
                              Then Asof.D - coalesce(i.InvoiceDate, ao.BillDate, d.VoucherDate)
                              Else Greatest(Asof.D - coalesce(i.DueDate, sb.DueDate, ao.BillDueDate),0) End) <= 180 Then 4
                   When (Case When :P909_AGEBASIS = 'DOC'
                              Then Asof.D - coalesce(i.InvoiceDate, ao.BillDate, d.VoucherDate)
                              Else Greatest(Asof.D - coalesce(i.DueDate, sb.DueDate, ao.BillDueDate),0) End) <= 365 Then 5
                   Else 6 End Bkt,
              Case When :P909_AGEBASIS = 'DOC'
                   Then Asof.D - coalesce(i.InvoiceDate, ao.BillDate, d.VoucherDate)
                   When coalesce(i.DueDate, sb.DueDate, ao.BillDueDate) Is Not Null
                   Then Greatest(Asof.D - coalesce(i.DueDate, sb.DueDate, ao.BillDueDate),0)
              End DaysOd
         From VoucherDetail d
         Join Voucher v On v.Tno = d.Tno
         Left Join Al al On al.Tno = d.Tno And al.Sno = d.Sno
         Left Join Invoice     i  On v.ModuleCode = 'INVOICE'     And i.Tno  = v.ModuleTno
         Left Join ServiceBill sb On v.ModuleCode = 'SERVICEBILL' And sb.Tno = v.ModuleTno
         Left Join CreditNote  cn On v.ModuleCode = 'CREDITNOTE'  And cn.Tno = v.ModuleTno
         Left Join AccountOpening ao On v.VoucherNo = 'OPENING'   And ao.Tno = d.ModuleTno
         Cross Join Asof
        Where d.AccountCode In (Select PartyCode From Sd)
          And d.VoucherDate <= Asof.D
          And (cast(null as varchar2(100)) Is Null
               Or cast(null as varchar2(100)) = cast(null as varchar2(100)))
          And (null    Is Null Or cast(null as varchar2(100))        = null)
          And (:P909_COMPANY  Is Null Or d.CompanyCode  = :P909_COMPANY)
          And (:P909_LOCATION Is Null Or d.LocationCode = :P909_LOCATION))
Select a.Tno                                             As VOUCHER_TNO,
       a.Sno                                             As VOUCHER_SNO,
       a.Vno                                             As VOUCHER_NO,
       nvl(p.PartyName, a.Pty)         As CUSTOMER,
       a.Pty                                             As PARTY_CODE,
       '<span class=""ds-arclass"">' || a.Cls || '</span>' As ITEM_CLASS,
       a.BillRef                       As BILL_REFERENCE,
       nvl(a.Mc, a.Dtc)                                  As SOURCE_MODULE,
       a.DocDate                                         As DOCUMENT_DATE,
       a.V","dt                                             As POSTING_DATE,
       a.DueDate                                         As DUE_DATE,
       Round(Abs(a.Amt),2)                               As ORIGINAL_AMOUNT,
       Round(Abs(a.Alloc),2)                             As ALLOCATED,
       Round(nvl(adj.DrAdj,0),2)                         As DEBIT_ADJUSTMENT,
       Round(nvl(adj.CrAdj,0),2)                         As CREDIT_ADJUSTMENT,
       /* Per-item exception count, using the same predicates as page
          696 so this number and that report's rows are one finding set. */
       (Case When a.Recv > 0.005 And a.DueDate Is Null Then 1 Else 0 End
      + Case When a.Dtc = 'RECEIPT' And a.Recv < -0.005
                  And (Select D From Asof) - a.Vdt > 90 Then 1 Else 0 End
      + Case When a.Vno = 'OPENING' And a.AoBillDate Is Null
                  And Abs(a.Recv) > 0.005 Then 1 Else 0 End
      + Case When a.Pnl Is Null Then 1 Else 0 End)       As EXCEPTION_COUNT,
       Round(Case When a.Recv > 0 Then a.Recv Else 0 End,2)  As OUTSTANDING,
       Round(Case When a.Recv < 0 Then -a.Recv Else 0 End,2) As CREDIT_OPEN,
       a.DaysOd                                          As DAYS_OVERDUE,
       Case a.Bkt When 0 Then 'Not Due' When 1 Then '1-30' When 2 Then '31-60'
                  When 3 Then '61-90' When 4 Then '91-180' When 5 Then '181-365'
                  When 6 Then '>365'
                  Else '<span class=""ds-archip ds-archip--nodata"">Cannot Age</span>' End As AGEING_BUCKET,
       nvl(nr.N,0)                                       As SETTLEMENTS,
       nr.Last                                           As LAST_SETTLEMENT,
       nvl(ag.PartyName, a.Agent)      As AGENT,
       nvl(c.CompanyName, a.Cmp)       As COMPANY,
       nvl(l.LocationName, a.Loc)      As LOCATION,
       a.Pnl                                             As PANEL,
       substr(a.Nrt,1,300)             As NARRATION
  From Aged a
  Left Join Party p On p.PartyCode = a.Pty
  Left Join Party ag On ag.PartyCode = a.Agent
  Left Join Company c On c.CompanyCode = a.Cmp
  Left Join Location l On l.LocationCode = a.Loc
  Left Join Nr nr On nr.Tno = a.Tno And nr.Sno = a.Sno
  Left Join Adj adj On adj.Tno = a.Tno And adj.Sno = a.Sno
 Where Round(a.Recv,2) <> 0
   /* The bucket filter is what makes every KPI on page 690 land on
      exactly its own rows. Each branch mirrors one card's predicate. */
   And (nvl(:P909_BUCKET,'ALL') = 'ALL'
        Or (:P909_BUCKET = 'OD' And a.Recv > 0 And a.Bkt Between 1 And 6)
        Or (:P909_BUCKET = '90' And a.Recv > 0 And a.Bkt Between 4 And 6)
        Or (:P909_BUCKET = 'CR' And a.Recv < 0)
        /* D7 / D30 / WTD exist so the three forward-looking cards on
           page 690 can drill. Bucket 0 (Not Due) is far wider than
           either window, so it cannot stand in for them. The windows
           are open at the lower bound - an item due exactly on the
           As-of Date is already overdue, not ""due next 7 days"" - which
           is what the card sums, so the two must agree. */
        Or (:P909_BUCKET = 'D7'  And a.Recv > 0
            And a.DueDate >  (Select D From Asof)
            And a.DueDate <= (Select D From Asof) + 7)
        Or (:P909_BUCKET = 'D30' And a.Recv > 0
            And a.DueDate >  (Select D From Asof)
            And a.DueDate <= (Select D From Asof) + 30)
        /* WTD is the population the Weighted Days Overdue average runs
           over - every open receivable that HAS a due date, due and
           overdue alike. Items with no due date are excluded from both
           the numerator and the denominator, so they are excluded here. */
        Or (:P909_BUCKET = 'WTD' And a.Recv > 0 And a.DueDate Is Not Null)
        Or (:P909_BUCKET In ('0','1','2','3','4','5','6','7')
            And a.Recv > 0 And a.Bkt = to_number(:P909_BUCKET)))",""
909,"Bill-wise Outstanding","AR-OPEN-ITEMS",900,"Go to","quick-links","NATIVE_SQL_REPORT","/* The quick-links strip: one card per sibling page in this section.
   One report ROW per card, so the report's own tbody becomes the
   grid (see `.ds-kpiwrap` in design-system.css) and the number of
   cards can vary with the reader's privileges without the layout
   caring.

   AUTHORISATION. The menu gates each entry on
   GetApexReportPrivilege, but that function returns a PL/SQL
   BOOLEAN and therefore cannot be called from SQL. Its logic is
   reproduced below against the same three tables, INCLUDING the
   hard-coded 'BOSS' bypass it carries, so a card appears only
   where the menu entry would. A reader never sees a card for a
   page they cannot open. If that function's rule changes, this
   predicate has to change with it - that duplication is the price
   of the boolean return type.

   Page 698 (Bill Detail) is deliberately absent: it is keyed on a
   specific (Tno, Sno) and is meaningless without one, so it is
   reached by clicking a bill, never from a menu. */
With Pg As (
  Select 907 Id, 'AR Command Centre'          Nm, 'Exposure, ageing, collections and the exceptions behind every number' Sub, 'fa-dashboard'              Ic From dual Union All
  Select 908,    'Party-wise Outstanding',        'One row per customer, with ageing and the contact position',           'fa-users'                  From dual Union All
  Select 909,    'Bill-wise Outstanding',         'Every open item at line level, with its source document',              'fa-list-alt'               From dual Union All
  Select 910,    'Debtor 360',                    'One customer from every angle - bills, receipts, credits, statement',  'fa-user'                   From dual Union All
  Select 911,    'Receipts and Collections',      'Cash actually received, which bank took it, how much is applied',      'fa-download'               From dual Union All
  Select 912,    'Advances and Unapplied Cash',   'Customer money already held, and the receivable it could clear',       'fa-hand-o-up'              From dual Union All
  Select 913,    'Exceptions and Controls',       'Every control, what it tests, and the records that fail it',           'fa-exclamation-triangle'   From dual Union All
  Select 914,    'Reconciliation and Data Health','The open-item register against the general-ledger control account',    'fa-balance-scale'          From dual Union All
  Select 916,    'Trend Analysis',                'How the position moved, month by month',                               'fa-line-chart'             From dual Union All
  Select 917,    'Daily Collection MIS',          'One day: position, movement, and what remains unexplained',            'fa-calendar-o'             From dual Union All
  Select 918,    'Weekly AR Review',              'Opening against closing, and the controls that failed in the week',    'fa-calendar'               From dual Union All
  Select 919,    'Monthly Management MIS',        'The nine-section management pack',                                     'fa-file-text-o'            From dual)
Select '<a class=""ds-kpi ds-kpi--link ds-kpi--teal"" href=""'
    || apex_page.get_url(
         p_page        => Pg.Id,
         p_clear_cache => to_char(Pg.Id),
         /* Page 700 is a single-day report and has no From/To pair -
            naming an item that does not exist on the target page
            fails at run time, so its filter list is built separately. */
         p_items  => Case When Pg.Id = 917
                          Then 'P917_DAY,P917_COMPANY,P917_LOCATION'
                          Else 'P'||Pg.Id||'_FROMDATE,P'||Pg.Id||'_TODATE,P'
                               ||Pg.Id||'_COMPANY,P'||Pg.Id||'_LOCATION' End,
         p_values => Case When Pg.Id = 917
                          Then :P909_TODATE ||','|| :P909_COMPANY ||','|| :P909_LOCATION
                          Else :P909_FROMDATE ||','|| :P909_TODATE ||','|| :P909_COMPA","NY ||','|| :P909_LOCATION End)
    || '""><span class=""ds-kpi-ic fa ' || Pg.Ic || '""></span>'
    || '<div class=""ds-kpi-body""><div class=""ds-kpi-t"">' || Pg.Nm || '</div>'
    || '<div class=""ds-kpi-sub"">' || Pg.Sub || '</div></div></a>' As CARD
  From Pg
 Where Pg.Id <> 909
 Order By Pg.Id","",""
910,"Debtor 360","DEBTOR-360",5,"Debtor 360","command-header","NATIVE_SQL_REPORT","Select '<div class=""ds-ar-head"">'
    || '<div class=""ds-ar-eyebrow"">Receivables &middot; Debtor 360</div>'
    || '<h1 class=""ds-ar-title"">'
       || apex_escape.html(nvl((Select p.PartyName From Party p Where p.PartyCode = :P910_PARTY),
                               nvl(:P910_PARTY,'No customer selected'))) || '</h1>'
    || '<div class=""ds-ar-sub"">'
       || Case When :P910_PARTY Is Null Then 'Open this page from Party-wise Outstanding, Bill-wise Outstanding or a chart to load a customer.'
               Else 'Complete receivable position, credit held, open items and collection history as at the As-of Date' End
    || '</div>'
    || '<div class=""ds-ar-context"">'
    || Case When :P910_PARTY Is Not Null Then
            '<span class=""ds-ar-chip""><span class=""fa fa-user""></span>Code <b>' || apex_escape.html(:P910_PARTY) || '</b></span>'
         || nvl('<span class=""ds-ar-chip""><span class=""fa fa-sitemap""></span>Group <b>'
            || apex_escape.html((Select g.PartyName From Party p Join Party g On g.PartyCode = p.ParentCode
                                  Where p.PartyCode = :P910_PARTY)) || '</b></span>','') End
    || '<span class=""ds-ar-chip""><span class=""fa fa-crosshairs""></span>Position as at <b>' || :P910_TODATE || '</b></span>'
    || '<span class=""ds-ar-chip""><span class=""fa fa-calendar""></span>Flows <b>'
       || :P910_FROMDATE || ' &rarr; ' || :P910_TODATE || '</b></span>'
    || '<span class=""ds-ar-chip""><span class=""fa fa-hourglass-half""></span>Ageing basis <b>'
       || Case When :P910_AGEBASIS = 'DOC' Then 'Document date (age)' Else 'Due date (lateness)' End || '</b></span>'
    || '</div></div>' As HEAD
  From dual","","",""
910,"Debtor 360","DEBTOR-360",10,"Filters","filter-bar","NATIVE_STATIC","","","",""
910,"Debtor 360","DEBTOR-360",18,"Select a customer","no-party","NATIVE_STATIC","<div class=""ds-arnote""><span class=""fa fa-user-o""></span><div>
  <b>No customer is selected.</b> Pick one from the Customer list above, or arrive here by clicking a customer
  on Party-wise Outstanding, Bill-wise Outstanding, Advances, the Receipt Register, or the Top Debtors chart
  on the command centre &mdash; each of those carries the full filter context across.
</div></div>","","",""
910,"Debtor 360","DEBTOR-360",20,"Customer Position","kpi-strip","NATIVE_SQL_REPORT","With Asof As (Select to_date(:P910_TODATE,'DD-MM-RRRR') D From dual),
     Alc As (
       Select a.DrVoucherTno Tno, a.DrVoucherSno Sno, -Sum(a.Amount) Amt
         From DrCrAllocation a, Voucher dv, Voucher cv, Asof
        Where dv.Tno = a.DrVoucherTno And cv.Tno = a.CrVoucherTno
          And dv.VoucherDate <= Asof.D And cv.VoucherDate <= Asof.D
        Group By a.DrVoucherTno, a.DrVoucherSno
       Union All
       Select a.CrVoucherTno, a.CrVoucherSno, Sum(a.Amount)
         From DrCrAllocation a, Voucher dv, Voucher cv, Asof
        Where dv.Tno = a.DrVoucherTno And cv.Tno = a.CrVoucherTno
          And dv.VoucherDate <= Asof.D And cv.VoucherDate <= Asof.D
        Group By a.CrVoucherTno, a.CrVoucherSno),
     Al As (Select Tno, Sno, Sum(Amt) Amt From Alc Group By Tno, Sno),
     Aged As (
       Select -(d.Amount - nvl(al.Amt,0)) Recv, d.VoucherDate Vdt,
              Case When v.DocTypeCode = 'RECEIPT' Then 'Cash' Else 'Other' End Cls,
              Case When nvl(:P910_AGEBASIS,'DUE') = 'DUE'
                        And coalesce(i.DueDate, sb.DueDate, ao.BillDueDate) Is Null Then 7
                   When nvl(:P910_AGEBASIS,'DUE') = 'DUE'
                        And coalesce(i.DueDate, sb.DueDate, ao.BillDueDate) >= Asof.D Then 0
                   When (Case When :P910_AGEBASIS = 'DOC'
                              Then Asof.D - coalesce(i.InvoiceDate, ao.BillDate, d.VoucherDate)
                              Else Greatest(Asof.D - coalesce(i.DueDate, sb.DueDate, ao.BillDueDate),0) End) <=  30 Then 1
                   When (Case When :P910_AGEBASIS = 'DOC'
                              Then Asof.D - coalesce(i.InvoiceDate, ao.BillDate, d.VoucherDate)
                              Else Greatest(Asof.D - coalesce(i.DueDate, sb.DueDate, ao.BillDueDate),0) End) <=  60 Then 2
                   When (Case When :P910_AGEBASIS = 'DOC'
                              Then Asof.D - coalesce(i.InvoiceDate, ao.BillDate, d.VoucherDate)
                              Else Greatest(Asof.D - coalesce(i.DueDate, sb.DueDate, ao.BillDueDate),0) End) <=  90 Then 3
                   When (Case When :P910_AGEBASIS = 'DOC'
                              Then Asof.D - coalesce(i.InvoiceDate, ao.BillDate, d.VoucherDate)
                              Else Greatest(Asof.D - coalesce(i.DueDate, sb.DueDate, ao.BillDueDate),0) End) <= 180 Then 4
                   When (Case When :P910_AGEBASIS = 'DOC'
                              Then Asof.D - coalesce(i.InvoiceDate, ao.BillDate, d.VoucherDate)
                              Else Greatest(Asof.D - coalesce(i.DueDate, sb.DueDate, ao.BillDueDate),0) End) <= 365 Then 5
                   Else 6 End Bkt,
              Case When :P910_AGEBASIS = 'DOC'
                   Then Asof.D - coalesce(i.InvoiceDate, ao.BillDate, d.VoucherDate)
                   When coalesce(i.DueDate, sb.DueDate, ao.BillDueDate) Is Not Null
                   Then Greatest(Asof.D - coalesce(i.DueDate, sb.DueDate, ao.BillDueDate),0)
              End DaysOd,
              coalesce(i.DueDate, sb.DueDate, ao.BillDueDate) DueDate
         From VoucherDetail d
         Join Voucher v On v.Tno = d.Tno
         Left Join Al al On al.Tno = d.Tno And al.Sno = d.Sno
         Left Join Invoice     i  On v.ModuleCode = 'INVOICE'     And i.Tno  = v.ModuleTno
         Left Join ServiceBill sb On v.ModuleCode = 'SERVICEBILL' And sb.Tno = v.ModuleTno
         Left Join AccountOpening ao On v.VoucherNo = 'OPENING'   And ao.Tno = d.ModuleTno
         Cross Join Asof
        Where d.AccountCode = :P910_PARTY
          And d.VoucherDate <= Asof.D
          And (cast(null as varchar2(100)) Is Null
               Or cast(null as varchar2(100)) = cast(null as varchar2(100)))
          And (null    Is Null Or cast(null as varchar2(100))        = null)
          And (:P910_COMPANY  Is Null Or d.CompanyCode  = :P910_COMPANY)
          And (:P910_LOCATI","ON Is Null Or d.LocationCode = :P910_LOCATION)),
     Lr As (
       Select Max(d.VoucherDate) Last, Count(*) N
         From VoucherDetail d Join Voucher v On v.Tno = d.Tno Cross Join Asof
        Where d.AccountCode = :P910_PARTY And v.DocTypeCode = 'RECEIPT'
          And d.VoucherDate <= Asof.D),
     Rp As (
       Select nvl(Sum(d.Amount),0) Amt
         From VoucherDetail d Join Voucher v On v.Tno = d.Tno
        Where d.AccountCode = :P910_PARTY And v.DocTypeCode = 'RECEIPT'
          And d.VoucherDate >= to_date(:P910_FROMDATE,'DD-MM-RRRR')
          And d.VoucherDate <  to_date(:P910_TODATE,'DD-MM-RRRR') + 1),
     T As (
       Select nvl(Sum(Case When Recv > 0 Then Recv Else 0 End),0) Gross,
              nvl(Sum(Case When Recv < 0 Then -Recv Else 0 End),0) Cred,
              nvl(Sum(Recv),0) Net,
              nvl(Sum(Case When Recv > 0 And Bkt Between 1 And 6 Then Recv Else 0 End),0) Overdue,
              nvl(Sum(Case When Recv > 0 And Bkt Between 4 And 6 Then Recv Else 0 End),0) D90,
              nvl(Sum(Case When Recv > 0 And Bkt = 7 Then Recv Else 0 End),0) NoAge,
              nvl(Sum(Case When Recv < 0 And Cls = 'Cash' Then -Recv Else 0 End),0) Unapp,
              Count(Case When Recv > 0 Then 1 End) OpenItems,
              Max(Case When Recv > 0 Then DaysOd End) MaxOd,
              nvl(Sum(Case When Recv > 0 And DaysOd Is Not Null Then Recv * DaysOd End),0) WSum,
              nvl(Sum(Case When Recv > 0 And DaysOd Is Not Null Then Recv End),0) WBase,
              Min(Case When Recv > 0 And Bkt Between 1 And 6 Then DueDate End) OldestDue
         From Aged),
     /* THE EFFECTIVE APPROVED CREDIT LIMIT for this one customer.

        Party.CreditAmount and Party.CreditDays would take precedence but
        are set on 0 and 2 of 962 debtor accounts, so the working source
        is CREDITLIMITAPPROVAL: the latest approval granted by the as-of
        date whose TillDate has not passed, per company and location. A
        blank TillDate never expires.

        As on the As-of Date, not as on today, so looking back at an
        earlier position judges it against the limit in force then.

        No ERP code resolves this - the table carries only panel triggers,
        and GETCREDITLIMITASON, despite the name, derives a limit from the
        last thirty days of CC invoices, which is a different measure.

        A limit over Rs1,000 crore is not a ceiling. The largest real
        limit in this data is Rs100 Cr and the placeholders are Rs1,00,000
        Cr and above - a thousandfold gap with nothing in it - so a figure
        that size records ""no limit"". If any approval in force is one of
        those, the whole position is reported as uncapped rather than
        being added into a total that would read as a comfortable
        utilisation.

        Summed across locations, because a limit is granted per location
        and a customer trading at two carries both. */
     Cl As (Select 0 InForce, cast(null as number) Capped, 0 Uncapped, cast(null as number) Days From dual)
Select '<div class=""ds-kpi ds-kpi--gold"" title=""Open debit items on this customer as at the As-of Date."">'
    || '<span class=""ds-kpi-ic fa fa-inbox""></span><div class=""ds-kpi-body"">'
    || '<div class=""ds-kpi-t"">Receivable</div><div class=""ds-kpi-n"">&#8377;'
    || Case When t.Gross >= 10000000 Then to_char(Round(t.Gross/10000000,2),'FM999G990D00') || ' Cr'
            Else to_char(Round(t.Gross/100000,2),'FM999G990D00') || ' Lac' End
    || '</div><div class=""ds-kpi-sub"">' || to_char(t.OpenItems,'FM999G990') || ' open items</div></div></div>' As K1,
       '<div class=""ds-kpi ds-kpi--violet"" title=""Open credit items - advances, unapplied receipts, credit notes and contra purchases."">'
    || '<span class=""ds-kpi-ic fa fa-hand-o-up""></span><div class=""ds-kpi-body"">'
    || '<div class=""ds-kpi-t"">Credit Held</div><div class=""ds-k","pi-n"">&#8377;'
    || Case When t.Cred >= 10000000 Then to_char(Round(t.Cred/10000000,2),'FM999G990D00') || ' Cr'
            Else to_char(Round(t.Cred/100000,2),'FM999G990D00') || ' Lac' End
    || '</div><div class=""ds-kpi-sub"">of which unapplied cash &#8377;'
    || Case When t.Unapp >= 10000000 Then to_char(Round(t.Unapp/10000000,2),'FM999G990D00') || ' Cr'
            Else to_char(Round(t.Unapp/100000,2),'FM999G990D00') || ' Lac' End
    || '</div></div></div>' As K2,
       '<div class=""ds-kpi ds-kpi--' || Case When t.Net < 0 Then 'ok' Else 'struct' End
    || '"" title=""Receivable less credit held. Negative means the company holds more of this customer''s money than the customer owes."">'
    || '<span class=""ds-kpi-ic fa fa-balance-scale""></span><div class=""ds-kpi-body"">'
    || '<div class=""ds-kpi-t"">Net Exposure</div><div class=""ds-kpi-n"">&#8377;'
    || Case When Abs(t.Net) >= 10000000 Then to_char(Round(t.Net/10000000,2),'FM999G990D00') || ' Cr'
            Else to_char(Round(t.Net/100000,2),'FM999G990D00') || ' Lac' End
    || '</div><div class=""ds-kpi-sub"">'
    || Case When t.Gross > 0.005 And t.Cred > 0.005
            Then '&#8377;' || Case When Least(t.Gross,t.Cred) >= 10000000
                                   Then to_char(Round(Least(t.Gross,t.Cred)/10000000,2),'FM999G990D00') || ' Cr'
                                   Else to_char(Round(Least(t.Gross,t.Cred)/100000,2),'FM999G990D00') || ' Lac' End
                 || ' clearable by allocation'
            Else 'no offsetting position' End
    || '</div></div></div>' As K3,
       '<div class=""ds-kpi ds-kpi--amber"" title=""Open receivable past its due date or aged beyond zero days, depending on the ageing basis."">'
    || '<span class=""ds-kpi-ic fa fa-exclamation-circle""></span><div class=""ds-kpi-body"">'
    || '<div class=""ds-kpi-t"">Overdue</div><div class=""ds-kpi-n"">&#8377;'
    || Case When t.Overdue >= 10000000 Then to_char(Round(t.Overdue/10000000,2),'FM999G990D00') || ' Cr'
            Else to_char(Round(t.Overdue/100000,2),'FM999G990D00') || ' Lac' End
    || '</div><div class=""ds-kpi-sub"">90+ &#8377;'
    || Case When t.D90 >= 10000000 Then to_char(Round(t.D90/10000000,2),'FM999G990D00') || ' Cr'
            Else to_char(Round(t.D90/100000,2),'FM999G990D00') || ' Lac' End
    || ' &middot; oldest due ' || nvl(to_char(t.OldestDue,'DD-MM-RRRR'),'&mdash;') || '</div></div></div>' As K4,
       '<div class=""ds-kpi ds-kpi--struct"" title=""Open receivable with no due date on its source document. Counted here, never spread across the other buckets."">'
    || '<span class=""ds-kpi-ic fa fa-question-circle""></span><div class=""ds-kpi-body"">'
    || '<div class=""ds-kpi-t"">Cannot Age</div><div class=""ds-kpi-n"">&#8377;'
    || Case When t.NoAge >= 10000000 Then to_char(Round(t.NoAge/10000000,2),'FM999G990D00') || ' Cr'
            Else to_char(Round(t.NoAge/100000,2),'FM999G990D00') || ' Lac' End
    || '</div><div class=""ds-kpi-sub"">weighted '
    || nvl(to_char(Round(t.WSum / Nullif(t.WBase,0),0),'FM999G990'),'&mdash;')
    || ' days overdue &middot; max ' || nvl(to_char(t.MaxOd,'FM999G990'),'&mdash;') || '</div></div></div>' As K5,
       '<div class=""ds-kpi ds-kpi--teal"" title=""Receipts from this customer inside the flow window, and the date of their most recent receipt ever."">'
    || '<span class=""ds-kpi-ic fa fa-download""></span><div class=""ds-kpi-body"">'
    || '<div class=""ds-kpi-t"">Receipts in Period</div><div class=""ds-kpi-n"">&#8377;'
    || Case When rp.Amt >= 10000000 Then to_char(Round(rp.Amt/10000000,2),'FM999G990D00') || ' Cr'
            Else to_char(Round(rp.Amt/100000,2),'FM999G990D00') || ' Lac' End
    || '</div><div class=""ds-kpi-sub"">last receipt '
    || nvl(to_char(lr.Last,'DD-MM-RRRR'),'never') || ' &middot; '
    || to_char(lr.N,'FM999G990') || ' to date</div></div></div>' As K6,
       '<div class=""ds-kpi ds-kpi--risk"" title=""The credit li","mit approved for this customer and in force on the As-of Date, and how much of it the net receivable is using - open debit items less unapplied credits, the same basis page 690 counts customers above their limit on. Source is the credit limit approval, not the customer master."">'
    || '<span class=""ds-kpi-ic fa fa-hand-paper-o""></span><div class=""ds-kpi-body"">'
    || '<div class=""ds-kpi-t"">Credit Limit</div><div class=""ds-kpi-n"">'
    || Case When cl.InForce = 0                     Then '&mdash;'
            When cl.Uncapped > 0                    Then 'No ceiling'
            When cl.Capped >= 10000000              Then '&#8377;' || to_char(Round(cl.Capped/10000000,2),'FM999G990D00') || ' Cr'
            Else                                         '&#8377;' || to_char(Round(cl.Capped/100000,2),'FM999G990D00') || ' Lac' End
    || '</div><div class=""ds-kpi-sub"">'
    || Case When cl.InForce = 0
            Then 'no approval in force on this date'
            When cl.Uncapped > 0
            Then 'approved above &#8377;1,000 Cr, which records no limit'
            /* A negative utilisation is not a small one - it means the
               customer has paid in more than they owe, so it is said in
               words rather than printed as a percentage below zero. */
            When t.Net <= 0
            Then 'in credit &middot; nothing drawn against the limit'
                 || Case When nvl(cl.Days,0) > 0 Then ' &middot; ' || to_char(cl.Days) || ' credit days' End
            Else to_char(Round(t.Net / Nullif(cl.Capped,0) * 100, 1),'FM99990D0') || '% used'
                 || Case When nvl(cl.Days,0) > 0 Then ' &middot; ' || to_char(cl.Days) || ' credit days' End
                 || Case When t.Net > cl.Capped Then ' &middot; <b>OVER LIMIT</b>' End End
    || '</div></div></div>' As K7
  From T t Cross Join Lr lr Cross Join Rp rp Cross Join Cl cl"
910,"Debtor 360","DEBTOR-360",22,"Ageing","ageing","NATIVE_SQL_REPORT","/* The same bucket expression and the same stacked scale as page 690,
   narrowed to one customer - so a reader comparing this page against
   the command centre sees the same shape, not a second opinion. */
With Asof As (Select to_date(:P910_TODATE,'DD-MM-RRRR') D From dual),
     Alc As (
       Select a.DrVoucherTno Tno, a.DrVoucherSno Sno, -Sum(a.Amount) Amt
         From DrCrAllocation a, Voucher dv, Voucher cv, Asof
        Where dv.Tno = a.DrVoucherTno And cv.Tno = a.CrVoucherTno
          And dv.VoucherDate <= Asof.D And cv.VoucherDate <= Asof.D
        Group By a.DrVoucherTno, a.DrVoucherSno
       Union All
       Select a.CrVoucherTno, a.CrVoucherSno, Sum(a.Amount)
         From DrCrAllocation a, Voucher dv, Voucher cv, Asof
        Where dv.Tno = a.DrVoucherTno And cv.Tno = a.CrVoucherTno
          And dv.VoucherDate <= Asof.D And cv.VoucherDate <= Asof.D
        Group By a.CrVoucherTno, a.CrVoucherSno),
     Al As (Select Tno, Sno, Sum(Amt) Amt From Alc Group By Tno, Sno),
     Aged As (
       Select -(d.Amount - nvl(al.Amt,0)) Recv,
              Case When nvl(:P910_AGEBASIS,'DUE') = 'DUE'
                        And coalesce(i.DueDate, sb.DueDate, ao.BillDueDate) Is Null Then 7
                   When nvl(:P910_AGEBASIS,'DUE') = 'DUE'
                        And coalesce(i.DueDate, sb.DueDate, ao.BillDueDate) >= Asof.D Then 0
                   When (Case When :P910_AGEBASIS = 'DOC'
                              Then Asof.D - coalesce(i.InvoiceDate, ao.BillDate, d.VoucherDate)
                              Else Greatest(Asof.D - coalesce(i.DueDate, sb.DueDate, ao.BillDueDate),0) End) <=  30 Then 1
                   When (Case When :P910_AGEBASIS = 'DOC'
                              Then Asof.D - coalesce(i.InvoiceDate, ao.BillDate, d.VoucherDate)
                              Else Greatest(Asof.D - coalesce(i.DueDate, sb.DueDate, ao.BillDueDate),0) End) <=  60 Then 2
                   When (Case When :P910_AGEBASIS = 'DOC'
                              Then Asof.D - coalesce(i.InvoiceDate, ao.BillDate, d.VoucherDate)
                              Else Greatest(Asof.D - coalesce(i.DueDate, sb.DueDate, ao.BillDueDate),0) End) <=  90 Then 3
                   When (Case When :P910_AGEBASIS = 'DOC'
                              Then Asof.D - coalesce(i.InvoiceDate, ao.BillDate, d.VoucherDate)
                              Else Greatest(Asof.D - coalesce(i.DueDate, sb.DueDate, ao.BillDueDate),0) End) <= 180 Then 4
                   When (Case When :P910_AGEBASIS = 'DOC'
                              Then Asof.D - coalesce(i.InvoiceDate, ao.BillDate, d.VoucherDate)
                              Else Greatest(Asof.D - coalesce(i.DueDate, sb.DueDate, ao.BillDueDate),0) End) <= 365 Then 5
                   Else 6 End Bkt
         From VoucherDetail d
         Join Voucher v On v.Tno = d.Tno
         Left Join Al al On al.Tno = d.Tno And al.Sno = d.Sno
         Left Join Invoice     i  On v.ModuleCode = 'INVOICE'     And i.Tno  = v.ModuleTno
         Left Join ServiceBill sb On v.ModuleCode = 'SERVICEBILL' And sb.Tno = v.ModuleTno
         Left Join AccountOpening ao On v.VoucherNo = 'OPENING'   And ao.Tno = d.ModuleTno
         Cross Join Asof
        Where d.AccountCode = :P910_PARTY
          And d.VoucherDate <= Asof.D
          And (cast(null as varchar2(100)) Is Null
               Or cast(null as varchar2(100)) = cast(null as varchar2(100)))
          And (null    Is Null Or cast(null as varchar2(100))        = null)
          And (:P910_COMPANY  Is Null Or d.CompanyCode  = :P910_COMPANY)
          And (:P910_LOCATION Is Null Or d.LocationCode = :P910_LOCATION)),
     G As (Select Bkt, Sum(Recv) Amt From Aged Where Recv > 0 Group By Bkt),
     Tot As (Select nvl(Sum(Amt),0) T From G)
Select '<div class=""ds-arage""><div class=""ds-arage-bar"">'
    || nvl(ListAgg(
         Case When g.Amt / Nullif(tot.T,0) >= 0.000","5 Then
           '<div class=""ds-arage-seg ds-arage-seg--b' || g.Bkt || '"" style=""width:'
           || to_char(Round(100 * g.Amt / tot.T,3),'FM990D000') || '%"" title=""'
           || Case g.Bkt When 0 Then 'Not Due' When 1 Then '1-30 days' When 2 Then '31-60 days'
                         When 3 Then '61-90 days' When 4 Then '91-180 days' When 5 Then '181-365 days'
                         When 6 Then 'Over 365 days' Else 'Cannot Age - no due date' End
           || ': &#8377;' || to_char(Round(g.Amt,0),'FM999G99G99G990') || '"">'
           || Case When g.Amt / tot.T >= 0.08
                   Then to_char(Round(100 * g.Amt / tot.T,0),'FM990') || '%' End
           || '</div>'
         End, '') Within Group (Order By g.Bkt), '')
    || '</div><div class=""ds-arage-legend"">'
    || nvl(ListAgg(
         '<span class=""ds-arage-key ds-arage-key--b' || g.Bkt || '""><i></i>'
         || Case g.Bkt When 0 Then 'Not Due' When 1 Then '1-30' When 2 Then '31-60'
                       When 3 Then '61-90' When 4 Then '91-180' When 5 Then '181-365'
                       When 6 Then '&gt;365' Else 'Cannot Age' End
         || ' <b>&#8377;' || to_char(Round(g.Amt,0),'FM999G99G99G990') || '</b></span>', '')
         Within Group (Order By g.Bkt), '')
    || '</div></div>' As SCALE
  From G g Cross Join Tot tot","",""
910,"Debtor 360","DEBTOR-360",24,"Trend and Behaviour","rule-trend","NATIVE_STATIC","<div class=""ds-dash-section"">
  <h2>Trend and Behaviour</h2>
  <p>How this customer's exposure has moved, and how they actually pay</p>
</div>","","",""
910,"Debtor 360","DEBTOR-360",25,"Net Exposure Trend","outstanding-trend","NATIVE_JET_CHART","/* Month-end NET exposure, computed as the running total of -Amount.
   No allocation logic is needed here and none is used: allocations net
   to zero WITHIN a customer account, so the running ledger total is
   already the net position. That is the same identity the Reconciliation
   page proves at 0.00, which is why this shortcut is safe rather than
   convenient - and it makes the trend cheap instead of re-deriving the
   whole open-item layer once per month-end. */
With Mv As (
       Select trunc(d.VoucherDate,'MM') Mth, Sum(-d.Amount) Net
         From VoucherDetail d
        Where d.AccountCode = :P910_PARTY
          And d.VoucherDate <= to_date(:P910_TODATE,'DD-MM-RRRR')
          And (cast(null as varchar2(100)) Is Null
               Or cast(null as varchar2(100)) = cast(null as varchar2(100)))
          And (null    Is Null Or cast(null as varchar2(100))        = null)
          And (:P910_COMPANY  Is Null Or d.CompanyCode  = :P910_COMPANY)
          And (:P910_LOCATION Is Null Or d.LocationCode = :P910_LOCATION)
        Group By trunc(d.VoucherDate,'MM'))
Select to_char(Mth,'Mon-RR')                              As LABEL,
       Round(Sum(Net) Over (Order By Mth)/100000,2)       As NET_EXPOSURE_LAC
  From Mv Order By Mth","","",""
910,"Debtor 360","DEBTOR-360",26,"Billing vs Collection","billing-collection","NATIVE_JET_CHART","With Mv As (
       Select trunc(d.VoucherDate,'MM') Mth,
              Sum(Case When v.DocTypeCode In ('SALE','SERVICEBILL') And d.Amount < 0
                       Then -d.Amount Else 0 End) Billing,
              Sum(Case When v.DocTypeCode = 'RECEIPT' And d.Amount > 0
                       Then d.Amount Else 0 End) Collection
         From VoucherDetail d Join Voucher v On v.Tno = d.Tno
        Where d.AccountCode = :P910_PARTY
          And d.VoucherDate >= to_date(:P910_FROMDATE,'DD-MM-RRRR')
          And d.VoucherDate <  to_date(:P910_TODATE,'DD-MM-RRRR') + 1
          And (cast(null as varchar2(100)) Is Null
               Or cast(null as varchar2(100)) = cast(null as varchar2(100)))
          And (null    Is Null Or cast(null as varchar2(100))        = null)
          And (:P910_COMPANY  Is Null Or d.CompanyCode  = :P910_COMPANY)
          And (:P910_LOCATION Is Null Or d.LocationCode = :P910_LOCATION)
        Group By trunc(d.VoucherDate,'MM'))
Select to_char(Mth,'Mon-RR')          As LABEL,
       Round(Billing/100000,2)        As BILLING_LAC,
       Round(Collection/100000,2)     As COLLECTION_LAC
  From Mv Order By Mth","","",""
910,"Debtor 360","DEBTOR-360",27,"Payment Behaviour","payment-behaviour","NATIVE_SQL_REPORT","/* Behaviour is measured from ALLOCATIONS, because only an allocation
   records which bill a payment actually settled. Where a customer's
   receipts are unallocated - the normal state in this ledger - the
   measure says so rather than inventing a lag from receipt dates. */
With Asof As (Select to_date(:P910_TODATE,'DD-MM-RRRR') D From dual),
     Pay As (
       Select dv.VoucherDate BillDate, cv.VoucherDate PayDate,
              cv.VoucherDate - dv.VoucherDate Lag, a.Amount Amt
         From DrCrAllocation a
         Join Voucher dv On dv.Tno = a.DrVoucherTno
         Join Voucher cv On cv.Tno = a.CrVoucherTno
         Join VoucherDetail dd On dd.Tno = a.DrVoucherTno And dd.Sno = a.DrVoucherSno
         Cross Join Asof
        Where dd.AccountCode = :P910_PARTY
          And dv.VoucherDate <= Asof.D And cv.VoucherDate <= Asof.D),
     R As (
       Select Count(*) N, nvl(Sum(d.Amount),0) Amt,
              Count(Case When Not Exists (
                     Select 1 From DrCrAllocation a
                      Where a.CrVoucherTno = d.Tno And a.CrVoucherSno = d.Sno) Then 1 End) Unalloc
         From VoucherDetail d Join Voucher v On v.Tno = d.Tno Cross Join Asof
        Where d.AccountCode = :P910_PARTY And v.DocTypeCode = 'RECEIPT'
          And d.VoucherDate <= Asof.D)
Select Ord, Metric, Val, Note From (
  Select 10 Ord, 'Settlements observed' Metric, to_char(Count(*),'FM999G990') Val,
         'allocation rows linking a payment to a bill' Note From Pay
  Union All
  Select 20, 'Average days to settle',
         nvl(to_char(Round(Avg(Lag),0),'FM999G990'),'&mdash;'),
         'bill date to the date of the payment that settled it' From Pay
  Union All
  Select 30, 'Weighted days to settle',
         nvl(to_char(Round(Sum(Lag * Amt) / Nullif(Sum(Amt),0),0),'FM999G990'),'&mdash;'),
         'weighted by amount, so a large late bill counts more than a small prompt one' From Pay
  Union All
  Select 40, 'Fastest / slowest settlement',
         nvl(to_char(Min(Lag),'FM999G990'),'&mdash;') || ' / ' || nvl(to_char(Max(Lag),'FM999G990'),'&mdash;'),
         'days' From Pay
  Union All
  Select 50, 'Receipts received', to_char(r.N,'FM999G990'),
         'total receipt lines on this customer up to the As-of Date' From R r
  Union All
  Select 60, 'Receipts never allocated',
         to_char(r.Unalloc,'FM999G990')
         || Case When r.N > 0 Then ' (' || to_char(Round(100 * r.Unalloc / r.N,0),'FM990') || '%)' End,
         'cash received but never applied to a bill - behaviour cannot be measured for these' From R r
) Order By Ord","","",""
910,"Debtor 360","DEBTOR-360",28,"Open Items","rule-items","NATIVE_STATIC","<div class=""ds-dash-section"">
  <h2>Open Items</h2>
  <p>Every unsettled line on this customer, with its source document and ageing</p>
</div>","","",""
910,"Debtor 360","DEBTOR-360",30,"Open Items","open-items","NATIVE_IR","With Asof As (Select to_date(:P910_TODATE,'DD-MM-RRRR') D From dual),
     Alc As (
       Select a.DrVoucherTno Tno, a.DrVoucherSno Sno, -Sum(a.Amount) Amt
         From DrCrAllocation a, Voucher dv, Voucher cv, Asof
        Where dv.Tno = a.DrVoucherTno And cv.Tno = a.CrVoucherTno
          And dv.VoucherDate <= Asof.D And cv.VoucherDate <= Asof.D
        Group By a.DrVoucherTno, a.DrVoucherSno
       Union All
       Select a.CrVoucherTno, a.CrVoucherSno, Sum(a.Amount)
         From DrCrAllocation a, Voucher dv, Voucher cv, Asof
        Where dv.Tno = a.DrVoucherTno And cv.Tno = a.CrVoucherTno
          And dv.VoucherDate <= Asof.D And cv.VoucherDate <= Asof.D
        Group By a.CrVoucherTno, a.CrVoucherSno),
     Al As (Select Tno, Sno, Sum(Amt) Amt From Alc Group By Tno, Sno)
Select d.Tno                                          As VOUCHER_TNO,
       /* Sno is what makes a bill addressable. A voucher can carry many
          debtor lines, so page 698 is keyed on (Tno, Sno) - Tno alone
          would open the wrong line on a multi-line voucher. */
       d.Sno                                          As VOUCHER_SNO,
       v.VoucherNo                                    As VOUCHER_NO,
       '<span class=""ds-arclass"">'
       || Case When v.VoucherNo = 'OPENING'      Then 'Opening Carry-forward'
               When v.ModuleCode = 'INVOICE'     Then 'Trade Invoice'
               When v.ModuleCode = 'SERVICEBILL' Then 'Service Bill'
               When v.ModuleCode = 'CREDITNOTE'  Then 'Credit Note'
               When v.ModuleCode = 'DEBITNOTE'   Then 'Debit Note'
               When v.ModuleCode = 'PBPASS'      Then 'Contra Purchase'
               When v.DocTypeCode = 'RECEIPT'    Then 'Receipt / On-account'
               When v.DocTypeCode In ('PAYMENT','CASHPAYMENT','BANKPAYMENT')
                                                 Then 'Payment to Customer'
               Else 'Journal' End || '</span>'       As ITEM_CLASS,
       coalesce(i.InvoiceNo, sb.ServiceBillNo, ao.BillNo, v.VoucherNo) As BILL_REFERENCE,
       coalesce(i.InvoiceDate, ao.BillDate, d.VoucherDate) As DOCUMENT_DATE,
       coalesce(i.DueDate, sb.DueDate, ao.BillDueDate)     As DUE_DATE,
       Round(Abs(d.Amount),2)                         As ORIGINAL_AMOUNT,
       Round(Abs(nvl(al.Amt,0)),2)                     As ALLOCATED,
       Round(Case When -(d.Amount - nvl(al.Amt,0)) > 0
                  Then -(d.Amount - nvl(al.Amt,0)) Else 0 End,2) As OUTSTANDING,
       Round(Case When -(d.Amount - nvl(al.Amt,0)) < 0
                  Then  (d.Amount - nvl(al.Amt,0)) Else 0 End,2) As CREDIT_OPEN,
       Case When coalesce(i.DueDate, sb.DueDate, ao.BillDueDate) Is Not Null
            Then Greatest((Select D From Asof) - coalesce(i.DueDate, sb.DueDate, ao.BillDueDate),0)
       End                                            As DAYS_OVERDUE,
       nvl(l.LocationName, d.LocationCode) As LOCATION,
       substr(d.Narration,1,300)    As NARRATION
  From VoucherDetail d
  Join Voucher v On v.Tno = d.Tno
  Left Join Al al On al.Tno = d.Tno And al.Sno = d.Sno
  Left Join Invoice     i  On v.ModuleCode = 'INVOICE'     And i.Tno  = v.ModuleTno
  Left Join ServiceBill sb On v.ModuleCode = 'SERVICEBILL' And sb.Tno = v.ModuleTno
  Left Join AccountOpening ao On v.VoucherNo = 'OPENING'   And ao.Tno = d.ModuleTno
  Left Join Location l On l.LocationCode = d.LocationCode
  Cross Join Asof
 Where d.AccountCode = :P910_PARTY
   And d.VoucherDate <= Asof.D
   And Round(d.Amount - nvl(al.Amt,0),2) <> 0
   And (cast(null as varchar2(100)) Is Null
        Or cast(null as varchar2(100)) = cast(null as varchar2(100)))
   And (null    Is Null Or cast(null as varchar2(100))        = null)
   And (:P910_COMPANY  Is Null Or d.CompanyCode  = :P910_COMPANY)
   And (:P910_LOCATION Is Null Or d.LocationCode = :P910_LOCATION)","","",""
910,"Debtor 360","DEBTOR-360",32,"Credits","rule-credits","NATIVE_STATIC","<div class=""ds-dash-section"">
  <h2>Credits Held</h2>
  <p>Advances, unapplied cash and credit notes on this customer's account</p>
</div>","","",""
910,"Debtor 360","DEBTOR-360",33,"Advances and On-account","advances","NATIVE_SQL_REPORT","With Asof As (Select to_date(:P910_TODATE,'DD-MM-RRRR') D From dual),
     Alc As (
       Select a.DrVoucherTno Tno, a.DrVoucherSno Sno, -Sum(a.Amount) Amt
         From DrCrAllocation a, Voucher dv, Voucher cv, Asof
        Where dv.Tno = a.DrVoucherTno And cv.Tno = a.CrVoucherTno
          And dv.VoucherDate <= Asof.D And cv.VoucherDate <= Asof.D
        Group By a.DrVoucherTno, a.DrVoucherSno
       Union All
       Select a.CrVoucherTno, a.CrVoucherSno, Sum(a.Amount)
         From DrCrAllocation a, Voucher dv, Voucher cv, Asof
        Where dv.Tno = a.DrVoucherTno And cv.Tno = a.CrVoucherTno
          And dv.VoucherDate <= Asof.D And cv.VoucherDate <= Asof.D
        Group By a.CrVoucherTno, a.CrVoucherSno),
     Al As (Select Tno, Sno, Sum(Amt) Amt From Alc Group By Tno, Sno),
     Oi As (
       Select -(d.Amount - nvl(al.Amt,0)) Recv, d.VoucherDate Vdt,
              Case When v.ModuleCode = 'PBPASS'     Then 'Contra Purchase'
                   When v.DocTypeCode = 'RECEIPT'   Then 'Unapplied Receipt'
                   When v.ModuleCode = 'CREDITNOTE' Then 'Credit Note'
                   When v.VoucherNo = 'OPENING'     Then 'Opening Credit'
                   Else 'Other Credit' End Cls
         From VoucherDetail d
         Join Voucher v On v.Tno = d.Tno
         Left Join Al al On al.Tno = d.Tno And al.Sno = d.Sno
         Cross Join Asof
        Where d.AccountCode = :P910_PARTY
          And d.VoucherDate <= Asof.D
          And (cast(null as varchar2(100)) Is Null
               Or cast(null as varchar2(100)) = cast(null as varchar2(100)))
          And (null    Is Null Or cast(null as varchar2(100))        = null)
          And (:P910_COMPANY  Is Null Or d.CompanyCode  = :P910_COMPANY)
          And (:P910_LOCATION Is Null Or d.LocationCode = :P910_LOCATION))
Select Cls                                     As CREDIT_TYPE,
       Count(*)                                As ITEMS,
       Round(Sum(-Recv),2)                     As AMOUNT,
       to_char(Min(Vdt),'DD-MM-RRRR')          As OLDEST,
       Round(Sum(Case When (Select D From Asof) - Vdt > 90 Then -Recv Else 0 End),2) As OVER_90_DAYS
  From Oi Where Recv < -0.005
 Group By Cls Order By Sum(-Recv) Desc","","",""
910,"Debtor 360","DEBTOR-360",34,"Credit and Debit Notes","credit-debit-notes","NATIVE_SQL_REPORT","Select v.VoucherNo                                 As VOUCHER_NO,
       v.Tno                                       As VOUCHER_TNO,
       Case When v.DocTypeCode = 'CREDITNOTE' Then 'Credit Note' Else 'Debit Note' End As NOTE_TYPE,
       cn.CreditNoteNo           As NOTE_NO,
       d.VoucherDate                               As NOTE_DATE,
       Round(Abs(d.Amount),2)                      As AMOUNT,
       Case When d.Amount > 0 Then 'Reduces the receivable'
            Else 'Increases the receivable' End    As EFFECT,
       substr(d.Narration,1,200) As NARRATION
  From VoucherDetail d
  Join Voucher v On v.Tno = d.Tno
  Left Join CreditNote cn On v.ModuleCode = 'CREDITNOTE' And cn.Tno = v.ModuleTno
 Where d.AccountCode = :P910_PARTY
   And v.DocTypeCode In ('CREDITNOTE','DEBITNOTE')
   And d.VoucherDate <= to_date(:P910_TODATE,'DD-MM-RRRR')
   And (cast(null as varchar2(100)) Is Null
        Or cast(null as varchar2(100)) = cast(null as varchar2(100)))
   And (null    Is Null Or cast(null as varchar2(100))        = null)
   And (:P910_COMPANY  Is Null Or d.CompanyCode  = :P910_COMPANY)
   And (:P910_LOCATION Is Null Or d.LocationCode = :P910_LOCATION)
 Order By d.VoucherDate Desc","","",""
910,"Debtor 360","DEBTOR-360",38,"Receipt History","rule-receipts","NATIVE_STATIC","<div class=""ds-dash-section"">
  <h2>Receipt History</h2>
  <p>Every receipt from this customer in the flow window, and how much of each was applied</p>
</div>","","",""
910,"Debtor 360","DEBTOR-360",40,"Receipt History","receipts","NATIVE_IR","With Asof As (Select to_date(:P910_TODATE,'DD-MM-RRRR') D From dual),
     Alc As (
       Select a.CrVoucherTno Tno, a.CrVoucherSno Sno,
              Sum(a.Amount) Amt, Count(*) N
         From DrCrAllocation a, Voucher dv, Voucher cv, Asof
        Where dv.Tno = a.DrVoucherTno And cv.Tno = a.CrVoucherTno
          And dv.VoucherDate <= Asof.D And cv.VoucherDate <= Asof.D
        Group By a.CrVoucherTno, a.CrVoucherSno)
Select d.Tno                                          As VOUCHER_TNO,
       v.VoucherNo                                    As RECEIPT_NO,
       d.VoucherDate                                  As RECEIPT_DATE,
       Round(d.Amount,2)                              As RECEIPT_AMOUNT,
       Round(nvl(al.Amt,0),2)                         As APPLIED,
       Round(d.Amount - nvl(al.Amt,0),2)              As UNAPPLIED,
       nvl(al.N,0)                                    As BILLS_SETTLED,
       Case When nvl(al.N,0) = 0
                 Then '<span class=""ds-archip ds-archip--fail"">Unapplied</span>'
            When d.Amount - nvl(al.Amt,0) > 0.005
                 Then '<span class=""ds-archip ds-archip--warn"">Partly applied</span>'
            Else '<span class=""ds-archip ds-archip--pass"">Fully applied</span>' End As STATUS,
       v.MoneyTransferReferenceNo   As BANK_REFERENCE,
       nvl(l.LocationName, d.LocationCode) As LOCATION,
       substr(d.Narration,1,300)    As NARRATION
  From VoucherDetail d
  Join Voucher v On v.Tno = d.Tno
  Left Join Alc al On al.Tno = d.Tno And al.Sno = d.Sno
  Left Join Location l On l.LocationCode = d.LocationCode
 Where d.AccountCode = :P910_PARTY
   And v.DocTypeCode = 'RECEIPT'
   And d.VoucherDate >= to_date(:P910_FROMDATE,'DD-MM-RRRR')
   And d.VoucherDate <  to_date(:P910_TODATE,'DD-MM-RRRR') + 1
   And (cast(null as varchar2(100)) Is Null
        Or cast(null as varchar2(100)) = cast(null as varchar2(100)))
   And (null    Is Null Or cast(null as varchar2(100))        = null)
   And (:P910_COMPANY  Is Null Or d.CompanyCode  = :P910_COMPANY)
   And (:P910_LOCATION Is Null Or d.LocationCode = :P910_LOCATION)","","",""
910,"Debtor 360","DEBTOR-360",42,"Receipt Allocation","allocations","NATIVE_IR","/* The bridge itself, one row per receipt x bill. This is the only place
   in the dashboard where the many-to-many relationship is shown at its
   own grain - everywhere else it is pre-aggregated before joining, or
   the outstanding figure would duplicate. */
With Asof As (Select to_date(:P910_TODATE,'DD-MM-RRRR') D From dual)
Select dv.VoucherNo                                 As BILL_VOUCHER,
       dv.Tno                                       As BILL_TNO,
       coalesce(i.InvoiceNo, ao.BillNo, dv.VoucherNo) As BILL_REFERENCE,
       dv.VoucherDate                                As BILL_DATE,
       cv.VoucherNo                                  As RECEIPT_VOUCHER,
       cv.Tno                                        As RECEIPT_TNO,
       cv.VoucherDate                                As RECEIPT_DATE,
       Round(a.Amount,2)                             As ALLOCATED,
       cv.VoucherDate - dv.VoucherDate               As DAYS_TO_SETTLE,
       nvl(dl.LocationName, dd.LocationCode) As BILL_LOCATION,
       nvl(cl.LocationName, cd.LocationCode) As RECEIPT_LOCATION,
       Case When dd.LocationCode <> cd.LocationCode
                 Then '<span class=""ds-archip ds-archip--warn"">Cross-location</span>'
            Else '<span class=""ds-archip ds-archip--pass"">Same location</span>' End As SETTLEMENT_TYPE
  From DrCrAllocation a
  Join Voucher dv On dv.Tno = a.DrVoucherTno
  Join Voucher cv On cv.Tno = a.CrVoucherTno
  Join VoucherDetail dd On dd.Tno = a.DrVoucherTno And dd.Sno = a.DrVoucherSno
  Left Join VoucherDetail cd On cd.Tno = a.CrVoucherTno And cd.Sno = a.CrVoucherSno
  Left Join Invoice i On dv.ModuleCode = 'INVOICE' And i.Tno = dv.ModuleTno
  Left Join AccountOpening ao On dv.VoucherNo = 'OPENING' And ao.Tno = dd.ModuleTno
  Left Join Location dl On dl.LocationCode = dd.LocationCode
  Left Join Location cl On cl.LocationCode = cd.LocationCode
  Cross Join Asof
 Where dd.AccountCode = :P910_PARTY
   And dv.VoucherDate <= Asof.D And cv.VoucherDate <= Asof.D","","",""
910,"Debtor 360","DEBTOR-360",44,"Statement","rule-statement","NATIVE_STATIC","<div class=""ds-dash-section"">
  <h2>Customer Statement</h2>
  <p>Every ledger movement on this account, with a running balance</p>
</div>","","",""
910,"Debtor 360","DEBTOR-360",45,"Customer Statement","statement","NATIVE_IR","/* A true statement of account: every line on the customer, in date
   order, with the running balance carried down. The running total is a
   window function over the SAME rows the reader sees, so the closing
   figure at the bottom equals the Net Exposure KPI at the top by
   construction rather than by coincidence. */
Select d.VoucherDate                                As TRANSACTION_DATE,
       v.VoucherNo                                  As VOUCHER_NO,
       d.Tno                                        As VOUCHER_TNO,
       v.DocTypeCode                                As VOUCHER_TYPE,
       coalesce(i.InvoiceNo, ao.BillNo, v.VoucherNo) As REFERENCE,
       Round(Case When d.Amount < 0 Then -d.Amount End,2) As DEBIT,
       Round(Case When d.Amount > 0 Then  d.Amount End,2) As CREDIT,
       Round(Sum(-d.Amount) Over (Order By d.VoucherDate, d.Tno, d.Sno
                                  Rows Between Unbounded Preceding And Current Row),2) As RUNNING_BALANCE,
       nvl(l.LocationName, d.LocationCode) As LOCATION,
       substr(d.Narration,1,250)  As NARRATION
  From VoucherDetail d
  Join Voucher v On v.Tno = d.Tno
  Left Join Invoice i On v.ModuleCode = 'INVOICE' And i.Tno = v.ModuleTno
  Left Join AccountOpening ao On v.VoucherNo = 'OPENING' And ao.Tno = d.ModuleTno
  Left Join Location l On l.LocationCode = d.LocationCode
 Where d.AccountCode = :P910_PARTY
   And d.VoucherDate <= to_date(:P910_TODATE,'DD-MM-RRRR')
   And (cast(null as varchar2(100)) Is Null
        Or cast(null as varchar2(100)) = cast(null as varchar2(100)))
   And (null    Is Null Or cast(null as varchar2(100))        = null)
   And (:P910_COMPANY  Is Null Or d.CompanyCode  = :P910_COMPANY)
   And (:P910_LOCATION Is Null Or d.LocationCode = :P910_LOCATION)","","",""
910,"Debtor 360","DEBTOR-360",48,"Control","rule-control","NATIVE_STATIC","<div class=""ds-dash-section"">
  <h2>Control and Reconciliation</h2>
  <p>Does this customer tie to the ledger, and what exceptions do they carry?</p>
</div>","","",""
910,"Debtor 360","DEBTOR-360",50,"Reconciliation","reconciliation","NATIVE_SQL_REPORT","/* The same two-way test as page 697, narrowed to one customer and
   computed inside one statement so both sides see one snapshot. */
With Asof As (Select to_date(:P910_TODATE,'DD-MM-RRRR') D From dual),
     Alc As (
       Select a.DrVoucherTno Tno, a.DrVoucherSno Sno, -Sum(a.Amount) Amt
         From DrCrAllocation a, Voucher dv, Voucher cv, Asof
        Where dv.Tno = a.DrVoucherTno And cv.Tno = a.CrVoucherTno
          And dv.VoucherDate <= Asof.D And cv.VoucherDate <= Asof.D
        Group By a.DrVoucherTno, a.DrVoucherSno
       Union All
       Select a.CrVoucherTno, a.CrVoucherSno, Sum(a.Amount)
         From DrCrAllocation a, Voucher dv, Voucher cv, Asof
        Where dv.Tno = a.DrVoucherTno And cv.Tno = a.CrVoucherTno
          And dv.VoucherDate <= Asof.D And cv.VoucherDate <= Asof.D
        Group By a.CrVoucherTno, a.CrVoucherSno),
     Al As (Select Tno, Sno, Sum(Amt) Amt From Alc Group By Tno, Sno),
     B As (
       Select Sum(-(d.Amount - nvl(al.Amt,0))) Anl, Sum(-d.Amount) Gl
         From VoucherDetail d
         Left Join Al al On al.Tno = d.Tno And al.Sno = d.Sno
         Cross Join Asof
        Where d.AccountCode = :P910_PARTY
          And d.VoucherDate <= Asof.D
          And (cast(null as varchar2(100)) Is Null
               Or cast(null as varchar2(100)) = cast(null as varchar2(100)))
          And (null    Is Null Or cast(null as varchar2(100))        = null)
          And (:P910_COMPANY  Is Null Or d.CompanyCode  = :P910_COMPANY)
          And (:P910_LOCATION Is Null Or d.LocationCode = :P910_LOCATION))
Select 'AR Analytical (open-item register)'   As MEASURE,
       Round(b.Anl,2)                          As AMOUNT,
       'allocation logic applied'              As BASIS From B b
Union All
Select 'Ledger balance (no allocation logic)', Round(b.Gl,2),
       'signed VoucherDetail sum' From B b
Union All
Select 'Difference', Round(b.Anl - b.Gl,2),
       Case When Abs(b.Anl - b.Gl) < 0.005 Then 'Reconciled'
            Else 'OUT OF BALANCE - allocations on this account do not net to zero' End
  From B b","","",""
910,"Debtor 360","DEBTOR-360",52,"Exceptions and Controls","exceptions","NATIVE_SQL_REPORT","/* The same control predicates as page 696, narrowed to this customer.
   Counts here and counts there are produced from the same expressions,
   so a reader can move between the two pages without reconciling them. */
With Asof As (Select to_date(:P910_TODATE,'DD-MM-RRRR') D From dual),
     Alc As (
       Select a.DrVoucherTno Tno, a.DrVoucherSno Sno, -Sum(a.Amount) Amt
         From DrCrAllocation a, Voucher dv, Voucher cv, Asof
        Where dv.Tno = a.DrVoucherTno And cv.Tno = a.CrVoucherTno
          And dv.VoucherDate <= Asof.D And cv.VoucherDate <= Asof.D
        Group By a.DrVoucherTno, a.DrVoucherSno
       Union All
       Select a.CrVoucherTno, a.CrVoucherSno, Sum(a.Amount)
         From DrCrAllocation a, Voucher dv, Voucher cv, Asof
        Where dv.Tno = a.DrVoucherTno And cv.Tno = a.CrVoucherTno
          And dv.VoucherDate <= Asof.D And cv.VoucherDate <= Asof.D
        Group By a.CrVoucherTno, a.CrVoucherSno),
     Al As (Select Tno, Sno, Sum(Amt) Amt From Alc Group By Tno, Sno),
     Oi As (
       Select d.CompanyCode Cmp, cast(null as varchar2(100)) Pnl, d.LocationCode Loc, d.VoucherDate Vdt,
              v.VoucherNo Vno, v.DocTypeCode Dtc,
              -(d.Amount - nvl(al.Amt,0)) Recv,
              coalesce(i.DueDate, sb.DueDate, ao.BillDueDate) DueDate,
              ao.BillDate AoBillDate, ao.BillDueDate AoBillDue
         From VoucherDetail d
         Join Voucher v On v.Tno = d.Tno
         Left Join Al al On al.Tno = d.Tno And al.Sno = d.Sno
         Left Join Invoice     i  On v.ModuleCode = 'INVOICE'     And i.Tno  = v.ModuleTno
         Left Join ServiceBill sb On v.ModuleCode = 'SERVICEBILL' And sb.Tno = v.ModuleTno
         Left Join AccountOpening ao On v.VoucherNo = 'OPENING'   And ao.Tno = d.ModuleTno
         Cross Join Asof
        Where d.AccountCode = :P910_PARTY
          And d.VoucherDate <= Asof.D
          And (cast(null as varchar2(100)) Is Null
               Or cast(null as varchar2(100)) = cast(null as varchar2(100)))
          And (null    Is Null Or cast(null as varchar2(100))        = null)
          And (:P910_COMPANY  Is Null Or d.CompanyCode  = :P910_COMPANY)
          And (:P910_LOCATION Is Null Or d.LocationCode = :P910_LOCATION))
Select Code, Nm, Items, Round(Expo,2) Expo From (
  Select 'AR-B02' Code, 'Open receivable that cannot be aged' Nm,
         Count(*) Items, Sum(Abs(Recv)) Expo
    From Oi Where Recv > 0.005 And DueDate Is Null Having Count(*) > 0
  Union All
  Select 'AR-O01','Opening item, original bill date lost', Count(*), Sum(Abs(Recv))
    From Oi Where Vno = 'OPENING' And AoBillDate Is Null And Abs(Recv) > 0.005 Having Count(*) > 0
  Union All
  Select 'AR-O02','Opening item, original due date lost', Count(*), Sum(Abs(Recv))
    From Oi Where Vno = 'OPENING' And AoBillDue Is Null And Recv > 0.005 Having Count(*) > 0
  Union All
  Select 'AR-R03','Receipt cash unapplied over 90 days', Count(*), Sum(-Recv)
    From Oi Cross Join Asof
   Where Dtc = 'RECEIPT' And Recv < -0.005 And Asof.D - Vdt > 90 Having Count(*) > 0
  Union All
  Select 'AR-M01','Posted with incomplete business scope', Count(*), Sum(Abs(Recv))
    From Oi Where Cmp Is Null Or Loc Is Null Having Count(*) > 0
  Union All
  Select 'AR-M02','Posted to a location marked DO NOT USE', Count(*), Sum(Abs(o.Recv))
    From Oi o Join Location l On l.LocationCode = o.Loc
   Where upper(l.LocationName) Like '%DO NOT USE%' And Abs(o.Recv) > 0.005 Having Count(*) > 0
) Order By Code","","",""
910,"Debtor 360","DEBTOR-360",54,"Timeline","timeline","NATIVE_SQL_REPORT","/* The customer's last 60 events in plain chronological order. Deliberately
   capped: a timeline is read from the top and an uncapped one on a busy
   account is a scrolling exercise, not a narrative. The cap is stated in
   the region title rather than applied silently. */
Select * From (
  Select d.VoucherDate                             As EVENT_DATE,
         Case When v.VoucherNo = 'OPENING'      Then 'Opening carry-forward'
              When v.ModuleCode = 'INVOICE'     Then 'Invoice raised'
              When v.ModuleCode = 'SERVICEBILL' Then 'Service bill raised'
              When v.ModuleCode = 'CREDITNOTE'  Then 'Credit note issued'
              When v.ModuleCode = 'DEBITNOTE'   Then 'Debit note issued'
              When v.ModuleCode = 'PBPASS'      Then 'Purchase from this party (contra)'
              When v.DocTypeCode = 'RECEIPT'    Then 'Receipt received'
              When v.DocTypeCode In ('PAYMENT','CASHPAYMENT','BANKPAYMENT')
                                                Then 'Payment made to this party'
              Else 'Journal posting' End         As EVENT,
         v.VoucherNo                             As VOUCHER_NO,
         d.Tno                                   As VOUCHER_TNO,
         Round(Abs(d.Amount),2)                  As AMOUNT,
         Case When d.Amount < 0 Then 'Increases receivable'
              Else 'Reduces receivable' End      As EFFECT,
         nvl(l.LocationName, d.LocationCode) As LOCATION
    From VoucherDetail d
    Join Voucher v On v.Tno = d.Tno
    Left Join Location l On l.LocationCode = d.LocationCode
   Where d.AccountCode = :P910_PARTY
     And d.VoucherDate <= to_date(:P910_TODATE,'DD-MM-RRRR')
     And (cast(null as varchar2(100)) Is Null
          Or cast(null as varchar2(100)) = cast(null as varchar2(100)))
     And (null    Is Null Or cast(null as varchar2(100))        = null)
     And (:P910_COMPANY  Is Null Or d.CompanyCode  = :P910_COMPANY)
     And (:P910_LOCATION Is Null Or d.LocationCode = :P910_LOCATION)
   Order By d.VoucherDate Desc, d.Tno Desc)
 Where rownum <= 60","","",""
910,"Debtor 360","DEBTOR-360",900,"Go to","quick-links","NATIVE_SQL_REPORT","/* The quick-links strip: one card per sibling page in this section.
   One report ROW per card, so the report's own tbody becomes the
   grid (see `.ds-kpiwrap` in design-system.css) and the number of
   cards can vary with the reader's privileges without the layout
   caring.

   AUTHORISATION. The menu gates each entry on
   GetApexReportPrivilege, but that function returns a PL/SQL
   BOOLEAN and therefore cannot be called from SQL. Its logic is
   reproduced below against the same three tables, INCLUDING the
   hard-coded 'BOSS' bypass it carries, so a card appears only
   where the menu entry would. A reader never sees a card for a
   page they cannot open. If that function's rule changes, this
   predicate has to change with it - that duplication is the price
   of the boolean return type.

   Page 698 (Bill Detail) is deliberately absent: it is keyed on a
   specific (Tno, Sno) and is meaningless without one, so it is
   reached by clicking a bill, never from a menu. */
With Pg As (
  Select 907 Id, 'AR Command Centre'          Nm, 'Exposure, ageing, collections and the exceptions behind every number' Sub, 'fa-dashboard'              Ic From dual Union All
  Select 908,    'Party-wise Outstanding',        'One row per customer, with ageing and the contact position',           'fa-users'                  From dual Union All
  Select 909,    'Bill-wise Outstanding',         'Every open item at line level, with its source document',              'fa-list-alt'               From dual Union All
  Select 910,    'Debtor 360',                    'One customer from every angle - bills, receipts, credits, statement',  'fa-user'                   From dual Union All
  Select 911,    'Receipts and Collections',      'Cash actually received, which bank took it, how much is applied',      'fa-download'               From dual Union All
  Select 912,    'Advances and Unapplied Cash',   'Customer money already held, and the receivable it could clear',       'fa-hand-o-up'              From dual Union All
  Select 913,    'Exceptions and Controls',       'Every control, what it tests, and the records that fail it',           'fa-exclamation-triangle'   From dual Union All
  Select 914,    'Reconciliation and Data Health','The open-item register against the general-ledger control account',    'fa-balance-scale'          From dual Union All
  Select 916,    'Trend Analysis',                'How the position moved, month by month',                               'fa-line-chart'             From dual Union All
  Select 917,    'Daily Collection MIS',          'One day: position, movement, and what remains unexplained',            'fa-calendar-o'             From dual Union All
  Select 918,    'Weekly AR Review',              'Opening against closing, and the controls that failed in the week',    'fa-calendar'               From dual Union All
  Select 919,    'Monthly Management MIS',        'The nine-section management pack',                                     'fa-file-text-o'            From dual)
Select '<a class=""ds-kpi ds-kpi--link ds-kpi--teal"" href=""'
    || apex_page.get_url(
         p_page        => Pg.Id,
         p_clear_cache => to_char(Pg.Id),
         /* Page 700 is a single-day report and has no From/To pair -
            naming an item that does not exist on the target page
            fails at run time, so its filter list is built separately. */
         p_items  => Case When Pg.Id = 917
                          Then 'P917_DAY,P917_COMPANY,P917_LOCATION'
                          Else 'P'||Pg.Id||'_FROMDATE,P'||Pg.Id||'_TODATE,P'
                               ||Pg.Id||'_COMPANY,P'||Pg.Id||'_LOCATION' End,
         p_values => Case When Pg.Id = 917
                          Then :P910_TODATE ||','|| :P910_COMPANY ||','|| :P910_LOCATION
                          Else :P910_FROMDATE ||','|| :P910_TODATE ||','|| :P910_COMPA","NY ||','|| :P910_LOCATION End)
    || '""><span class=""ds-kpi-ic fa ' || Pg.Ic || '""></span>'
    || '<div class=""ds-kpi-body""><div class=""ds-kpi-t"">' || Pg.Nm || '</div>'
    || '<div class=""ds-kpi-sub"">' || Pg.Sub || '</div></div></a>' As CARD
  From Pg
 Where Pg.Id <> 910
 Order By Pg.Id","",""
911,"Receipts and Collections","AR-COLLECTIONS",5,"Receipts and Collections","command-header","NATIVE_SQL_REPORT","Select '<div class=""ds-ar-head"">'
    || '<div class=""ds-ar-eyebrow"">Receivables &middot; Collections</div>'
    || '<h1 class=""ds-ar-title"">Receipts &amp; Collections</h1>'
    || '<div class=""ds-ar-sub"">Cash actually received from customers in the period, which bank took it, and how much of it has been applied to a bill</div>'
    || '<div class=""ds-ar-context"">'
    || '<span class=""ds-ar-chip""><span class=""fa fa-calendar""></span>Receipts <b>'
       || :P911_FROMDATE || ' &rarr; ' || :P911_TODATE || '</b></span>'
    || '<span class=""ds-ar-chip""><span class=""fa fa-info-circle""></span><b>Flow report</b> &mdash; not an as-at balance</span>'
    || '<span class=""ds-ar-chip""><span class=""fa fa-building-o""></span>Company <b>'
       || apex_escape.html(nvl((Select c.CompanyName From Company c Where c.CompanyCode = :P911_COMPANY),'All companies')) || '</b></span>'
    || '<span class=""ds-ar-chip""><span class=""fa fa-map-marker""></span>Location <b>'
       || apex_escape.html(nvl((Select l.LocationName From Location l Where l.LocationCode = :P911_LOCATION),'All locations')) || '</b></span>'
    || '</div></div>' As HEAD
  From dual","","",""
911,"Receipts and Collections","AR-COLLECTIONS",10,"Filters","filter-bar","NATIVE_STATIC","","","",""
911,"Receipts and Collections","AR-COLLECTIONS",20,"Collection KPIs","kpi-strip","NATIVE_SQL_REPORT","With Sd As (
       Select PartyCode From Party
        Start With PartyCode = 'SUNDRYDEBTORS'
        Connect By Prior PartyCode = ParentCode),
     Asof As (Select to_date(:P911_TODATE,'DD-MM-RRRR') D From dual),
     Alc As (
       Select a.CrVoucherTno Tno, a.CrVoucherSno Sno, Sum(a.Amount) Amt, Count(*) N
         From DrCrAllocation a, Voucher dv, Voucher cv, Asof
        Where dv.Tno = a.DrVoucherTno And cv.Tno = a.CrVoucherTno
          And dv.VoucherDate <= Asof.D And cv.VoucherDate <= Asof.D
        Group By a.CrVoucherTno, a.CrVoucherSno),
     AgeSplit As (
       /* Collection against OLD debt versus CURRENT bills, decided by
          the age of the BILL each allocation settled - not by the age
          of the receipt. A receipt posted today that clears a
          six-month-old invoice is a collection against old debt, and
          any other reading would flatter the collection effort. */
       Select a.CrVoucherTno Tno, a.CrVoucherSno Sno,
              Sum(Case When cv.VoucherDate - dv.VoucherDate > 90 Then a.Amount Else 0 End) OldDebt,
              Sum(Case When cv.VoucherDate - dv.VoucherDate <= 90 Then a.Amount Else 0 End) CurrentDebt,
              Sum(a.Amount * (cv.VoucherDate - dv.VoucherDate)) LagWeighted
         From DrCrAllocation a, Voucher dv, Voucher cv, Asof
        Where dv.Tno = a.DrVoucherTno And cv.Tno = a.CrVoucherTno
          And dv.VoucherDate <= Asof.D And cv.VoucherDate <= Asof.D
        Group By a.CrVoucherTno, a.CrVoucherSno),
     R As (
       /* One row per receipt LINE in the flow window. Allocation is
          joined pre-aggregated to (Tno,Sno) so a receipt settling many
          bills is still one row. */
       Select d.Tno, d.Sno, d.AccountCode Pty, d.Amount Amt,
              nvl(al.Amt,0) Applied, nvl(al.N,0) Bills, d.VoucherDate Vdt,
              nvl(ag.OldDebt,0) OldDebt, nvl(ag.CurrentDebt,0) CurrentDebt,
              ag.LagWeighted LagW
         From VoucherDetail d
         Join Voucher v On v.Tno = d.Tno
         Left Join Alc al On al.Tno = d.Tno And al.Sno = d.Sno
         Left Join AgeSplit ag On ag.Tno = d.Tno And ag.Sno = d.Sno
        Where d.AccountCode In (Select PartyCode From Sd)
          And v.DocTypeCode = 'RECEIPT'
          And d.VoucherDate >= to_date(:P911_FROMDATE,'DD-MM-RRRR')
          And d.VoucherDate <  to_date(:P911_TODATE,'DD-MM-RRRR') + 1
          And (cast(null as varchar2(100)) Is Null
               Or cast(null as varchar2(100)) = cast(null as varchar2(100)))
          And (null    Is Null Or cast(null as varchar2(100))        = null)
          And (:P911_COMPANY  Is Null Or d.CompanyCode  = :P911_COMPANY)
          And (:P911_LOCATION Is Null Or d.LocationCode = :P911_LOCATION)),
     T As (
       Select nvl(Sum(Amt),0) Amt, Count(Distinct Tno) Vch, Count(*) Lines,
              Count(Distinct Pty) Pty,
              nvl(Sum(Applied),0) Applied,
              nvl(Sum(Amt - Applied),0) Unapplied,
              Count(Case When Bills = 0 Then 1 End) NoAlloc,
              Count(Case When Bills > 0 And Amt - Applied > 0.005 Then 1 End) Partial,
              Count(Case When Bills > 0 And Amt - Applied <= 0.005 Then 1 End) FullyApplied,
              nvl(Sum(Bills),0) Settlements,
              nvl(Avg(Amt),0) AvgAmt,
              nvl(Sum(OldDebt),0) OldDebt,
              nvl(Sum(CurrentDebt),0) CurrentDebt,
              nvl(Sum(LagW),0) LagW,
              nvl(Sum(Case When Bills > 0 Then Applied End),0) AppliedForLag
         From R)
Select '<a class=""ds-kpi ds-kpi--teal"" href=""#p694register"" title=""Sum of RECEIPT voucher lines posted to a customer account inside the flow window. An actual transaction total, never a movement in outstanding."">'
    || '<span class=""ds-kpi-ic fa fa-download""></span><div class=""ds-kpi-body"">'
    || '<div class=""ds-kpi-t"">Receipts in Period</div><div class=""ds-kpi-n"">&#8377;'
    || Case When t.Amt"," >= 10000000 Then to_char(Round(t.Amt/10000000,2),'FM999G990D00') || ' Cr'
            Else to_char(Round(t.Amt/100000,2),'FM999G990D00') || ' Lac' End
    || '</div><div class=""ds-kpi-sub"">' || to_char(t.Vch,'FM999G990') || ' receipts from '
    || to_char(t.Pty,'FM999G990') || ' customers</div></div></a>' As K1,
       '<div class=""ds-kpi ds-kpi--ok"" title=""The part of period receipts that has been allocated to a bill."">'
    || '<span class=""ds-kpi-ic fa fa-link""></span><div class=""ds-kpi-body"">'
    || '<div class=""ds-kpi-t"">Applied to Bills</div><div class=""ds-kpi-n"">&#8377;'
    || Case When t.Applied >= 10000000 Then to_char(Round(t.Applied/10000000,2),'FM999G990D00') || ' Cr'
            Else to_char(Round(t.Applied/100000,2),'FM999G990D00') || ' Lac' End
    || '</div><div class=""ds-kpi-sub"">'
    || Case When t.Amt > 0 Then to_char(Round(100 * t.Applied / t.Amt,1),'FM990D0') || '% of receipts' Else '&mdash;' End
    || ' &middot; ' || to_char(t.Settlements,'FM999G990') || ' bill settlements</div></div></div>' As K2,
       '<a class=""ds-kpi ds-kpi--risk"" href=""'
    || apex_page.get_url(p_page => 912, p_clear_cache => '912',
         p_items => 'P912_FROMDATE,P912_TODATE,P912_COMPANY,P912_LOCATION',
         p_values => :P911_FROMDATE ||','|| :P911_TODATE ||','|| :P911_COMPANY ||','|| :P911_LOCATION)
    || '"" title=""The part of period receipts still sitting on account. Only 31% of AR lines in this ledger have ever been allocated."">'
    || '<span class=""ds-kpi-ic fa fa-unlink""></span><div class=""ds-kpi-body"">'
    || '<div class=""ds-kpi-t"">Still Unapplied</div><div class=""ds-kpi-n"">&#8377;'
    || Case When t.Unapplied >= 10000000 Then to_char(Round(t.Unapplied/10000000,2),'FM999G990D00') || ' Cr'
            Else to_char(Round(t.Unapplied/100000,2),'FM999G990D00') || ' Lac' End
    || '</div><div class=""ds-kpi-sub"">' || to_char(t.NoAlloc,'FM999G990')
    || ' receipts never allocated at all</div></div></a>' As K3,
       '<div class=""ds-kpi ds-kpi--struct"" title=""How period receipts split between fully applied, partly applied and untouched."">'
    || '<span class=""ds-kpi-ic fa fa-pie-chart""></span><div class=""ds-kpi-body"">'
    || '<div class=""ds-kpi-t"">Application Status</div><div class=""ds-kpi-n"">'
    || to_char(t.FullyApplied,'FM999G990') || ' / ' || to_char(t.Partial,'FM999G990')
    || ' / ' || to_char(t.NoAlloc,'FM999G990') || '</div>'
    || '<div class=""ds-kpi-sub"">fully applied / partial / unapplied</div></div></div>' As K4,
       '<div class=""ds-kpi ds-kpi--gold"" title=""Average value of a receipt line in this period."">'
    || '<span class=""ds-kpi-ic fa fa-calculator""></span><div class=""ds-kpi-body"">'
    || '<div class=""ds-kpi-t"">Average Receipt</div><div class=""ds-kpi-n"">&#8377;'
    || Case When t.AvgAmt >= 100000 Then to_char(Round(t.AvgAmt/100000,2),'FM999G990D00') || ' Lac'
            Else to_char(Round(t.AvgAmt,0),'FM999G99G99G990') End
    || '</div><div class=""ds-kpi-sub"">' || to_char(t.Lines,'FM999G990') || ' receipt lines</div></div></div>' As K5,
       '<div class=""ds-kpi ds-kpi--amber"" title=""Collections that cleared a bill more than 90 days older than the receipt. Aged by the BILL, not the receipt - a payment today against a six-month-old invoice is collection against old debt."">'
    || '<span class=""ds-kpi-ic fa fa-hourglass-end""></span><div class=""ds-kpi-body"">'
    || '<div class=""ds-kpi-t"">Collection vs Old Debt</div><div class=""ds-kpi-n"">&#8377;'
    || Case When t.OldDebt >= 10000000 Then to_char(Round(t.OldDebt/10000000,2),'FM999G990D00') || ' Cr'
            Else to_char(Round(t.OldDebt/100000,2),'FM999G990D00') || ' Lac' End
    || '</div><div class=""ds-kpi-sub"">bill older than 90 days at settlement</div></div></div>' As K7,
       '<div class=""ds-kpi ds-kpi--ok"" title=""Collections that cleared a bill within 90 days of its own date."">'
    || '<span class=""ds-kpi-ic fa fa-check-c","ircle-o""></span><div class=""ds-kpi-body"">'
    || '<div class=""ds-kpi-t"">Collection vs Current Bills</div><div class=""ds-kpi-n"">&#8377;'
    || Case When t.CurrentDebt >= 10000000 Then to_char(Round(t.CurrentDebt/10000000,2),'FM999G990D00') || ' Cr'
            Else to_char(Round(t.CurrentDebt/100000,2),'FM999G990D00') || ' Lac' End
    || '</div><div class=""ds-kpi-sub"">settled within 90 days of the bill</div></div></div>' As K8,
       '<div class=""ds-kpi ds-kpi--struct"" title=""Amount-weighted days between a bill and the receipt that settled it. Measured only over allocations - receipts that were never applied carry no lag and are excluded from both sides."">'
    || '<span class=""ds-kpi-ic fa fa-clock-o""></span><div class=""ds-kpi-body"">'
    || '<div class=""ds-kpi-t"">Average Allocation Lag</div><div class=""ds-kpi-n"">'
    || nvl(to_char(Round(t.LagW / Nullif(t.AppliedForLag,0),0),'FM999G990'),'&mdash;')
    || ' <span style=""font-size:15px"">days</span></div>'
    || '<div class=""ds-kpi-sub"">weighted by amount, over applied receipts only</div></div></div>' As K9,
       '<div class=""ds-kpi ds-kpi--violet"" title=""Receipts that settled at least one bill but still carry a residual balance on account."">'
    || '<span class=""ds-kpi-ic fa fa-adjust""></span><div class=""ds-kpi-body"">'
    || '<div class=""ds-kpi-t"">Partial Settlements</div><div class=""ds-kpi-n"">'
    || to_char(t.Partial,'FM999G990') || '</div>'
    || '<div class=""ds-kpi-sub"">applied in part, residual still on account</div></div></div>' As K10,
       /* Stated, not silently omitted. */
       '<div class=""ds-arexcl""><div class=""ds-arexcl-h"">Payment Mode &mdash; not analysed</div>'
    || '<div class=""ds-arexcl-b"">VoucherDetail.MoneyTransferModeCode is null on all 114,284 rows and the voucher header carries a mode on only <b>225 of 2,551</b> debtor receipts. '
    || 'At 9% coverage a mode breakdown would mislead. <b>Bank is reliable</b> and is analysed below instead, taken from the contra account on the receipt voucher.</div></div>' As K11
  From T t",""
911,"Receipts and Collections","AR-COLLECTIONS",30,"Collections by Bank","bank-mix","NATIVE_JET_CHART","/* Bank is the CONTRA account on the receipt voucher - the account that
   was debited when the customer was credited. It is not stored on the
   receipt line, and it is the only reliable banking dimension here.
   The contra is aggregated per voucher before it is attributed, so a
   receipt split across two banks is not double counted. */
With Sd As (
       Select PartyCode From Party
        Start With PartyCode = 'SUNDRYDEBTORS'
        Connect By Prior PartyCode = ParentCode),
     Rv As (
       Select Distinct d.Tno
         From VoucherDetail d Join Voucher v On v.Tno = d.Tno
        Where d.AccountCode In (Select PartyCode From Sd)
          And v.DocTypeCode = 'RECEIPT'
          And d.VoucherDate >= to_date(:P911_FROMDATE,'DD-MM-RRRR')
          And d.VoucherDate <  to_date(:P911_TODATE,'DD-MM-RRRR') + 1
          And (cast(null as varchar2(100)) Is Null
               Or cast(null as varchar2(100)) = cast(null as varchar2(100)))
          And (null    Is Null Or cast(null as varchar2(100))        = null)
          And (:P911_COMPANY  Is Null Or d.CompanyCode  = :P911_COMPANY)
          And (:P911_LOCATION Is Null Or d.LocationCode = :P911_LOCATION))
Select * From (
  Select nvl(p.PartyName, o.AccountCode) As LABEL,
         Round(Sum(-o.Amount)/100000,2) As RECEIVED_LAC
    From VoucherDetail o
    Join Rv On Rv.Tno = o.Tno
    Left Join Party p On p.PartyCode = o.AccountCode
   Where o.Amount < 0
     And o.AccountCode Not In (Select PartyCode From Sd)
   Group By o.AccountCode, p.PartyName
   Order By Sum(-o.Amount) Desc)
 Where rownum <= 12
 /* Outer Order By is required: the inner one only picks the twelve
    rows, it does not survive to the result set. */
 Order By RECEIVED_LAC Desc","","",""
911,"Receipts and Collections","AR-COLLECTIONS",32,"Daily Collection Trend","daily-trend","NATIVE_JET_CHART","With Sd As (
       Select PartyCode From Party
        Start With PartyCode = 'SUNDRYDEBTORS'
        Connect By Prior PartyCode = ParentCode)
Select to_char(d.VoucherDate,'DD-Mon') As LABEL,
       Round(Sum(d.Amount)/100000,2)   As COLLECTED_LAC
  From VoucherDetail d Join Voucher v On v.Tno = d.Tno
 Where d.AccountCode In (Select PartyCode From Sd)
   And v.DocTypeCode = 'RECEIPT'
   And d.VoucherDate >= to_date(:P911_FROMDATE,'DD-MM-RRRR')
   And d.VoucherDate <  to_date(:P911_TODATE,'DD-MM-RRRR') + 1
   And (cast(null as varchar2(100)) Is Null
        Or cast(null as varchar2(100)) = cast(null as varchar2(100)))
   And (null    Is Null Or cast(null as varchar2(100))        = null)
   And (:P911_COMPANY  Is Null Or d.CompanyCode  = :P911_COMPANY)
   And (:P911_LOCATION Is Null Or d.LocationCode = :P911_LOCATION)
 Group By d.VoucherDate
 Order By d.VoucherDate","","",""
911,"Receipts and Collections","AR-COLLECTIONS",40,"Receipt Register","register","NATIVE_IR","With Sd As (
       Select PartyCode From Party
        Start With PartyCode = 'SUNDRYDEBTORS'
        Connect By Prior PartyCode = ParentCode),
     Asof As (Select to_date(:P911_TODATE,'DD-MM-RRRR') D From dual),
     Alc As (
       Select a.CrVoucherTno Tno, a.CrVoucherSno Sno,
              Sum(a.Amount) Amt, Count(*) N, Max(dv.VoucherDate) LastAlloc
         From DrCrAllocation a, Voucher dv, Voucher cv, Asof
        Where dv.Tno = a.DrVoucherTno And cv.Tno = a.CrVoucherTno
          And dv.VoucherDate <= Asof.D And cv.VoucherDate <= Asof.D
        Group By a.CrVoucherTno, a.CrVoucherSno),
     Bank As (
       /* The contra account, reduced to ONE row per voucher before it
          joins. A receipt voucher can debit more than one bank line;
          taking the largest keeps the register at one row per receipt
          instead of fanning the amount out across banks. */
       Select Tno, AccountCode Bnk From (
         Select o.Tno, o.AccountCode,
                Row_Number() Over (Partition By o.Tno Order By o.Amount) Rn
           From VoucherDetail o
           Join Voucher bv On bv.Tno = o.Tno
          Where o.Amount < 0
            And bv.DocTypeCode = 'RECEIPT'
            And o.AccountCode Not In (Select PartyCode From Sd))
        Where Rn = 1)
Select d.Tno                                          As VOUCHER_TNO,
       v.VoucherNo                                    As RECEIPT_NO,
       d.VoucherDate                                  As RECEIPT_DATE,
       nvl(p.PartyName, d.AccountCode) As CUSTOMER,
       d.AccountCode                                  As PARTY_CODE,
       nvl(bp.PartyName, b.Bnk)     As BANK_OR_CASH,
       Round(d.Amount,2)                              As RECEIPT_AMOUNT,
       Round(nvl(al.Amt,0),2)                         As APPLIED,
       Round(d.Amount - nvl(al.Amt,0),2)              As UNAPPLIED,
       nvl(al.N,0)                                    As BILLS_SETTLED,
       Case When nvl(al.N,0) = 0
                 Then '<span class=""ds-archip ds-archip--fail"">Unapplied</span>'
            When d.Amount - nvl(al.Amt,0) > 0.005
                 Then '<span class=""ds-archip ds-archip--warn"">Partly applied</span>'
            Else '<span class=""ds-archip ds-archip--pass"">Fully applied</span>' End As STATUS,
       al.LastAlloc                                   As LAST_ALLOCATION,
       Case When al.LastAlloc Is Not Null
            Then al.LastAlloc - d.VoucherDate End     As ALLOCATION_LAG_DAYS,
       v.MoneyTransferReferenceNo   As BANK_REFERENCE,
       /* Aliased PAYMENT_MODE, not MODE: MODE is an Oracle reserved
          word and an unquoted column alias of that name raises
          ORA-00923 at render. apex validate does not execute region
          SQL, so it passes this cleanly. */
       nvl(v.MoneyTransferModeCode,'not recorded') As PAYMENT_MODE,
       nvl(c.CompanyName, d.CompanyCode)  As COMPANY,
       nvl(l.LocationName, d.LocationCode) As LOCATION,
       cast(null as varchar2(100))                                        As PANEL,
       substr(d.Narration,1,300)    As NARRATION
  From VoucherDetail d
  Join Voucher v On v.Tno = d.Tno
  Left Join Alc al On al.Tno = d.Tno And al.Sno = d.Sno
  Left Join Bank b On b.Tno = d.Tno
  Left Join Party bp On bp.PartyCode = b.Bnk
  Left Join Party p On p.PartyCode = d.AccountCode
  Left Join Company c On c.CompanyCode = d.CompanyCode
  Left Join Location l On l.LocationCode = d.LocationCode
 Where d.AccountCode In (Select PartyCode From Sd)
   And v.DocTypeCode = 'RECEIPT'
   And d.VoucherDate >= to_date(:P911_FROMDATE,'DD-MM-RRRR')
   And d.VoucherDate <  to_date(:P911_TODATE,'DD-MM-RRRR') + 1
   And (cast(null as varchar2(100)) Is Null
        Or cast(null as varchar2(100)) = cast(null as varchar2(100)))
   And (null    Is Null Or cast(null as varchar2(100))        = null)
   And (:P911_COMPANY  Is Null Or d.CompanyCode  = :","P911_COMPANY)
   And (:P911_LOCATION Is Null Or d.LocationCode = :P911_LOCATION)","",""
911,"Receipts and Collections","AR-COLLECTIONS",900,"Go to","quick-links","NATIVE_SQL_REPORT","/* The quick-links strip: one card per sibling page in this section.
   One report ROW per card, so the report's own tbody becomes the
   grid (see `.ds-kpiwrap` in design-system.css) and the number of
   cards can vary with the reader's privileges without the layout
   caring.

   AUTHORISATION. The menu gates each entry on
   GetApexReportPrivilege, but that function returns a PL/SQL
   BOOLEAN and therefore cannot be called from SQL. Its logic is
   reproduced below against the same three tables, INCLUDING the
   hard-coded 'BOSS' bypass it carries, so a card appears only
   where the menu entry would. A reader never sees a card for a
   page they cannot open. If that function's rule changes, this
   predicate has to change with it - that duplication is the price
   of the boolean return type.

   Page 698 (Bill Detail) is deliberately absent: it is keyed on a
   specific (Tno, Sno) and is meaningless without one, so it is
   reached by clicking a bill, never from a menu. */
With Pg As (
  Select 907 Id, 'AR Command Centre'          Nm, 'Exposure, ageing, collections and the exceptions behind every number' Sub, 'fa-dashboard'              Ic From dual Union All
  Select 908,    'Party-wise Outstanding',        'One row per customer, with ageing and the contact position',           'fa-users'                  From dual Union All
  Select 909,    'Bill-wise Outstanding',         'Every open item at line level, with its source document',              'fa-list-alt'               From dual Union All
  Select 910,    'Debtor 360',                    'One customer from every angle - bills, receipts, credits, statement',  'fa-user'                   From dual Union All
  Select 911,    'Receipts and Collections',      'Cash actually received, which bank took it, how much is applied',      'fa-download'               From dual Union All
  Select 912,    'Advances and Unapplied Cash',   'Customer money already held, and the receivable it could clear',       'fa-hand-o-up'              From dual Union All
  Select 913,    'Exceptions and Controls',       'Every control, what it tests, and the records that fail it',           'fa-exclamation-triangle'   From dual Union All
  Select 914,    'Reconciliation and Data Health','The open-item register against the general-ledger control account',    'fa-balance-scale'          From dual Union All
  Select 916,    'Trend Analysis',                'How the position moved, month by month',                               'fa-line-chart'             From dual Union All
  Select 917,    'Daily Collection MIS',          'One day: position, movement, and what remains unexplained',            'fa-calendar-o'             From dual Union All
  Select 918,    'Weekly AR Review',              'Opening against closing, and the controls that failed in the week',    'fa-calendar'               From dual Union All
  Select 919,    'Monthly Management MIS',        'The nine-section management pack',                                     'fa-file-text-o'            From dual)
Select '<a class=""ds-kpi ds-kpi--link ds-kpi--teal"" href=""'
    || apex_page.get_url(
         p_page        => Pg.Id,
         p_clear_cache => to_char(Pg.Id),
         /* Page 700 is a single-day report and has no From/To pair -
            naming an item that does not exist on the target page
            fails at run time, so its filter list is built separately. */
         p_items  => Case When Pg.Id = 917
                          Then 'P917_DAY,P917_COMPANY,P917_LOCATION'
                          Else 'P'||Pg.Id||'_FROMDATE,P'||Pg.Id||'_TODATE,P'
                               ||Pg.Id||'_COMPANY,P'||Pg.Id||'_LOCATION' End,
         p_values => Case When Pg.Id = 917
                          Then :P911_TODATE ||','|| :P911_COMPANY ||','|| :P911_LOCATION
                          Else :P911_FROMDATE ||','|| :P911_TODATE ||','|| :P911_COMPA","NY ||','|| :P911_LOCATION End)
    || '""><span class=""ds-kpi-ic fa ' || Pg.Ic || '""></span>'
    || '<div class=""ds-kpi-body""><div class=""ds-kpi-t"">' || Pg.Nm || '</div>'
    || '<div class=""ds-kpi-sub"">' || Pg.Sub || '</div></div></a>' As CARD
  From Pg
 Where Pg.Id <> 911
 Order By Pg.Id","",""
912,"Advances and Unapplied Cash","AR-ADVANCES",5,"Advances and Unapplied Cash","command-header","NATIVE_SQL_REPORT","Select '<div class=""ds-ar-head"">'
    || '<div class=""ds-ar-eyebrow"">Receivables &middot; Customer Credits</div>'
    || '<h1 class=""ds-ar-title"">Advances &amp; Unapplied Cash</h1>'
    || '<div class=""ds-ar-sub"">Where the company already holds the customer''s money, and how much receivable that money could clear today</div>'
    || '<div class=""ds-ar-context"">'
    || '<span class=""ds-ar-chip""><span class=""fa fa-crosshairs""></span>Held as at <b>' || :P912_TODATE || '</b></span>'
    || '<span class=""ds-ar-chip""><span class=""fa fa-building-o""></span>Company <b>'
       || apex_escape.html(nvl((Select c.CompanyName From Company c Where c.CompanyCode = :P912_COMPANY),'All companies')) || '</b></span>'
    || '<span class=""ds-ar-chip""><span class=""fa fa-map-marker""></span>Location <b>'
       || apex_escape.html(nvl((Select l.LocationName From Location l Where l.LocationCode = :P912_LOCATION),'All locations')) || '</b></span>'
    || Case When :P912_BOTH = 'Y' Then
            '<span class=""ds-ar-chip ds-ar-chip--warn""><span class=""fa fa-filter""></span>Showing <b>customers holding AR and credit together</b></span>' End
    || '</div></div>' As HEAD
  From dual","","",""
912,"Advances and Unapplied Cash","AR-ADVANCES",10,"Filters","filter-bar","NATIVE_STATIC","","","",""
912,"Advances and Unapplied Cash","AR-ADVANCES",20,"Customer Credit KPIs","kpi-strip","NATIVE_SQL_REPORT","With Sd As (
       Select PartyCode From Party
        Start With PartyCode = 'SUNDRYDEBTORS'
        Connect By Prior PartyCode = ParentCode),
     Asof As (Select to_date(:P912_TODATE,'DD-MM-RRRR') D From dual),
     Alc As (
       Select a.DrVoucherTno Tno, a.DrVoucherSno Sno, -Sum(a.Amount) Amt
         From DrCrAllocation a, Voucher dv, Voucher cv, Asof
        Where dv.Tno = a.DrVoucherTno And cv.Tno = a.CrVoucherTno
          And dv.VoucherDate <= Asof.D And cv.VoucherDate <= Asof.D
        Group By a.DrVoucherTno, a.DrVoucherSno
       Union All
       Select a.CrVoucherTno, a.CrVoucherSno, Sum(a.Amount)
         From DrCrAllocation a, Voucher dv, Voucher cv, Asof
        Where dv.Tno = a.DrVoucherTno And cv.Tno = a.CrVoucherTno
          And dv.VoucherDate <= Asof.D And cv.VoucherDate <= Asof.D
        Group By a.CrVoucherTno, a.CrVoucherSno),
     Al As (Select Tno, Sno, Sum(Amt) Amt From Alc Group By Tno, Sno),
     Oi As (
       Select d.AccountCode Pty, d.VoucherDate Vdt,
              -(d.Amount - nvl(al.Amt,0)) Recv,
              Case When v.ModuleCode = 'PBPASS'   Then 'Contra Purchase'
                   When v.DocTypeCode = 'RECEIPT' Then 'Receipt / On-account'
                   When v.ModuleCode = 'CREDITNOTE' Then 'Credit Note'
                   When v.VoucherNo = 'OPENING'   Then 'Opening Credit'
                   Else 'Other' End Cls
         From VoucherDetail d
         Join Voucher v On v.Tno = d.Tno
         Left Join Al al On al.Tno = d.Tno And al.Sno = d.Sno
         Cross Join Asof
        Where d.AccountCode In (Select PartyCode From Sd)
          And d.VoucherDate <= Asof.D
          And (cast(null as varchar2(100)) Is Null
               Or cast(null as varchar2(100)) = cast(null as varchar2(100)))
          And (null    Is Null Or cast(null as varchar2(100))        = null)
          And (:P912_COMPANY  Is Null Or d.CompanyCode  = :P912_COMPANY)
          And (:P912_LOCATION Is Null Or d.LocationCode = :P912_LOCATION)),
     Part As (
       /* Partial Residual is the credit still sitting on a receipt that
          HAS been allocated at least once - a genuinely different thing
          from a receipt nobody ever touched. The two together make the
          unapplied total, so both are shown rather than one standing
          for the other. */
       Select nvl(Sum(Case When al.N > 0 Then d.Amount - al.Amt Else 0 End),0) Residual,
              Count(Case When al.N > 0 And d.Amount - al.Amt > 0.005 Then 1 End) ResidualN,
              nvl(Sum(al.LagW),0) LagW, nvl(Sum(al.Amt),0) AppliedAmt
         From VoucherDetail d
         Join Voucher v On v.Tno = d.Tno
         Join (Select a.CrVoucherTno Tno, a.CrVoucherSno Sno,
                      Sum(a.Amount) Amt, Count(*) N,
                      Sum(a.Amount * (cv.VoucherDate - dv.VoucherDate)) LagW
                 From DrCrAllocation a, Voucher dv, Voucher cv, Asof
                Where dv.Tno = a.DrVoucherTno And cv.Tno = a.CrVoucherTno
                  And dv.VoucherDate <= Asof.D And cv.VoucherDate <= Asof.D
                Group By a.CrVoucherTno, a.CrVoucherSno) al
           On al.Tno = d.Tno And al.Sno = d.Sno
         Cross Join Asof
        Where d.AccountCode In (Select PartyCode From Sd)
          And v.DocTypeCode = 'RECEIPT'
          And d.VoucherDate <= Asof.D
          And (cast(null as varchar2(100)) Is Null
               Or cast(null as varchar2(100)) = cast(null as varchar2(100)))
          And (null    Is Null Or cast(null as varchar2(100))        = null)
          And (:P912_COMPANY  Is Null Or d.CompanyCode  = :P912_COMPANY)
          And (:P912_LOCATION Is Null Or d.LocationCode = :P912_LOCATION)),
     P As (Select Pty, Sum(Case When Recv > 0 Then Recv Else 0 End) Dr,
                       Sum(Case When Recv < 0 Then -Recv Else 0 End) Cr
             From Oi Group By Pty),
     T As (
       Select nvl(Sum(Case W","hen Recv < 0 Then -Recv Else 0 End),0) Cred,
              nvl(Sum(Case When Recv < 0 And Cls = 'Receipt / On-account' Then -Recv Else 0 End),0) Unapp,
              nvl(Sum(Case When Recv < 0 And Cls = 'Contra Purchase' Then -Recv Else 0 End),0) Contra,
              nvl(Sum(Case When Recv < 0 And Cls = 'Opening Credit' Then -Recv Else 0 End),0) OpenCr,
              nvl(Sum(Case When Recv < 0 And Cls = 'Receipt / On-account'
                            And (Select D From Asof) - Vdt > 30 Then -Recv Else 0 End),0) Over30,
              nvl(Sum(Case When Recv < 0 And Cls = 'Receipt / On-account'
                            And (Select D From Asof) - Vdt > 90 Then -Recv Else 0 End),0) Over90,
              Min(Case When Recv < 0 And Cls = 'Receipt / On-account' Then Vdt End) Oldest
         From Oi),
     B As (Select Count(*) N, nvl(Sum(Least(Dr,Cr)),0) Adj, nvl(Sum(Greatest(Dr-Cr,0)),0) Need
             From P Where Dr > 0.005 And Cr > 0.005)
Select '<div class=""ds-kpi ds-kpi--violet"" title=""Every open credit balance on a customer account, whatever its cause."">'
    || '<span class=""ds-kpi-ic fa fa-inbox""></span><div class=""ds-kpi-body"">'
    || '<div class=""ds-kpi-t"">Total Customer Credits</div><div class=""ds-kpi-n"">&#8377;'
    || Case When t.Cred >= 10000000 Then to_char(Round(t.Cred/10000000,2),'FM999G990D00') || ' Cr'
            Else to_char(Round(t.Cred/100000,2),'FM999G990D00') || ' Lac' End
    || '</div><div class=""ds-kpi-sub"">held as at ' || :P912_TODATE || '</div></div></div>' As K1,
       '<div class=""ds-kpi ds-kpi--risk"" title=""Receipt lines with an open credit balance - cash received and never applied to any bill."">'
    || '<span class=""ds-kpi-ic fa fa-hand-o-up""></span><div class=""ds-kpi-body"">'
    || '<div class=""ds-kpi-t"">Unapplied Receipts</div><div class=""ds-kpi-n"">&#8377;'
    || Case When t.Unapp >= 10000000 Then to_char(Round(t.Unapp/10000000,2),'FM999G990D00') || ' Cr'
            Else to_char(Round(t.Unapp/100000,2),'FM999G990D00') || ' Lac' End
    || '</div><div class=""ds-kpi-sub"">oldest '
    || nvl(to_char(t.Oldest,'DD-MM-RRRR'),'&mdash;') || '</div></div></div>' As K2,
       '<div class=""ds-kpi ds-kpi--amber"" title=""Unapplied receipt cash older than 90 days. Control AR-R03."">'
    || '<span class=""ds-kpi-ic fa fa-hourglass-end""></span><div class=""ds-kpi-body"">'
    || '<div class=""ds-kpi-t"">Unapplied Over 90 Days</div><div class=""ds-kpi-n"">&#8377;'
    || Case When t.Over90 >= 10000000 Then to_char(Round(t.Over90/10000000,2),'FM999G990D00') || ' Cr'
            Else to_char(Round(t.Over90/100000,2),'FM999G990D00') || ' Lac' End
    || '</div><div class=""ds-kpi-sub"">over 30 days &#8377;'
    || Case When t.Over30 >= 10000000 Then to_char(Round(t.Over30/10000000,2),'FM999G990D00') || ' Cr'
            Else to_char(Round(t.Over30/100000,2),'FM999G990D00') || ' Lac' End
    || '</div></div></div>' As K3,
       /* Contra purchase is separated deliberately. It is a credit on a
          customer account, but it arises from buying FROM that party -
          it is not an advance and cannot be applied to a sales invoice
          without a commercial decision. */
       '<div class=""ds-kpi ds-kpi--struct"" title=""Credits arising from purchases from a party who is also a customer. Not a customer advance."">'
    || '<span class=""ds-kpi-ic fa fa-exchange""></span><div class=""ds-kpi-body"">'
    || '<div class=""ds-kpi-t"">Contra Purchase Credits</div><div class=""ds-kpi-n"">&#8377;'
    || Case When t.Contra >= 10000000 Then to_char(Round(t.Contra/10000000,2),'FM999G990D00') || ' Cr'
            Else to_char(Round(t.Contra/100000,2),'FM999G990D00') || ' Lac' End
    || '</div><div class=""ds-kpi-sub"">not an advance &middot; shown apart from cash</div></div></div>' As K4,
       '<div class=""ds-kpi ds-kpi--gold"" title=""Customers holding an open receivable AND an open credit at the same time."">'
    || '<span cla","ss=""ds-kpi-ic fa fa-random""></span><div class=""ds-kpi-body"">'
    || '<div class=""ds-kpi-t"">Customers With AR + Credit</div><div class=""ds-kpi-n"">'
    || to_char(b.N,'FM999G990') || '</div>'
    || '<div class=""ds-kpi-sub"">both positions open simultaneously</div></div></div>' As K5,
       '<div class=""ds-kpi ds-kpi--ok"" title=""The lesser of receivable and credit, summed per customer. This much AR can be cleared by allocation alone - no collection effort."">'
    || '<span class=""ds-kpi-ic fa fa-magic""></span><div class=""ds-kpi-body"">'
    || '<div class=""ds-kpi-t"">Immediately Adjustable</div><div class=""ds-kpi-n"">&#8377;'
    || Case When b.Adj >= 10000000 Then to_char(Round(b.Adj/10000000,2),'FM999G990D00') || ' Cr'
            Else to_char(Round(b.Adj/100000,2),'FM999G990D00') || ' Lac' End
    || '</div><div class=""ds-kpi-sub"">clearable by allocation, not by collection</div></div></div>' As K6,
       '<div class=""ds-kpi ds-kpi--struct"" title=""Credit left on a receipt that HAS been allocated at least once - distinct from a receipt nobody ever touched. The two together make the total unapplied cash."">'
    || '<span class=""ds-kpi-ic fa fa-adjust""></span><div class=""ds-kpi-body"">'
    || '<div class=""ds-kpi-t"">Partial Residual</div><div class=""ds-kpi-n"">&#8377;'
    || Case When pr.Residual >= 10000000 Then to_char(Round(pr.Residual/10000000,2),'FM999G990D00') || ' Cr'
            Else to_char(Round(pr.Residual/100000,2),'FM999G990D00') || ' Lac' End
    || '</div><div class=""ds-kpi-sub"">on ' || to_char(pr.ResidualN,'FM999G990')
    || ' partly-applied receipts</div></div></div>' As K7,
       '<div class=""ds-kpi ds-kpi--teal"" title=""Amount-weighted days between a bill and the receipt that settled it. Measured only over allocations that exist - unapplied cash has no lag and is excluded from both sides rather than counted as zero."">'
    || '<span class=""ds-kpi-ic fa fa-clock-o""></span><div class=""ds-kpi-body"">'
    || '<div class=""ds-kpi-t"">Average Allocation Lag</div><div class=""ds-kpi-n"">'
    || nvl(to_char(Round(pr.LagW / Nullif(pr.AppliedAmt,0),0),'FM999G990'),'&mdash;')
    || ' <span style=""font-size:15px"">days</span></div>'
    || '<div class=""ds-kpi-sub"">weighted by amount, over applied receipts only</div></div></div>' As K8
  From T t Cross Join B b Cross Join Part pr",""
912,"Advances and Unapplied Cash","AR-ADVANCES",24,"What adjustable means","adjust-note","NATIVE_STATIC","<div class=""ds-arnote""><span class=""fa fa-magic""></span><div>
  <b>&ldquo;Immediately Adjustable&rdquo; is the lesser of receivable and credit, per customer.</b>
  It is the amount of receivable that could be cleared by allocating money the company already holds &mdash;
  no collection call, no cash movement, just a settlement entry. It is <b>not</b> an instruction to post one:
  contra-purchase credits in particular represent a commercial position, not a customer advance,
  and are shown as their own KPI for that reason.
</div></div>","","",""
912,"Advances and Unapplied Cash","AR-ADVANCES",30,"Customers Holding Credit","customers","NATIVE_IR","With Sd As (
       Select PartyCode From Party
        Start With PartyCode = 'SUNDRYDEBTORS'
        Connect By Prior PartyCode = ParentCode),
     Asof As (Select to_date(:P912_TODATE,'DD-MM-RRRR') D From dual),
     Alc As (
       Select a.DrVoucherTno Tno, a.DrVoucherSno Sno, -Sum(a.Amount) Amt
         From DrCrAllocation a, Voucher dv, Voucher cv, Asof
        Where dv.Tno = a.DrVoucherTno And cv.Tno = a.CrVoucherTno
          And dv.VoucherDate <= Asof.D And cv.VoucherDate <= Asof.D
        Group By a.DrVoucherTno, a.DrVoucherSno
       Union All
       Select a.CrVoucherTno, a.CrVoucherSno, Sum(a.Amount)
         From DrCrAllocation a, Voucher dv, Voucher cv, Asof
        Where dv.Tno = a.DrVoucherTno And cv.Tno = a.CrVoucherTno
          And dv.VoucherDate <= Asof.D And cv.VoucherDate <= Asof.D
        Group By a.CrVoucherTno, a.CrVoucherSno),
     Al As (Select Tno, Sno, Sum(Amt) Amt From Alc Group By Tno, Sno),
     Oi As (
       Select d.AccountCode Pty, d.CompanyCode Cmp, d.LocationCode Loc, d.VoucherDate Vdt,
              -(d.Amount - nvl(al.Amt,0)) Recv,
              Case When v.ModuleCode = 'PBPASS'     Then 'Contra Purchase'
                   When v.DocTypeCode = 'RECEIPT'   Then 'Receipt / On-account'
                   When v.ModuleCode = 'CREDITNOTE' Then 'Credit Note'
                   When v.VoucherNo = 'OPENING'     Then 'Opening Credit'
                   Else 'Other' End Cls
         From VoucherDetail d
         Join Voucher v On v.Tno = d.Tno
         Left Join Al al On al.Tno = d.Tno And al.Sno = d.Sno
         Cross Join Asof
        Where d.AccountCode In (Select PartyCode From Sd)
          And d.VoucherDate <= Asof.D
          And (cast(null as varchar2(100)) Is Null
               Or cast(null as varchar2(100)) = cast(null as varchar2(100)))
          And (null    Is Null Or cast(null as varchar2(100))        = null)
          And (:P912_COMPANY  Is Null Or d.CompanyCode  = :P912_COMPANY)
          And (:P912_LOCATION Is Null Or d.LocationCode = :P912_LOCATION)),
     G As (
       Select Pty, Max(Cmp) Cmp, Max(Loc) Loc,
              Sum(Case When Recv > 0 Then Recv Else 0 End) Dr,
              Sum(Case When Recv < 0 Then -Recv Else 0 End) Cr,
              Sum(Case When Recv < 0 And Cls = 'Receipt / On-account' Then -Recv Else 0 End) Cash,
              Sum(Case When Recv < 0 And Cls = 'Contra Purchase' Then -Recv Else 0 End) Contra,
              Sum(Case When Recv < 0 And Cls = 'Credit Note' Then -Recv Else 0 End) CNote,
              Sum(Case When Recv < 0 And Cls = 'Opening Credit' Then -Recv Else 0 End) OpenCr,
              Sum(Case When Recv < 0 And Cls = 'Receipt / On-account'
                        And (Select D From Asof) - Vdt > 90 Then -Recv Else 0 End) Cash90,
              Min(Case When Recv < 0 Then Vdt End) OldestCr
         From Oi Group By Pty)
Select g.Pty                                          As PARTY_CODE,
       nvl(p.PartyName, g.Pty)      As CUSTOMER,
       nvl(c.CompanyName, g.Cmp)    As COMPANY,
       nvl(l.LocationName, g.Loc)   As LOCATION,
       Round(g.Dr,2)                                  As RECEIVABLE,
       Round(g.Cr,2)                                  As CREDIT_TOTAL,
       Round(g.Cash,2)                                As UNAPPLIED_CASH,
       Round(g.Cash90,2)                              As UNAPPLIED_OVER_90,
       Round(g.CNote,2)                               As CREDIT_NOTES,
       Round(g.Contra,2)                              As CONTRA_PURCHASE,
       Round(g.OpenCr,2)                              As OPENING_CREDIT,
       Round(Least(g.Dr, g.Cr),2)                     As ADJUSTABLE_NOW,
       Round(Greatest(g.Dr - g.Cr,0),2)               As COLLECTION_NEEDED,
       Round(g.Dr - g.Cr,2)                           As NET_EXPOSURE,
       g.OldestCr                                     As OLDEST_CREDIT,
       Case When g.Dr > 0.005"," And g.Cr > 0.005
                 Then '<span class=""ds-archip ds-archip--warn"">AR + Credit</span>'
            Else '<span class=""ds-archip ds-archip--cred"">Credit only</span>' End As POSITION
  From G g
  Left Join Party p On p.PartyCode = g.Pty
  Left Join Company c On c.CompanyCode = g.Cmp
  Left Join Location l On l.LocationCode = g.Loc
 Where g.Cr > 0.005
   And (nvl(:P912_BOTH,'N') <> 'Y' Or g.Dr > 0.005)","",""
912,"Advances and Unapplied Cash","AR-ADVANCES",900,"Go to","quick-links","NATIVE_SQL_REPORT","/* The quick-links strip: one card per sibling page in this section.
   One report ROW per card, so the report's own tbody becomes the
   grid (see `.ds-kpiwrap` in design-system.css) and the number of
   cards can vary with the reader's privileges without the layout
   caring.

   AUTHORISATION. The menu gates each entry on
   GetApexReportPrivilege, but that function returns a PL/SQL
   BOOLEAN and therefore cannot be called from SQL. Its logic is
   reproduced below against the same three tables, INCLUDING the
   hard-coded 'BOSS' bypass it carries, so a card appears only
   where the menu entry would. A reader never sees a card for a
   page they cannot open. If that function's rule changes, this
   predicate has to change with it - that duplication is the price
   of the boolean return type.

   Page 698 (Bill Detail) is deliberately absent: it is keyed on a
   specific (Tno, Sno) and is meaningless without one, so it is
   reached by clicking a bill, never from a menu. */
With Pg As (
  Select 907 Id, 'AR Command Centre'          Nm, 'Exposure, ageing, collections and the exceptions behind every number' Sub, 'fa-dashboard'              Ic From dual Union All
  Select 908,    'Party-wise Outstanding',        'One row per customer, with ageing and the contact position',           'fa-users'                  From dual Union All
  Select 909,    'Bill-wise Outstanding',         'Every open item at line level, with its source document',              'fa-list-alt'               From dual Union All
  Select 910,    'Debtor 360',                    'One customer from every angle - bills, receipts, credits, statement',  'fa-user'                   From dual Union All
  Select 911,    'Receipts and Collections',      'Cash actually received, which bank took it, how much is applied',      'fa-download'               From dual Union All
  Select 912,    'Advances and Unapplied Cash',   'Customer money already held, and the receivable it could clear',       'fa-hand-o-up'              From dual Union All
  Select 913,    'Exceptions and Controls',       'Every control, what it tests, and the records that fail it',           'fa-exclamation-triangle'   From dual Union All
  Select 914,    'Reconciliation and Data Health','The open-item register against the general-ledger control account',    'fa-balance-scale'          From dual Union All
  Select 916,    'Trend Analysis',                'How the position moved, month by month',                               'fa-line-chart'             From dual Union All
  Select 917,    'Daily Collection MIS',          'One day: position, movement, and what remains unexplained',            'fa-calendar-o'             From dual Union All
  Select 918,    'Weekly AR Review',              'Opening against closing, and the controls that failed in the week',    'fa-calendar'               From dual Union All
  Select 919,    'Monthly Management MIS',        'The nine-section management pack',                                     'fa-file-text-o'            From dual)
Select '<a class=""ds-kpi ds-kpi--link ds-kpi--teal"" href=""'
    || apex_page.get_url(
         p_page        => Pg.Id,
         p_clear_cache => to_char(Pg.Id),
         /* Page 700 is a single-day report and has no From/To pair -
            naming an item that does not exist on the target page
            fails at run time, so its filter list is built separately. */
         p_items  => Case When Pg.Id = 917
                          Then 'P917_DAY,P917_COMPANY,P917_LOCATION'
                          Else 'P'||Pg.Id||'_FROMDATE,P'||Pg.Id||'_TODATE,P'
                               ||Pg.Id||'_COMPANY,P'||Pg.Id||'_LOCATION' End,
         p_values => Case When Pg.Id = 917
                          Then :P912_TODATE ||','|| :P912_COMPANY ||','|| :P912_LOCATION
                          Else :P912_FROMDATE ||','|| :P912_TODATE ||','|| :P912_COMPA","NY ||','|| :P912_LOCATION End)
    || '""><span class=""ds-kpi-ic fa ' || Pg.Ic || '""></span>'
    || '<div class=""ds-kpi-body""><div class=""ds-kpi-t"">' || Pg.Nm || '</div>'
    || '<div class=""ds-kpi-sub"">' || Pg.Sub || '</div></div></a>' As CARD
  From Pg
 Where Pg.Id <> 912
 Order By Pg.Id","",""
913,"AR Exceptions and Controls","AR-EXCEPTIONS-CONTROLS",5,"AR Exceptions and Controls","command-header","NATIVE_SQL_REPORT","Select '<div class=""ds-ar-head"">'
    || '<div class=""ds-ar-eyebrow"">Receivables &middot; Control and Assurance</div>'
    || '<h1 class=""ds-ar-title"">AR Exceptions &amp; Controls</h1>'
    || '<div class=""ds-ar-sub"">Every control is executed against live data. Each row states its result, its exposure and the exact records behind it.</div>'
    || '<div class=""ds-ar-context"">'
    || '<span class=""ds-ar-chip""><span class=""fa fa-crosshairs""></span>Tested as at <b>' || :P913_TODATE || '</b></span>'
    || '<span class=""ds-ar-chip""><span class=""fa fa-building-o""></span>Company <b>'
       || apex_escape.html(nvl((Select c.CompanyName From Company c Where c.CompanyCode = :P913_COMPANY),'All companies')) || '</b></span>'
    || '<span class=""ds-ar-chip""><span class=""fa fa-map-marker""></span>Location <b>'
       || apex_escape.html(nvl((Select l.LocationName From Location l Where l.LocationCode = :P913_LOCATION),'All locations')) || '</b></span>'
    || '</div></div>' As HEAD
  From dual","","",""
913,"AR Exceptions and Controls","AR-EXCEPTIONS-CONTROLS",10,"Filters","filter-bar","NATIVE_STATIC","","","",""
913,"AR Exceptions and Controls","AR-EXCEPTIONS-CONTROLS",20,"How to read this page","matrix-note","NATIVE_STATIC","<div class=""ds-arnote""><span class=""fa fa-check-square-o""></span><div>
  <b>The count in the matrix and the row count in the drill-down are the same number by construction</b> &mdash;
  both are produced from one query, so a control cannot show 12 exceptions and then list 11 rows.
  <b>PASS</b> means the control ran and found nothing.
  <b>DATA MISSING</b> means the input this control needs does not exist in this ERP, and is deliberately not shown as a pass.
</div></div>","","",""
913,"AR Exceptions and Controls","AR-EXCEPTIONS-CONTROLS",25,"Exception KPIs","exception-kpis","NATIVE_SQL_REPORT","/* Twelve clickable exception KPIs, every one of them derived from the
   SAME Ex CTE the matrix and the drill-down use - so a card, its
   matrix row and its detail report are three views of one row set,
   not three counts that happen to agree. Each card links back into
   this page with a category or severity filter. */
With Sd As (
       Select PartyCode From Party
        Start With PartyCode = 'SUNDRYDEBTORS'
        Connect By Prior PartyCode = ParentCode),
     Asof As (Select to_date(:P913_TODATE,'DD-MM-RRRR') D From dual),
     Alc As (
       Select a.DrVoucherTno Tno, a.DrVoucherSno Sno, -Sum(a.Amount) Amt
         From DrCrAllocation a, Voucher dv, Voucher cv, Asof
        Where dv.Tno = a.DrVoucherTno And cv.Tno = a.CrVoucherTno
          And dv.VoucherDate <= Asof.D And cv.VoucherDate <= Asof.D
        Group By a.DrVoucherTno, a.DrVoucherSno
       Union All
       Select a.CrVoucherTno, a.CrVoucherSno, Sum(a.Amount)
         From DrCrAllocation a, Voucher dv, Voucher cv, Asof
        Where dv.Tno = a.DrVoucherTno And cv.Tno = a.CrVoucherTno
          And dv.VoucherDate <= Asof.D And cv.VoucherDate <= Asof.D
        Group By a.CrVoucherTno, a.CrVoucherSno),
     Al As (Select Tno, Sno, Sum(Amt) Amt From Alc Group By Tno, Sno),
     Oi As (
       Select d.Tno, d.AccountCode Pty, d.LocationCode Loc, cast(null as varchar2(100)) Pnl,
              d.VoucherDate Vdt, v.VoucherNo Vno, v.DocTypeCode Dtc,
              d.Amount Amt, -(d.Amount - nvl(al.Amt,0)) Recv,
              coalesce(i.DueDate, sb.DueDate, ao.BillDueDate) DueDate,
              ao.BillDate AoBillDate, ao.BillDueDate AoBillDue
         From VoucherDetail d
         Join Voucher v On v.Tno = d.Tno
         Left Join Al al On al.Tno = d.Tno And al.Sno = d.Sno
         Left Join Invoice     i  On v.ModuleCode = 'INVOICE'     And i.Tno  = v.ModuleTno
         Left Join ServiceBill sb On v.ModuleCode = 'SERVICEBILL' And sb.Tno = v.ModuleTno
         Left Join AccountOpening ao On v.VoucherNo = 'OPENING'   And ao.Tno = d.ModuleTno
         Cross Join Asof
        Where d.AccountCode In (Select PartyCode From Sd)
          And d.VoucherDate <= Asof.D
          And (cast(null as varchar2(100)) Is Null
               Or cast(null as varchar2(100)) = cast(null as varchar2(100)))
          And (null    Is Null Or cast(null as varchar2(100))        = null)
          And (:P913_COMPANY  Is Null Or d.CompanyCode  = :P913_COMPANY)
          And (:P913_LOCATION Is Null Or d.LocationCode = :P913_LOCATION)),
     Ex As (
       Select 'AR-B02' Code, Abs(o.Recv) Expo, o.Vdt Dt From Oi o
        Where o.Recv > 0.005 And o.DueDate Is Null
       Union All
       Select 'AR-A05', a.Amount, To_Date(Null) From DrCrAllocation a
        Where Not Exists (Select 1 From Voucher v Where v.Tno = a.DrVoucherTno)
           Or Not Exists (Select 1 From Voucher v Where v.Tno = a.CrVoucherTno)
       Union All
       Select 'AR-A07', Abs(al.Amt) - Abs(d.Amount), d.VoucherDate
         From VoucherDetail d Join Al al On al.Tno = d.Tno And al.Sno = d.Sno
        Where d.AccountCode In (Select PartyCode From Sd)
          And Abs(al.Amt) > Abs(d.Amount) + 0.005
       Union All
       Select 'AR-A08', a.Amount, dd.VoucherDate From DrCrAllocation a
         Join VoucherDetail dd On dd.Tno = a.DrVoucherTno And dd.Sno = a.DrVoucherSno
         Join VoucherDetail cd On cd.Tno = a.CrVoucherTno And cd.Sno = a.CrVoucherSno
        Where dd.LocationCode <> cd.LocationCode
          And (dd.AccountCode In (Select PartyCode From Sd)
            Or cd.AccountCode In (Select PartyCode From Sd))
       Union All
       Select 'AR-A09', a.Amount, dd.VoucherDate From DrCrAllocation a
         Join VoucherDetail dd On dd.Tno = a.DrVoucherTno And dd.Sno = a.DrVoucherSno
         Join VoucherDetail cd On cd.Tno = a.CrVoucherTno And cd.Sno = a.CrVoucherSno
        Where dd.CompanyCode <> cd.CompanyCode
 ","         And (dd.AccountCode In (Select PartyCode From Sd)
            Or cd.AccountCode In (Select PartyCode From Sd))
       Union All
       Select 'AR-B05', 0, Min(InvoiceDate) From Invoice
        Group By CompanyCode, InvoiceNo Having Count(*) > 1
       Union All
       Select 'AR-B06', 0, InvoiceDate From Invoice Where nvl(InvoiceAmount,0) = 0
       Union All
       Select 'AR-O01', Abs(o.Recv), o.Vdt From Oi o
        Where o.Vno = 'OPENING' And o.AoBillDate Is Null And Abs(o.Recv) > 0.005
       Union All
       Select 'AR-O02', Abs(o.Recv), o.Vdt From Oi o
        Where o.Vno = 'OPENING' And o.AoBillDue Is Null And o.Recv > 0.005
       Union All
       Select 'AR-R03', -o.Recv, o.Vdt From Oi o Cross Join Asof
        Where o.Dtc = 'RECEIPT' And o.Recv < -0.005 And Asof.D - o.Vdt > 90
       Union All
       Select 'AR-C02', Least(g.Dr, g.Cr), To_Date(Null) From (
         Select Pty, Sum(Case When Recv > 0 Then Recv Else 0 End) Dr,
                     Sum(Case When Recv < 0 Then -Recv Else 0 End) Cr
           From Oi Group By Pty) g
        Where g.Dr > 0.005 And g.Cr > 0.005
       Union All
       Select 'AR-UNUSED', Abs(o.Recv), o.Vdt From Oi o Where 1=0
       Union All
       Select 'AR-M02', Abs(o.Recv), o.Vdt From Oi o
         Join Location l On l.LocationCode = o.Loc
        Where upper(l.LocationName) Like '%DO NOT USE%' And Abs(o.Recv) > 0.005),
     Rec As (
       /* Reconciliation failures: levels whose analytical balance does
          not equal the ledger. Counted at company, location and party
          so the card matches what page 697 lists. */
       Select (Select Count(*) From (
                 Select d.CompanyCode C From VoucherDetail d
                 Left Join Al al On al.Tno=d.Tno And al.Sno=d.Sno Cross Join Asof
                 Where d.AccountCode In (Select PartyCode From Sd) And d.VoucherDate<=Asof.D
                 Group By d.CompanyCode
                 Having Abs(Sum(-(d.Amount-nvl(al.Amt,0))) - Sum(-d.Amount)) >= 0.005)) CmpN,
              (Select Count(*) From (
                 Select d.LocationCode L From VoucherDetail d
                 Left Join Al al On al.Tno=d.Tno And al.Sno=d.Sno Cross Join Asof
                 Where d.AccountCode In (Select PartyCode From Sd) And d.VoucherDate<=Asof.D
                 Group By d.LocationCode
                 Having Abs(Sum(-(d.Amount-nvl(al.Amt,0))) - Sum(-d.Amount)) >= 0.005)) LocN
         From dual),
     T As (
       Select Count(*) Total,
              Sum(Case When Code In ('AR-A05','AR-A07','AR-A09','AR-R03','AR-UNUSED') Then 1 Else 0 End) Crit,
              Sum(Case When Expo >= 1000000 Then 1 Else 0 End) HighVal,
              Sum(Case When Dt >= to_date(:P913_FROMDATE,'DD-MM-RRRR')
                        And Dt <= to_date(:P913_TODATE,'DD-MM-RRRR') Then 1 Else 0 End) Nw,
              Sum(Case When substr(Code,4,1) = 'B' Then 1 Else 0 End) BillN,
              Sum(Case When substr(Code,4,1) = 'R' Then 1 Else 0 End) RcptN,
              Sum(Case When substr(Code,4,1) = 'A' Then 1 Else 0 End) AllocN,
              Sum(Case When substr(Code,4,1) = 'O' Then 1 Else 0 End) OpenN,
              Sum(Case When Code = 'AR-M02' Then 1 Else 0 End) LocN,
              Sum(Case When Code = 'AR-UNUSED' Then 1 Else 0 End) UnusedN,
              nvl(Sum(Expo),0) Expo
         From Ex)
Select '<a class=""ds-kpi ds-kpi--gold"" href=""'
    || apex_page.get_url(p_page => 913, p_items => 'P913_CONTROL,P913_CATEGORY', p_values => ',ALL')
    || '"" title=""Every finding from every implemented control, at the As-of Date.""><span class=""ds-kpi-ic fa fa-list""></span>'
    || '<div class=""ds-kpi-body""><div class=""ds-kpi-t"">Total Active Exceptions</div>'
    || '<div class=""ds-kpi-n"">' || to_char(t.Total,'FM999G999G990') || '</div>'
    || '<div class=""ds-kpi-sub"">exposure &#8377;'
    || Case When t.Expo >= 10000000 Then to_char(Round(t.Expo/10000000,","2),'FM999G990D00') || ' Cr'
            Else to_char(Round(t.Expo/100000,2),'FM999G990D00') || ' Lac' End
    || '</div></div></a>' As K1,
       '<a class=""ds-kpi ds-kpi--risk"" href=""'
    || apex_page.get_url(p_page => 913, p_items => 'P913_CONTROL,P913_CATEGORY', p_values => ',CRITICAL')
    || '"" title=""Findings on controls graded Critical: orphan allocation, over-allocation, cross-company allocation, unapplied cash over 90 days.""><span class=""ds-kpi-ic fa fa-exclamation-triangle""></span>'
    || '<div class=""ds-kpi-body""><div class=""ds-kpi-t"">Critical Exceptions</div>'
    || '<div class=""ds-kpi-n"">' || to_char(t.Crit,'FM999G999G990') || '</div>'
    || '<div class=""ds-kpi-sub"">must be cleared, not explained</div></div></a>' As K2,
       '<a class=""ds-kpi ds-kpi--amber"" href=""'
    || apex_page.get_url(p_page => 913, p_items => 'P913_CONTROL,P913_CATEGORY', p_values => ',HIGHVALUE')
    || '"" title=""Findings whose own exposure is 10 lakh or more, whatever their severity grade.""><span class=""ds-kpi-ic fa fa-inr""></span>'
    || '<div class=""ds-kpi-body""><div class=""ds-kpi-t"">High-Value Exceptions</div>'
    || '<div class=""ds-kpi-n"">' || to_char(t.HighVal,'FM999G999G990') || '</div>'
    || '<div class=""ds-kpi-sub"">exposure &ge; &#8377;10 Lac each</div></div></a>' As K3,
       '<div class=""ds-kpi ds-kpi--struct"" title=""Findings whose underlying transaction is dated inside the From-To window. This ERP keeps no exception log, so New means recently transacted, not newly detected."">'
    || '<span class=""ds-kpi-ic fa fa-plus-circle""></span>'
    || '<div class=""ds-kpi-body""><div class=""ds-kpi-t"">New in Period</div>'
    || '<div class=""ds-kpi-n"">' || to_char(t.Nw,'FM999G999G990') || '</div>'
    || '<div class=""ds-kpi-sub"">by transaction date &mdash; no detection log exists</div></div></div>' As K4,
       /* Unresolved cannot be measured: there is no resolution status
          anywhere in this ERP. Saying ""equals total"" would be a
          measurement; saying nothing would let a reader assume one. */
       '<div class=""ds-arexcl""><div class=""ds-arexcl-h"">Unresolved Exceptions &mdash; CANNOT VALIDATE</div>'
    || '<div class=""ds-arexcl-b"">This ERP stores no exception log and no resolution status, so an exception cannot be marked resolved and none can be counted as unresolved. '
    || 'Every finding above is simply <b>currently true</b>. Reporting all ' || to_char(t.Total,'FM999G999G990')
    || ' as &ldquo;unresolved&rdquo; would state a fact the data does not carry.</div></div>' As K5,
       '<a class=""ds-kpi ds-kpi--' || Case When rec.CmpN + rec.LocN = 0 Then 'ok' Else 'risk' End || '"" href=""'
    || apex_page.get_url(p_page => 914, p_clear_cache => '914',
         p_items => 'P914_FROMDATE,P914_TODATE,P914_COMPANY,P914_LOCATION,P914_LEVEL,P914_ONLYBREAKS',
         p_values => :P913_FROMDATE ||','|| :P913_TODATE ||','|| :P913_COMPANY ||','|| :P913_LOCATION ||',ALL,Y')
    || '"" title=""Company and Location levels whose analytical balance does not equal the ledger. Location breaks are usually legitimate cross-location settlement - page 697 says which.""><span class=""ds-kpi-ic fa fa-balance-scale""></span>'
    || '<div class=""ds-kpi-body""><div class=""ds-kpi-t"">Reconciliation Failures</div>'
    || '<div class=""ds-kpi-n"">' || to_char(rec.CmpN + rec.LocN,'FM999G990') || '</div>'
    || '<div class=""ds-kpi-sub"">' || to_char(rec.CmpN,'FM999G990') || ' company &middot; '
    || to_char(rec.LocN,'FM999G990') || ' location</div></div></a>' As K6,
       '<a class=""ds-kpi ds-kpi--teal"" href=""'
    || apex_page.get_url(p_page => 913, p_items => 'P913_CONTROL,P913_CATEGORY', p_values => ',Bill')
    || '"" title=""Controls AR-B02, AR-B05 and AR-B06.""><span class=""ds-kpi-ic fa fa-file-text-o""></span>'
    || '<div class=""ds-kpi-body""><div class=""ds-kpi-t"">Bill Exceptions</div>'
    || '<div class=""ds-kpi-n"">' || to_char(t.BillN,'FM999","G999G990') || '</div>'
    || '<div class=""ds-kpi-sub"">AR-B02 &middot; AR-B05 &middot; AR-B06</div></div></a>' As K7,
       '<a class=""ds-kpi ds-kpi--violet"" href=""'
    || apex_page.get_url(p_page => 913, p_items => 'P913_CONTROL,P913_CATEGORY', p_values => ',Receipt')
    || '"" title=""Control AR-R03 - receipt cash unapplied over 90 days.""><span class=""ds-kpi-ic fa fa-download""></span>'
    || '<div class=""ds-kpi-body""><div class=""ds-kpi-t"">Receipt Exceptions</div>'
    || '<div class=""ds-kpi-n"">' || to_char(t.RcptN,'FM999G999G990') || '</div>'
    || '<div class=""ds-kpi-sub"">AR-R03</div></div></a>' As K8,
       '<a class=""ds-kpi ds-kpi--risk"" href=""'
    || apex_page.get_url(p_page => 913, p_items => 'P913_CONTROL,P913_CATEGORY', p_values => ',Allocation')
    || '"" title=""Controls AR-A05, AR-A07, AR-A08 and AR-A09.""><span class=""ds-kpi-ic fa fa-link""></span>'
    || '<div class=""ds-kpi-body""><div class=""ds-kpi-t"">Allocation Exceptions</div>'
    || '<div class=""ds-kpi-n"">' || to_char(t.AllocN,'FM999G999G990') || '</div>'
    || '<div class=""ds-kpi-sub"">AR-A05 &middot; AR-A07 &middot; AR-A08 &middot; AR-A09</div></div></a>' As K9,
       '<a class=""ds-kpi ds-kpi--gold"" href=""'
    || apex_page.get_url(p_page => 913, p_items => 'P913_CONTROL,P913_CATEGORY', p_values => ',Opening')
    || '"" title=""Controls AR-O01 and AR-O02 - migrated receivables that lost their original dates.""><span class=""ds-kpi-ic fa fa-history""></span>'
    || '<div class=""ds-kpi-body""><div class=""ds-kpi-t"">Opening Balance Exceptions</div>'
    || '<div class=""ds-kpi-n"">' || to_char(t.OpenN,'FM999G999G990') || '</div>'
    || '<div class=""ds-kpi-sub"">AR-O01 &middot; AR-O02</div></div></a>' As K10,
       '<a class=""ds-kpi ds-kpi--amber"" href=""'
    || apex_page.get_url(p_page => 913, p_items => 'P913_CONTROL,P913_CATEGORY', p_values => 'AR-M02,')
    || '"" title=""Control AR-M02 - receivables posted to a location the master marks unusable.""><span class=""ds-kpi-ic fa fa-map-marker""></span>'
    || '<div class=""ds-kpi-body""><div class=""ds-kpi-t"">Location Mapping Exceptions</div>'
    || '<div class=""ds-kpi-n"">' || to_char(t.LocN,'FM999G999G990') || '</div>'
    || '<div class=""ds-kpi-sub"">AR-M02</div></div></a>' As K11,
       cast(null as varchar2(1)) As K12
  From T t Cross Join Rec rec"
913,"AR Exceptions and Controls","AR-EXCEPTIONS-CONTROLS",30,"Control Matrix","matrix","NATIVE_SQL_REPORT","/* THE CONTROL MATRIX IS A GROUP BY OVER THE DETAIL SET.
   The Ex CTE below is byte-identical to the one in the drill-down
   region, so summary count == detail row count is a property of the
   query, not something a reviewer has to verify by counting.
   The roster supplies every control that SHOULD run, so a control
   finding nothing renders as PASS rather than silently disappearing. */
With Sd As (
       Select PartyCode From Party
        Start With PartyCode = 'SUNDRYDEBTORS'
        Connect By Prior PartyCode = ParentCode),
     Asof As (Select to_date(:P913_TODATE,'DD-MM-RRRR') D From dual),
     Alc As (
       Select a.DrVoucherTno Tno, a.DrVoucherSno Sno, -Sum(a.Amount) Amt
         From DrCrAllocation a, Voucher dv, Voucher cv, Asof
        Where dv.Tno = a.DrVoucherTno And cv.Tno = a.CrVoucherTno
          And dv.VoucherDate <= Asof.D And cv.VoucherDate <= Asof.D
        Group By a.DrVoucherTno, a.DrVoucherSno
       Union All
       Select a.CrVoucherTno, a.CrVoucherSno, Sum(a.Amount)
         From DrCrAllocation a, Voucher dv, Voucher cv, Asof
        Where dv.Tno = a.DrVoucherTno And cv.Tno = a.CrVoucherTno
          And dv.VoucherDate <= Asof.D And cv.VoucherDate <= Asof.D
        Group By a.CrVoucherTno, a.CrVoucherSno),
     Al As (Select Tno, Sno, Sum(Amt) Amt From Alc Group By Tno, Sno),
     Oi As (
       Select d.Tno, d.Sno, d.AccountCode Pty, d.CompanyCode Cmp,
              d.LocationCode Loc, cast(null as varchar2(100)) Pnl, d.VoucherDate Vdt,
              v.VoucherNo Vno, v.DocTypeCode Dtc, v.ModuleCode Mc,
              d.Amount Amt, -(d.Amount - nvl(al.Amt,0)) Recv,
              coalesce(i.DueDate, sb.DueDate, ao.BillDueDate) DueDate,
              ao.BillDate AoBillDate, ao.BillDueDate AoBillDue
         From VoucherDetail d
         Join Voucher v On v.Tno = d.Tno
         Left Join Al al On al.Tno = d.Tno And al.Sno = d.Sno
         Left Join Invoice     i  On v.ModuleCode = 'INVOICE'     And i.Tno  = v.ModuleTno
         Left Join ServiceBill sb On v.ModuleCode = 'SERVICEBILL' And sb.Tno = v.ModuleTno
         Left Join AccountOpening ao On v.VoucherNo = 'OPENING'   And ao.Tno = d.ModuleTno
         Cross Join Asof
        Where d.AccountCode In (Select PartyCode From Sd)
          And d.VoucherDate <= Asof.D
          And (cast(null as varchar2(100)) Is Null
               Or cast(null as varchar2(100)) = cast(null as varchar2(100)))
          And (null    Is Null Or cast(null as varchar2(100))        = null)
          And (:P913_COMPANY  Is Null Or d.CompanyCode  = :P913_COMPANY)
          And (:P913_LOCATION Is Null Or d.LocationCode = :P913_LOCATION)),
     Ex As (
       /* AR-B02 - open receivable that cannot be aged */
       Select 'AR-B02' Code, Abs(o.Recv) Expo From Oi o
        Where o.Recv > 0.005 And o.DueDate Is Null
       Union All
       /* AR-A05 - allocation pointing at a voucher that no longer
          exists. This ERP has no reversal flag; deletion is its only
          cancellation mechanism, and this is the residue. */
       Select 'AR-A05', a.Amount From DrCrAllocation a
        Where Not Exists (Select 1 From Voucher v Where v.Tno = a.DrVoucherTno)
           Or Not Exists (Select 1 From Voucher v Where v.Tno = a.CrVoucherTno)
       Union All
       /* AR-A07 - allocation exceeds the line it settles */
       Select 'AR-A07', Abs(al.Amt) - Abs(d.Amount)
         From VoucherDetail d Join Al al On al.Tno = d.Tno And al.Sno = d.Sno
        Where d.AccountCode In (Select PartyCode From Sd)
          And Abs(al.Amt) > Abs(d.Amount) + 0.005
       Union All
       /* AR-A08 - cross-location settlement. Informational, not a
          failure: a receipt legitimately occurs at a location other
          than the one that raised the bill. */
       Select 'AR-A08', a.Amount
         From DrCrAllocation a
         Join VoucherDetail dd On dd.Tno = a.DrVoucherTno And dd.Sno"," = a.DrVoucherSno
         Join VoucherDetail cd On cd.Tno = a.CrVoucherTno And cd.Sno = a.CrVoucherSno
        Where dd.LocationCode <> cd.LocationCode
          And (dd.AccountCode In (Select PartyCode From Sd)
            Or cd.AccountCode In (Select PartyCode From Sd))
       Union All
       /* AR-A09 - allocation crossing a company boundary */
       Select 'AR-A09', a.Amount
         From DrCrAllocation a
         Join VoucherDetail dd On dd.Tno = a.DrVoucherTno And dd.Sno = a.DrVoucherSno
         Join VoucherDetail cd On cd.Tno = a.CrVoucherTno And cd.Sno = a.CrVoucherSno
        Where dd.CompanyCode <> cd.CompanyCode
          And (dd.AccountCode In (Select PartyCode From Sd)
            Or cd.AccountCode In (Select PartyCode From Sd))
       Union All
       /* AR-B05 - the same invoice number issued twice in one company */
       Select 'AR-B05', 0 From Invoice
        Group By CompanyCode, InvoiceNo Having Count(*) > 1
       Union All
       /* AR-B06 - invoice carrying no value */
       Select 'AR-B06', 0 From Invoice Where nvl(InvoiceAmount,0) = 0
       Union All
       /* AR-O01 - opening receivable whose original bill date did not
          survive migration, so its age is floored at the cutover */
       Select 'AR-O01', Abs(o.Recv) From Oi o
        Where o.Vno = 'OPENING' And o.AoBillDate Is Null And Abs(o.Recv) > 0.005
       Union All
       /* AR-O02 - opening receivable with no original due date */
       Select 'AR-O02', Abs(o.Recv) From Oi o
        Where o.Vno = 'OPENING' And o.AoBillDue Is Null And o.Recv > 0.005
       Union All
       /* AR-R03 - receipt cash held unapplied for more than 90 days.
          The largest actionable balance in this ledger. */
       Select 'AR-R03', -o.Recv From Oi o Cross Join Asof
        Where o.Dtc = 'RECEIPT' And o.Recv < -0.005 And Asof.D - o.Vdt > 90
       Union All
       /* AR-C02 - customer owing and holding credit at the same time */
       Select 'AR-C02', Least(g.Dr, g.Cr) From (
         Select Pty, Sum(Case When Recv > 0 Then Recv Else 0 End) Dr,
                     Sum(Case When Recv < 0 Then -Recv Else 0 End) Cr
           From Oi Group By Pty) g
        Where g.Dr > 0.005 And g.Cr > 0.005
       Union All
       /* AR-M01 - AR posted with no Panel */
       Select 'AR-UNUSED', Abs(o.Recv) From Oi o Where 1=0
       Union All
       /* AR-M02 - AR posted to a location the master marks unusable */
       Select 'AR-M02', Abs(o.Recv) From Oi o
         Join Location l On l.LocationCode = o.Loc
        Where upper(l.LocationName) Like '%DO NOT USE%' And Abs(o.Recv) > 0.005),
     Agg As (Select Code, Count(*) N, nvl(Sum(Expo),0) Expo From Ex Group By Code),
     Roster As (
       Select 'AR-B02' Code, 'Open receivable that cannot be aged' Nm, 'High' Sev, 'Bill' Cat,
              'The source document carries no due date and this ERP holds no credit terms to derive one from. Shown in its own Cannot Age bucket, never given an arbitrary one.' Dsc, 'Y' Amt From dual
       Union All Select 'AR-A05','Orphan allocation - voucher no longer exists','Critical','Allocation',
              'The allocation references a Dr or Cr voucher that is not in the ledger. Deletion is this ERP''s only cancellation mechanism. The canonical AR layer excludes these; one of them carries Rs 34,119 against the AR control account.','Y' From dual
       Union All Select 'AR-A07','Allocation exceeds the item it settles','Critical','Allocation',
              'Allocated amount is greater than the original line amount, so the balance has flipped sign.','Y' From dual
       Union All Select 'AR-A08','Cross-location settlement','Info','Allocation',
              'A receipt at one location settling a bill raised at another. Legitimate in this business and reported for visibility, not as a failure.','Y' From dual
       Union All Select 'AR-A09','Cross-company allocation','Critical','All","ocation',
              'An allocation crossing a company boundary would break company-level receivables.','Y' From dual
       Union All Select 'AR-B05','Duplicate invoice number within a company','High','Bill',
              'The same InvoiceNo issued more than once inside one CompanyCode.','N' From dual
       Union All Select 'AR-B06','Invoice with zero or null amount','Medium','Bill',
              'An invoice carrying no value.','N' From dual
       Union All Select 'AR-O01','Opening AR with no original bill date','High','Opening',
              'Migrated receivable whose pre-cutover bill date was not preserved, so its age is floored at 31-03-2026 and is understated.','Y' From dual
       Union All Select 'AR-O02','Opening AR with no original due date','Medium','Opening',
              'Migrated receivable that can never be aged on the Due Date basis.','Y' From dual
       Union All Select 'AR-R03','Receipt cash unapplied over 90 days','Critical','Receipt',
              'Cash received, never allocated to a bill, and now more than 90 days old. Reduces reported collection performance and overstates both sides of the ledger.','Y' From dual
       Union All Select 'AR-C02','Customer with receivable AND credit','High','Customer',
              'The customer owes and is owed at the same time. The lesser of the two can be cleared by allocation alone, with no collection effort.','Y' From dual
       Union All Select 'AR-M02','AR posted to a location marked DO NOT USE','High','Master',
              'The location master names this location as unusable, yet receivables are posted to it.','Y' From dual),
     /* Controls whose INPUT does not exist. These are reported as DATA
        MISSING and are deliberately NOT counted as passes - the brief
        is explicit that lack of information is not a pass. */
     Missing As (
       Select 'AR-C01' Code, 'Credit limit exceeded' Nm, 'Customer' Cat,
              'Party.CreditAmount is greater than zero on 0 of 954 debtor accounts. There is no limit to test exposure against.' Dsc From dual
       Union All Select 'AR-C03','Credit terms not declared','Customer',
              'Party.CreditDays is greater than zero on 2 of 954 debtor accounts, so a due date cannot be derived from customer terms.' From dual
       Union All Select 'AR-R05','Reversed or cancelled receipt still allocated','Receipt',
              'VOUCHER carries no approval, posting, draft, cancellation or reversal column and VoucherReferenceDetailReversal is empty. The nearest real evidence is AR-A05.' From dual
       Union All Select 'AR-X02','Subledger vs GL','Reconciliation',
              'There is no independent customer subledger table in this ERP. AccountOpening is a migration register, not a running subledger. The honest two-way test is on the Reconciliation page.' From dual)
Select r.Cat                                          As CATEGORY,
       r.Code                                         As CONTROL_CODE,
       Case When nvl(a.N,0) = 0 Then apex_escape.html(r.Nm)
            Else '<a href=""' || apex_page.get_url(p_page => 913,
                   p_items => 'P913_CONTROL', p_values => r.Code)
                 || '"">' || apex_escape.html(r.Nm) || '</a>' End As CONTROL_NAME,
       Case r.Sev When 'Critical' Then '<span class=""ds-archip ds-archip--fail"">Critical</span>'
                  When 'High'     Then '<span class=""ds-archip ds-archip--warn"">High</span>'
                  When 'Medium'   Then '<span class=""ds-archip ds-archip--info"">Medium</span>'
                  Else '<span class=""ds-archip ds-archip--na"">Info</span>' End As SEVERITY,
       nvl(a.N,0)                                     As FINDINGS,
       Case When r.Amt = 'Y' And nvl(a.N,0) > 0 Then Round(a.Expo,2) End As EXPOSURE,
       /* Six deterministic states, per the brief. NOT APPLICABLE is
          reserved for a control that cannot fir","e because the FILTER
          puts it out of scope - not for one that simply found nothing,
          which is a PASS. Confusing the two would let a narrowed scope
          masquerade as a clean result. */
       Case When r.Code = 'AR-A09' And :P913_COMPANY Is Not Null
                 Then '<span class=""ds-archip ds-archip--na"">NOT APPLICABLE</span>'
            When nvl(a.N,0) = 0
                 Then '<span class=""ds-archip ds-archip--pass"">PASS</span>'
            When r.Sev = 'Info'
                 Then '<span class=""ds-archip ds-archip--na"">REPORTED</span>'
            When r.Sev = 'Critical'
                 Then '<span class=""ds-archip ds-archip--fail"">FAIL</span>'
            Else '<span class=""ds-archip ds-archip--warn"">WARNING</span>' End As RESULT,
       Case When r.Code = 'AR-A09' And :P913_COMPANY Is Not Null
            Then 'Scope is a single company, so a cross-company allocation cannot arise within it. Clear the Company filter to test this control.'
            Else r.Dsc End                            As WHAT_IT_TESTS
  From Roster r Left Join Agg a On a.Code = r.Code
Union All
Select m.Cat, m.Code, apex_escape.html(m.Nm),
       '<span class=""ds-archip ds-archip--na"">n/a</span>',
       To_Number(Null), To_Number(Null),
       '<span class=""ds-archip ds-archip--nodata"">DATA MISSING</span>',
       apex_escape.html(m.Dsc)
  From Missing m
Union All
/* CANNOT VALIDATE is distinct from DATA MISSING: the input columns
   exist and hold values, but they cannot settle the question the
   control asks. Both are reported; neither is ever a PASS. */
Select x.Cat, x.Code, apex_escape.html(x.Nm),
       '<span class=""ds-archip ds-archip--na"">n/a</span>',
       To_Number(Null), To_Number(Null),
       '<span class=""ds-archip ds-archip--nodata"">CANNOT VALIDATE</span>',
       apex_escape.html(x.Dsc)
  From (
    Select 'AR-A10' Code, 'Duplicate allocation' Nm, 'Allocation' Cat,
           'Two allocations of the same amount between the same bill and receipt are a legitimate part-payment pattern here. DrCrAllocation carries no key that distinguishes a duplicate from a genuine second instalment, so the test cannot be made deterministic.' Dsc From dual
    Union All Select 'AR-X03','Exception resolution status','Reconciliation',
           'This ERP stores no exception log, so no finding can be marked resolved. Every result on this page is what is currently true, not a backlog with an age and an owner.' From dual
    Union All Select 'AR-B07','Cancelled bill still in AR','Bill',
           'VOUCHER has no cancellation, approval or posting-status column and VoucherReferenceDetailReversal is empty. Deletion is this ERP''s only cancellation mechanism and it leaves no cancelled row to test - only the orphan allocations AR-A05 finds.' From dual
  ) x
 Order By 1, 2"
913,"AR Exceptions and Controls","AR-EXCEPTIONS-CONTROLS",40,"Affected Records","detail","NATIVE_IR","/* The SAME Ex predicates as the matrix, carrying every identifying
   column. Because both regions derive from one definition, the
   matrix count and this row count are the same number - the brief's
   section 47 requirement is a property of the design, not a check
   somebody has to remember to run. */
With Sd As (
       Select PartyCode From Party
        Start With PartyCode = 'SUNDRYDEBTORS'
        Connect By Prior PartyCode = ParentCode),
     Asof As (Select to_date(:P913_TODATE,'DD-MM-RRRR') D From dual),
     Alc As (
       Select a.DrVoucherTno Tno, a.DrVoucherSno Sno, -Sum(a.Amount) Amt
         From DrCrAllocation a, Voucher dv, Voucher cv, Asof
        Where dv.Tno = a.DrVoucherTno And cv.Tno = a.CrVoucherTno
          And dv.VoucherDate <= Asof.D And cv.VoucherDate <= Asof.D
        Group By a.DrVoucherTno, a.DrVoucherSno
       Union All
       Select a.CrVoucherTno, a.CrVoucherSno, Sum(a.Amount)
         From DrCrAllocation a, Voucher dv, Voucher cv, Asof
        Where dv.Tno = a.DrVoucherTno And cv.Tno = a.CrVoucherTno
          And dv.VoucherDate <= Asof.D And cv.VoucherDate <= Asof.D
        Group By a.CrVoucherTno, a.CrVoucherSno),
     Al As (Select Tno, Sno, Sum(Amt) Amt From Alc Group By Tno, Sno),
     Oi As (
       Select d.Tno, d.Sno, d.AccountCode Pty, d.CompanyCode Cmp,
              d.LocationCode Loc, cast(null as varchar2(100)) Pnl, d.VoucherDate Vdt,
              v.VoucherNo Vno, v.DocTypeCode Dtc, v.ModuleCode Mc,
              d.Amount Amt, -(d.Amount - nvl(al.Amt,0)) Recv,
              coalesce(i.DueDate, sb.DueDate, ao.BillDueDate) DueDate,
              coalesce(i.InvoiceNo, ao.BillNo, v.VoucherNo) BillRef,
              ao.BillDate AoBillDate, ao.BillDueDate AoBillDue
         From VoucherDetail d
         Join Voucher v On v.Tno = d.Tno
         Left Join Al al On al.Tno = d.Tno And al.Sno = d.Sno
         Left Join Invoice     i  On v.ModuleCode = 'INVOICE'     And i.Tno  = v.ModuleTno
         Left Join ServiceBill sb On v.ModuleCode = 'SERVICEBILL' And sb.Tno = v.ModuleTno
         Left Join AccountOpening ao On v.VoucherNo = 'OPENING'   And ao.Tno = d.ModuleTno
         Cross Join Asof
        Where d.AccountCode In (Select PartyCode From Sd)
          And d.VoucherDate <= Asof.D
          And (cast(null as varchar2(100)) Is Null
               Or cast(null as varchar2(100)) = cast(null as varchar2(100)))
          And (null    Is Null Or cast(null as varchar2(100))        = null)
          And (:P913_COMPANY  Is Null Or d.CompanyCode  = :P913_COMPANY)
          And (:P913_LOCATION Is Null Or d.LocationCode = :P913_LOCATION)),
     Ex As (
       Select 'AR-B02' Code, o.Tno, o.Pty, o.Cmp, o.Loc, o.Pnl, o.Vno, o.BillRef Ref,
              o.Vdt Dt, Abs(o.Amt) Amt, Abs(o.Recv) Expo,
              'a due date' Expected, 'none on the source document' Actual,
              'Source ' || nvl(o.Mc, o.Dtc) || ' carries no due date; ERP holds no credit terms to derive one' Reason
         From Oi o Where o.Recv > 0.005 And o.DueDate Is Null
       Union All
       Select 'AR-A05', a.DrVoucherTno, a.AccountCode, Null, Null, cast(null as varchar2(100)),
              nvl(to_char(a.DrVoucherTno),'(null)'), nvl(a.ModuleCode,'-'), To_Date(Null), a.Amount, a.Amount,
              'both vouchers to exist',
              Case When Not Exists (Select 1 From Voucher v Where v.Tno = a.DrVoucherTno)
                        And Not Exists (Select 1 From Voucher v Where v.Tno = a.CrVoucherTno)
                   Then 'both missing'
                   When Not Exists (Select 1 From Voucher v Where v.Tno = a.DrVoucherTno)
                   Then 'debit voucher missing' Else 'credit voucher missing' End,
              'Allocation survives a voucher that was deleted. The canonical AR layer excludes it by joining both voucher headers.'
         From DrCrAllocation a
        Where Not Exists (Select 1 From Vo","ucher v Where v.Tno = a.DrVoucherTno)
           Or Not Exists (Select 1 From Voucher v Where v.Tno = a.CrVoucherTno)
       Union All
       Select 'AR-A07', d.Tno, d.AccountCode, d.CompanyCode, d.LocationCode, cast(null as varchar2(100)),
              'line ' || d.Tno || '/' || d.Sno, '-', d.VoucherDate,
              Abs(d.Amount), Abs(al.Amt) - Abs(d.Amount),
              'allocation <= ' || to_char(Round(Abs(d.Amount),2)),
              to_char(Round(Abs(al.Amt),2)),
              'Allocated more than the line is worth; the balance has flipped sign.'
         From VoucherDetail d Join Al al On al.Tno = d.Tno And al.Sno = d.Sno
        Where d.AccountCode In (Select PartyCode From Sd)
          And Abs(al.Amt) > Abs(d.Amount) + 0.005
       Union All
       Select 'AR-A08', a.DrVoucherTno, dd.AccountCode, dd.CompanyCode, dd.LocationCode, cast(null as varchar2(100)),
              'Dr ' || dd.LocationCode || ' / Cr ' || cd.LocationCode, nvl(a.ModuleCode,'-'),
              dd.VoucherDate, a.Amount, a.Amount,
              'same location on both sides', dd.LocationCode || ' vs ' || cd.LocationCode,
              'Receipt taken at a different location from the one that raised the bill. Legitimate; reported for visibility.'
         From DrCrAllocation a
         Join VoucherDetail dd On dd.Tno = a.DrVoucherTno And dd.Sno = a.DrVoucherSno
         Join VoucherDetail cd On cd.Tno = a.CrVoucherTno And cd.Sno = a.CrVoucherSno
        Where dd.LocationCode <> cd.LocationCode
          And (dd.AccountCode In (Select PartyCode From Sd)
            Or cd.AccountCode In (Select PartyCode From Sd))
       Union All
       Select 'AR-A09', a.DrVoucherTno, dd.AccountCode, dd.CompanyCode, dd.LocationCode, cast(null as varchar2(100)),
              'Dr co ' || dd.CompanyCode || ' / Cr co ' || cd.CompanyCode, nvl(a.ModuleCode,'-'),
              dd.VoucherDate, a.Amount, a.Amount,
              'same company on both sides', dd.CompanyCode || ' vs ' || cd.CompanyCode,
              'Allocation crosses a company boundary and would break company-level receivables.'
         From DrCrAllocation a
         Join VoucherDetail dd On dd.Tno = a.DrVoucherTno And dd.Sno = a.DrVoucherSno
         Join VoucherDetail cd On cd.Tno = a.CrVoucherTno And cd.Sno = a.CrVoucherSno
        Where dd.CompanyCode <> cd.CompanyCode
          And (dd.AccountCode In (Select PartyCode From Sd)
            Or cd.AccountCode In (Select PartyCode From Sd))
       Union All
       Select 'AR-B05', Min(i.Tno), Min(i.PartyCode), i.CompanyCode, Min(i.LocationCode), Min(cast(null as varchar2(100))),
              i.InvoiceNo, 'INVOICE', Min(i.InvoiceDate), Sum(nvl(i.InvoiceAmount,0)), 0,
              'one invoice per number', to_char(Count(*)) || ' invoices',
              'The same invoice number was issued ' || Count(*) || ' times inside this company.'
         From Invoice i Group By i.CompanyCode, i.InvoiceNo Having Count(*) > 1
       Union All
       Select 'AR-B06', i.Tno, i.PartyCode, i.CompanyCode, i.LocationCode, cast(null as varchar2(100)),
              i.InvoiceNo, 'INVOICE', i.InvoiceDate, 0, 0,
              'a non-zero amount', 'zero or null',
              'Invoice carries no value.'
         From Invoice i Where nvl(i.InvoiceAmount,0) = 0
       Union All
       Select 'AR-O01', o.Tno, o.Pty, o.Cmp, o.Loc, o.Pnl, o.BillRef, 'ACCOUNTOPENING',
              o.Vdt, Abs(o.Amt), Abs(o.Recv),
              'original bill date', 'not preserved at migration',
              'Aged from the 31-03-2026 cutover instead of its true bill date, so its age is understated.'
         From Oi o Where o.Vno = 'OPENING' And o.AoBillDate Is Null And Abs(o.Recv) > 0.005
       Union All
       Select 'AR-O02', o.Tno, o.Pty, o.Cmp, o.Loc, o.Pnl, o.BillRef, 'ACCOUNTOPENING',
              o.Vdt, Abs(o.Amt), Abs(o.Recv),
              'original due date', 'not preserved at migration'",",
              'Can never be aged on the Due Date basis; falls into Cannot Age.'
         From Oi o Where o.Vno = 'OPENING' And o.AoBillDue Is Null And o.Recv > 0.005
       Union All
       Select 'AR-R03', o.Tno, o.Pty, o.Cmp, o.Loc, o.Pnl, o.Vno, nvl(o.Mc,'RECEIPT'),
              o.Vdt, Abs(o.Amt), -o.Recv,
              'allocated within 90 days',
              to_char((Select D From Asof) - o.Vdt) || ' days unapplied',
              'Cash received and never applied to a bill. Overstates both receivable and credit, and understates collection performance.'
         From Oi o Cross Join Asof
        Where o.Dtc = 'RECEIPT' And o.Recv < -0.005 And Asof.D - o.Vdt > 90
       Union All
       Select 'AR-C02', To_Number(Null), g.Pty, Null, Null, Null,
              'party ' || g.Pty, '-', To_Date(Null), g.Dr, Least(g.Dr, g.Cr),
              'receivable OR credit, not both',
              'receivable ' || to_char(Round(g.Dr,0)) || ' and credit ' || to_char(Round(g.Cr,0)),
              'The lesser of the two can be cleared by allocation alone, with no collection effort.'
         From (Select Pty, Sum(Case When Recv > 0 Then Recv Else 0 End) Dr,
                           Sum(Case When Recv < 0 Then -Recv Else 0 End) Cr
                 From Oi Group By Pty) g
        Where g.Dr > 0.005 And g.Cr > 0.005
       Union All
       Select 'AR-UNUSED', o.Tno, o.Pty, o.Cmp, o.Loc, o.Pnl, o.Vno, nvl(o.Mc,o.Dtc),
              o.Vdt, Abs(o.Amt), Abs(o.Recv),
              'A or B', 'null',
              'Panel drives row-level security; a null Panel is invisible to a panel-locked login.'
         From Oi o Where 1=0
       Union All
       Select 'AR-M02', o.Tno, o.Pty, o.Cmp, o.Loc, o.Pnl, o.Vno, nvl(o.Mc,o.Dtc),
              o.Vdt, Abs(o.Amt), Abs(o.Recv),
              'an active location', apex_escape.html(l.LocationName),
              'The location master names this location as unusable, yet receivables are posted to it.'
         From Oi o Join Location l On l.LocationCode = o.Loc
        Where upper(l.LocationName) Like '%DO NOT USE%' And Abs(o.Recv) > 0.005)
Select e.Code                                        As CONTROL_CODE,
       e.Tno                                         As VOUCHER_TNO,
       nvl(p.PartyName, e.Pty)     As CUSTOMER,
       e.Pty                                         As PARTY_CODE,
       nvl(c.CompanyName, e.Cmp)   As COMPANY,
       nvl(l.LocationName, e.Loc)  As LOCATION,
       e.Pnl                                         As PANEL,
       e.Vno                       As REFERENCE,
       e.Ref                                         As SOURCE,
       e.Dt                                          As TRANSACTION_DATE,
       Round(e.Amt,2)                                As AMOUNT,
       Round(e.Expo,2)                               As EXPOSURE,
       e.Expected                  As EXPECTED_VALUE,
       e.Actual                    As ACTUAL_VALUE,
       /* Difference is the exposure only where the control is
          value-bearing; for a count-only control (duplicate invoice
          number, zero-amount invoice) there is no meaningful numeric
          difference and the column stays null rather than showing 0. */
       Case When e.Code Not In ('AR-B05','AR-B06') Then Round(e.Expo,2) End As DIFFERENCE,
       /* Severity and Category are derived from the control code so
          they cannot drift out of step with the matrix's roster. */
       Case When e.Code In ('AR-A05','AR-A07','AR-A09','AR-R03','AR-UNUSED') Then 'Critical'
            When e.Code In ('AR-B02','AR-B05','AR-O01','AR-C02','AR-M02') Then 'High'
            When e.Code In ('AR-B06','AR-O02') Then 'Medium'
            Else 'Info' End                          As SEVERITY,
       Case substr(e.Code,4,1) When 'A' Then 'Allocation' When 'B' Then 'Bill'
                               When 'O' Then 'Opening'    When 'R' Then 'Receip","t'
                               When 'C' Then 'Customer'   When 'M' Then 'Master'
                               Else 'Other' End      As CATEGORY,
       /* This ERP keeps no exception log, so there is no recorded
          detection date. The transaction's own date is used and the
          column is named for what it actually is. */
       e.Dt                                          As DETECTED_DATE,
       Case When e.Dt Is Not Null Then (Select D From Asof) - e.Dt End As EXCEPTION_AGE_DAYS,
       Case When e.Tno Is Not Null Then 'VOUCHERDETAIL Tno=' || e.Tno
            Else 'PARTY ' || e.Pty End               As SOURCE_RECORD_ID,
       e.Reason                    As EXCEPTION_REASON
  From Ex e
  Left Join Party p    On p.PartyCode = e.Pty
  Left Join Company c  On c.CompanyCode = e.Cmp
  Left Join Location l On l.LocationCode = e.Loc
 Where (e.Code = :P913_CONTROL
        Or (:P913_CONTROL Is Null And :P913_CATEGORY Is Not Null
            And Case substr(e.Code,4,1) When 'A' Then 'Allocation' When 'B' Then 'Bill'
                                        When 'O' Then 'Opening'    When 'R' Then 'Receipt'
                                        When 'C' Then 'Customer'   When 'M' Then 'Master'
                                        Else 'Other' End = :P913_CATEGORY)
        Or (:P913_CONTROL Is Null And :P913_CATEGORY = 'ALL')
        Or (:P913_CONTROL Is Null And :P913_CATEGORY = 'CRITICAL'
            And e.Code In ('AR-A05','AR-A07','AR-A09','AR-R03','AR-UNUSED'))
        Or (:P913_CONTROL Is Null And :P913_CATEGORY = 'HIGHVALUE' And e.Expo >= 1000000))"
913,"AR Exceptions and Controls","AR-EXCEPTIONS-CONTROLS",900,"Go to","quick-links","NATIVE_SQL_REPORT","/* The quick-links strip: one card per sibling page in this section.
   One report ROW per card, so the report's own tbody becomes the
   grid (see `.ds-kpiwrap` in design-system.css) and the number of
   cards can vary with the reader's privileges without the layout
   caring.

   AUTHORISATION. The menu gates each entry on
   GetApexReportPrivilege, but that function returns a PL/SQL
   BOOLEAN and therefore cannot be called from SQL. Its logic is
   reproduced below against the same three tables, INCLUDING the
   hard-coded 'BOSS' bypass it carries, so a card appears only
   where the menu entry would. A reader never sees a card for a
   page they cannot open. If that function's rule changes, this
   predicate has to change with it - that duplication is the price
   of the boolean return type.

   Page 698 (Bill Detail) is deliberately absent: it is keyed on a
   specific (Tno, Sno) and is meaningless without one, so it is
   reached by clicking a bill, never from a menu. */
With Pg As (
  Select 907 Id, 'AR Command Centre'          Nm, 'Exposure, ageing, collections and the exceptions behind every number' Sub, 'fa-dashboard'              Ic From dual Union All
  Select 908,    'Party-wise Outstanding',        'One row per customer, with ageing and the contact position',           'fa-users'                  From dual Union All
  Select 909,    'Bill-wise Outstanding',         'Every open item at line level, with its source document',              'fa-list-alt'               From dual Union All
  Select 910,    'Debtor 360',                    'One customer from every angle - bills, receipts, credits, statement',  'fa-user'                   From dual Union All
  Select 911,    'Receipts and Collections',      'Cash actually received, which bank took it, how much is applied',      'fa-download'               From dual Union All
  Select 912,    'Advances and Unapplied Cash',   'Customer money already held, and the receivable it could clear',       'fa-hand-o-up'              From dual Union All
  Select 913,    'Exceptions and Controls',       'Every control, what it tests, and the records that fail it',           'fa-exclamation-triangle'   From dual Union All
  Select 914,    'Reconciliation and Data Health','The open-item register against the general-ledger control account',    'fa-balance-scale'          From dual Union All
  Select 916,    'Trend Analysis',                'How the position moved, month by month',                               'fa-line-chart'             From dual Union All
  Select 917,    'Daily Collection MIS',          'One day: position, movement, and what remains unexplained',            'fa-calendar-o'             From dual Union All
  Select 918,    'Weekly AR Review',              'Opening against closing, and the controls that failed in the week',    'fa-calendar'               From dual Union All
  Select 919,    'Monthly Management MIS',        'The nine-section management pack',                                     'fa-file-text-o'            From dual)
Select '<a class=""ds-kpi ds-kpi--link ds-kpi--teal"" href=""'
    || apex_page.get_url(
         p_page        => Pg.Id,
         p_clear_cache => to_char(Pg.Id),
         /* Page 700 is a single-day report and has no From/To pair -
            naming an item that does not exist on the target page
            fails at run time, so its filter list is built separately. */
         p_items  => Case When Pg.Id = 917
                          Then 'P917_DAY,P917_COMPANY,P917_LOCATION'
                          Else 'P'||Pg.Id||'_FROMDATE,P'||Pg.Id||'_TODATE,P'
                               ||Pg.Id||'_COMPANY,P'||Pg.Id||'_LOCATION' End,
         p_values => Case When Pg.Id = 917
                          Then :P913_TODATE ||','|| :P913_COMPANY ||','|| :P913_LOCATION
                          Else :P913_FROMDATE ||','|| :P913_TODATE ||','|| :P913_COMPA","NY ||','|| :P913_LOCATION End)
    || '""><span class=""ds-kpi-ic fa ' || Pg.Ic || '""></span>'
    || '<div class=""ds-kpi-body""><div class=""ds-kpi-t"">' || Pg.Nm || '</div>'
    || '<div class=""ds-kpi-sub"">' || Pg.Sub || '</div></div></a>' As CARD
  From Pg
 Where Pg.Id <> 913
 Order By Pg.Id","",""
914,"AR Reconciliation and Data Health","AR-RECONCILIATION",5,"AR Reconciliation and Data Health","command-header","NATIVE_SQL_REPORT","Select '<div class=""ds-ar-head"">'
    || '<div class=""ds-ar-eyebrow"">Receivables &middot; Reconciliation</div>'
    || '<h1 class=""ds-ar-title"">AR Reconciliation &amp; Data Health</h1>'
    || '<div class=""ds-ar-sub"">Does the open-item register equal the general-ledger control account? Tested per company, per location and per customer.</div>'
    || '<div class=""ds-ar-context"">'
    || '<span class=""ds-ar-chip""><span class=""fa fa-crosshairs""></span>As at <b>' || :P914_TODATE || '</b></span>'
    || '<span class=""ds-ar-chip""><span class=""fa fa-sitemap""></span>Control account <b>SUNDRYDEBTORS</b></span>'
    || '<span class=""ds-ar-chip""><span class=""fa fa-building-o""></span>Company <b>'
       || apex_escape.html(nvl((Select c.CompanyName From Company c Where c.CompanyCode = :P914_COMPANY),'All companies')) || '</b></span>'
    || '</div></div>' As HEAD
  From dual","","",""
914,"AR Reconciliation and Data Health","AR-RECONCILIATION",10,"Filters","filter-bar","NATIVE_STATIC","","","",""
914,"AR Reconciliation and Data Health","AR-RECONCILIATION",20,"What this page does and does not reconcile","scope-note","NATIVE_STATIC","<div class=""ds-arnote""><span class=""fa fa-balance-scale""></span><div>
  <b>This is a two-way reconciliation: AR analytical against the general-ledger control account.</b>
  The brief asks for a three-way test including a customer subledger &mdash; <b>this ERP has no independent
  customer subledger table.</b> <code>AccountOpening</code> is a migration register (bill number, bill date,
  paid amount), not a running subledger, and a control account here is a <i>group node</i> in the chart of
  accounts whose balance <i>is</i> the sum of its members by construction. A third column would be the ledger
  compared to itself, and would print &ldquo;Reconciled&rdquo; whatever the data did. It is therefore not shown.
  <br><br>
  Company-, location- and party-level tests <b>are</b> meaningful, because <code>VoucherDetail</code> carries
  <code>CompanyCode</code> and <code>LocationCode</code> on every line; these are Ironmart's business-scope dimensions.
</div></div>","","",""
914,"AR Reconciliation and Data Health","AR-RECONCILIATION",30,"Reconciliation Result","tieout","NATIVE_SQL_REPORT","/* Both sides computed in ONE statement. The analytical side applies the
   full allocation logic; the GL side is the raw signed sum with no
   allocation logic at all. They agree only if allocations net to zero
   inside the control account - which is exactly what the orphan-
   allocation control (AR-A05) protects. */
With Sd As (
       Select PartyCode From Party
        Start With PartyCode = 'SUNDRYDEBTORS'
        Connect By Prior PartyCode = ParentCode),
     Asof As (Select to_date(:P914_TODATE,'DD-MM-RRRR') D From dual),
     Alc As (
       Select a.DrVoucherTno Tno, a.DrVoucherSno Sno, -Sum(a.Amount) Amt
         From DrCrAllocation a, Voucher dv, Voucher cv, Asof
        Where dv.Tno = a.DrVoucherTno And cv.Tno = a.CrVoucherTno
          And dv.VoucherDate <= Asof.D And cv.VoucherDate <= Asof.D
        Group By a.DrVoucherTno, a.DrVoucherSno
       Union All
       Select a.CrVoucherTno, a.CrVoucherSno, Sum(a.Amount)
         From DrCrAllocation a, Voucher dv, Voucher cv, Asof
        Where dv.Tno = a.DrVoucherTno And cv.Tno = a.CrVoucherTno
          And dv.VoucherDate <= Asof.D And cv.VoucherDate <= Asof.D
        Group By a.CrVoucherTno, a.CrVoucherSno),
     Al As (Select Tno, Sno, Sum(Amt) Amt From Alc Group By Tno, Sno),
     Base As (
       Select d.CompanyCode Cmp, d.LocationCode Loc, d.AccountCode Pty,
              -(d.Amount - nvl(al.Amt,0)) Anl,
              -d.Amount Gl
         From VoucherDetail d
         Left Join Al al On al.Tno = d.Tno And al.Sno = d.Sno
         Cross Join Asof
        Where d.AccountCode In (Select PartyCode From Sd)
          And d.VoucherDate <= Asof.D
          And (cast(null as varchar2(100)) Is Null
               Or cast(null as varchar2(100)) = cast(null as varchar2(100)))
          And (null    Is Null Or cast(null as varchar2(100))        = null)
          And (:P914_COMPANY  Is Null Or d.CompanyCode  = :P914_COMPANY)
          And (:P914_LOCATION Is Null Or d.LocationCode = :P914_LOCATION)),
     T As (Select Sum(Anl) Anl, Sum(Gl) Gl,
                  Count(Distinct Pty) Pty, Count(Distinct Cmp) Cmp From Base),
     Orph As (
       /* The exposure the two-header join keeps out. Reported as
          ""avoided"", not as a difference - because it is not in either
          number above. Saying nothing about it would leave the reader
          unaware that the tie depends on a deliberate exclusion. */
       Select nvl(Sum(Case
                When (Select Max(1) From VoucherDetail d
                       Where d.Tno = a.DrVoucherTno And d.Sno = a.DrVoucherSno
                         And d.AccountCode In (Select PartyCode From Sd)) = 1 Then -a.Amount
                Else 0 End
              + Case
                When (Select Max(1) From VoucherDetail d
                       Where d.Tno = a.CrVoucherTno And d.Sno = a.CrVoucherSno
                         And d.AccountCode In (Select PartyCode From Sd)) = 1 Then a.Amount
                Else 0 End),0) Amt,
              Count(*) N
         From DrCrAllocation a
        Where (Not Exists (Select 1 From Voucher v Where v.Tno = a.DrVoucherTno)
            Or Not Exists (Select 1 From Voucher v Where v.Tno = a.CrVoucherTno))
          And ((Select Max(1) From VoucherDetail d
                 Where d.Tno = a.DrVoucherTno And d.Sno = a.DrVoucherSno
                   And d.AccountCode In (Select PartyCode From Sd)) = 1
            Or (Select Max(1) From VoucherDetail d
                 Where d.Tno = a.CrVoucherTno And d.Sno = a.CrVoucherSno
                   And d.AccountCode In (Select PartyCode From Sd)) = 1))
Select '<div class=""ds-arexp"">'
    || '<div class=""ds-arexp-cell ds-arexp-cell--recv""><dl>'
    || '<dt>AR Analytical Balance</dt><dd>&#8377;'
    || to_char(Round(t.Anl,2),'FM999G99G99G990D00') || '</dd>'
    || '<div class=""ds-arexp-sub"">open-item register &middot; '
    || to_char(t.Pty,'FM999G990') || ' custom","ers across ' || t.Cmp || ' companies</div></dl></div>'
    || '<div class=""ds-arexp-cell ds-arexp-cell--cred""><dl>'
    || '<dt>GL Control (SUNDRYDEBTORS)</dt><dd>&#8377;'
    || to_char(Round(t.Gl,2),'FM999G99G99G990D00') || '</dd>'
    || '<div class=""ds-arexp-sub"">signed VoucherDetail sum &middot; no allocation logic applied</div></dl></div>'
    || '<div class=""ds-arexp-cell ds-arexp-cell--net""><dl>'
    || '<dt>Difference</dt><dd>&#8377;'
    || to_char(Round(t.Anl - t.Gl,2),'FM999G99G99G990D00') || '</dd>'
    || '<div class=""ds-arexp-sub"">compared at full precision, tolerance half a paisa</div>'
    || Case When Abs(t.Anl - t.Gl) < 0.005
            Then '<span class=""ds-arexp-tie ds-arexp-tie--ok""><span class=""fa fa-check""></span>Reconciled</span>'
            Else '<span class=""ds-arexp-tie ds-arexp-tie--bad""><span class=""fa fa-exclamation-triangle""></span>Out of balance</span>' End
    || '</dl></div></div>'
    || Case When o.N > 0 Then
         '<div class=""ds-arnote ds-arnote--warn""><span class=""fa fa-unlink""></span><div>'
         || '<b>The tie above depends on one deliberate exclusion.</b> '
         || to_char(o.N,'FM999G990') || ' orphan allocation row'
         || Case When o.N = 1 Then '' Else 's' End
         || ' reference a voucher that no longer exists and touch this control account. '
         || 'The canonical AR layer excludes them by joining both voucher headers. Were they honoured, AR would move by <b>&#8377;'
         || to_char(Round(o.Amt,2),'FM999G99G99G990D00') || '</b> against the general ledger. '
         || 'This ERP has no reversal mechanism - voucher deletion is its only cancellation - so these are the residue of deleted vouchers. '
         || 'They are listed under control <b>AR-A05</b>.'
         || '</div></div>' End As BAND
  From T t Cross Join Orph o","",""
914,"AR Reconciliation and Data Health","AR-RECONCILIATION",35,"Cross-location settlement basis","crossloc-note","NATIVE_SQL_REPORT","/* A REPORT, not static text. A LOCATION-level reconciliation can
   legitimately fail to tie: a receipt taken at one location settles a
   bill raised at another, so the allocation lands on a location the
   reader may have filtered out. Measured here: 34 such allocations
   exist, and 2 locations are out of balance because of them, while
   every company ties exactly (0 allocations cross a company boundary).
   A controller who sees ""Out of balance"" on a location without this
   sentence would chase a problem that is not there - so the note is
   emitted only when cross-location allocations actually exist in
   scope, and stays hidden otherwise. */
With Sd As (
       Select PartyCode From Party
        Start With PartyCode = 'SUNDRYDEBTORS'
        Connect By Prior PartyCode = ParentCode),
     X As (
       Select Count(*) N, nvl(Sum(a.Amount),0) Amt
         From DrCrAllocation a
         Join VoucherDetail dd On dd.Tno = a.DrVoucherTno And dd.Sno = a.DrVoucherSno
         Join VoucherDetail cd On cd.Tno = a.CrVoucherTno And cd.Sno = a.CrVoucherSno
        Where dd.LocationCode <> cd.LocationCode
          And (dd.AccountCode In (Select PartyCode From Sd)
            Or cd.AccountCode In (Select PartyCode From Sd)))
Select '<div class=""ds-arnote ds-arnote--warn""><span class=""fa fa-exchange""></span><div>'
    || '<b>A single location can legitimately fail to reconcile.</b> '
    || to_char(x.N,'FM999G990') || ' allocation'
    || Case When x.N = 1 Then '' Else 's' End
    || ' in this ledger settle a bill raised at one location with a receipt taken at another, worth &#8377;'
    || to_char(Round(x.Amt,2),'FM999G99G99G990D00') || ' in total. '
    || 'The bill''s origin location and the receipt''s location are different dimensions, so filtering to one '
    || 'location can put the two halves of a settlement on opposite sides of the filter. '
    || '<b>Company level always ties</b> &mdash; no allocation in this ledger crosses a company boundary. '
    || 'Clear the Location filter, or read at Company level, to see the balanced position. '
    || 'The individual crossings are listed under control <b>AR-A08</b>.'
    || '</div></div>' As NOTE
  From X x
 Where x.N > 0","","",""
914,"AR Reconciliation and Data Health","AR-RECONCILIATION",40,"Reconciliation by Company, Location and Customer","by-dimension","NATIVE_IR","/* Three grains in one report, unpivoted, so a reader can start at the
   company level and walk down without changing page. Every level is
   computed from the same Base CTE, so the levels cannot disagree with
   each other or with the band above. */
With Sd As (
       Select PartyCode From Party
        Start With PartyCode = 'SUNDRYDEBTORS'
        Connect By Prior PartyCode = ParentCode),
     Asof As (Select to_date(:P914_TODATE,'DD-MM-RRRR') D From dual),
     Alc As (
       Select a.DrVoucherTno Tno, a.DrVoucherSno Sno, -Sum(a.Amount) Amt
         From DrCrAllocation a, Voucher dv, Voucher cv, Asof
        Where dv.Tno = a.DrVoucherTno And cv.Tno = a.CrVoucherTno
          And dv.VoucherDate <= Asof.D And cv.VoucherDate <= Asof.D
        Group By a.DrVoucherTno, a.DrVoucherSno
       Union All
       Select a.CrVoucherTno, a.CrVoucherSno, Sum(a.Amount)
         From DrCrAllocation a, Voucher dv, Voucher cv, Asof
        Where dv.Tno = a.DrVoucherTno And cv.Tno = a.CrVoucherTno
          And dv.VoucherDate <= Asof.D And cv.VoucherDate <= Asof.D
        Group By a.CrVoucherTno, a.CrVoucherSno),
     Al As (Select Tno, Sno, Sum(Amt) Amt From Alc Group By Tno, Sno),
     Base As (
       Select d.CompanyCode Cmp, d.LocationCode Loc, d.AccountCode Pty,
              -(d.Amount - nvl(al.Amt,0)) Anl, -d.Amount Gl
         From VoucherDetail d
         Left Join Al al On al.Tno = d.Tno And al.Sno = d.Sno
         Cross Join Asof
        Where d.AccountCode In (Select PartyCode From Sd)
          And d.VoucherDate <= Asof.D
          And (cast(null as varchar2(100)) Is Null
               Or cast(null as varchar2(100)) = cast(null as varchar2(100)))
          And (null    Is Null Or cast(null as varchar2(100))        = null)
          And (:P914_COMPANY  Is Null Or d.CompanyCode  = :P914_COMPANY)
          And (:P914_LOCATION Is Null Or d.LocationCode = :P914_LOCATION)),
     Lv As (
       Select 1 Ord, 'Company' Lvl, nvl(c.CompanyName, b.Cmp) Nm, b.Cmp Code,
              Sum(b.Anl) Anl, Sum(b.Gl) Gl
         From Base b Left Join Company c On c.CompanyCode = b.Cmp
        Group By b.Cmp, c.CompanyName
       Union All
       Select 2, 'Location', nvl(l.LocationName, b.Loc), b.Loc,
              Sum(b.Anl), Sum(b.Gl)
         From Base b Left Join Location l On l.LocationCode = b.Loc
        Group By b.Loc, l.LocationName
       Union All
       Select 3, 'Customer', nvl(p.PartyName, b.Pty), b.Pty,
              Sum(b.Anl), Sum(b.Gl)
         From Base b Left Join Party p On p.PartyCode = b.Pty
        Group By b.Pty, p.PartyName)
Select Lvl                                       As LEVEL_NAME,
       Nm                      As NAME,
       Code                                      As CODE,
       Round(Anl,2)                              As AR_ANALYTICAL,
       Round(Gl,2)                               As GL_CONTROL,
       Round(Anl - Gl,2)                         As DIFFERENCE,
       Case When Abs(Anl - Gl) < 0.005
                 Then '<span class=""ds-archip ds-archip--pass"">Reconciled</span>'
            When Abs(Anl - Gl) < 1
                 Then '<span class=""ds-archip ds-archip--warn"">Rounding</span>'
            Else '<span class=""ds-archip ds-archip--fail"">Out of balance</span>' End As STATUS
  From Lv
 Where (:P914_LEVEL Is Null Or :P914_LEVEL = 'ALL' Or Lvl = :P914_LEVEL)
   And (nvl(:P914_ONLYBREAKS,'N') <> 'Y' Or Abs(Anl - Gl) >= 0.005)
 Order By Ord, Abs(Anl - Gl) Desc, Nm","","",""
914,"AR Reconciliation and Data Health","AR-RECONCILIATION",900,"Go to","quick-links","NATIVE_SQL_REPORT","/* The quick-links strip: one card per sibling page in this section.
   One report ROW per card, so the report's own tbody becomes the
   grid (see `.ds-kpiwrap` in design-system.css) and the number of
   cards can vary with the reader's privileges without the layout
   caring.

   AUTHORISATION. The menu gates each entry on
   GetApexReportPrivilege, but that function returns a PL/SQL
   BOOLEAN and therefore cannot be called from SQL. Its logic is
   reproduced below against the same three tables, INCLUDING the
   hard-coded 'BOSS' bypass it carries, so a card appears only
   where the menu entry would. A reader never sees a card for a
   page they cannot open. If that function's rule changes, this
   predicate has to change with it - that duplication is the price
   of the boolean return type.

   Page 698 (Bill Detail) is deliberately absent: it is keyed on a
   specific (Tno, Sno) and is meaningless without one, so it is
   reached by clicking a bill, never from a menu. */
With Pg As (
  Select 907 Id, 'AR Command Centre'          Nm, 'Exposure, ageing, collections and the exceptions behind every number' Sub, 'fa-dashboard'              Ic From dual Union All
  Select 908,    'Party-wise Outstanding',        'One row per customer, with ageing and the contact position',           'fa-users'                  From dual Union All
  Select 909,    'Bill-wise Outstanding',         'Every open item at line level, with its source document',              'fa-list-alt'               From dual Union All
  Select 910,    'Debtor 360',                    'One customer from every angle - bills, receipts, credits, statement',  'fa-user'                   From dual Union All
  Select 911,    'Receipts and Collections',      'Cash actually received, which bank took it, how much is applied',      'fa-download'               From dual Union All
  Select 912,    'Advances and Unapplied Cash',   'Customer money already held, and the receivable it could clear',       'fa-hand-o-up'              From dual Union All
  Select 913,    'Exceptions and Controls',       'Every control, what it tests, and the records that fail it',           'fa-exclamation-triangle'   From dual Union All
  Select 914,    'Reconciliation and Data Health','The open-item register against the general-ledger control account',    'fa-balance-scale'          From dual Union All
  Select 916,    'Trend Analysis',                'How the position moved, month by month',                               'fa-line-chart'             From dual Union All
  Select 917,    'Daily Collection MIS',          'One day: position, movement, and what remains unexplained',            'fa-calendar-o'             From dual Union All
  Select 918,    'Weekly AR Review',              'Opening against closing, and the controls that failed in the week',    'fa-calendar'               From dual Union All
  Select 919,    'Monthly Management MIS',        'The nine-section management pack',                                     'fa-file-text-o'            From dual)
Select '<a class=""ds-kpi ds-kpi--link ds-kpi--teal"" href=""'
    || apex_page.get_url(
         p_page        => Pg.Id,
         p_clear_cache => to_char(Pg.Id),
         /* Page 700 is a single-day report and has no From/To pair -
            naming an item that does not exist on the target page
            fails at run time, so its filter list is built separately. */
         p_items  => Case When Pg.Id = 917
                          Then 'P917_DAY,P917_COMPANY,P917_LOCATION'
                          Else 'P'||Pg.Id||'_FROMDATE,P'||Pg.Id||'_TODATE,P'
                               ||Pg.Id||'_COMPANY,P'||Pg.Id||'_LOCATION' End,
         p_values => Case When Pg.Id = 917
                          Then :P914_TODATE ||','|| :P914_COMPANY ||','|| :P914_LOCATION
                          Else :P914_FROMDATE ||','|| :P914_TODATE ||','|| :P914_COMPA","NY ||','|| :P914_LOCATION End)
    || '""><span class=""ds-kpi-ic fa ' || Pg.Ic || '""></span>'
    || '<div class=""ds-kpi-body""><div class=""ds-kpi-t"">' || Pg.Nm || '</div>'
    || '<div class=""ds-kpi-sub"">' || Pg.Sub || '</div></div></a>' As CARD
  From Pg
 Where Pg.Id <> 914
 Order By Pg.Id","",""
915,"Bill Detail","AR-BILL-DETAIL",5,"Bill Detail","command-header","NATIVE_SQL_REPORT","With Asof As (Select to_date(nvl(:P915_TODATE, to_char(trunc(sysdate),'DD-MM-RRRR')),'DD-MM-RRRR') D From dual),
     B As (
       Select d.AccountCode Pty, d.CompanyCode Cmp, d.LocationCode Loc, cast(null as varchar2(100)) Pnl,
              v.VoucherNo Vno, v.DocTypeCode Dtc, v.ModuleCode Mc,
              coalesce(i.InvoiceNo, sb.ServiceBillNo, cn.CreditNoteNo, ao.BillNo, v.VoucherNo) Ref,
              Case When v.VoucherNo = 'OPENING'      Then 'Opening Carry-forward'
                   When v.ModuleCode = 'INVOICE'     Then 'Trade Invoice'
                   When v.ModuleCode = 'SERVICEBILL' Then 'Service Bill'
                   When v.ModuleCode = 'CREDITNOTE'  Then 'Credit Note'
                   When v.ModuleCode = 'DEBITNOTE'   Then 'Debit Note'
                   When v.ModuleCode = 'PBPASS'      Then 'Contra Purchase'
                   When v.DocTypeCode = 'RECEIPT'    Then 'Receipt / On-account'
                   When v.DocTypeCode In ('PAYMENT','CASHPAYMENT','BANKPAYMENT')
                                                     Then 'Payment to Customer'
                   Else 'Journal' End Cls
         From VoucherDetail d
         Join Voucher v On v.Tno = d.Tno
         Left Join Invoice     i  On v.ModuleCode = 'INVOICE'     And i.Tno  = v.ModuleTno
         Left Join ServiceBill sb On v.ModuleCode = 'SERVICEBILL' And sb.Tno = v.ModuleTno
         Left Join CreditNote  cn On v.ModuleCode = 'CREDITNOTE'  And cn.Tno = v.ModuleTno
         Left Join AccountOpening ao On v.VoucherNo = 'OPENING'   And ao.Tno = d.ModuleTno
        Where d.Tno = :P915_TNO And d.Sno = :P915_SNO)
Select '<div class=""ds-ar-head"">'
    || '<div class=""ds-ar-eyebrow"">Receivables &middot; Open Item Detail</div>'
    || '<h1 class=""ds-ar-title"">' || apex_escape.html(nvl(b.Ref,'Open item')) || '</h1>'
    || '<div class=""ds-ar-sub"">'
       || apex_escape.html(nvl(p.PartyName, b.Pty))
       || ' &middot; voucher ' || apex_escape.html(b.Vno) || '</div>'
    || '<div class=""ds-ar-context"">'
    || '<span class=""ds-ar-chip""><span class=""fa fa-tag""></span>Class <b>' || b.Cls || '</b></span>'
    || '<span class=""ds-ar-chip""><span class=""fa fa-crosshairs""></span>As at <b>' || to_char(a.D,'DD-MM-RRRR') || '</b></span>'
    || '<span class=""ds-ar-chip""><span class=""fa fa-building-o""></span>Company <b>'
       || apex_escape.html(nvl(c.CompanyName, b.Cmp)) || '</b></span>'
    || '<span class=""ds-ar-chip""><span class=""fa fa-map-marker""></span>Location <b>'
       || apex_escape.html(nvl(l.LocationName, b.Loc)) || '</b></span>'
    || '<span class=""ds-ar-chip""><span class=""fa fa-hashtag""></span>Ledger line <b>'
       || :P915_TNO || ' / ' || :P915_SNO || '</b></span>'
    || '</div></div>' As HEAD
  From B b Cross Join Asof a
  Left Join Party p On p.PartyCode = b.Pty
  Left Join Company c On c.CompanyCode = b.Cmp
  Left Join Location l On l.LocationCode = b.Loc","","",""
915,"Bill Detail","AR-BILL-DETAIL",20,"Financial Movement","movement","NATIVE_SQL_REPORT","/* THE ARITHMETIC, SHOWN RATHER THAN ASSERTED.
     Original amount
   - allocations settled on or before the As-of Date
   = Outstanding
   Both allocation directions are handled: for a DEBIT item the
   allocations are the credits applied to it, for a CREDIT item they
   are the debits it was applied against. The two are summed with
   opposite signs, exactly as the canonical layer does. */
With Asof As (Select to_date(nvl(:P915_TODATE, to_char(trunc(sysdate),'DD-MM-RRRR')),'DD-MM-RRRR') D From dual),
     Alc As (
       Select -Sum(a.Amount) Amt, Count(*) N
         From DrCrAllocation a, Voucher dv, Voucher cv, Asof
        Where dv.Tno = a.DrVoucherTno And cv.Tno = a.CrVoucherTno
          And dv.VoucherDate <= Asof.D And cv.VoucherDate <= Asof.D
          And a.DrVoucherTno = :P915_TNO And a.DrVoucherSno = :P915_SNO
       Union All
       Select Sum(a.Amount), Count(*)
         From DrCrAllocation a, Voucher dv, Voucher cv, Asof
        Where dv.Tno = a.DrVoucherTno And cv.Tno = a.CrVoucherTno
          And dv.VoucherDate <= Asof.D And cv.VoucherDate <= Asof.D
          And a.CrVoucherTno = :P915_TNO And a.CrVoucherSno = :P915_SNO),
     A As (Select nvl(Sum(Amt),0) Amt, nvl(Sum(N),0) N From Alc),
     D As (
       Select d.Amount Amt,
              coalesce(i.InvoiceDate, ao.BillDate, d.VoucherDate) DocDate,
              coalesce(i.DueDate, sb.DueDate, ao.BillDueDate) DueDate
         From VoucherDetail d
         Join Voucher v On v.Tno = d.Tno
         Left Join Invoice     i  On v.ModuleCode = 'INVOICE'     And i.Tno  = v.ModuleTno
         Left Join ServiceBill sb On v.ModuleCode = 'SERVICEBILL' And sb.Tno = v.ModuleTno
         Left Join AccountOpening ao On v.VoucherNo = 'OPENING'   And ao.Tno = d.ModuleTno
        Where d.Tno = :P915_TNO And d.Sno = :P915_SNO)
Select '<div class=""ds-arexp"">'
    || '<div class=""ds-arexp-cell ds-arexp-cell--recv""><dl>'
    || '<dt>' || Case When d.Amt < 0 Then 'Original Receivable' Else 'Original Credit' End || '</dt><dd>&#8377;'
    || to_char(Round(Abs(d.Amt),2),'FM999G99G99G990D00') || '</dd>'
    || '<div class=""ds-arexp-sub"">document dated ' || to_char(d.DocDate,'DD-MM-RRRR')
    || Case When d.DueDate Is Not Null Then ' &middot; due ' || to_char(d.DueDate,'DD-MM-RRRR')
            Else ' &middot; <b>no due date on the source document</b>' End
    || '</div></dl></div>'
    || '<div class=""ds-arexp-cell ds-arexp-cell--cred""><dl>'
    || '<dt>Settled</dt><dd>&#8377;'
    || to_char(Round(Abs(a.Amt),2),'FM999G99G99G990D00') || '</dd>'
    || '<div class=""ds-arexp-sub"">' || to_char(a.N,'FM999G990')
    || Case When a.N = 1 Then ' settlement' Else ' settlements' End
    || ' dated on or before the As-of Date</div></dl></div>'
    || '<div class=""ds-arexp-cell ds-arexp-cell--net""><dl>'
    || '<dt>' || Case When -(d.Amt - a.Amt) >= 0 Then 'Outstanding' Else 'Credit Remaining' End || '</dt><dd>&#8377;'
    || to_char(Round(Abs(d.Amt - a.Amt),2),'FM999G99G99G990D00') || '</dd>'
    || '<div class=""ds-arexp-sub"">original less settled</div>'
    /* The arithmetic is spelled out so a reader never has to take on
       trust that the three figures above belong together. */
    || '<span class=""ds-arexp-tie ds-arexp-tie--ok""><span class=""fa fa-check""></span>'
    || to_char(Round(Abs(d.Amt),2),'FM999G99G99G990D00') || ' &minus; '
    || to_char(Round(Abs(a.Amt),2),'FM999G99G99G990D00') || ' = '
    || to_char(Round(Abs(d.Amt - a.Amt),2),'FM999G99G99G990D00') || '</span>'
    || '</dl></div></div>' As BAND
  From D d Cross Join A a","","",""
915,"Bill Detail","AR-BILL-DETAIL",28,"Source Document","rule-source","NATIVE_STATIC","<div class=""ds-dash-section"">
  <h2>Source Document</h2>
  <p>Where this item came from, and the complete double entry it belongs to</p>
</div>","","",""
915,"Bill Detail","AR-BILL-DETAIL",30,"Originating Document","source-doc","NATIVE_SQL_REPORT","/* One row per attribute, so a document type with fields another type
   does not have simply contributes fewer rows - rather than forcing a
   single wide row full of nulls that a reader has to interpret. */
With V As (Select v.*, d.ModuleTno DtlModuleTno
             From Voucher v Join VoucherDetail d On d.Tno = v.Tno
            Where d.Tno = :P915_TNO And d.Sno = :P915_SNO)
Select Ord, Attribute, Val From (
  Select 10 Ord, 'Document type' Attribute,
         apex_escape.html(nvl(v.ModuleCode, v.DocTypeCode)) Val From V v
  Union All
  Select 20, 'Invoice number', apex_escape.html(i.InvoiceNo)
    From V v Join Invoice i On v.ModuleCode = 'INVOICE' And i.Tno = v.ModuleTno
  Union All
  Select 30, 'Invoice date', to_char(i.InvoiceDate,'DD-MM-RRRR')
    From V v Join Invoice i On v.ModuleCode = 'INVOICE' And i.Tno = v.ModuleTno
  Union All
  Select 40, 'Due date', nvl(to_char(i.DueDate,'DD-MM-RRRR'),'<b>not set on the invoice</b>')
    From V v Join Invoice i On v.ModuleCode = 'INVOICE' And i.Tno = v.ModuleTno
  Union All
  Select 50, 'Invoice amount', to_char(Round(i.InvoiceAmount,2),'FM999G99G99G990D00')
    From V v Join Invoice i On v.ModuleCode = 'INVOICE' And i.Tno = v.ModuleTno
  Union All
  Select 60, 'Agent', apex_escape.html(nvl(ag.PartyName, i.AgentCode))
    From V v Join Invoice i On v.ModuleCode = 'INVOICE' And i.Tno = v.ModuleTno
    Left Join Party ag On ag.PartyCode = i.AgentCode
   Where i.AgentCode Is Not Null
  Union All
  Select 70, 'Commercial invoice', apex_escape.html(cc.CCInvoiceNo)
    From V v Join Invoice i On v.ModuleCode = 'INVOICE' And i.Tno = v.ModuleTno
    Join CCInvoice cc On cc.Tno = i.ModuleTno
  Union All
  Select 80, 'Service bill number', apex_escape.html(sb.ServiceBillNo)
    From V v Join ServiceBill sb On v.ModuleCode = 'SERVICEBILL' And sb.Tno = v.ModuleTno
  Union All
  Select 90, 'Service bill due date', nvl(to_char(sb.DueDate,'DD-MM-RRRR'),'not set')
    From V v Join ServiceBill sb On v.ModuleCode = 'SERVICEBILL' And sb.Tno = v.ModuleTno
  Union All
  Select 100, 'Credit note number', apex_escape.html(cn.CreditNoteNo)
    From V v Join CreditNote cn On v.ModuleCode = 'CREDITNOTE' And cn.Tno = v.ModuleTno
  Union All
  /* Opening carry-forward links through the DETAIL ModuleTno, not the
     header's - the only place a pre-cutover bill date survives. */
  Select 110, 'Migrated bill number', apex_escape.html(ao.BillNo)
    From V v Join AccountOpening ao On v.VoucherNo = 'OPENING' And ao.Tno = v.DtlModuleTno
  Union All
  Select 120, 'Original bill date',
         nvl(to_char(ao.BillDate,'DD-MM-RRRR'),
             '<b>not preserved at migration &mdash; age is floored at the cutover (AR-O01)</b>')
    From V v Join AccountOpening ao On v.VoucherNo = 'OPENING' And ao.Tno = v.DtlModuleTno
  Union All
  Select 130, 'Original due date',
         nvl(to_char(ao.BillDueDate,'DD-MM-RRRR'),
             '<b>not preserved at migration &mdash; cannot be aged on the Due basis (AR-O02)</b>')
    From V v Join AccountOpening ao On v.VoucherNo = 'OPENING' And ao.Tno = v.DtlModuleTno
  Union All
  Select 140, 'Voucher number', apex_escape.html(v.VoucherNo) From V v
  Union All
  Select 150, 'Voucher date', to_char(v.VoucherDate,'DD-MM-RRRR') From V v
  Union All
  Select 160, 'Voucher type', apex_escape.html(v.DocTypeCode) From V v
  Union All
  Select 170, 'Posted by', apex_escape.html(v.Creator) From V v Where v.Creator Is Not Null
  Union All
  Select 180, 'Posted on', to_char(v.CreationTime,'DD-MM-RRRR HH24:MI') From V v Where v.CreationTime Is Not Null
  Union All
  Select 190, 'Bank reference', apex_escape.html(v.MoneyTransferReferenceNo)
    From V v Where v.MoneyTransferReferenceNo Is Not Null
  Union All
  Select 200, 'Payment mode', apex_escape.html(v.MoneyTransferModeCode)
    From V v Where v.MoneyTransferModeCode Is Not Null
) Where Val Is Not Null Order By Ord","","",""
915,"Bill Detail","AR-BILL-DETAIL",32,"General Ledger Entry","gl-lines","NATIVE_SQL_REPORT","/* Every line of the voucher this item belongs to, so the reader can see
   the complete double entry. The item itself is marked. A DEBIT is a
   NEGATIVE Amount, so the two sides are split by sign and shown as
   positive figures under their own headings. */
Select Case When d.Sno = :P915_SNO Then
            '<b>' || apex_escape.html(nvl(p.PartyName, d.AccountCode)) || '</b>'
            || ' <span class=""ds-archip ds-archip--info"">this item</span>'
       Else apex_escape.html(nvl(p.PartyName, d.AccountCode)) End As ACCOUNT,
       d.AccountCode                                    As ACCOUNT_CODE,
       Round(Case When d.Amount < 0 Then -d.Amount End,2) As DEBIT,
       Round(Case When d.Amount > 0 Then  d.Amount End,2) As CREDIT,
       substr(d.Narration,1,200)      As NARRATION
  From VoucherDetail d
  Left Join Party p On p.PartyCode = d.AccountCode
 Where d.Tno = :P915_TNO
 Order By d.Sno","","",""
915,"Bill Detail","AR-BILL-DETAIL",38,"Settlement","rule-settle","NATIVE_STATIC","<div class=""ds-dash-section"">
  <h2>Settlement History</h2>
  <p>Every allocation against this item, with the counterpart voucher on the other side of it</p>
</div>","","",""
915,"Bill Detail","AR-BILL-DETAIL",40,"Settlements","settlements","NATIVE_IR","/* The allocation bridge, listed rather than joined. Both directions are
   unioned so the page works whether the item is a bill being settled by
   receipts, or a receipt being applied against bills. Allocations dated
   after the As-of Date are shown but flagged, because they are excluded
   from the Outstanding figure above and a reader who cannot see them
   would think the arithmetic was wrong. */
With Asof As (Select to_date(nvl(:P915_TODATE, to_char(trunc(sysdate),'DD-MM-RRRR')),'DD-MM-RRRR') D From dual)
Select cv.Tno                                          As COUNTERPART_TNO,
       'Receipt / credit applied to this bill'         As DIRECTION,
       cv.VoucherNo                                    As COUNTERPART_VOUCHER,
       cv.VoucherDate                                  As COUNTERPART_DATE,
       cv.DocTypeCode                                  As COUNTERPART_TYPE,
       nvl(p.PartyName, cd.AccountCode) As COUNTERPART_ACCOUNT,
       Round(a.Amount,2)                               As ALLOCATED,
       nvl(a.ModuleCode,'-')         As ALLOCATION_SOURCE,
       nvl(l.LocationName, cd.LocationCode) As COUNTERPART_LOCATION,
       Case When cv.VoucherDate > (Select D From Asof)
                 Then '<span class=""ds-archip ds-archip--warn"">After As-of &mdash; excluded</span>'
            Else '<span class=""ds-archip ds-archip--pass"">Counted</span>' End As STATUS
  From DrCrAllocation a
  Join Voucher cv On cv.Tno = a.CrVoucherTno
  Left Join VoucherDetail cd On cd.Tno = a.CrVoucherTno And cd.Sno = a.CrVoucherSno
  Left Join Party p On p.PartyCode = cd.AccountCode
  Left Join Location l On l.LocationCode = cd.LocationCode
 Where a.DrVoucherTno = :P915_TNO And a.DrVoucherSno = :P915_SNO
Union All
Select dv.Tno,
       'This credit applied against a bill',
       dv.VoucherNo, dv.VoucherDate, dv.DocTypeCode,
       apex_escape.html(nvl(p.PartyName, dd.AccountCode)),
       Round(a.Amount,2),
       apex_escape.html(nvl(a.ModuleCode,'-')),
       apex_escape.html(nvl(l.LocationName, dd.LocationCode)),
       Case When dv.VoucherDate > (Select D From Asof)
                 Then '<span class=""ds-archip ds-archip--warn"">After As-of &mdash; excluded</span>'
            Else '<span class=""ds-archip ds-archip--pass"">Counted</span>' End
  From DrCrAllocation a
  Join Voucher dv On dv.Tno = a.DrVoucherTno
  Left Join VoucherDetail dd On dd.Tno = a.DrVoucherTno And dd.Sno = a.DrVoucherSno
  Left Join Party p On p.PartyCode = dd.AccountCode
  Left Join Location l On l.LocationCode = dd.LocationCode
 Where a.CrVoucherTno = :P915_TNO And a.CrVoucherSno = :P915_SNO","","",""
915,"Bill Detail","AR-BILL-DETAIL",50,"Exceptions on This Item","exceptions","NATIVE_SQL_REPORT","/* The same control predicates as page 696, narrowed to this one item.
   A control that does not fire is not listed - this is a per-item
   finding list, not the full matrix. */
With Asof As (Select to_date(nvl(:P915_TODATE, to_char(trunc(sysdate),'DD-MM-RRRR')),'DD-MM-RRRR') D From dual),
     Alc As (
       Select -Sum(a.Amount) Amt From DrCrAllocation a, Voucher dv, Voucher cv, Asof
        Where dv.Tno = a.DrVoucherTno And cv.Tno = a.CrVoucherTno
          And dv.VoucherDate <= Asof.D And cv.VoucherDate <= Asof.D
          And a.DrVoucherTno = :P915_TNO And a.DrVoucherSno = :P915_SNO
       Union All
       Select Sum(a.Amount) From DrCrAllocation a, Voucher dv, Voucher cv, Asof
        Where dv.Tno = a.DrVoucherTno And cv.Tno = a.CrVoucherTno
          And dv.VoucherDate <= Asof.D And cv.VoucherDate <= Asof.D
          And a.CrVoucherTno = :P915_TNO And a.CrVoucherSno = :P915_SNO),
     A As (Select nvl(Sum(Amt),0) Amt From Alc),
     I As (
       Select d.Amount Amt, d.CompanyCode Cmp, cast(null as varchar2(100)) Pnl, d.LocationCode Loc, d.VoucherDate Vdt,
              v.VoucherNo Vno, v.DocTypeCode Dtc,
              coalesce(i.DueDate, sb.DueDate, ao.BillDueDate) DueDate,
              ao.BillDate AoBillDate, ao.BillDueDate AoBillDue,
              -(d.Amount - (Select Amt From A)) Recv
         From VoucherDetail d
         Join Voucher v On v.Tno = d.Tno
         Left Join Invoice     i  On v.ModuleCode = 'INVOICE'     And i.Tno  = v.ModuleTno
         Left Join ServiceBill sb On v.ModuleCode = 'SERVICEBILL' And sb.Tno = v.ModuleTno
         Left Join AccountOpening ao On v.VoucherNo = 'OPENING'   And ao.Tno = d.ModuleTno
        Where d.Tno = :P915_TNO And d.Sno = :P915_SNO)
Select Code, Nm, Sev, Detail From (
  Select 'AR-B02' Code, 'Cannot be aged' Nm, 'High' Sev,
         'The source document carries no due date and this ERP holds no credit terms to derive one from.' Detail
    From I i Where i.Recv > 0.005 And i.DueDate Is Null
  Union All
  Select 'AR-O01','Opening item, original bill date lost','High',
         'Migrated at the 31-03-2026 cutover without its original bill date, so its age is understated.'
    From I i Where i.Vno = 'OPENING' And i.AoBillDate Is Null And Abs(i.Recv) > 0.005
  Union All
  Select 'AR-O02','Opening item, original due date lost','Medium',
         'Cannot be aged on the Due Date basis; falls into Cannot Age.'
    From I i Where i.Vno = 'OPENING' And i.AoBillDue Is Null And i.Recv > 0.005
  Union All
  Select 'AR-R03','Receipt cash unapplied over 90 days','Critical',
         'Received ' || to_char((Select D From Asof) - i.Vdt) || ' days ago and still not applied to any bill.'
    From I i Cross Join Asof Where i.Dtc = 'RECEIPT' And i.Recv < -0.005 And Asof.D - i.Vdt > 90
  Union All
  Select 'AR-A07','Allocation exceeds the item','Critical',
         'More has been allocated against this line than the line is worth; its balance has flipped sign.'
    From I i Where Abs((Select Amt From A)) > Abs(i.Amt) + 0.005
  Union All
  Select 'AR-M01','Posted with incomplete business scope','Critical',
         'Company or location is missing, so the receivable cannot be assigned to a complete Ironmart business scope.'
    From I i Where i.Cmp Is Null Or i.Loc Is Null
  Union All
  Select 'AR-M02','Location marked DO NOT USE','High',
         'The location master names this location as unusable, yet this receivable is posted to it.'
    From I i Join Location l On l.LocationCode = i.Loc
   Where upper(l.LocationName) Like '%DO NOT USE%'
) Order By Case Sev When 'Critical' Then 1 When 'High' Then 2 Else 3 End, Code","","",""
915,"Bill Detail","AR-BILL-DETAIL",900,"Go to","quick-links","NATIVE_SQL_REPORT","/* The quick-links strip: one card per sibling page in this section.
   One report ROW per card, so the report's own tbody becomes the
   grid (see `.ds-kpiwrap` in design-system.css) and the number of
   cards can vary with the reader's privileges without the layout
   caring.

   AUTHORISATION. The menu gates each entry on
   GetApexReportPrivilege, but that function returns a PL/SQL
   BOOLEAN and therefore cannot be called from SQL. Its logic is
   reproduced below against the same three tables, INCLUDING the
   hard-coded 'BOSS' bypass it carries, so a card appears only
   where the menu entry would. A reader never sees a card for a
   page they cannot open. If that function's rule changes, this
   predicate has to change with it - that duplication is the price
   of the boolean return type.

   Page 698 (Bill Detail) is deliberately absent: it is keyed on a
   specific (Tno, Sno) and is meaningless without one, so it is
   reached by clicking a bill, never from a menu. */
With Pg As (
  Select 907 Id, 'AR Command Centre'          Nm, 'Exposure, ageing, collections and the exceptions behind every number' Sub, 'fa-dashboard'              Ic From dual Union All
  Select 908,    'Party-wise Outstanding',        'One row per customer, with ageing and the contact position',           'fa-users'                  From dual Union All
  Select 909,    'Bill-wise Outstanding',         'Every open item at line level, with its source document',              'fa-list-alt'               From dual Union All
  Select 910,    'Debtor 360',                    'One customer from every angle - bills, receipts, credits, statement',  'fa-user'                   From dual Union All
  Select 911,    'Receipts and Collections',      'Cash actually received, which bank took it, how much is applied',      'fa-download'               From dual Union All
  Select 912,    'Advances and Unapplied Cash',   'Customer money already held, and the receivable it could clear',       'fa-hand-o-up'              From dual Union All
  Select 913,    'Exceptions and Controls',       'Every control, what it tests, and the records that fail it',           'fa-exclamation-triangle'   From dual Union All
  Select 914,    'Reconciliation and Data Health','The open-item register against the general-ledger control account',    'fa-balance-scale'          From dual Union All
  Select 916,    'Trend Analysis',                'How the position moved, month by month',                               'fa-line-chart'             From dual Union All
  Select 917,    'Daily Collection MIS',          'One day: position, movement, and what remains unexplained',            'fa-calendar-o'             From dual Union All
  Select 918,    'Weekly AR Review',              'Opening against closing, and the controls that failed in the week',    'fa-calendar'               From dual Union All
  Select 919,    'Monthly Management MIS',        'The nine-section management pack',                                     'fa-file-text-o'            From dual)
Select '<a class=""ds-kpi ds-kpi--link ds-kpi--teal"" href=""'
    || apex_page.get_url(
         p_page        => Pg.Id,
         p_clear_cache => to_char(Pg.Id),
         /* Page 700 is a single-day report and has no From/To pair -
            naming an item that does not exist on the target page
            fails at run time, so its filter list is built separately. */
         p_items  => Case When Pg.Id = 917
                          Then 'P917_DAY,P917_COMPANY,P917_LOCATION'
                          Else 'P'||Pg.Id||'_FROMDATE,P'||Pg.Id||'_TODATE,P'
                               ||Pg.Id||'_COMPANY,P'||Pg.Id||'_LOCATION' End,
         p_values => Case When Pg.Id = 917
                          Then :P915_TODATE ||',,,'
                          Else :P915_FROMDATE ||','|| :P915_TODATE ||',,,' End)
    || '""><span class=""ds-kpi-ic fa ' || Pg",".Ic || '""></span>'
    || '<div class=""ds-kpi-body""><div class=""ds-kpi-t"">' || Pg.Nm || '</div>'
    || '<div class=""ds-kpi-sub"">' || Pg.Sub || '</div></div></a>' As CARD
  From Pg
 Where Pg.Id <> 915
 Order By Pg.Id","",""
916,"AR Trend Analysis","AR-TREND-ANALYSIS",5,"AR Trend Analysis","command-header","NATIVE_SQL_REPORT","Select '<div class=""ds-ar-head"">'
    || '<div class=""ds-ar-eyebrow"">Receivables &middot; Trend</div>'
    || '<h1 class=""ds-ar-title"">AR Trend Analysis</h1>'
    || '<div class=""ds-ar-sub"">Outstanding, ageing mix, billing against collection and receipt application, each re-derived at every month end in the window</div>'
    || '<div class=""ds-ar-context"">'
    || '<span class=""ds-ar-chip""><span class=""fa fa-calendar""></span>Window <b>'
       || :P916_FROMDATE || ' &rarr; ' || :P916_TODATE || '</b></span>'
    || '<span class=""ds-ar-chip""><span class=""fa fa-crosshairs""></span>Each point is a <b>position at that month end</b></span>'
    || '<span class=""ds-ar-chip""><span class=""fa fa-building-o""></span>Company <b>'
       || apex_escape.html(nvl((Select c.CompanyName From Company c Where c.CompanyCode = :P916_COMPANY),'All companies')) || '</b></span>'
    || '<span class=""ds-ar-chip""><span class=""fa fa-map-marker""></span>Location <b>'
       || apex_escape.html(nvl((Select l.LocationName From Location l Where l.LocationCode = :P916_LOCATION),'All locations')) || '</b></span>'
    || '</div></div>' As HEAD
  From dual","","",""
916,"AR Trend Analysis","AR-TREND-ANALYSIS",10,"Filters","filter-bar","NATIVE_STATIC","","","",""
916,"AR Trend Analysis","AR-TREND-ANALYSIS",20,"How these series are built","basis-note","NATIVE_STATIC","<div class=""ds-arnote""><span class=""fa fa-line-chart""></span><div>
  <b>Each point is a position, not a movement.</b> Outstanding at a month end is re-derived from the
  open-item layer as at that date, counting an allocation only when <i>both</i> of its vouchers are dated
  on or before it &mdash; so a bill paid in July still shows open at the end of June.
  Billing and Collection are the exception: those two <i>are</i> flows, summed within each month.
  <br><br>
  Month ends before <b>01-04-2026</b> are not plotted. <code>VoucherDetail</code> begins 01-03-2026 and
  prior-year receivables arrive as <code>OPENING</code> journals dated 31-03-2026, so any earlier point
  would be an artefact of the carry-forward rather than a real position.
</div></div>","","",""
916,"AR Trend Analysis","AR-TREND-ANALYSIS",30,"Outstanding Trend","outstanding-trend","NATIVE_JET_CHART","/* THE MONTH SPINE IS CROSS-JOINED INTO THE OPEN-ITEM LAYER.
   Summing period movements would give a running total, which is a
   different (and wrong) thing: it cannot show a bill that was open in
   June and settled in July as open in June. The cost is one pass over
   the AR grain per month end - about 9,700 lines x 6 months here,
   which is small enough to do honestly. */
With Sd As (
       Select PartyCode From Party
        Start With PartyCode = 'SUNDRYDEBTORS'
        Connect By Prior PartyCode = ParentCode),
     Spine As (
       Select Me From (
         Select Least(Last_Day(Add_Months(trunc(to_date(:P916_FROMDATE,'DD-MM-RRRR'),'MM'), Level - 1)),
                      to_date(:P916_TODATE,'DD-MM-RRRR')) Me
           From dual
        Connect By Level <= Months_Between(trunc(to_date(:P916_TODATE,'DD-MM-RRRR'),'MM'),
                                           trunc(to_date(:P916_FROMDATE,'DD-MM-RRRR'),'MM')) + 1)
        Where Me >= date '2026-04-01'),
     Ln As (
       Select d.Tno, d.Sno, d.Amount Amt, d.VoucherDate Vdt,
              coalesce(i.DueDate, sb.DueDate, ao.BillDueDate) DueDate
         From VoucherDetail d
         Join Voucher v On v.Tno = d.Tno
         Left Join Invoice     i  On v.ModuleCode = 'INVOICE'     And i.Tno  = v.ModuleTno
         Left Join ServiceBill sb On v.ModuleCode = 'SERVICEBILL' And sb.Tno = v.ModuleTno
         Left Join AccountOpening ao On v.VoucherNo = 'OPENING'   And ao.Tno = d.ModuleTno
        Where d.AccountCode In (Select PartyCode From Sd)
          And (cast(null as varchar2(100)) Is Null
               Or cast(null as varchar2(100)) = cast(null as varchar2(100)))
          And (null    Is Null Or cast(null as varchar2(100))        = null)
          And (:P916_COMPANY  Is Null Or d.CompanyCode  = :P916_COMPANY)
          And (:P916_LOCATION Is Null Or d.LocationCode = :P916_LOCATION)),
     AlSpine As (
       Select s.Me, a.DrVoucherTno Tno, a.DrVoucherSno Sno, -Sum(a.Amount) Amt
         From DrCrAllocation a, Voucher dv, Voucher cv, Spine s
        Where dv.Tno = a.DrVoucherTno And cv.Tno = a.CrVoucherTno
          And dv.VoucherDate <= s.Me And cv.VoucherDate <= s.Me
        Group By s.Me, a.DrVoucherTno, a.DrVoucherSno
       Union All
       Select s.Me, a.CrVoucherTno, a.CrVoucherSno, Sum(a.Amount)
         From DrCrAllocation a, Voucher dv, Voucher cv, Spine s
        Where dv.Tno = a.DrVoucherTno And cv.Tno = a.CrVoucherTno
          And dv.VoucherDate <= s.Me And cv.VoucherDate <= s.Me
        Group By s.Me, a.CrVoucherTno, a.CrVoucherSno),
     Al As (Select Me, Tno, Sno, Sum(Amt) Amt From AlSpine Group By Me, Tno, Sno),
     P As (
       Select s.Me, -(l.Amt - nvl(al.Amt,0)) Recv,
              Case When l.DueDate Is Null Then Null
                   Else Greatest(s.Me - l.DueDate,0) End DaysOd
         From Ln l
         Join Spine s On l.Vdt <= s.Me
         Left Join Al al On al.Me = s.Me And al.Tno = l.Tno And al.Sno = l.Sno)
Select to_char(Me,'Mon-RR')                                                       As LABEL,
       Round(Sum(Case When Recv > 0 Then Recv Else 0 End)/10000000,2)             As GROSS_CR,
       Round(Sum(Case When Recv > 0 And DaysOd > 0 Then Recv Else 0 End)/10000000,2) As OVERDUE_CR,
       Round(Sum(Case When Recv > 0 And DaysOd > 90 Then Recv Else 0 End)/10000000,2) As OVER90_CR,
       Round(Sum(Case When Recv < 0 Then -Recv Else 0 End)/10000000,2)            As CREDITS_CR,
       Round(Sum(Recv)/10000000,2)                                                As NET_CR
  From P Group By Me Order By Me","","",""
916,"AR Trend Analysis","AR-TREND-ANALYSIS",40,"Ageing Mix Trend","ageing-mix","NATIVE_JET_CHART","/* Composition of the open receivable at each month end. Ageing here is
   on the DOCUMENT basis deliberately: on the Due basis 72% of value
   would land in Cannot Age at every point and the chart would say
   nothing about how the mix is moving. The document basis ages every
   item, which is what a mix chart needs. The page says so. */
With Sd As (
       Select PartyCode From Party
        Start With PartyCode = 'SUNDRYDEBTORS'
        Connect By Prior PartyCode = ParentCode),
     Spine As (
       Select Me From (
         Select Least(Last_Day(Add_Months(trunc(to_date(:P916_FROMDATE,'DD-MM-RRRR'),'MM'), Level - 1)),
                      to_date(:P916_TODATE,'DD-MM-RRRR')) Me
           From dual
        Connect By Level <= Months_Between(trunc(to_date(:P916_TODATE,'DD-MM-RRRR'),'MM'),
                                           trunc(to_date(:P916_FROMDATE,'DD-MM-RRRR'),'MM')) + 1)
        Where Me >= date '2026-04-01'),
     Ln As (
       Select d.Tno, d.Sno, d.Amount Amt, d.VoucherDate Vdt,
              coalesce(i.InvoiceDate, ao.BillDate, d.VoucherDate) DocDate
         From VoucherDetail d
         Join Voucher v On v.Tno = d.Tno
         Left Join Invoice i On v.ModuleCode = 'INVOICE' And i.Tno = v.ModuleTno
         Left Join AccountOpening ao On v.VoucherNo = 'OPENING' And ao.Tno = d.ModuleTno
        Where d.AccountCode In (Select PartyCode From Sd)
          And (cast(null as varchar2(100)) Is Null
               Or cast(null as varchar2(100)) = cast(null as varchar2(100)))
          And (null    Is Null Or cast(null as varchar2(100))        = null)
          And (:P916_COMPANY  Is Null Or d.CompanyCode  = :P916_COMPANY)
          And (:P916_LOCATION Is Null Or d.LocationCode = :P916_LOCATION)),
     AlSpine As (
       Select s.Me, a.DrVoucherTno Tno, a.DrVoucherSno Sno, -Sum(a.Amount) Amt
         From DrCrAllocation a, Voucher dv, Voucher cv, Spine s
        Where dv.Tno = a.DrVoucherTno And cv.Tno = a.CrVoucherTno
          And dv.VoucherDate <= s.Me And cv.VoucherDate <= s.Me
        Group By s.Me, a.DrVoucherTno, a.DrVoucherSno
       Union All
       Select s.Me, a.CrVoucherTno, a.CrVoucherSno, Sum(a.Amount)
         From DrCrAllocation a, Voucher dv, Voucher cv, Spine s
        Where dv.Tno = a.DrVoucherTno And cv.Tno = a.CrVoucherTno
          And dv.VoucherDate <= s.Me And cv.VoucherDate <= s.Me
        Group By s.Me, a.CrVoucherTno, a.CrVoucherSno),
     Al As (Select Me, Tno, Sno, Sum(Amt) Amt From AlSpine Group By Me, Tno, Sno),
     P As (
       Select s.Me, -(l.Amt - nvl(al.Amt,0)) Recv, s.Me - l.DocDate Age
         From Ln l
         Join Spine s On l.Vdt <= s.Me
         Left Join Al al On al.Me = s.Me And al.Tno = l.Tno And al.Sno = l.Sno)
Select to_char(Me,'Mon-RR')                                                  As LABEL,
       Round(Sum(Case When Recv > 0 And Age <=  30 Then Recv Else 0 End)/10000000,2) As D0_30,
       Round(Sum(Case When Recv > 0 And Age >  30 And Age <=  60 Then Recv Else 0 End)/10000000,2) As D31_60,
       Round(Sum(Case When Recv > 0 And Age >  60 And Age <=  90 Then Recv Else 0 End)/10000000,2) As D61_90,
       Round(Sum(Case When Recv > 0 And Age >  90 And Age <= 180 Then Recv Else 0 End)/10000000,2) As D91_180,
       Round(Sum(Case When Recv > 0 And Age > 180 Then Recv Else 0 End)/10000000,2) As D180_PLUS
  From P Group By Me Order By Me","","",""
916,"AR Trend Analysis","AR-TREND-ANALYSIS",50,"Billing vs Collection","billing-collection","NATIVE_JET_CHART","/* These two ARE flows and are summed within each month - the one place
   on this page where that is the correct treatment. Collection is the
   credit side of RECEIPT vouchers, never a fall in outstanding. */
With Sd As (
       Select PartyCode From Party
        Start With PartyCode = 'SUNDRYDEBTORS'
        Connect By Prior PartyCode = ParentCode)
Select to_char(trunc(d.VoucherDate,'MM'),'Mon-RR') As LABEL,
       Round(Sum(Case When v.DocTypeCode In ('SALE','SERVICEBILL') And d.Amount < 0
                      Then -d.Amount Else 0 End)/10000000,2) As BILLING_CR,
       Round(Sum(Case When v.DocTypeCode = 'RECEIPT' And d.Amount > 0
                      Then d.Amount Else 0 End)/10000000,2)  As COLLECTION_CR,
       Round(Sum(Case When v.DocTypeCode = 'CREDITNOTE' And d.Amount > 0
                      Then d.Amount Else 0 End)/10000000,2)  As CREDITNOTE_CR
  From VoucherDetail d Join Voucher v On v.Tno = d.Tno
 Where d.AccountCode In (Select PartyCode From Sd)
   And d.VoucherDate >= to_date(:P916_FROMDATE,'DD-MM-RRRR')
   And d.VoucherDate <  to_date(:P916_TODATE,'DD-MM-RRRR') + 1
   And (cast(null as varchar2(100)) Is Null
        Or cast(null as varchar2(100)) = cast(null as varchar2(100)))
   And (null    Is Null Or cast(null as varchar2(100))        = null)
   And (:P916_COMPANY  Is Null Or d.CompanyCode  = :P916_COMPANY)
   And (:P916_LOCATION Is Null Or d.LocationCode = :P916_LOCATION)
 Group By trunc(d.VoucherDate,'MM')
 Order By trunc(d.VoucherDate,'MM')","","",""
916,"AR Trend Analysis","AR-TREND-ANALYSIS",52,"Receipt Application","receipt-application","NATIVE_JET_CHART","/* Of the cash received in each month, how much has since been applied
   to a bill and how much is still on account. Applied is measured as at
   TODAY, not as at the month end - the question this answers is ""has
   this cash been matched yet"", which is a current-state question. */
With Sd As (
       Select PartyCode From Party
        Start With PartyCode = 'SUNDRYDEBTORS'
        Connect By Prior PartyCode = ParentCode),
     Alc As (
       Select a.CrVoucherTno Tno, a.CrVoucherSno Sno, Sum(a.Amount) Amt
         From DrCrAllocation a, Voucher dv, Voucher cv
        Where dv.Tno = a.DrVoucherTno And cv.Tno = a.CrVoucherTno
        Group By a.CrVoucherTno, a.CrVoucherSno),
     R As (
       Select trunc(d.VoucherDate,'MM') Mth, d.Amount Amt, nvl(al.Amt,0) Applied
         From VoucherDetail d
         Join Voucher v On v.Tno = d.Tno
         Left Join Alc al On al.Tno = d.Tno And al.Sno = d.Sno
        Where d.AccountCode In (Select PartyCode From Sd)
          And v.DocTypeCode = 'RECEIPT'
          And d.VoucherDate >= to_date(:P916_FROMDATE,'DD-MM-RRRR')
          And d.VoucherDate <  to_date(:P916_TODATE,'DD-MM-RRRR') + 1
          And (cast(null as varchar2(100)) Is Null
               Or cast(null as varchar2(100)) = cast(null as varchar2(100)))
          And (null    Is Null Or cast(null as varchar2(100))        = null)
          And (:P916_COMPANY  Is Null Or d.CompanyCode  = :P916_COMPANY)
          And (:P916_LOCATION Is Null Or d.LocationCode = :P916_LOCATION))
Select to_char(Mth,'Mon-RR')                            As LABEL,
       Round(Sum(Applied)/10000000,2)                   As APPLIED_CR,
       Round(Sum(Amt - Applied)/10000000,2)             As UNAPPLIED_CR
  From R Group By Mth Order By Mth","","",""
916,"AR Trend Analysis","AR-TREND-ANALYSIS",900,"Go to","quick-links","NATIVE_SQL_REPORT","/* The quick-links strip: one card per sibling page in this section.
   One report ROW per card, so the report's own tbody becomes the
   grid (see `.ds-kpiwrap` in design-system.css) and the number of
   cards can vary with the reader's privileges without the layout
   caring.

   AUTHORISATION. The menu gates each entry on
   GetApexReportPrivilege, but that function returns a PL/SQL
   BOOLEAN and therefore cannot be called from SQL. Its logic is
   reproduced below against the same three tables, INCLUDING the
   hard-coded 'BOSS' bypass it carries, so a card appears only
   where the menu entry would. A reader never sees a card for a
   page they cannot open. If that function's rule changes, this
   predicate has to change with it - that duplication is the price
   of the boolean return type.

   Page 698 (Bill Detail) is deliberately absent: it is keyed on a
   specific (Tno, Sno) and is meaningless without one, so it is
   reached by clicking a bill, never from a menu. */
With Pg As (
  Select 907 Id, 'AR Command Centre'          Nm, 'Exposure, ageing, collections and the exceptions behind every number' Sub, 'fa-dashboard'              Ic From dual Union All
  Select 908,    'Party-wise Outstanding',        'One row per customer, with ageing and the contact position',           'fa-users'                  From dual Union All
  Select 909,    'Bill-wise Outstanding',         'Every open item at line level, with its source document',              'fa-list-alt'               From dual Union All
  Select 910,    'Debtor 360',                    'One customer from every angle - bills, receipts, credits, statement',  'fa-user'                   From dual Union All
  Select 911,    'Receipts and Collections',      'Cash actually received, which bank took it, how much is applied',      'fa-download'               From dual Union All
  Select 912,    'Advances and Unapplied Cash',   'Customer money already held, and the receivable it could clear',       'fa-hand-o-up'              From dual Union All
  Select 913,    'Exceptions and Controls',       'Every control, what it tests, and the records that fail it',           'fa-exclamation-triangle'   From dual Union All
  Select 914,    'Reconciliation and Data Health','The open-item register against the general-ledger control account',    'fa-balance-scale'          From dual Union All
  Select 916,    'Trend Analysis',                'How the position moved, month by month',                               'fa-line-chart'             From dual Union All
  Select 917,    'Daily Collection MIS',          'One day: position, movement, and what remains unexplained',            'fa-calendar-o'             From dual Union All
  Select 918,    'Weekly AR Review',              'Opening against closing, and the controls that failed in the week',    'fa-calendar'               From dual Union All
  Select 919,    'Monthly Management MIS',        'The nine-section management pack',                                     'fa-file-text-o'            From dual)
Select '<a class=""ds-kpi ds-kpi--link ds-kpi--teal"" href=""'
    || apex_page.get_url(
         p_page        => Pg.Id,
         p_clear_cache => to_char(Pg.Id),
         /* Page 700 is a single-day report and has no From/To pair -
            naming an item that does not exist on the target page
            fails at run time, so its filter list is built separately. */
         p_items  => Case When Pg.Id = 917
                          Then 'P917_DAY,P917_COMPANY,P917_LOCATION'
                          Else 'P'||Pg.Id||'_FROMDATE,P'||Pg.Id||'_TODATE,P'
                               ||Pg.Id||'_COMPANY,P'||Pg.Id||'_LOCATION' End,
         p_values => Case When Pg.Id = 917
                          Then :P916_TODATE ||','|| :P916_COMPANY ||','|| :P916_LOCATION
                          Else :P916_FROMDATE ||','|| :P916_TODATE ||','|| :P916_COMPA","NY ||','|| :P916_LOCATION End)
    || '""><span class=""ds-kpi-ic fa ' || Pg.Ic || '""></span>'
    || '<div class=""ds-kpi-body""><div class=""ds-kpi-t"">' || Pg.Nm || '</div>'
    || '<div class=""ds-kpi-sub"">' || Pg.Sub || '</div></div></a>' As CARD
  From Pg
 Where Pg.Id <> 916
 Order By Pg.Id","",""
917,"Daily Collection MIS","AR-DAILY-MIS",5,"Daily Collection MIS","command-header","NATIVE_SQL_REPORT","Select '<div class=""ds-ar-head"">'
    || '<div class=""ds-ar-eyebrow"">Receivables &middot; Daily MIS</div>'
    || '<h1 class=""ds-ar-title"">Daily Collection MIS</h1>'
    || '<div class=""ds-ar-sub"">Opening, movement and closing receivables for a single day, with the collection detail behind it</div>'
    || '<div class=""ds-ar-context"">'
    || '<span class=""ds-ar-chip""><span class=""fa fa-calendar-o""></span>Report day <b>' || :P917_DAY || '</b></span>'
    || '<span class=""ds-ar-chip""><span class=""fa fa-building-o""></span>Company <b>'
       || apex_escape.html(nvl((Select c.CompanyName From Company c Where c.CompanyCode = :P917_COMPANY),'All companies')) || '</b></span>'
    || '<span class=""ds-ar-chip""><span class=""fa fa-map-marker""></span>Location <b>'
       || apex_escape.html(nvl((Select l.LocationName From Location l Where l.LocationCode = :P917_LOCATION),'All locations')) || '</b></span>'
    || '</div></div>' As HEAD
  From dual","","",""
917,"Daily Collection MIS","AR-DAILY-MIS",10,"Filters","filter-bar","NATIVE_STATIC","","","",""
917,"Daily Collection MIS","AR-DAILY-MIS",20,"Daily Position","mis-summary","NATIVE_SQL_REPORT","/* Opening and closing are POSITIONS re-derived at two dates; billing,
   collection and credit notes are FLOWS inside the day. The movement
   line then reconciles the two positions against the three flows, and
   the residual is shown rather than suppressed - on this ledger it is
   rarely zero, because journals and payments to customers also move the
   control account and are not part of ""billing less collection"". */
With Sd As (
       Select PartyCode From Party
        Start With PartyCode = 'SUNDRYDEBTORS'
        Connect By Prior PartyCode = ParentCode),
     D As (Select to_date(:P917_DAY,'DD-MM-RRRR') Dy From dual),
     Pos As (
       /* Both positions in one pass: the previous day close and the
          report-day close, so they see one snapshot of the ledger. */
       Select Sum(Case When d.VoucherDate <  dd.Dy Then -d.Amount Else 0 End) OpenNet,
              Sum(Case When d.VoucherDate <= dd.Dy Then -d.Amount Else 0 End) CloseNet
         From VoucherDetail d Cross Join D dd
        Where d.AccountCode In (Select PartyCode From Sd)
          And d.VoucherDate <= dd.Dy
          And (cast(null as varchar2(100)) Is Null
               Or cast(null as varchar2(100)) = cast(null as varchar2(100)))
          And (null    Is Null Or cast(null as varchar2(100))        = null)
          And (:P917_COMPANY  Is Null Or d.CompanyCode  = :P917_COMPANY)
          And (:P917_LOCATION Is Null Or d.LocationCode = :P917_LOCATION)),
     Flow As (
       Select nvl(Sum(Case When v.DocTypeCode In ('SALE','SERVICEBILL') And d.Amount < 0
                           Then -d.Amount Else 0 End),0) Billing,
              nvl(Sum(Case When v.DocTypeCode = 'RECEIPT' And d.Amount > 0
                           Then d.Amount Else 0 End),0) Collection,
              nvl(Count(Distinct Case When v.DocTypeCode = 'RECEIPT' Then d.Tno End),0) RcptCount,
              nvl(Sum(Case When v.DocTypeCode = 'CREDITNOTE' And d.Amount > 0
                           Then d.Amount Else 0 End),0) CreditNotes,
              nvl(Sum(Case When v.DocTypeCode In ('PAYMENT','CASHPAYMENT','BANKPAYMENT') And d.Amount < 0
                           Then -d.Amount Else 0 End),0) PaidOut,
              nvl(Sum(Case When v.DocTypeCode = 'JOURNAL' Then -d.Amount Else 0 End),0) Journals
         From VoucherDetail d Join Voucher v On v.Tno = d.Tno Cross Join D dd
        Where d.AccountCode In (Select PartyCode From Sd)
          And d.VoucherDate = dd.Dy
          And (cast(null as varchar2(100)) Is Null
               Or cast(null as varchar2(100)) = cast(null as varchar2(100)))
          And (null    Is Null Or cast(null as varchar2(100))        = null)
          And (:P917_COMPANY  Is Null Or d.CompanyCode  = :P917_COMPANY)
          And (:P917_LOCATION Is Null Or d.LocationCode = :P917_LOCATION))
Select Ord, Line, Amt, Note From (
  Select 10 Ord, 'Opening AR (net) at start of day' Line, Round(p.OpenNet,2) Amt,
         'position carried in from the previous day' Note From Pos p
  Union All
  Select 20, 'Add: Billing raised today', Round(f.Billing,2),
         'SALE and SERVICEBILL debits' From Flow f
  Union All
  Select 30, 'Less: Collections received today', Round(-f.Collection,2),
         to_char(f.RcptCount,'FM999G990') || ' receipt vouchers - actual transactions, not a fall in balance' From Flow f
  Union All
  Select 40, 'Less: Credit notes issued today', Round(-f.CreditNotes,2),
         'CREDITNOTE credits' From Flow f
  Union All
  Select 50, 'Add: Payments made to customers today', Round(f.PaidOut,2),
         'PAYMENT, CASHPAYMENT and BANKPAYMENT debits - money out, but a debit on the customer' From Flow f
  Union All
  Select 60, 'Net journal and other movement', Round(f.Journals,2),
         'JOURNAL postings to the control account' From Flow f
  Union All
  Select 70, 'Closing AR (net) at end of day', Round(p.CloseNet,2),
         'position as at th","e report day' From Pos p
  Union All
  Select 80, 'Unexplained residual',
         Round(p.CloseNet - p.OpenNet - f.Billing + f.Collection + f.CreditNotes - f.PaidOut - f.Journals,2),
         'closing less opening less the movements above - anything here is a posting type this MIS does not name'
    From Pos p Cross Join Flow f
) Order By Ord","",""
917,"Daily Collection MIS","AR-DAILY-MIS",22,"What Falls Due Next","due-profile","NATIVE_SQL_REPORT","With Sd As (
       Select PartyCode From Party
        Start With PartyCode = 'SUNDRYDEBTORS'
        Connect By Prior PartyCode = ParentCode),
     D As (Select to_date(:P917_DAY,'DD-MM-RRRR') Dy From dual),
     Alc As (
       Select a.DrVoucherTno Tno, a.DrVoucherSno Sno, -Sum(a.Amount) Amt
         From DrCrAllocation a, Voucher dv, Voucher cv, D dd
        Where dv.Tno = a.DrVoucherTno And cv.Tno = a.CrVoucherTno
          And dv.VoucherDate <= dd.Dy And cv.VoucherDate <= dd.Dy
        Group By a.DrVoucherTno, a.DrVoucherSno
       Union All
       Select a.CrVoucherTno, a.CrVoucherSno, Sum(a.Amount)
         From DrCrAllocation a, Voucher dv, Voucher cv, D dd
        Where dv.Tno = a.DrVoucherTno And cv.Tno = a.CrVoucherTno
          And dv.VoucherDate <= dd.Dy And cv.VoucherDate <= dd.Dy
        Group By a.CrVoucherTno, a.CrVoucherSno),
     Al As (Select Tno, Sno, Sum(Amt) Amt From Alc Group By Tno, Sno),
     Oi As (
       Select -(d.Amount - nvl(al.Amt,0)) Recv,
              coalesce(i.DueDate, sb.DueDate, ao.BillDueDate) DueDate
         From VoucherDetail d
         Join Voucher v On v.Tno = d.Tno
         Left Join Al al On al.Tno = d.Tno And al.Sno = d.Sno
         Left Join Invoice     i  On v.ModuleCode = 'INVOICE'     And i.Tno  = v.ModuleTno
         Left Join ServiceBill sb On v.ModuleCode = 'SERVICEBILL' And sb.Tno = v.ModuleTno
         Left Join AccountOpening ao On v.VoucherNo = 'OPENING'   And ao.Tno = d.ModuleTno
         Cross Join D dd
        Where d.AccountCode In (Select PartyCode From Sd)
          And d.VoucherDate <= dd.Dy
          And (cast(null as varchar2(100)) Is Null
               Or cast(null as varchar2(100)) = cast(null as varchar2(100)))
          And (null    Is Null Or cast(null as varchar2(100))        = null)
          And (:P917_COMPANY  Is Null Or d.CompanyCode  = :P917_COMPANY)
          And (:P917_LOCATION Is Null Or d.LocationCode = :P917_LOCATION))
Select Ord, Bucket, Amt, Note From (
  Select 10 Ord, 'Overdue as at the report day' Bucket,
         Round(nvl(Sum(Case When Recv > 0 And DueDate < (Select Dy From D) Then Recv Else 0 End),0),2) Amt,
         'due date already passed' Note From Oi
  Union All
  Select 20, 'Due today',
         Round(nvl(Sum(Case When Recv > 0 And DueDate = (Select Dy From D) Then Recv Else 0 End),0),2),
         'falls due on the report day' From Oi
  Union All
  Select 30, 'Due in the next 7 days',
         Round(nvl(Sum(Case When Recv > 0 And DueDate > (Select Dy From D)
                             And DueDate <= (Select Dy From D) + 7 Then Recv Else 0 End),0),2),
         'collectable this week' From Oi
  Union All
  Select 40, 'Due in the next 30 days',
         Round(nvl(Sum(Case When Recv > 0 And DueDate > (Select Dy From D)
                             And DueDate <= (Select Dy From D) + 30 Then Recv Else 0 End),0),2),
         'collectable this month' From Oi
  Union All
  Select 50, 'Cannot be scheduled - no due date',
         Round(nvl(Sum(Case When Recv > 0 And DueDate Is Null Then Recv Else 0 End),0),2),
         'no due date on the source document, so it appears in none of the lines above' From Oi
  Union All
  Select 60, 'Unapplied customer cash',
         Round(nvl(Sum(Case When Recv < 0 Then -Recv Else 0 End),0),2),
         'money already held that could reduce the above by allocation alone' From Oi
) Order By Ord","","",""
917,"Daily Collection MIS","AR-DAILY-MIS",28,"Detail","rule-detail","NATIVE_STATIC","<div class=""ds-dash-section"">
  <h2>Collections Received Today</h2>
  <p>Every receipt posted on the report day, largest first</p>
</div>","","",""
917,"Daily Collection MIS","AR-DAILY-MIS",30,"Collections Today","collections","NATIVE_IR","With Sd As (
       Select PartyCode From Party
        Start With PartyCode = 'SUNDRYDEBTORS'
        Connect By Prior PartyCode = ParentCode),
     Bank As (
       Select Tno, AccountCode Bnk From (
         Select o.Tno, o.AccountCode,
                Row_Number() Over (Partition By o.Tno Order By o.Amount) Rn
           From VoucherDetail o
           Join Voucher bv On bv.Tno = o.Tno
          Where o.Amount < 0 And bv.DocTypeCode = 'RECEIPT'
            And o.AccountCode Not In (Select PartyCode From Sd))
        Where Rn = 1)
Select v.VoucherNo                                    As RECEIPT_NO,
       d.Tno                                          As VOUCHER_TNO,
       nvl(p.PartyName, d.AccountCode) As CUSTOMER,
       d.AccountCode                                  As PARTY_CODE,
       Round(d.Amount,2)                              As AMOUNT,
       nvl(bp.PartyName, b.Bnk)     As BANK_OR_CASH,
       v.MoneyTransferReferenceNo   As BANK_REFERENCE,
       nvl(l.LocationName, d.LocationCode) As LOCATION,
       substr(d.Narration,1,250)    As NARRATION
  From VoucherDetail d
  Join Voucher v On v.Tno = d.Tno
  Left Join Bank b On b.Tno = d.Tno
  Left Join Party bp On bp.PartyCode = b.Bnk
  Left Join Party p On p.PartyCode = d.AccountCode
  Left Join Location l On l.LocationCode = d.LocationCode
 Where d.AccountCode In (Select PartyCode From Sd)
   And v.DocTypeCode = 'RECEIPT'
   And d.VoucherDate = to_date(:P917_DAY,'DD-MM-RRRR')
   And (cast(null as varchar2(100)) Is Null
        Or cast(null as varchar2(100)) = cast(null as varchar2(100)))
   And (null    Is Null Or cast(null as varchar2(100))        = null)
   And (:P917_COMPANY  Is Null Or d.CompanyCode  = :P917_COMPANY)
   And (:P917_LOCATION Is Null Or d.LocationCode = :P917_LOCATION)","","",""
917,"Daily Collection MIS","AR-DAILY-MIS",40,"Largest Overdue Positions","top-overdue","NATIVE_SQL_REPORT","/* Capped at 20 and the cap is stated in the heading - a silently
   truncated ""top"" list reads as a complete one. */
With Sd As (
       Select PartyCode From Party
        Start With PartyCode = 'SUNDRYDEBTORS'
        Connect By Prior PartyCode = ParentCode),
     D As (Select to_date(:P917_DAY,'DD-MM-RRRR') Dy From dual),
     Alc As (
       Select a.DrVoucherTno Tno, a.DrVoucherSno Sno, -Sum(a.Amount) Amt
         From DrCrAllocation a, Voucher dv, Voucher cv, D dd
        Where dv.Tno = a.DrVoucherTno And cv.Tno = a.CrVoucherTno
          And dv.VoucherDate <= dd.Dy And cv.VoucherDate <= dd.Dy
        Group By a.DrVoucherTno, a.DrVoucherSno
       Union All
       Select a.CrVoucherTno, a.CrVoucherSno, Sum(a.Amount)
         From DrCrAllocation a, Voucher dv, Voucher cv, D dd
        Where dv.Tno = a.DrVoucherTno And cv.Tno = a.CrVoucherTno
          And dv.VoucherDate <= dd.Dy And cv.VoucherDate <= dd.Dy
        Group By a.CrVoucherTno, a.CrVoucherSno),
     Al As (Select Tno, Sno, Sum(Amt) Amt From Alc Group By Tno, Sno),
     G As (
       Select d.AccountCode Pty,
              Sum(Case When -(d.Amount - nvl(al.Amt,0)) > 0
                        And coalesce(i.DueDate, sb.DueDate, ao.BillDueDate) < (Select Dy From D)
                       Then -(d.Amount - nvl(al.Amt,0)) Else 0 End) Overdue,
              Sum(Case When -(d.Amount - nvl(al.Amt,0)) > 0
                       Then -(d.Amount - nvl(al.Amt,0)) Else 0 End) Gross,
              Sum(Case When -(d.Amount - nvl(al.Amt,0)) < 0
                       Then  (d.Amount - nvl(al.Amt,0)) Else 0 End) Credit
         From VoucherDetail d
         Join Voucher v On v.Tno = d.Tno
         Left Join Al al On al.Tno = d.Tno And al.Sno = d.Sno
         Left Join Invoice     i  On v.ModuleCode = 'INVOICE'     And i.Tno  = v.ModuleTno
         Left Join ServiceBill sb On v.ModuleCode = 'SERVICEBILL' And sb.Tno = v.ModuleTno
         Left Join AccountOpening ao On v.VoucherNo = 'OPENING'   And ao.Tno = d.ModuleTno
         Cross Join D dd
        Where d.AccountCode In (Select PartyCode From Sd)
          And d.VoucherDate <= dd.Dy
          And (cast(null as varchar2(100)) Is Null
               Or cast(null as varchar2(100)) = cast(null as varchar2(100)))
          And (null    Is Null Or cast(null as varchar2(100))        = null)
          And (:P917_COMPANY  Is Null Or d.CompanyCode  = :P917_COMPANY)
          And (:P917_LOCATION Is Null Or d.LocationCode = :P917_LOCATION)
        Group By d.AccountCode)
Select * From (
  Select apex_escape.html(nvl(p.PartyName, g.Pty)) As CUSTOMER,
         g.Pty                                     As PARTY_CODE,
         Round(g.Overdue,2)                        As OVERDUE,
         Round(g.Gross,2)                          As GROSS,
         Round(g.Credit,2)                         As CREDIT_HELD,
         Round(Least(g.Gross, g.Credit),2)         As ADJUSTABLE_NOW
    From G g Left Join Party p On p.PartyCode = g.Pty
   Where g.Overdue > 0.005
   Order By g.Overdue Desc)
 Where rownum <= 20","","",""
917,"Daily Collection MIS","AR-DAILY-MIS",900,"Go to","quick-links","NATIVE_SQL_REPORT","/* The quick-links strip: one card per sibling page in this section.
   One report ROW per card, so the report's own tbody becomes the
   grid (see `.ds-kpiwrap` in design-system.css) and the number of
   cards can vary with the reader's privileges without the layout
   caring.

   AUTHORISATION. The menu gates each entry on
   GetApexReportPrivilege, but that function returns a PL/SQL
   BOOLEAN and therefore cannot be called from SQL. Its logic is
   reproduced below against the same three tables, INCLUDING the
   hard-coded 'BOSS' bypass it carries, so a card appears only
   where the menu entry would. A reader never sees a card for a
   page they cannot open. If that function's rule changes, this
   predicate has to change with it - that duplication is the price
   of the boolean return type.

   Page 698 (Bill Detail) is deliberately absent: it is keyed on a
   specific (Tno, Sno) and is meaningless without one, so it is
   reached by clicking a bill, never from a menu. */
With Pg As (
  Select 907 Id, 'AR Command Centre'          Nm, 'Exposure, ageing, collections and the exceptions behind every number' Sub, 'fa-dashboard'              Ic From dual Union All
  Select 908,    'Party-wise Outstanding',        'One row per customer, with ageing and the contact position',           'fa-users'                  From dual Union All
  Select 909,    'Bill-wise Outstanding',         'Every open item at line level, with its source document',              'fa-list-alt'               From dual Union All
  Select 910,    'Debtor 360',                    'One customer from every angle - bills, receipts, credits, statement',  'fa-user'                   From dual Union All
  Select 911,    'Receipts and Collections',      'Cash actually received, which bank took it, how much is applied',      'fa-download'               From dual Union All
  Select 912,    'Advances and Unapplied Cash',   'Customer money already held, and the receivable it could clear',       'fa-hand-o-up'              From dual Union All
  Select 913,    'Exceptions and Controls',       'Every control, what it tests, and the records that fail it',           'fa-exclamation-triangle'   From dual Union All
  Select 914,    'Reconciliation and Data Health','The open-item register against the general-ledger control account',    'fa-balance-scale'          From dual Union All
  Select 916,    'Trend Analysis',                'How the position moved, month by month',                               'fa-line-chart'             From dual Union All
  Select 917,    'Daily Collection MIS',          'One day: position, movement, and what remains unexplained',            'fa-calendar-o'             From dual Union All
  Select 918,    'Weekly AR Review',              'Opening against closing, and the controls that failed in the week',    'fa-calendar'               From dual Union All
  Select 919,    'Monthly Management MIS',        'The nine-section management pack',                                     'fa-file-text-o'            From dual)
Select '<a class=""ds-kpi ds-kpi--link ds-kpi--teal"" href=""'
    || apex_page.get_url(
         p_page        => Pg.Id,
         p_clear_cache => to_char(Pg.Id),
         /* Page 700 is a single-day report and has no From/To pair -
            naming an item that does not exist on the target page
            fails at run time, so its filter list is built separately. */
         p_items  => Case When Pg.Id = 917
                          Then 'P917_DAY,P917_COMPANY,P917_LOCATION'
                          Else 'P'||Pg.Id||'_FROMDATE,P'||Pg.Id||'_TODATE,P'
                               ||Pg.Id||'_COMPANY,P'||Pg.Id||'_LOCATION' End,
         p_values => Case When Pg.Id = 917
                          Then :P917_DAY ||','|| :P917_COMPANY ||','|| :P917_LOCATION
                          Else :P917_DAY ||','|| :P917_DAY ||','|| :P917_COMPANY ||','|| ",":P917_LOCATION End)
    || '""><span class=""ds-kpi-ic fa ' || Pg.Ic || '""></span>'
    || '<div class=""ds-kpi-body""><div class=""ds-kpi-t"">' || Pg.Nm || '</div>'
    || '<div class=""ds-kpi-sub"">' || Pg.Sub || '</div></div></a>' As CARD
  From Pg
 Where Pg.Id <> 917
 Order By Pg.Id","",""
918,"Weekly AR Review","AR-WEEKLY-MIS",5,"Weekly AR Review","command-header","NATIVE_SQL_REPORT","Select '<div class=""ds-ar-head"">'
    || '<div class=""ds-ar-eyebrow"">Receivables &middot; Weekly MIS</div>'
    || '<h1 class=""ds-ar-title"">Weekly AR Review</h1>'
    || '<div class=""ds-ar-sub"">Opening and closing position, what moved between them, who owes most and which controls failed</div>'
    || '<div class=""ds-ar-context"">'
    || '<span class=""ds-ar-chip""><span class=""fa fa-calendar""></span>Window <b>'
       || :P918_FROMDATE || ' &rarr; ' || :P918_TODATE || '</b></span>'
    || '<span class=""ds-ar-chip""><span class=""fa fa-building-o""></span>Company <b>'
       || apex_escape.html(nvl((Select c.CompanyName From Company c Where c.CompanyCode = :P918_COMPANY),'All companies')) || '</b></span>'
    || '<span class=""ds-ar-chip""><span class=""fa fa-map-marker""></span>Location <b>'
       || apex_escape.html(nvl((Select l.LocationName From Location l Where l.LocationCode = :P918_LOCATION),'All locations')) || '</b></span>'
    || '</div></div>' As HEAD
  From dual","","",""
918,"Weekly AR Review","AR-WEEKLY-MIS",10,"Filters","filter-bar","NATIVE_STATIC","","","",""
918,"Weekly AR Review","AR-WEEKLY-MIS",20,"Position and Movement","position","NATIVE_SQL_REPORT","/* Two positions, one statement. The open-item layer is evaluated at the
   window start and the window end in a single pass by cross-joining a
   two-row date spine - so both columns see one snapshot and Movement is
   a genuine difference of positions, not a sum of transactions. */
With Sd As (
       Select PartyCode From Party
        Start With PartyCode = 'SUNDRYDEBTORS'
        Connect By Prior PartyCode = ParentCode),
     Sp As (
       Select to_date(:P918_FROMDATE,'DD-MM-RRRR') - 1 D, 'O' Tag From dual
       Union All
       Select to_date(:P918_TODATE,'DD-MM-RRRR'), 'C' From dual),
     Ln As (
       Select d.Tno, d.Sno, d.Amount Amt, d.VoucherDate Vdt,
              coalesce(i.DueDate, sb.DueDate, ao.BillDueDate) DueDate
         From VoucherDetail d
         Join Voucher v On v.Tno = d.Tno
         Left Join Invoice     i  On v.ModuleCode = 'INVOICE'     And i.Tno  = v.ModuleTno
         Left Join ServiceBill sb On v.ModuleCode = 'SERVICEBILL' And sb.Tno = v.ModuleTno
         Left Join AccountOpening ao On v.VoucherNo = 'OPENING'   And ao.Tno = d.ModuleTno
        Where d.AccountCode In (Select PartyCode From Sd)
          And (cast(null as varchar2(100)) Is Null
               Or cast(null as varchar2(100)) = cast(null as varchar2(100)))
          And (null    Is Null Or cast(null as varchar2(100))        = null)
          And (:P918_COMPANY  Is Null Or d.CompanyCode  = :P918_COMPANY)
          And (:P918_LOCATION Is Null Or d.LocationCode = :P918_LOCATION)),
     AlSp As (
       Select s.Tag, a.DrVoucherTno Tno, a.DrVoucherSno Sno, -Sum(a.Amount) Amt
         From DrCrAllocation a, Voucher dv, Voucher cv, Sp s
        Where dv.Tno = a.DrVoucherTno And cv.Tno = a.CrVoucherTno
          And dv.VoucherDate <= s.D And cv.VoucherDate <= s.D
        Group By s.Tag, a.DrVoucherTno, a.DrVoucherSno
       Union All
       Select s.Tag, a.CrVoucherTno, a.CrVoucherSno, Sum(a.Amount)
         From DrCrAllocation a, Voucher dv, Voucher cv, Sp s
        Where dv.Tno = a.DrVoucherTno And cv.Tno = a.CrVoucherTno
          And dv.VoucherDate <= s.D And cv.VoucherDate <= s.D
        Group By s.Tag, a.CrVoucherTno, a.CrVoucherSno),
     Al As (Select Tag, Tno, Sno, Sum(Amt) Amt From AlSp Group By Tag, Tno, Sno),
     P As (
       Select s.Tag, -(l.Amt - nvl(al.Amt,0)) Recv,
              Case When l.DueDate Is Null Then Null Else Greatest(s.D - l.DueDate,0) End DaysOd,
              l.DueDate
         From Ln l
         Join Sp s On l.Vdt <= s.D
         Left Join Al al On al.Tag = s.Tag And al.Tno = l.Tno And al.Sno = l.Sno),
     T As (
       Select Sum(Case When Tag='O' And Recv>0 Then Recv Else 0 End) OGross,
              Sum(Case When Tag='C' And Recv>0 Then Recv Else 0 End) CGross,
              Sum(Case When Tag='O' And Recv>0 And DaysOd>0 Then Recv Else 0 End) OOd,
              Sum(Case When Tag='C' And Recv>0 And DaysOd>0 Then Recv Else 0 End) COd,
              Sum(Case When Tag='O' And Recv>0 And DaysOd>90 Then Recv Else 0 End) O90,
              Sum(Case When Tag='C' And Recv>0 And DaysOd>90 Then Recv Else 0 End) C90,
              Sum(Case When Tag='O' And Recv>0 And DaysOd>180 Then Recv Else 0 End) O180,
              Sum(Case When Tag='C' And Recv>0 And DaysOd>180 Then Recv Else 0 End) C180,
              Sum(Case When Tag='O' And Recv>0 And DueDate Is Null Then Recv Else 0 End) ONoAge,
              Sum(Case When Tag='C' And Recv>0 And DueDate Is Null Then Recv Else 0 End) CNoAge,
              Sum(Case When Tag='O' And Recv<0 Then -Recv Else 0 End) OCred,
              Sum(Case When Tag='C' And Recv<0 Then -Recv Else 0 End) CCred,
              Sum(Case When Tag='O' Then Recv Else 0 End) ONet,
              Sum(Case When Tag='C' Then Recv Else 0 End) CNet
         From P),
     F As (
       Select nvl(Sum(Case When v.DocTypeCode In ('SALE','SERVICEBILL') And d.Amount<0
                           Then -d.Am","ount Else 0 End),0) Billing,
              nvl(Sum(Case When v.DocTypeCode='RECEIPT' And d.Amount>0 Then d.Amount Else 0 End),0) Coll,
              nvl(Sum(Case When v.DocTypeCode='CREDITNOTE' And d.Amount>0 Then d.Amount Else 0 End),0) CN
         From VoucherDetail d Join Voucher v On v.Tno=d.Tno
        Where d.AccountCode In (Select PartyCode From Sd)
          And d.VoucherDate >= to_date(:P918_FROMDATE,'DD-MM-RRRR')
          And d.VoucherDate <  to_date(:P918_TODATE,'DD-MM-RRRR') + 1
          And (cast(null as varchar2(100)) Is Null
               Or cast(null as varchar2(100)) = cast(null as varchar2(100)))
          And (null    Is Null Or cast(null as varchar2(100))        = null)
          And (:P918_COMPANY  Is Null Or d.CompanyCode  = :P918_COMPANY)
          And (:P918_LOCATION Is Null Or d.LocationCode = :P918_LOCATION))
Select Ord, Measure, Opening, Closing, Movement, Note From (
  Select 10 Ord,'Gross Outstanding' Measure, Round(t.OGross,2) Opening, Round(t.CGross,2) Closing,
         Round(t.CGross-t.OGross,2) Movement, 'open debit items' Note From T t
  Union All Select 20,'Total Overdue', Round(t.OOd,2), Round(t.COd,2), Round(t.COd-t.OOd,2),
         'past due date' From T t
  Union All Select 30,'90+ Days', Round(t.O90,2), Round(t.C90,2), Round(t.C90-t.O90,2),
         'over 90 days past due' From T t
  Union All Select 40,'180+ Days', Round(t.O180,2), Round(t.C180,2), Round(t.C180-t.O180,2),
         'over 180 days past due' From T t
  Union All Select 50,'Cannot Age (no due date)', Round(t.ONoAge,2), Round(t.CNoAge,2),
         Round(t.CNoAge-t.ONoAge,2), 'no due date on the source document' From T t
  Union All Select 60,'Customer Credits Held', Round(t.OCred,2), Round(t.CCred,2),
         Round(t.CCred-t.OCred,2), 'advances, unapplied cash and contra' From T t
  Union All Select 70,'Net Customer Exposure', Round(t.ONet,2), Round(t.CNet,2),
         Round(t.CNet-t.ONet,2), 'gross less credits - ties to the GL control account' From T t
  Union All Select 80,'Billing in the window', To_Number(Null), To_Number(Null), Round(f.Billing,2),
         'SALE and SERVICEBILL debits - a flow, not a position' From F f
  Union All Select 90,'Collections in the window', To_Number(Null), To_Number(Null), Round(f.Coll,2),
         'actual RECEIPT transactions' From F f
  Union All Select 100,'Credit notes in the window', To_Number(Null), To_Number(Null), Round(f.CN,2),
         'CREDITNOTE credits' From F f
  Union All Select 110,'Collection against opening receivable',
         To_Number(Null), To_Number(Null),
         Round(Case When t.OGross > 0 Then 100 * f.Coll / t.OGross End,1),
         'collections as a % of what was open at the start - not of billing, which would flatter a light week'
    From T t Cross Join F f
) Order By Ord","",""
918,"Weekly AR Review","AR-WEEKLY-MIS",28,"Actions","rule-actions","NATIVE_STATIC","<div class=""ds-dash-section"">
  <h2>Where to Act</h2>
  <p>The twenty largest exposures, and the controls that failed this week</p>
</div>","","",""
918,"Weekly AR Review","AR-WEEKLY-MIS",30,"Largest Exposures","top-debtors","NATIVE_SQL_REPORT","/* Top 20, and the cap is in the heading. Adjustable Now is carried
   alongside the exposure because for many of these customers the fastest
   reduction is an allocation, not a phone call. */
With Sd As (
       Select PartyCode From Party
        Start With PartyCode = 'SUNDRYDEBTORS'
        Connect By Prior PartyCode = ParentCode),
     Asof As (Select to_date(:P918_TODATE,'DD-MM-RRRR') D From dual),
     Alc As (
       Select a.DrVoucherTno Tno, a.DrVoucherSno Sno, -Sum(a.Amount) Amt
         From DrCrAllocation a, Voucher dv, Voucher cv, Asof
        Where dv.Tno = a.DrVoucherTno And cv.Tno = a.CrVoucherTno
          And dv.VoucherDate <= Asof.D And cv.VoucherDate <= Asof.D
        Group By a.DrVoucherTno, a.DrVoucherSno
       Union All
       Select a.CrVoucherTno, a.CrVoucherSno, Sum(a.Amount)
         From DrCrAllocation a, Voucher dv, Voucher cv, Asof
        Where dv.Tno = a.DrVoucherTno And cv.Tno = a.CrVoucherTno
          And dv.VoucherDate <= Asof.D And cv.VoucherDate <= Asof.D
        Group By a.CrVoucherTno, a.CrVoucherSno),
     Al As (Select Tno, Sno, Sum(Amt) Amt From Alc Group By Tno, Sno),
     Rc As (
       Select d.AccountCode Pty, Sum(d.Amount) Amt
         From VoucherDetail d Join Voucher v On v.Tno = d.Tno
        Where d.AccountCode In (Select PartyCode From Sd) And v.DocTypeCode = 'RECEIPT'
          And d.VoucherDate >= to_date(:P918_FROMDATE,'DD-MM-RRRR')
          And d.VoucherDate <  to_date(:P918_TODATE,'DD-MM-RRRR') + 1
        Group By d.AccountCode),
     G As (
       Select d.AccountCode Pty,
              Sum(Case When -(d.Amount-nvl(al.Amt,0))>0 Then -(d.Amount-nvl(al.Amt,0)) Else 0 End) Gross,
              Sum(Case When -(d.Amount-nvl(al.Amt,0))<0 Then  (d.Amount-nvl(al.Amt,0)) Else 0 End) Cred,
              Sum(Case When -(d.Amount-nvl(al.Amt,0))>0
                        And coalesce(i.DueDate, sb.DueDate, ao.BillDueDate) < (Select D From Asof)
                       Then -(d.Amount-nvl(al.Amt,0)) Else 0 End) Overdue
         From VoucherDetail d
         Join Voucher v On v.Tno = d.Tno
         Left Join Al al On al.Tno = d.Tno And al.Sno = d.Sno
         Left Join Invoice     i  On v.ModuleCode = 'INVOICE'     And i.Tno  = v.ModuleTno
         Left Join ServiceBill sb On v.ModuleCode = 'SERVICEBILL' And sb.Tno = v.ModuleTno
         Left Join AccountOpening ao On v.VoucherNo = 'OPENING'   And ao.Tno = d.ModuleTno
         Cross Join Asof
        Where d.AccountCode In (Select PartyCode From Sd)
          And d.VoucherDate <= Asof.D
          And (cast(null as varchar2(100)) Is Null
               Or cast(null as varchar2(100)) = cast(null as varchar2(100)))
          And (null    Is Null Or cast(null as varchar2(100))        = null)
          And (:P918_COMPANY  Is Null Or d.CompanyCode  = :P918_COMPANY)
          And (:P918_LOCATION Is Null Or d.LocationCode = :P918_LOCATION)
        Group By d.AccountCode)
Select * From (
  Select apex_escape.html(nvl(p.PartyName, g.Pty)) As CUSTOMER,
         g.Pty                                     As PARTY_CODE,
         Round(g.Gross,2)                          As GROSS,
         Round(g.Overdue,2)                        As OVERDUE,
         Round(g.Cred,2)                           As CREDIT_HELD,
         Round(g.Gross-g.Cred,2)                   As NET_EXPOSURE,
         Round(Least(g.Gross,g.Cred),2)            As ADJUSTABLE_NOW,
         Round(nvl(rc.Amt,0),2)                    As COLLECTED_THIS_WEEK
    From G g
    Left Join Party p On p.PartyCode = g.Pty
    Left Join Rc rc On rc.Pty = g.Pty
   Where g.Gross > 0.005
   Order By g.Gross - g.Cred Desc)
 Where rownum <= 20","","",""
918,"Weekly AR Review","AR-WEEKLY-MIS",40,"Control Failures","control-failures","NATIVE_SQL_REPORT","/* The same control predicates as page 696, evaluated at the window end.
   Only controls that actually fired are listed; the full matrix with
   its PASS and DATA MISSING rows lives on 696. */
With Sd As (
       Select PartyCode From Party
        Start With PartyCode = 'SUNDRYDEBTORS'
        Connect By Prior PartyCode = ParentCode),
     Asof As (Select to_date(:P918_TODATE,'DD-MM-RRRR') D From dual),
     Alc As (
       Select a.DrVoucherTno Tno, a.DrVoucherSno Sno, -Sum(a.Amount) Amt
         From DrCrAllocation a, Voucher dv, Voucher cv, Asof
        Where dv.Tno = a.DrVoucherTno And cv.Tno = a.CrVoucherTno
          And dv.VoucherDate <= Asof.D And cv.VoucherDate <= Asof.D
        Group By a.DrVoucherTno, a.DrVoucherSno
       Union All
       Select a.CrVoucherTno, a.CrVoucherSno, Sum(a.Amount)
         From DrCrAllocation a, Voucher dv, Voucher cv, Asof
        Where dv.Tno = a.DrVoucherTno And cv.Tno = a.CrVoucherTno
          And dv.VoucherDate <= Asof.D And cv.VoucherDate <= Asof.D
        Group By a.CrVoucherTno, a.CrVoucherSno),
     Al As (Select Tno, Sno, Sum(Amt) Amt From Alc Group By Tno, Sno),
     Oi As (
       Select d.CompanyCode Cmp, cast(null as varchar2(100)) Pnl, d.LocationCode Loc, d.VoucherDate Vdt,
              v.VoucherNo Vno, v.DocTypeCode Dtc,
              -(d.Amount - nvl(al.Amt,0)) Recv,
              coalesce(i.DueDate, sb.DueDate, ao.BillDueDate) DueDate,
              ao.BillDate AoBillDate
         From VoucherDetail d
         Join Voucher v On v.Tno = d.Tno
         Left Join Al al On al.Tno = d.Tno And al.Sno = d.Sno
         Left Join Invoice     i  On v.ModuleCode = 'INVOICE'     And i.Tno  = v.ModuleTno
         Left Join ServiceBill sb On v.ModuleCode = 'SERVICEBILL' And sb.Tno = v.ModuleTno
         Left Join AccountOpening ao On v.VoucherNo = 'OPENING'   And ao.Tno = d.ModuleTno
         Cross Join Asof
        Where d.AccountCode In (Select PartyCode From Sd)
          And d.VoucherDate <= Asof.D
          And (cast(null as varchar2(100)) Is Null
               Or cast(null as varchar2(100)) = cast(null as varchar2(100)))
          And (null    Is Null Or cast(null as varchar2(100))        = null)
          And (:P918_COMPANY  Is Null Or d.CompanyCode  = :P918_COMPANY)
          And (:P918_LOCATION Is Null Or d.LocationCode = :P918_LOCATION))
Select Code, Nm, Items, Round(Expo,2) Expo, Sev From (
  Select 'AR-B02' Code,'Open receivable that cannot be aged' Nm,'High' Sev,
         Count(*) Items, Sum(Abs(Recv)) Expo
    From Oi Where Recv > 0.005 And DueDate Is Null Having Count(*) > 0
  Union All Select 'AR-R03','Receipt cash unapplied over 90 days','Critical', Count(*), Sum(-Recv)
    From Oi Cross Join Asof Where Dtc='RECEIPT' And Recv < -0.005 And Asof.D - Vdt > 90 Having Count(*) > 0
  Union All Select 'AR-O01','Opening item, original bill date lost','High', Count(*), Sum(Abs(Recv))
    From Oi Where Vno='OPENING' And AoBillDate Is Null And Abs(Recv) > 0.005 Having Count(*) > 0
  Union All Select 'AR-M01','AR posted with incomplete business scope','Critical', Count(*), Sum(Abs(Recv))
    From Oi Where Cmp Is Null Or Loc Is Null Having Count(*) > 0
  Union All Select 'AR-M02','AR on a location marked DO NOT USE','High', Count(*), Sum(Abs(o.Recv))
    From Oi o Join Location l On l.LocationCode = o.Loc
   Where upper(l.LocationName) Like '%DO NOT USE%' And Abs(o.Recv) > 0.005 Having Count(*) > 0
  Union All Select 'AR-A05','Orphan allocation (voucher deleted)','Critical', Count(*), Sum(a.Amount)
    From DrCrAllocation a
   Where Not Exists (Select 1 From Voucher v Where v.Tno = a.DrVoucherTno)
      Or Not Exists (Select 1 From Voucher v Where v.Tno = a.CrVoucherTno)
  Having Count(*) > 0
) Order By Case Sev When 'Critical' Then 1 Else 2 End, Code","","",""
918,"Weekly AR Review","AR-WEEKLY-MIS",900,"Go to","quick-links","NATIVE_SQL_REPORT","/* The quick-links strip: one card per sibling page in this section.
   One report ROW per card, so the report's own tbody becomes the
   grid (see `.ds-kpiwrap` in design-system.css) and the number of
   cards can vary with the reader's privileges without the layout
   caring.

   AUTHORISATION. The menu gates each entry on
   GetApexReportPrivilege, but that function returns a PL/SQL
   BOOLEAN and therefore cannot be called from SQL. Its logic is
   reproduced below against the same three tables, INCLUDING the
   hard-coded 'BOSS' bypass it carries, so a card appears only
   where the menu entry would. A reader never sees a card for a
   page they cannot open. If that function's rule changes, this
   predicate has to change with it - that duplication is the price
   of the boolean return type.

   Page 698 (Bill Detail) is deliberately absent: it is keyed on a
   specific (Tno, Sno) and is meaningless without one, so it is
   reached by clicking a bill, never from a menu. */
With Pg As (
  Select 907 Id, 'AR Command Centre'          Nm, 'Exposure, ageing, collections and the exceptions behind every number' Sub, 'fa-dashboard'              Ic From dual Union All
  Select 908,    'Party-wise Outstanding',        'One row per customer, with ageing and the contact position',           'fa-users'                  From dual Union All
  Select 909,    'Bill-wise Outstanding',         'Every open item at line level, with its source document',              'fa-list-alt'               From dual Union All
  Select 910,    'Debtor 360',                    'One customer from every angle - bills, receipts, credits, statement',  'fa-user'                   From dual Union All
  Select 911,    'Receipts and Collections',      'Cash actually received, which bank took it, how much is applied',      'fa-download'               From dual Union All
  Select 912,    'Advances and Unapplied Cash',   'Customer money already held, and the receivable it could clear',       'fa-hand-o-up'              From dual Union All
  Select 913,    'Exceptions and Controls',       'Every control, what it tests, and the records that fail it',           'fa-exclamation-triangle'   From dual Union All
  Select 914,    'Reconciliation and Data Health','The open-item register against the general-ledger control account',    'fa-balance-scale'          From dual Union All
  Select 916,    'Trend Analysis',                'How the position moved, month by month',                               'fa-line-chart'             From dual Union All
  Select 917,    'Daily Collection MIS',          'One day: position, movement, and what remains unexplained',            'fa-calendar-o'             From dual Union All
  Select 918,    'Weekly AR Review',              'Opening against closing, and the controls that failed in the week',    'fa-calendar'               From dual Union All
  Select 919,    'Monthly Management MIS',        'The nine-section management pack',                                     'fa-file-text-o'            From dual)
Select '<a class=""ds-kpi ds-kpi--link ds-kpi--teal"" href=""'
    || apex_page.get_url(
         p_page        => Pg.Id,
         p_clear_cache => to_char(Pg.Id),
         /* Page 700 is a single-day report and has no From/To pair -
            naming an item that does not exist on the target page
            fails at run time, so its filter list is built separately. */
         p_items  => Case When Pg.Id = 917
                          Then 'P917_DAY,P917_COMPANY,P917_LOCATION'
                          Else 'P'||Pg.Id||'_FROMDATE,P'||Pg.Id||'_TODATE,P'
                               ||Pg.Id||'_COMPANY,P'||Pg.Id||'_LOCATION' End,
         p_values => Case When Pg.Id = 917
                          Then :P918_TODATE ||','|| :P918_COMPANY ||','|| :P918_LOCATION
                          Else :P918_FROMDATE ||','|| :P918_TODATE ||','|| :P918_COMPA","NY ||','|| :P918_LOCATION End)
    || '""><span class=""ds-kpi-ic fa ' || Pg.Ic || '""></span>'
    || '<div class=""ds-kpi-body""><div class=""ds-kpi-t"">' || Pg.Nm || '</div>'
    || '<div class=""ds-kpi-sub"">' || Pg.Sub || '</div></div></a>' As CARD
  From Pg
 Where Pg.Id <> 918
 Order By Pg.Id","",""
919,"Monthly AR Management MIS","AR-MONTHLY-MIS",5,"Monthly AR Management MIS","command-header","NATIVE_SQL_REPORT","Select '<div class=""ds-ar-head"">'
    || '<div class=""ds-ar-eyebrow"">Receivables &middot; Monthly Management MIS</div>'
    || '<h1 class=""ds-ar-title"">Monthly AR Management MIS</h1>'
    || '<div class=""ds-ar-sub"">Nine sections, every line carrying its own basis, reconciled to the general ledger at the foot</div>'
    || '<div class=""ds-ar-context"">'
    || '<span class=""ds-ar-chip""><span class=""fa fa-calendar""></span>Period <b>'
       || :P919_FROMDATE || ' &rarr; ' || :P919_TODATE || '</b></span>'
    || '<span class=""ds-ar-chip""><span class=""fa fa-crosshairs""></span>Positions as at <b>' || :P919_TODATE || '</b></span>'
    || '<span class=""ds-ar-chip""><span class=""fa fa-building-o""></span>Company <b>'
       || apex_escape.html(nvl((Select c.CompanyName From Company c Where c.CompanyCode = :P919_COMPANY),'All companies')) || '</b></span>'
    || '<span class=""ds-ar-chip""><span class=""fa fa-map-marker""></span>Location <b>'
       || apex_escape.html(nvl((Select l.LocationName From Location l Where l.LocationCode = :P919_LOCATION),'All locations')) || '</b></span>'
    || '</div></div>' As HEAD
  From dual","","",""
919,"Monthly AR Management MIS","AR-MONTHLY-MIS",10,"Filters","filter-bar","NATIVE_STATIC","","","",""
919,"Monthly AR Management MIS","AR-MONTHLY-MIS",20,"Management Pack","pack","NATIVE_SQL_REPORT","/* THE WHOLE PACK FROM ONE EVALUATION OF THE CANONICAL LAYER.
   Nine sections, all derived from a single pass so no two lines can
   disagree with each other. Lines whose input does not exist in this
   ERP are emitted with a null value and an explicit basis - never as a
   zero, which a reader would take for a measured result. */
With Sd As (
       Select PartyCode From Party
        Start With PartyCode = 'SUNDRYDEBTORS'
        Connect By Prior PartyCode = ParentCode),
     Asof As (Select to_date(:P919_TODATE,'DD-MM-RRRR') D From dual),
     Alc As (
       Select a.DrVoucherTno Tno, a.DrVoucherSno Sno, -Sum(a.Amount) Amt
         From DrCrAllocation a, Voucher dv, Voucher cv, Asof
        Where dv.Tno = a.DrVoucherTno And cv.Tno = a.CrVoucherTno
          And dv.VoucherDate <= Asof.D And cv.VoucherDate <= Asof.D
        Group By a.DrVoucherTno, a.DrVoucherSno
       Union All
       Select a.CrVoucherTno, a.CrVoucherSno, Sum(a.Amount)
         From DrCrAllocation a, Voucher dv, Voucher cv, Asof
        Where dv.Tno = a.DrVoucherTno And cv.Tno = a.CrVoucherTno
          And dv.VoucherDate <= Asof.D And cv.VoucherDate <= Asof.D
        Group By a.CrVoucherTno, a.CrVoucherSno),
     Al As (Select Tno, Sno, Sum(Amt) Amt From Alc Group By Tno, Sno),
     Oi As (
       Select d.AccountCode Pty, d.CompanyCode Cmp, d.VoucherDate Vdt, cast(null as varchar2(100)) Pnl, d.LocationCode Loc,
              v.VoucherNo Vno, v.DocTypeCode Dtc, v.ModuleCode Mc,
              -(d.Amount - nvl(al.Amt,0)) Recv,
              -d.Amount Gl,
              coalesce(i.DueDate, sb.DueDate, ao.BillDueDate) DueDate,
              coalesce(i.InvoiceDate, ao.BillDate, d.VoucherDate) DocDate,
              ao.BillDate AoBillDate
         From VoucherDetail d
         Join Voucher v On v.Tno = d.Tno
         Left Join Al al On al.Tno = d.Tno And al.Sno = d.Sno
         Left Join Invoice     i  On v.ModuleCode = 'INVOICE'     And i.Tno  = v.ModuleTno
         Left Join ServiceBill sb On v.ModuleCode = 'SERVICEBILL' And sb.Tno = v.ModuleTno
         Left Join AccountOpening ao On v.VoucherNo = 'OPENING'   And ao.Tno = d.ModuleTno
         Cross Join Asof
        Where d.AccountCode In (Select PartyCode From Sd)
          And d.VoucherDate <= Asof.D
          And (cast(null as varchar2(100)) Is Null
               Or cast(null as varchar2(100)) = cast(null as varchar2(100)))
          And (null    Is Null Or cast(null as varchar2(100))        = null)
          And (:P919_COMPANY  Is Null Or d.CompanyCode  = :P919_COMPANY)
          And (:P919_LOCATION Is Null Or d.LocationCode = :P919_LOCATION)),
     T As (
       Select nvl(Sum(Case When Recv>0 Then Recv Else 0 End),0) Gross,
              nvl(Sum(Case When Recv<0 Then -Recv Else 0 End),0) Cred,
              nvl(Sum(Recv),0) Net,
              nvl(Sum(Gl),0) GlNet,
              nvl(Sum(Case When Recv>0 And DueDate>=(Select D From Asof) Then Recv Else 0 End),0) NotDue,
              nvl(Sum(Case When Recv>0 And DueDate<(Select D From Asof) Then Recv Else 0 End),0) Overdue,
              nvl(Sum(Case When Recv>0 And DueDate Is Null Then Recv Else 0 End),0) NoAge,
              nvl(Sum(Case When Recv>0 And (Select D From Asof)-DocDate<=30 Then Recv Else 0 End),0) A30,
              nvl(Sum(Case When Recv>0 And (Select D From Asof)-DocDate>30
                            And (Select D From Asof)-DocDate<=90 Then Recv Else 0 End),0) A90,
              nvl(Sum(Case When Recv>0 And (Select D From Asof)-DocDate>90
                            And (Select D From Asof)-DocDate<=180 Then Recv Else 0 End),0) A180,
              nvl(Sum(Case When Recv>0 And (Select D From Asof)-DocDate>180 Then Recv Else 0 End),0) A180P,
              nvl(Sum(Case When Recv<0 And Dtc='RECEIPT' Then -Recv Else 0 End),0) Unapp,
              nvl(Sum(Case When Recv<0 And Dtc='RECEIPT'
                            And (Select D From Asof)","-Vdt>90 Then -Recv Else 0 End),0) Unapp90,
              nvl(Sum(Case When Recv<0 And Mc='PBPASS' Then -Recv Else 0 End),0) Contra,
              Count(Distinct Case When Recv<>0 Then Pty End) ActPty,
              Count(Distinct Case When Recv>0 And DueDate<(Select D From Asof) Then Pty End) OdPty,
              nvl(Sum(Case When Recv>0 And DueDate Is Not Null
                       Then Recv * Greatest((Select D From Asof)-DueDate,0) End),0) WSum,
              nvl(Sum(Case When Recv>0 And DueDate Is Not Null Then Recv End),0) WBase
         From Oi),
     Pty As (
       Select Pty, Sum(Case When Recv>0 Then Recv Else 0 End) Dr,
                   Sum(Case When Recv<0 Then -Recv Else 0 End) Cr
         From Oi Group By Pty),
     Conc As (
       Select nvl(Sum(Dr),0) Top10 From (
         Select Dr From Pty Where Dr>0.005 Order By Dr Desc Fetch First 10 Rows Only)),
     Both As (Select Count(*) N, nvl(Sum(Least(Dr,Cr)),0) Adj From Pty Where Dr>0.005 And Cr>0.005),
     F As (
       Select nvl(Sum(Case When v.DocTypeCode In ('SALE','SERVICEBILL') And d.Amount<0
                           Then -d.Amount Else 0 End),0) Billing,
              nvl(Sum(Case When v.DocTypeCode='RECEIPT' And d.Amount>0 Then d.Amount Else 0 End),0) Coll,
              nvl(Count(Distinct Case When v.DocTypeCode='RECEIPT' Then d.Tno End),0) RcptN,
              nvl(Sum(Case When v.DocTypeCode='CREDITNOTE' And d.Amount>0 Then d.Amount Else 0 End),0) CN
         From VoucherDetail d Join Voucher v On v.Tno=d.Tno
        Where d.AccountCode In (Select PartyCode From Sd)
          And d.VoucherDate >= to_date(:P919_FROMDATE,'DD-MM-RRRR')
          And d.VoucherDate <  to_date(:P919_TODATE,'DD-MM-RRRR') + 1
          And (cast(null as varchar2(100)) Is Null
               Or cast(null as varchar2(100)) = cast(null as varchar2(100)))
          And (null    Is Null Or cast(null as varchar2(100))        = null)
          And (:P919_COMPANY  Is Null Or d.CompanyCode  = :P919_COMPANY)
          And (:P919_LOCATION Is Null Or d.LocationCode = :P919_LOCATION)),
     Ex As (
       Select (Select Count(*) From Oi Where Recv>0.005 And DueDate Is Null) NoDueN,
              (Select Count(*) From Oi o Cross Join Asof
                Where o.Dtc='RECEIPT' And o.Recv<-0.005 And Asof.D-o.Vdt>90) Unapp90N,
              (Select Count(*) From Oi Where Vno='OPENING' And AoBillDate Is Null And Abs(Recv)>0.005) OpenN,
              (Select Count(*) From Oi Where Cmp Is Null Or Loc Is Null) ScopeN,
              (Select Count(*) From DrCrAllocation a
                Where Not Exists (Select 1 From Voucher v Where v.Tno=a.DrVoucherTno)
                   Or Not Exists (Select 1 From Voucher v Where v.Tno=a.CrVoucherTno)) OrphanN
         From dual)
Select Ord, Section, Line, Amt, Basis From (
  Select 100 Ord,'1. Executive Summary' Section,'Gross Outstanding' Line, Round(t.Gross,2) Amt,
         'open debit items as at ' || :P919_TODATE Basis From T t
  Union All Select 110,'1. Executive Summary','Customer Credits Held', Round(t.Cred,2),
         'advances, unapplied cash, credit notes and contra purchases' From T t
  Union All Select 120,'1. Executive Summary','Net Customer Exposure', Round(t.Net,2),
         'gross less credits - the figure that ties to the GL' From T t
  Union All Select 130,'1. Executive Summary','Active debtors', t.ActPty,
         'customers with a non-zero position' From T t
  Union All Select 200,'2. Ageing','Not yet due', Round(t.NotDue,2),
         'due date on or after the As-of Date' From T t
  Union All Select 210,'2. Ageing','Overdue', Round(t.Overdue,2),
         'due date already passed' From T t
  Union All Select 220,'2. Ageing','Cannot age - no due date', Round(t.NoAge,2),
         'no due date on the source document; ERP holds no credit terms to derive one' From T t
  Union All Select 230,'2. Ageing','Weighted days overdue',
         Round","(t.WSum / Nullif(t.WBase,0),0),
         'weighted by amount, over items that carry a due date only' From T t
  Union All Select 240,'2. Ageing','Age 0-30 (document basis)', Round(t.A30,2),
         'document-date basis, which ages every item' From T t
  Union All Select 250,'2. Ageing','Age 31-90 (document basis)', Round(t.A90,2), 'as above' From T t
  Union All Select 260,'2. Ageing','Age 91-180 (document basis)', Round(t.A180,2), 'as above' From T t
  Union All Select 270,'2. Ageing','Age over 180 (document basis)', Round(t.A180P,2), 'as above' From T t
  Union All Select 300,'3. Collections','Billing in the period', Round(f.Billing,2),
         'SALE and SERVICEBILL debits' From F f
  Union All Select 310,'3. Collections','Collections in the period', Round(f.Coll,2),
         to_char(f.RcptN,'FM999G990') || ' receipt vouchers - actual transactions' From F f
  Union All Select 320,'3. Collections','Credit notes in the period', Round(f.CN,2),
         'CREDITNOTE credits' From F f
  Union All Select 330,'3. Collections','Collection against opening gross',
         Round(Case When t.Gross>0 Then 100*f.Coll/t.Gross End,1),
         'per cent - collections measured against receivable, not against billing' From T t Cross Join F f
  Union All Select 400,'4. Debtor Exposure','Top 10 concentration', Round(c.Top10,2),
         'gross receivable held by the ten largest debtors' From Conc c
  Union All Select 410,'4. Debtor Exposure','Top 10 as a share of gross',
         Round(Case When t.Gross>0 Then 100*c.Top10/t.Gross End,1),
         'per cent' From T t Cross Join Conc c
  Union All Select 420,'4. Debtor Exposure','Debtors overdue', t.OdPty,
         'customers with at least one overdue item' From T t
  Union All Select 500,'5. Advances','Unapplied receipt cash', Round(t.Unapp,2),
         'cash received and never applied to a bill' From T t
  Union All Select 510,'5. Advances','Unapplied over 90 days', Round(t.Unapp90,2),
         'control AR-R03' From T t
  Union All Select 520,'5. Advances','Contra purchase credits', Round(t.Contra,2),
         'purchases from a party who is also a customer - NOT a customer advance' From T t
  Union All Select 530,'5. Advances','Customers holding AR and credit', b.N,
         'both positions open at once' From Both b
  Union All Select 540,'5. Advances','Immediately adjustable', Round(b.Adj,2),
         'clearable by allocation alone, with no collection effort' From Both b
  Union All Select 600,'6. Risk','Credit limit exceeded', To_Number(Null),
         'NOT MEASURABLE - Party.CreditAmount is greater than zero on 0 of 954 debtor accounts' From dual
  Union All Select 610,'6. Risk','Credit utilisation %', To_Number(Null),
         'NOT MEASURABLE - no credit limit exists to measure utilisation against' From dual
  Union All Select 620,'6. Risk','Receivable with no due date, as a share of gross',
         Round(Case When t.Gross>0 Then 100*t.NoAge/t.Gross End,1),
         'per cent - the share of exposure that cannot be scheduled for collection' From T t
  Union All Select 917,'7. Reconciliation','AR analytical balance', Round(t.Net,2),
         'open-item register with allocation logic' From T t
  Union All Select 922,'7. Reconciliation','GL control (SUNDRYDEBTORS)', Round(t.GlNet,2),
         'signed VoucherDetail sum, no allocation logic' From T t
  Union All Select 932,'7. Reconciliation','Difference', Round(t.Net-t.GlNet,2),
         Case When Abs(t.Net-t.GlNet)<0.005 Then 'RECONCILED at full precision'
              Else 'OUT OF BALANCE - investigate on page 697' End From T t
  Union All Select 800,'8. Exceptions','Open receivable that cannot be aged', e.NoDueN,
         'items - control AR-B02' From Ex e
  Union All Select 810,'8. Exceptions','Receipt cash unapplied over 90 days', e.Unapp90N,
         'items - control AR-R03' From Ex e
  Union All Select 820,'8. Exceptions','Opening items"," with no original bill date', e.OpenN,
         'items - control AR-O01' From Ex e
  Union All Select 830,'8. Exceptions','AR posted with incomplete business scope', e.ScopeN,
         'items - control AR-M01' From Ex e
  Union All Select 840,'8. Exceptions','Orphan allocations', e.OrphanN,
         'rows - control AR-A05, excluded from the analytical balance above' From Ex e
  Union All Select 900,'9. Management Actions','Apply the unapplied cash', Round(t.Unapp90,2),
         'AR-R03 - the single largest self-help item; reduces both sides of the ledger' From T t
  Union All Select 910,'9. Management Actions','Allocate against customers holding both', Round(b.Adj,2),
         'AR-C02 - clears receivable with no collection effort' From Both b
  Union All Select 920,'9. Management Actions','Obtain due dates for unaged receivable', Round(t.NoAge,2),
         'AR-B02 - until then this exposure cannot be scheduled or chased' From T t
) Order By Ord"
919,"Monthly AR Management MIS","AR-MONTHLY-MIS",30,"Position by Company and Location","by-company","NATIVE_SQL_REPORT","With Sd As (
       Select PartyCode From Party
        Start With PartyCode = 'SUNDRYDEBTORS'
        Connect By Prior PartyCode = ParentCode),
     Asof As (Select to_date(:P919_TODATE,'DD-MM-RRRR') D From dual),
     Alc As (
       Select a.DrVoucherTno Tno, a.DrVoucherSno Sno, -Sum(a.Amount) Amt
         From DrCrAllocation a, Voucher dv, Voucher cv, Asof
        Where dv.Tno = a.DrVoucherTno And cv.Tno = a.CrVoucherTno
          And dv.VoucherDate <= Asof.D And cv.VoucherDate <= Asof.D
        Group By a.DrVoucherTno, a.DrVoucherSno
       Union All
       Select a.CrVoucherTno, a.CrVoucherSno, Sum(a.Amount)
         From DrCrAllocation a, Voucher dv, Voucher cv, Asof
        Where dv.Tno = a.DrVoucherTno And cv.Tno = a.CrVoucherTno
          And dv.VoucherDate <= Asof.D And cv.VoucherDate <= Asof.D
        Group By a.CrVoucherTno, a.CrVoucherSno),
     Al As (Select Tno, Sno, Sum(Amt) Amt From Alc Group By Tno, Sno)
Select apex_escape.html(nvl(c.CompanyName, d.CompanyCode))   As COMPANY,
       apex_escape.html(nvl(l.LocationName, d.LocationCode)) As LOCATION,
       Round(Sum(Case When -(d.Amount-nvl(al.Amt,0))>0
                      Then -(d.Amount-nvl(al.Amt,0)) Else 0 End),2) As GROSS,
       Round(Sum(Case When -(d.Amount-nvl(al.Amt,0))<0
                      Then  (d.Amount-nvl(al.Amt,0)) Else 0 End),2) As CREDIT_HELD,
       Round(Sum(-(d.Amount-nvl(al.Amt,0))),2)                      As NET_EXPOSURE,
       Round(Sum(-d.Amount),2)                                      As GL_CONTROL,
       Round(Sum(-(d.Amount-nvl(al.Amt,0))) - Sum(-d.Amount),2)     As DIFFERENCE
  From VoucherDetail d
  Left Join Al al On al.Tno = d.Tno And al.Sno = d.Sno
  Left Join Company c On c.CompanyCode = d.CompanyCode
  Left Join Location l On l.LocationCode = d.LocationCode
  Cross Join Asof
 Where d.AccountCode In (Select PartyCode From Sd)
   And d.VoucherDate <= Asof.D
   And (cast(null as varchar2(100)) Is Null
        Or cast(null as varchar2(100)) = cast(null as varchar2(100)))
   And (null    Is Null Or cast(null as varchar2(100))        = null)
   And (:P919_COMPANY  Is Null Or d.CompanyCode  = :P919_COMPANY)
   And (:P919_LOCATION Is Null Or d.LocationCode = :P919_LOCATION)
 Group By d.CompanyCode, c.CompanyName, d.LocationCode, l.LocationName
 Order By 1, 2","","",""
919,"Monthly AR Management MIS","AR-MONTHLY-MIS",900,"Go to","quick-links","NATIVE_SQL_REPORT","/* The quick-links strip: one card per sibling page in this section.
   One report ROW per card, so the report's own tbody becomes the
   grid (see `.ds-kpiwrap` in design-system.css) and the number of
   cards can vary with the reader's privileges without the layout
   caring.

   AUTHORISATION. The menu gates each entry on
   GetApexReportPrivilege, but that function returns a PL/SQL
   BOOLEAN and therefore cannot be called from SQL. Its logic is
   reproduced below against the same three tables, INCLUDING the
   hard-coded 'BOSS' bypass it carries, so a card appears only
   where the menu entry would. A reader never sees a card for a
   page they cannot open. If that function's rule changes, this
   predicate has to change with it - that duplication is the price
   of the boolean return type.

   Page 698 (Bill Detail) is deliberately absent: it is keyed on a
   specific (Tno, Sno) and is meaningless without one, so it is
   reached by clicking a bill, never from a menu. */
With Pg As (
  Select 907 Id, 'AR Command Centre'          Nm, 'Exposure, ageing, collections and the exceptions behind every number' Sub, 'fa-dashboard'              Ic From dual Union All
  Select 908,    'Party-wise Outstanding',        'One row per customer, with ageing and the contact position',           'fa-users'                  From dual Union All
  Select 909,    'Bill-wise Outstanding',         'Every open item at line level, with its source document',              'fa-list-alt'               From dual Union All
  Select 910,    'Debtor 360',                    'One customer from every angle - bills, receipts, credits, statement',  'fa-user'                   From dual Union All
  Select 911,    'Receipts and Collections',      'Cash actually received, which bank took it, how much is applied',      'fa-download'               From dual Union All
  Select 912,    'Advances and Unapplied Cash',   'Customer money already held, and the receivable it could clear',       'fa-hand-o-up'              From dual Union All
  Select 913,    'Exceptions and Controls',       'Every control, what it tests, and the records that fail it',           'fa-exclamation-triangle'   From dual Union All
  Select 914,    'Reconciliation and Data Health','The open-item register against the general-ledger control account',    'fa-balance-scale'          From dual Union All
  Select 916,    'Trend Analysis',                'How the position moved, month by month',                               'fa-line-chart'             From dual Union All
  Select 917,    'Daily Collection MIS',          'One day: position, movement, and what remains unexplained',            'fa-calendar-o'             From dual Union All
  Select 918,    'Weekly AR Review',              'Opening against closing, and the controls that failed in the week',    'fa-calendar'               From dual Union All
  Select 919,    'Monthly Management MIS',        'The nine-section management pack',                                     'fa-file-text-o'            From dual)
Select '<a class=""ds-kpi ds-kpi--link ds-kpi--teal"" href=""'
    || apex_page.get_url(
         p_page        => Pg.Id,
         p_clear_cache => to_char(Pg.Id),
         /* Page 700 is a single-day report and has no From/To pair -
            naming an item that does not exist on the target page
            fails at run time, so its filter list is built separately. */
         p_items  => Case When Pg.Id = 917
                          Then 'P917_DAY,P917_COMPANY,P917_LOCATION'
                          Else 'P'||Pg.Id||'_FROMDATE,P'||Pg.Id||'_TODATE,P'
                               ||Pg.Id||'_COMPANY,P'||Pg.Id||'_LOCATION' End,
         p_values => Case When Pg.Id = 917
                          Then :P919_TODATE ||','|| :P919_COMPANY ||','|| :P919_LOCATION
                          Else :P919_FROMDATE ||','|| :P919_TODATE ||','|| :P919_COMPA","NY ||','|| :P919_LOCATION End)
    || '""><span class=""ds-kpi-ic fa ' || Pg.Ic || '""></span>'
    || '<div class=""ds-kpi-body""><div class=""ds-kpi-t"">' || Pg.Nm || '</div>'
    || '<div class=""ds-kpi-sub"">' || Pg.Sub || '</div></div></a>' As CARD
  From Pg
 Where Pg.Id <> 919
 Order By Pg.Id","",""
