"NAME","TYPE","LINE","TEXT"
"APEX_GETPENDINGAMOUNT","FUNCTION",1,"FUNCTION apex_getpendingamount(ptno IN NUMBER)
"
"APEX_GETPENDINGAMOUNT","FUNCTION",2,"  RETURN VARCHAR2
"
"APEX_GETPENDINGAMOUNT","FUNCTION",3,"IS
"
"APEX_GETPENDINGAMOUNT","FUNCTION",4,"  ppendingamount VARCHAR2(20);
"
"APEX_GETPENDINGAMOUNT","FUNCTION",5,"BEGIN
"
"APEX_GETPENDINGAMOUNT","FUNCTION",6,"select pendingamount into ppendingamount from (
"
"APEX_GETPENDINGAMOUNT","FUNCTION",7,"  select
"
"APEX_GETPENDINGAMOUNT","FUNCTION",8,"    a.ServiceBillAmount as FreightAmount,
"
"APEX_GETPENDINGAMOUNT","FUNCTION",9,"    nvl(a.ServiceBillAmount, 0) - nvl(a.PaidAmount, 0) - nvl(a.DeductedAmount, 0) as PendingAmount
"
"APEX_GETPENDINGAMOUNT","FUNCTION",10,"  from ServiceBill a, Voucher e, VoucherDetail b
"
"APEX_GETPENDINGAMOUNT","FUNCTION",11,"  where a.TNo = e.ModuleTNo
"
"APEX_GETPENDINGAMOUNT","FUNCTION",12,"    and e.ModuleCode = 'SERVICEBILL'
"
"APEX_GETPENDINGAMOUNT","FUNCTION",13,"    and e.TNo = b.TNo
"
"APEX_GETPENDINGAMOUNT","FUNCTION",14,"    and a.PartyCode = b.AccountCode
"
"APEX_GETPENDINGAMOUNT","FUNCTION",15,"    and a.tno =  ptno
"
"APEX_GETPENDINGAMOUNT","FUNCTION",16,"  union all
"
"APEX_GETPENDINGAMOUNT","FUNCTION",17,"  select
"
"APEX_GETPENDINGAMOUNT","FUNCTION",18,"    a.BillAmount as FreightAmount,
"
"APEX_GETPENDINGAMOUNT","FUNCTION",19,"    nvl(-1 * a.OpeningAmount, 0) - nvl(a.PaidAmount, 0) - nvl(a.DeductedAmount, 0) as PendingAmount
"
"APEX_GETPENDINGAMOUNT","FUNCTION",20,"  from AccountOpening a, VoucherDetail e
"
"APEX_GETPENDINGAMOUNT","FUNCTION",21,"  where a.TNo = e.ModuleTNo
"
"APEX_GETPENDINGAMOUNT","FUNCTION",22,"    and a.Accountcode = e.Accountcode
"
"APEX_GETPENDINGAMOUNT","FUNCTION",23,"    and a.LocationCode = e.LocationCode
"
"APEX_GETPENDINGAMOUNT","FUNCTION",24,"    and e.ModuleCode = 'ACCOUNTOPENING'
"
"APEX_GETPENDINGAMOUNT","FUNCTION",25,"    and a.tno =  ptno
"
"APEX_GETPENDINGAMOUNT","FUNCTION",26,"  union all
"
"APEX_GETPENDINGAMOUNT","FUNCTION",27,"  select
"
"APEX_GETPENDINGAMOUNT","FUNCTION",28,"    a.DebitNoteAmount as FreightAmount,
"
"APEX_GETPENDINGAMOUNT","FUNCTION",29,"    nvl(a.DebitNoteAmount, 0) - nvl(a.PaidAmount, 0) - nvl(a.DeductedAmount, 0) as PendingAmount
"
"APEX_GETPENDINGAMOUNT","FUNCTION",30,"  from DebitNote a, Voucher e, VoucherDetail b
"
"APEX_GETPENDINGAMOUNT","FUNCTION",31,"  where a.TNo = e.ModuleTNo
"
"APEX_GETPENDINGAMOUNT","FUNCTION",32,"    and e.ModuleCode = 'DEBITNOTE'
"
"APEX_GETPENDINGAMOUNT","FUNCTION",33,"    and e.TNo = b.TNo
"
"APEX_GETPENDINGAMOUNT","FUNCTION",34,"    and a.PartyCode = b.AccountCode
"
"APEX_GETPENDINGAMOUNT","FUNCTION",35,"    and a.tno =  ptno
"
"APEX_GETPENDINGAMOUNT","FUNCTION",36,"     union all
"
"APEX_GETPENDINGAMOUNT","FUNCTION",37,"     select
"
"APEX_GETPENDINGAMOUNT","FUNCTION",38,"    a.InvoiceAmount as FreightAmount,
"
"APEX_GETPENDINGAMOUNT","FUNCTION",39,"    nvl(a.InvoiceAmount, 0) - nvl(a.PaidAmount, 0) - nvl(a.DeductedAmount, 0) as PendingAmount
"
"APEX_GETPENDINGAMOUNT","FUNCTION",40,"  from invoice a, Voucher e, VoucherDetail b
"
"APEX_GETPENDINGAMOUNT","FUNCTION",41,"  where a.TNo = e.ModuleTNo
"
"APEX_GETPENDINGAMOUNT","FUNCTION",42,"    and e.TNo = b.TNo
"
"APEX_GETPENDINGAMOUNT","FUNCTION",43,"    and a.PartyCode = b.AccountCode
"
"APEX_GETPENDINGAMOUNT","FUNCTION",44,"    and a.tno =  ptno
"
"APEX_GETPENDINGAMOUNT","FUNCTION",45,"    );
"
"APEX_GETPENDINGAMOUNT","FUNCTION",46,"
"
"APEX_GETPENDINGAMOUNT","FUNCTION",47,"  RETURN ppendingamount;
"
"APEX_GETPENDINGAMOUNT","FUNCTION",48,"EXCEPTION
"
"APEX_GETPENDINGAMOUNT","FUNCTION",49,"  WHEN NO_DATA_FOUND THEN
"
"APEX_GETPENDINGAMOUNT","FUNCTION",50,"    RETURN NULL;
"
"APEX_GETPENDINGAMOUNT","FUNCTION",51,"END;"
"D_PREPAREPURCHASEORDERFORSUPPLIER360VIEW","PROCEDURE",1,"Procedure D_PreparePurchaseOrderForSupplier360View(pFromDate     Date,
"
"D_PREPAREPURCHASEORDERFORSUPPLIER360VIEW","PROCEDURE",2,"                                                                     pToDate       Date,
"
"D_PREPAREPURCHASEORDERFORSUPPLIER360VIEW","PROCEDURE",3,"                                                                     pCompanyCode  Varchar2,
"
"D_PREPAREPURCHASEORDERFORSUPPLIER360VIEW","PROCEDURE",4,"                                                                     pLocationCode Varchar2) Is
"
"D_PREPAREPURCHASEORDERFORSUPPLIER360VIEW","PROCEDURE",5,"  vFirstGRNDate Date;
"
"D_PREPAREPURCHASEORDERFORSUPPLIER360VIEW","PROCEDURE",6,"
"
"D_PREPAREPURCHASEORDERFORSUPPLIER360VIEW","PROCEDURE",7,"Begin
"
"D_PREPAREPURCHASEORDERFORSUPPLIER360VIEW","PROCEDURE",8,"  Delete From D_Supplier_360View_PurchaseOrders
"
"D_PREPAREPURCHASEORDERFORSUPPLIER360VIEW","PROCEDURE",9,"   Where COMPANYCODE = pCompanycode
"
"D_PREPAREPURCHASEORDERFORSUPPLIER360VIEW","PROCEDURE",10,"     And locationcode = pLocationcode;
"
"D_PREPAREPURCHASEORDERFORSUPPLIER360VIEW","PROCEDURE",11,"  Delete From D_Supplier_360View_PurchaseOrdersPendingForGRN
"
"D_PREPAREPURCHASEORDERFORSUPPLIER360VIEW","PROCEDURE",12,"   Where COMPANYCODE = pCompanycode
"
"D_PREPAREPURCHASEORDERFORSUPPLIER360VIEW","PROCEDURE",13,"     And locationcode = pLocationcode;
"
"D_PREPAREPURCHASEORDERFORSUPPLIER360VIEW","PROCEDURE",14,"  Delete From D_Supplier_360View_InactivePurchaseOrders
"
"D_PREPAREPURCHASEORDERFORSUPPLIER360VIEW","PROCEDURE",15,"   Where COMPANYCODE = pCompanycode
"
"D_PREPAREPURCHASEORDERFORSUPPLIER360VIEW","PROCEDURE",16,"     And locationcode = pLocationcode;
"
"D_PREPAREPURCHASEORDERFORSUPPLIER360VIEW","PROCEDURE",17,"  Delete From D_Supplier_360View_ActivePurchaseOrders
"
"D_PREPAREPURCHASEORDERFORSUPPLIER360VIEW","PROCEDURE",18,"   Where COMPANYCODE = pCompanycode
"
"D_PREPAREPURCHASEORDERFORSUPPLIER360VIEW","PROCEDURE",19,"     And locationcode = pLocationcode;
"
"D_PREPAREPURCHASEORDERFORSUPPLIER360VIEW","PROCEDURE",20,"  Delete From D_SUPPLIER_360VIEW_PURCHASEORDERSDELIVEREDONTIME
"
"D_PREPAREPURCHASEORDERFORSUPPLIER360VIEW","PROCEDURE",21,"   Where COMPANYCODE = pCompanycode
"
"D_PREPAREPURCHASEORDERFORSUPPLIER360VIEW","PROCEDURE",22,"     And locationcode = pLocationcode;
"
"D_PREPAREPURCHASEORDERFORSUPPLIER360VIEW","PROCEDURE",23,"  Delete From D_SUPPLIER_360VIEW_PURCHASEORDERCOMPLETED
"
"D_PREPAREPURCHASEORDERFORSUPPLIER360VIEW","PROCEDURE",24,"   Where COMPANYCODE = pCompanycode
"
"D_PREPAREPURCHASEORDERFORSUPPLIER360VIEW","PROCEDURE",25,"     And locationcode = pLocationcode;
"
"D_PREPAREPURCHASEORDERFORSUPPLIER360VIEW","PROCEDURE",26,"  Delete From D_Supplier_360View
"
"D_PREPAREPURCHASEORDERFORSUPPLIER360VIEW","PROCEDURE",27,"   Where COMPANYCODE = pCompanycode
"
"D_PREPAREPURCHASEORDERFORSUPPLIER360VIEW","PROCEDURE",28,"     And locationcode = pLocationcode;
"
"D_PREPAREPURCHASEORDERFORSUPPLIER360VIEW","PROCEDURE",29,"
"
"D_PREPAREPURCHASEORDERFORSUPPLIER360VIEW","PROCEDURE",30,"  For vPurchaseOrder In (Select xxx.TNo,
"
"D_PREPAREPURCHASEORDERFORSUPPLIER360VIEW","PROCEDURE",31,"                                xxx.SNo,
"
"D_PREPAREPURCHASEORDERFORSUPPLIER360VIEW","PROCEDURE",32,"                                xxx.CompanyCode,
"
"D_PREPAREPURCHASEORDERFORSUPPLIER360VIEW","PROCEDURE",33,"                                xxx.CompanyName,
"
"D_PREPAREPURCHASEORDERFORSUPPLIER360VIEW","PROCEDURE",34,"                                xxx.LocationCode,
"
"D_PREPAREPURCHASEORDERFORSUPPLIER360VIEW","PROCEDURE",35,"                                xxx.LocationName,
"
"D_PREPAREPURCHASEORDERFORSUPPLIER360VIEW","PROCEDURE",36,"                                xxx.DocTypeCode,
"
"D_PREPAREPURCHASEORDERFORSUPPLIER360VIEW","PROCEDURE",37,"                                xxx.DocTypeName,
"
"D_PREPAREPURCHASEORDERFORSUPPLIER360VIEW","PROCEDURE",38,"                                xxx.PurchaseOrderNo,
"
"D_PREPAREPURCHASEORDERFORSUPPLIER360VIEW","PROCEDURE",39,"                                xxx.PurchaseOrderDate,
"
"D_PREPAREPURCHASEORDERFORSUPPLIER360VIEW","PROCEDURE",40,"                                xxx.PartyCode,
"
"D_PREPAREPURCHASEORDERFORSUPPLIER360VIEW","PROCEDURE",41,"                                xxx.PartyName,
"
"D_PREPAREPURCHASEORDERFORSUPPLIER360VIEW","PROCEDURE",42,"                                xxx.DeliveryDate,
"
"D_PREPAREPURCHASEORDERFORSUPPLIER360VIEW","PROCEDURE",43,"                                xxx.ItemCode,
"
"D_PREPAREPURCHASEORDERFORSUPPLIER360VIEW","PROCEDURE",44,"                                xxx.ItemSpecificationCode,
"
"D_PREPAREPURCHASEORDERFORSUPPLIER360VIEW","PROCEDURE",45,"                                getItemname(xxx.ItemCode) As Itemname,
"
"D_PREPAREPURCHASEORDERFORSUPPLIER360VIEW","PROCEDURE",46,"                                xxx.MaterialDetail,
"
"D_PREPAREPURCHASEORDERFORSUPPLIER360VIEW","PROCEDURE",47,"                                xxx.UOM,
"
"D_PREPAREPURCHASEORDERFORSUPPLIER360VIEW","PROCEDURE",48,"                                xxx.Quantity1,
"
"D_PREPAREPURCHASEORDERFORSUPPLIER360VIEW","PROCEDURE",49,"                                xxx.UOM2,
"
"D_PREPAREPURCHASEORDERFORSUPPLIER360VIEW","PROCEDURE",50,"                                xxx.Quantity2,
"
"D_PREPAREPURCHASEORDERFORSUPPLIER360VIEW","PROCEDURE",51,"                                xxx.AgentCode,
"
"D_PREPAREPURCHASEORDERFORSUPPLIER360VIEW","PROCEDURE",52,"                                xxx.AgentName,
"
"D_PREPAREPURCHASEORDERFORSUPPLIER360VIEW","PROCEDURE",53,"                                xxx.Rate,
"
"D_PREPAREPURCHASEORDERFORSUPPLIER360VIEW","PROCEDURE",54,"                                xxx.Amount,
"
"D_PREPAREPURCHASEORDERFORSUPPLIER360VIEW","PROCEDURE",55,"                                xxx.CGST,
"
"D_PREPAREPURCHASEORDERFORSUPPLIER360VIEW","PROCEDURE",56,"                                xxx.SGST,
"
"D_PREPAREPURCHASEORDERFORSUPPLIER360VIEW","PROCEDURE",57,"                                xxx.IGST,
"
"D_PREPAREPURCHASEORDERFORSUPPLIER360VIEW","PROCEDURE",58,"                                xxx.TCS,
"
"D_PREPAREPURCHASEORDERFORSUPPLIER360VIEW","PROCEDURE",59,"                                xxx.FooterAmount,
"
"D_PREPAREPURCHASEORDERFORSUPPLIER360VIEW","PROCEDURE",60,"                                (xxx.FooterAmount -
"
"D_PREPAREPURCHASEORDERFORSUPPLIER360VIEW","PROCEDURE",61,"                                (xxx.CGST + xxx.SGST + xxx.IGST + xxx.TCS)) As OtherAmount,
"
"D_PREPAREPURCHASEORDERFORSUPPLIER360VIEW","PROCEDURE",62,"                                xxx.TotalAmount,
"
"D_PREPAREPURCHASEORDERFORSUPPLIER360VIEW","PROCEDURE",63,"                                xxx.GRNReceivedQty As GRNReceivedQuantity,
"
"D_PREPAREPURCHASEORDERFORSUPPLIER360VIEW","PROCEDURE",64,"                                xxx.GRNReceivedQty2 As GRNReceivedQuantity2,
"
"D_PREPAREPURCHASEORDERFORSUPPLIER360VIEW","PROCEDURE",65,"                                xxx.WBAcceptedWeight,
"
"D_PREPAREPURCHASEORDERFORSUPPLIER360VIEW","PROCEDURE",66,"                                xxx.WBNetWeight,
"
"D_PREPAREPURCHASEORDERFORSUPPLIER360VIEW","PROCEDURE",67,"                                xxx.balanceQty As BalanceQuantity1,
"
"D_PREPAREPURCHASEORDERFORSUPPLIER360VIEW","PROCEDURE",68,"                                xxx.balanceQty2 As balanceQuantity2,
"
"D_PREPAREPURCHASEORDERFORSUPPLIER360VIEW","PROCEDURE",69,"                                xxx.DocumentStatusCode,
"
"D_PREPAREPURCHASEORDERFORSUPPLIER360VIEW","PROCEDURE",70,"                                xxx.DocStatus,
"
"D_PREPAREPURCHASEORDERFORSUPPLIER360VIEW","PROCEDURE",71,"                                xxx.FreightTypeCode,
"
"D_PREPAREPURCHASEORDERFORSUPPLIER360VIEW","PROCEDURE",72,"                                getFreightTypename(xxx.FreightTypeCode) As FreightTypeName,
"
"D_PREPAREPURCHASEORDERFORSUPPLIER360VIEW","PROCEDURE",73,"                                xxx.GRNStatus,
"
"D_PREPAREPURCHASEORDERFORSUPPLIER360VIEW","PROCEDURE",74,"                                xxx.POStatus,
"
"D_PREPAREPURCHASEORDERFORSUPPLIER360VIEW","PROCEDURE",75,"                                xxx.Creator,
"
"D_PREPAREPURCHASEORDERFORSUPPLIER360VIEW","PROCEDURE",76,"                                xxx.CreationTime,
"
"D_PREPAREPURCHASEORDERFORSUPPLIER360VIEW","PROCEDURE",77,"                                xxx.CityCode,
"
"D_PREPAREPURCHASEORDERFORSUPPLIER360VIEW","PROCEDURE",78,"                                xxx.CityName,
"
"D_PREPAREPURCHASEORDERFORSUPPLIER360VIEW","PROCEDURE",79,"                                xxx.StateCode,
"
"D_PREPAREPURCHASEORDERFORSUPPLIER360VIEW","PROCEDURE",80,"                                xxx.StateName,
"
"D_PREPAREPURCHASEORDERFORSUPPLIER360VIEW","PROCEDURE",81,"                                po.deliverydate As Validity,
"
"D_PREPAREPURCHASEORDERFORSUPPLIER360VIEW","PROCEDURE",82,"                                GetDocumentStatusCode('PURCHASEORDER',
"
"D_PREPAREPURCHASEORDERFORSUPPLIER360VIEW","PROCEDURE",83,"                                                      xxx.tno) As Status
"
"D_PREPAREPURCHASEORDERFORSUPPLIER360VIEW","PROCEDURE",84,"
"
"D_PREPAREPURCHASEORDERFORSUPPLIER360VIEW","PROCEDURE",85,"                           From (Select xx.TNo,
"
"D_PREPAREPURCHASEORDERFORSUPPLIER360VIEW","PROCEDURE",86,"                                        xx.SNo,
"
"D_PREPAREPURCHASEORDERFORSUPPLIER360VIEW","PROCEDURE",87,"                                        xx.CompanyCode,
"
"D_PREPAREPURCHASEORDERFORSUPPLIER360VIEW","PROCEDURE",88,"                                        xx.CompanyName,
"
"D_PREPAREPURCHASEORDERFORSUPPLIER360VIEW","PROCEDURE",89,"                                        xx.LocationCode,
"
"D_PREPAREPURCHASEORDERFORSUPPLIER360VIEW","PROCEDURE",90,"                                        xx.LocationName,
"
"D_PREPAREPURCHASEORDERFORSUPPLIER360VIEW","PROCEDURE",91,"                                        xx.DocTypeCode,
"
"D_PREPAREPURCHASEORDERFORSUPPLIER360VIEW","PROCEDURE",92,"                                        xx.DocTypeName,
"
"D_PREPAREPURCHASEORDERFORSUPPLIER360VIEW","PROCEDURE",93,"                                        xx.PurchaseOrderNo,
"
"D_PREPAREPURCHASEORDERFORSUPPLIER360VIEW","PROCEDURE",94,"                                        xx.PurchaseOrderDate,
"
"D_PREPAREPURCHASEORDERFORSUPPLIER360VIEW","PROCEDURE",95,"                                        xx.PartyCode,
"
"D_PREPAREPURCHASEORDERFORSUPPLIER360VIEW","PROCEDURE",96,"                                        xx.PartyName,
"
"D_PREPAREPURCHASEORDERFORSUPPLIER360VIEW","PROCEDURE",97,"                                        xx.DeliveryDate,
"
"D_PREPAREPURCHASEORDERFORSUPPLIER360VIEW","PROCEDURE",98,"                                        xx.ItemCode,
"
"D_PREPAREPURCHASEORDERFORSUPPLIER360VIEW","PROCEDURE",99,"                                        xx.Itemspecificationcode,
"
"D_PREPAREPURCHASEORDERFORSUPPLIER360VIEW","PROCEDURE",100,"                                        xx.MaterialDetail,
"
"D_PREPAREPURCHASEORDERFORSUPPLIER360VIEW","PROCEDURE",101,"                                        xx.UOM,
"
"D_PREPAREPURCHASEORDERFORSUPPLIER360VIEW","PROCEDURE",102,"                                        xx.Quantity1,
"
"D_PREPAREPURCHASEORDERFORSUPPLIER360VIEW","PROCEDURE",103,"                                        xx.UOM2,
"
"D_PREPAREPURCHASEORDERFORSUPPLIER360VIEW","PROCEDURE",104,"                                        xx.Quantity2,
"
"D_PREPAREPURCHASEORDERFORSUPPLIER360VIEW","PROCEDURE",105,"                                        xx.AgentCode,
"
"D_PREPAREPURCHASEORDERFORSUPPLIER360VIEW","PROCEDURE",106,"                                        xx.AgentName,
"
"D_PREPAREPURCHASEORDERFORSUPPLIER360VIEW","PROCEDURE",107,"                                        xx.Rate,
"
"D_PREPAREPURCHASEORDERFORSUPPLIER360VIEW","PROCEDURE",108,"                                        xx.Amount,
"
"D_PREPAREPURCHASEORDERFORSUPPLIER360VIEW","PROCEDURE",109,"                                        Sum(xx.CGST) CGST,
"
"D_PREPAREPURCHASEORDERFORSUPPLIER360VIEW","PROCEDURE",110,"                                        Sum(xx.SGST) SGST,
"
"D_PREPAREPURCHASEORDERFORSUPPLIER360VIEW","PROCEDURE",111,"                                        Sum(xx.IGST) IGST,
"
"D_PREPAREPURCHASEORDERFORSUPPLIER360VIEW","PROCEDURE",112,"                                        Sum(xx.TCS) TCS,
"
"D_PREPAREPURCHASEORDERFORSUPPLIER360VIEW","PROCEDURE",113,"                                        xx.FooterAmount,
"
"D_PREPAREPURCHASEORDERFORSUPPLIER360VIEW","PROCEDURE",114,"                                        xx.TotalAmount,
"
"D_PREPAREPURCHASEORDERFORSUPPLIER360VIEW","PROCEDURE",115,"                                        xx.GRNReceivedQty,
"
"D_PREPAREPURCHASEORDERFORSUPPLIER360VIEW","PROCEDURE",116,"                                        xx.GRNReceivedQty2,
"
"D_PREPAREPURCHASEORDERFORSUPPLIER360VIEW","PROCEDURE",117,"                                        xx.WBAcceptedWeight,
"
"D_PREPAREPURCHASEORDERFORSUPPLIER360VIEW","PROCEDURE",118,"                                        xx.WBNetWeight,
"
"D_PREPAREPURCHASEORDERFORSUPPLIER360VIEW","PROCEDURE",119,"                                        xx.balanceQty,
"
"D_PREPAREPURCHASEORDERFORSUPPLIER360VIEW","PROCEDURE",120,"                                        xx.balanceQty2,
"
"D_PREPAREPURCHASEORDERFORSUPPLIER360VIEW","PROCEDURE",121,"                                        xx.DocumentStatusCode,
"
"D_PREPAREPURCHASEORDERFORSUPPLIER360VIEW","PROCEDURE",122,"                                        xx.DocStatus,
"
"D_PREPAREPURCHASEORDERFORSUPPLIER360VIEW","PROCEDURE",123,"                                        xx.FreightTypeCode,
"
"D_PREPAREPURCHASEORDERFORSUPPLIER360VIEW","PROCEDURE",124,"                                        xx.GRNStatus,
"
"D_PREPAREPURCHASEORDERFORSUPPLIER360VIEW","PROCEDURE",125,"                                        xx.POStatus,
"
"D_PREPAREPURCHASEORDERFORSUPPLIER360VIEW","PROCEDURE",126,"                                        xx.Creator,
"
"D_PREPAREPURCHASEORDERFORSUPPLIER360VIEW","PROCEDURE",127,"                                        xx.CreationTime,
"
"D_PREPAREPURCHASEORDERFORSUPPLIER360VIEW","PROCEDURE",128,"                                        xx.CityCode,
"
"D_PREPAREPURCHASEORDERFORSUPPLIER360VIEW","PROCEDURE",129,"                                        xx.CityName,
"
"D_PREPAREPURCHASEORDERFORSUPPLIER360VIEW","PROCEDURE",130,"                                        xx.StateCode,
"
"D_PREPAREPURCHASEORDERFORSUPPLIER360VIEW","PROCEDURE",131,"                                        xx.StateName
"
"D_PREPAREPURCHASEORDERFORSUPPLIER360VIEW","PROCEDURE",132,"                                   From (Select a.TNo,
"
"D_PREPAREPURCHASEORDERFORSUPPLIER360VIEW","PROCEDURE",133,"                                                b.SNo,
"
"D_PREPAREPURCHASEORDERFORSUPPLIER360VIEW","PROCEDURE",134,"                                                a.CompanyCode,
"
"D_PREPAREPURCHASEORDERFORSUPPLIER360VIEW","PROCEDURE",135,"                                                getCompanyName(a.Companycode) As CompanyName,
"
"D_PREPAREPURCHASEORDERFORSUPPLIER360VIEW","PROCEDURE",136,"                                                l.LocationCode,
"
"D_PREPAREPURCHASEORDERFORSUPPLIER360VIEW","PROCEDURE",137,"                                                l.LocationName,
"
"D_PREPAREPURCHASEORDERFORSUPPLIER360VIEW","PROCEDURE",138,"                                                d.DocTypeCode,
"
"D_PREPAREPURCHASEORDERFORSUPPLIER360VIEW","PROCEDURE",139,"                                                d.DocTypeName,
"
"D_PREPAREPURCHASEORDERFORSUPPLIER360VIEW","PROCEDURE",140,"                                                a.PurchaseOrderNo,
"
"D_PREPAREPURCHASEORDERFORSUPPLIER360VIEW","PROCEDURE",141,"                                                a.PurchaseOrderDate,
"
"D_PREPAREPURCHASEORDERFORSUPPLIER360VIEW","PROCEDURE",142,"                                                p.PartyCode,
"
"D_PREPAREPURCHASEORDERFORSUPPLIER360VIEW","PROCEDURE",143,"                                                p.PartyName,
"
"D_PREPAREPURCHASEORDERFORSUPPLIER360VIEW","PROCEDURE",144,"                                                a.DeliveryDate,
"
"D_PREPAREPURCHASEORDERFORSUPPLIER360VIEW","PROCEDURE",145,"                                                e.ItemCode,
"
"D_PREPAREPURCHASEORDERFORSUPPLIER360VIEW","PROCEDURE",146,"                                                e.ItemName,
"
"D_PREPAREPURCHASEORDERFORSUPPLIER360VIEW","PROCEDURE",147,"                                                ee.ItemSpecificationCode,
"
"D_PREPAREPURCHASEORDERFORSUPPLIER360VIEW","PROCEDURE",148,"                                                ee.ItemSpecificationName,
"
"D_PREPAREPURCHASEORDERFORSUPPLIER360VIEW","PROCEDURE",149,"                                                e.ItemName || ' ( ' ||
"
"D_PREPAREPURCHASEORDERFORSUPPLIER360VIEW","PROCEDURE",150,"                                                ee.ItemSpecificationName || ' )' As MaterialDetail,
"
"D_PREPAREPURCHASEORDERFORSUPPLIER360VIEW","PROCEDURE",151,"                                                mu.MeasuringUnitName As UOM,
"
"D_PREPAREPURCHASEORDERFORSUPPLIER360VIEW","PROCEDURE",152,"                                                b.Quantity1,
"
"D_PREPAREPURCHASEORDERFORSUPPLIER360VIEW","PROCEDURE",153,"                                                e.MeasuringUnitCode2 As UOM2,
"
"D_PREPAREPURCHASEORDERFORSUPPLIER360VIEW","PROCEDURE",154,"                                                b.Quantity2,
"
"D_PREPAREPURCHASEORDERFORSUPPLIER360VIEW","PROCEDURE",155,"                                                a.agentCode As AgentCode,
"
"D_PREPAREPURCHASEORDERFORSUPPLIER360VIEW","PROCEDURE",156,"                                                GetPartyName(a.AgentCode) AgentName,
"
"D_PREPAREPURCHASEORDERFORSUPPLIER360VIEW","PROCEDURE",157,"                                                B.Rate,
"
"D_PREPAREPURCHASEORDERFORSUPPLIER360VIEW","PROCEDURE",158,"                                                b.Amount,
"
"D_PREPAREPURCHASEORDERFORSUPPLIER360VIEW","PROCEDURE",159,"                                                Nvl(Decode(c.FooterHeadCode,
"
"D_PREPAREPURCHASEORDERFORSUPPLIER360VIEW","PROCEDURE",160,"                                                           '.CGST.',
"
"D_PREPAREPURCHASEORDERFORSUPPLIER360VIEW","PROCEDURE",161,"                                                           c.FooterValue),
"
"D_PREPAREPURCHASEORDERFORSUPPLIER360VIEW","PROCEDURE",162,"                                                    0) As CGST,
"
"D_PREPAREPURCHASEORDERFORSUPPLIER360VIEW","PROCEDURE",163,"                                                Nvl(Decode(c.FooterHeadCode,
"
"D_PREPAREPURCHASEORDERFORSUPPLIER360VIEW","PROCEDURE",164,"                                                           '.SGST.',
"
"D_PREPAREPURCHASEORDERFORSUPPLIER360VIEW","PROCEDURE",165,"                                                           c.FooterValue),
"
"D_PREPAREPURCHASEORDERFORSUPPLIER360VIEW","PROCEDURE",166,"                                                    0) As SGST,
"
"D_PREPAREPURCHASEORDERFORSUPPLIER360VIEW","PROCEDURE",167,"                                                Nvl(Decode(c.FooterHeadCode,
"
"D_PREPAREPURCHASEORDERFORSUPPLIER360VIEW","PROCEDURE",168,"                                                           '.IGST.',
"
"D_PREPAREPURCHASEORDERFORSUPPLIER360VIEW","PROCEDURE",169,"                                                           c.FooterValue),
"
"D_PREPAREPURCHASEORDERFORSUPPLIER360VIEW","PROCEDURE",170,"                                                    0) As IGST,
"
"D_PREPAREPURCHASEORDERFORSUPPLIER360VIEW","PROCEDURE",171,"                                                Nvl(Decode(c.FooterHeadCode,
"
"D_PREPAREPURCHASEORDERFORSUPPLIER360VIEW","PROCEDURE",172,"                                                           '.TCS.',
"
"D_PREPAREPURCHASEORDERFORSUPPLIER360VIEW","PROCEDURE",173,"                                                           c.FooterValue),
"
"D_PREPAREPURCHASEORDERFORSUPPLIER360VIEW","PROCEDURE",174,"                                                    0) As TCS,
"
"D_PREPAREPURCHASEORDERFORSUPPLIER360VIEW","PROCEDURE",175,"                                                b.FooterAmount,
"
"D_PREPAREPURCHASEORDERFORSUPPLIER360VIEW","PROCEDURE",176,"                                                b.TotalAmount,
"
"D_PREPAREPURCHASEORDERFORSUPPLIER360VIEW","PROCEDURE",177,"                                                g.GRNReceivedQuantity1 As GRNReceivedQty,
"
"D_PREPAREPURCHASEORDERFORSUPPLIER360VIEW","PROCEDURE",178,"                                                g.GRNReceivedQuantity2 As GRNReceivedQty2,
"
"D_PREPAREPURCHASEORDERFORSUPPLIER360VIEW","PROCEDURE",179,"                                                g.WBAcceptedWeight As WBAcceptedWeight,
"
"D_PREPAREPURCHASEORDERFORSUPPLIER360VIEW","PROCEDURE",180,"                                                g.WBNetWeight As WBNetWeight,
"
"D_PREPAREPURCHASEORDERFORSUPPLIER360VIEW","PROCEDURE",181,"                                                b.Quantity1 -
"
"D_PREPAREPURCHASEORDERFORSUPPLIER360VIEW","PROCEDURE",182,"                                                g.GRNReceivedQuantity1 As balanceQty,
"
"D_PREPAREPURCHASEORDERFORSUPPLIER360VIEW","PROCEDURE",183,"                                                b.Quantity2 -
"
"D_PREPAREPURCHASEORDERFORSUPPLIER360VIEW","PROCEDURE",184,"                                                g.GRNReceivedQuantity2 As balanceQty2,
"
"D_PREPAREPURCHASEORDERFORSUPPLIER360VIEW","PROCEDURE",185,"
"
"D_PREPAREPURCHASEORDERFORSUPPLIER360VIEW","PROCEDURE",186,"                                                dsd.DocumentStatusCode,
"
"D_PREPAREPURCHASEORDERFORSUPPLIER360VIEW","PROCEDURE",187,"                                                Case
"
"D_PREPAREPURCHASEORDERFORSUPPLIER360VIEW","PROCEDURE",188,"                                                  When dsd.DocumentStatusCode =
"
"D_PREPAREPURCHASEORDERFORSUPPLIER360VIEW","PROCEDURE",189,"                                                       'ACTIVE' Then
"
"D_PREPAREPURCHASEORDERFORSUPPLIER360VIEW","PROCEDURE",190,"                                                   'ACTIVE'
"
"D_PREPAREPURCHASEORDERFORSUPPLIER360VIEW","PROCEDURE",191,"                                                  When dsd.DocumentStatusCode Is Null Then
"
"D_PREPAREPURCHASEORDERFORSUPPLIER360VIEW","PROCEDURE",192,"                                                   'NONACTIVE'
"
"D_PREPAREPURCHASEORDERFORSUPPLIER360VIEW","PROCEDURE",193,"                                                  When dsd.DocumentStatusCode =
"
"D_PREPAREPURCHASEORDERFORSUPPLIER360VIEW","PROCEDURE",194,"                                                       'PREPARING' Then
"
"D_PREPAREPURCHASEORDERFORSUPPLIER360VIEW","PROCEDURE",195,"                                                   'PREPARING'
"
"D_PREPAREPURCHASEORDERFORSUPPLIER360VIEW","PROCEDURE",196,"                                                  When dsd.DocumentStatusCode =
"
"D_PREPAREPURCHASEORDERFORSUPPLIER360VIEW","PROCEDURE",197,"                                                       'PREPARED' Then
"
"D_PREPAREPURCHASEORDERFORSUPPLIER360VIEW","PROCEDURE",198,"                                                   'PREPARED'
"
"D_PREPAREPURCHASEORDERFORSUPPLIER360VIEW","PROCEDURE",199,"                                                  When dsd.DocumentStatusCode =
"
"D_PREPAREPURCHASEORDERFORSUPPLIER360VIEW","PROCEDURE",200,"                                                       'AUTHORISED' Then
"
"D_PREPAREPURCHASEORDERFORSUPPLIER360VIEW","PROCEDURE",201,"                                                   'AUTHORISED'
"
"D_PREPAREPURCHASEORDERFORSUPPLIER360VIEW","PROCEDURE",202,"                                                  When dsd.DocumentStatusCode =
"
"D_PREPAREPURCHASEORDERFORSUPPLIER360VIEW","PROCEDURE",203,"                                                       'CANCELED' Then
"
"D_PREPAREPURCHASEORDERFORSUPPLIER360VIEW","PROCEDURE",204,"                                                   'CANCELED'
"
"D_PREPAREPURCHASEORDERFORSUPPLIER360VIEW","PROCEDURE",205,"                                                  When dsd.DocumentStatusCode =
"
"D_PREPAREPURCHASEORDERFORSUPPLIER360VIEW","PROCEDURE",206,"                                                       'ONHOLD' Then
"
"D_PREPAREPURCHASEORDERFORSUPPLIER360VIEW","PROCEDURE",207,"                                                   'ONHOLD'
"
"D_PREPAREPURCHASEORDERFORSUPPLIER360VIEW","PROCEDURE",208,"                                                  When dsd.DocumentStatusCode =
"
"D_PREPAREPURCHASEORDERFORSUPPLIER360VIEW","PROCEDURE",209,"                                                       'SHORTCLOSED' Then
"
"D_PREPAREPURCHASEORDERFORSUPPLIER360VIEW","PROCEDURE",210,"                                                   'SHORTCLOSED'
"
"D_PREPAREPURCHASEORDERFORSUPPLIER360VIEW","PROCEDURE",211,"                                                  When dsd.DocumentStatusCode =
"
"D_PREPAREPURCHASEORDERFORSUPPLIER360VIEW","PROCEDURE",212,"                                                       'CLOSED' Then
"
"D_PREPAREPURCHASEORDERFORSUPPLIER360VIEW","PROCEDURE",213,"                                                   'CLOSED'
"
"D_PREPAREPURCHASEORDERFORSUPPLIER360VIEW","PROCEDURE",214,"                                                  When dsd.DocumentStatusCode =
"
"D_PREPAREPURCHASEORDERFORSUPPLIER360VIEW","PROCEDURE",215,"                                                       'DEPTAPPROVED' Then
"
"D_PREPAREPURCHASEORDERFORSUPPLIER360VIEW","PROCEDURE",216,"                                                   'DEPTAPPROVED'
"
"D_PREPAREPURCHASEORDERFORSUPPLIER360VIEW","PROCEDURE",217,"                                                  When dsd.DocumentStatusCode =
"
"D_PREPAREPURCHASEORDERFORSUPPLIER360VIEW","PROCEDURE",218,"                                                       'STOREAPPROVED' Then
"
"D_PREPAREPURCHASEORDERFORSUPPLIER360VIEW","PROCEDURE",219,"                                                   'STOREAPPROVED'
"
"D_PREPAREPURCHASEORDERFORSUPPLIER360VIEW","PROCEDURE",220,"                                                End As DocStatus,
"
"D_PREPAREPURCHASEORDERFORSUPPLIER360VIEW","PROCEDURE",221,"                                                ft.FreightTypeName As FreightTypeCode,
"
"D_PREPAREPURCHASEORDERFORSUPPLIER360VIEW","PROCEDURE",222,"                                                Case
"
"D_PREPAREPURCHASEORDERFORSUPPLIER360VIEW","PROCEDURE",223,"                                                  When b.Quantity1 <=
"
"D_PREPAREPURCHASEORDERFORSUPPLIER360VIEW","PROCEDURE",224,"                                                       g.GRNReceivedQuantity1 Then
"
"D_PREPAREPURCHASEORDERFORSUPPLIER360VIEW","PROCEDURE",225,"                                                   'DONE'
"
"D_PREPAREPURCHASEORDERFORSUPPLIER360VIEW","PROCEDURE",226,"                                                  When b.Quantity1 >
"
"D_PREPAREPURCHASEORDERFORSUPPLIER360VIEW","PROCEDURE",227,"                                                       g.GRNReceivedQuantity1 Then
"
"D_PREPAREPURCHASEORDERFORSUPPLIER360VIEW","PROCEDURE",228,"                                                   'PARTIAL'
"
"D_PREPAREPURCHASEORDERFORSUPPLIER360VIEW","PROCEDURE",229,"                                                  When g.GRNReceivedQuantity1 Is Null Then
"
"D_PREPAREPURCHASEORDERFORSUPPLIER360VIEW","PROCEDURE",230,"                                                   'PENDING'
"
"D_PREPAREPURCHASEORDERFORSUPPLIER360VIEW","PROCEDURE",231,"                                                End As GRNStatus,
"
"D_PREPAREPURCHASEORDERFORSUPPLIER360VIEW","PROCEDURE",232,"                                                nvl(decode(poc.PurchaseOrderTno,
"
"D_PREPAREPURCHASEORDERFORSUPPLIER360VIEW","PROCEDURE",233,"                                                           a.TNo,
"
"D_PREPAREPURCHASEORDERFORSUPPLIER360VIEW","PROCEDURE",234,"                                                           'SHORT-CLOSE'),
"
"D_PREPAREPURCHASEORDERFORSUPPLIER360VIEW","PROCEDURE",235,"                                                    'OPEN') As POStatus,
"
"D_PREPAREPURCHASEORDERFORSUPPLIER360VIEW","PROCEDURE",236,"                                                'Attachment' As Attachment,
"
"D_PREPAREPURCHASEORDERFORSUPPLIER360VIEW","PROCEDURE",237,"                                                'Details' As Property,
"
"D_PREPAREPURCHASEORDERFORSUPPLIER360VIEW","PROCEDURE",238,"                                                'PURCHASEORDER' As Module,
"
"D_PREPAREPURCHASEORDERFORSUPPLIER360VIEW","PROCEDURE",239,"                                                bue.EmployeeName || '( ' ||
"
"D_PREPAREPURCHASEORDERFORSUPPLIER360VIEW","PROCEDURE",240,"                                                a.Creator || ' )' As Creator,
"
"D_PREPAREPURCHASEORDERFORSUPPLIER360VIEW","PROCEDURE",241,"                                                a.CreationTime,
"
"D_PREPAREPURCHASEORDERFORSUPPLIER360VIEW","PROCEDURE",242,"                                                p.officecitycode As CityCode,
"
"D_PREPAREPURCHASEORDERFORSUPPLIER360VIEW","PROCEDURE",243,"                                                getCityName(p.OfficeCityCode) As CityName,
"
"D_PREPAREPURCHASEORDERFORSUPPLIER360VIEW","PROCEDURE",244,"                                                p.OfficeStateCode As StateCode,
"
"D_PREPAREPURCHASEORDERFORSUPPLIER360VIEW","PROCEDURE",245,"                                                GetStateName(p.OfficeStateCode) As StateName
"
"D_PREPAREPURCHASEORDERFORSUPPLIER360VIEW","PROCEDURE",246,"                                           From PurchaseOrder a,
"
"D_PREPAREPURCHASEORDERFORSUPPLIER360VIEW","PROCEDURE",247,"                                                PurchaseOrderDetail b,
"
"D_PREPAREPURCHASEORDERFORSUPPLIER360VIEW","PROCEDURE",248,"                                                PurchaseOrderDetailFooter c,
"
"D_PREPAREPURCHASEORDERFORSUPPLIER360VIEW","PROCEDURE",249,"                                                Location l,
"
"D_PREPAREPURCHASEORDERFORSUPPLIER360VIEW","PROCEDURE",250,"                                                DocType d,
"
"D_PREPAREPURCHASEORDERFORSUPPLIER360VIEW","PROCEDURE",251,"                                                Party p,
"
"D_PREPAREPURCHASEORDERFORSUPPLIER360VIEW","PROCEDURE",252,"                                                Item e,
"
"D_PREPAREPURCHASEORDERFORSUPPLIER360VIEW","PROCEDURE",253,"                                                ItemSpecification ee,
"
"D_PREPAREPURCHASEORDERFORSUPPLIER360VIEW","PROCEDURE",254,"                                                MeasuringUnit mu,
"
"D_PREPAREPURCHASEORDERFORSUPPLIER360VIEW","PROCEDURE",255,"                                                BossUser bu,
"
"D_PREPAREPURCHASEORDERFORSUPPLIER360VIEW","PROCEDURE",256,"                                                Employee bue,
"
"D_PREPAREPURCHASEORDERFORSUPPLIER360VIEW","PROCEDURE",257,"                                                (Select b.ItemCode,
"
"D_PREPAREPURCHASEORDERFORSUPPLIER360VIEW","PROCEDURE",258,"                                                        b.ItemSpecificationCode,
"
"D_PREPAREPURCHASEORDERFORSUPPLIER360VIEW","PROCEDURE",259,"                                                        a.PurchaseOrderTNo,
"
"D_PREPAREPURCHASEORDERFORSUPPLIER360VIEW","PROCEDURE",260,"                                                        Sum(b.ReceivedQuantity1) As GRNReceivedQuantity1,
"
"D_PREPAREPURCHASEORDERFORSUPPLIER360VIEW","PROCEDURE",261,"                                                        Sum(b.ReceivedQuantity2) As GRNReceivedQuantity2,
"
"D_PREPAREPURCHASEORDERFORSUPPLIER360VIEW","PROCEDURE",262,"                                                        Sum(w.AcceptedWeight) As WBAcceptedWeight,
"
"D_PREPAREPURCHASEORDERFORSUPPLIER360VIEW","PROCEDURE",263,"                                                        Sum(w.NetWeight) As WBNetWeight
"
"D_PREPAREPURCHASEORDERFORSUPPLIER360VIEW","PROCEDURE",264,"                                                   From GRN       a,
"
"D_PREPAREPURCHASEORDERFORSUPPLIER360VIEW","PROCEDURE",265,"                                                        GRNDetail b,
"
"D_PREPAREPURCHASEORDERFORSUPPLIER360VIEW","PROCEDURE",266,"                                                        Weighment w
"
"D_PREPAREPURCHASEORDERFORSUPPLIER360VIEW","PROCEDURE",267,"                                                  Where a.TNo = b.TNo
"
"D_PREPAREPURCHASEORDERFORSUPPLIER360VIEW","PROCEDURE",268,"                                                    And a.PurchaseOrderTNo Is Not Null
"
"D_PREPAREPURCHASEORDERFORSUPPLIER360VIEW","PROCEDURE",269,"                                                    And a.WeighmentTNo =
"
"D_PREPAREPURCHASEORDERFORSUPPLIER360VIEW","PROCEDURE",270,"                                                        w.TNo(+)
"
"D_PREPAREPURCHASEORDERFORSUPPLIER360VIEW","PROCEDURE",271,"                                                  Group By b.ItemCode,
"
"D_PREPAREPURCHASEORDERFORSUPPLIER360VIEW","PROCEDURE",272,"                                                           b.ItemSpecificationCode,
"
"D_PREPAREPURCHASEORDERFORSUPPLIER360VIEW","PROCEDURE",273,"                                                           a.PurchaseOrderTNo) g,
"
"D_PREPAREPURCHASEORDERFORSUPPLIER360VIEW","PROCEDURE",274,"                                                DocumentStatusDetail dsd,
"
"D_PREPAREPURCHASEORDERFORSUPPLIER360VIEW","PROCEDURE",275,"                                                PurchaseOrderClose poc,
"
"D_PREPAREPURCHASEORDERFORSUPPLIER360VIEW","PROCEDURE",276,"                                                FreightType ft
"
"D_PREPAREPURCHASEORDERFORSUPPLIER360VIEW","PROCEDURE",277,"                                          Where a.TNo = b.TNo(+)
"
"D_PREPAREPURCHASEORDERFORSUPPLIER360VIEW","PROCEDURE",278,"                                            And b.TNo = c.TNo(+)
"
"D_PREPAREPURCHASEORDERFORSUPPLIER360VIEW","PROCEDURE",279,"                                            And b.SNo = c.SNo(+)
"
"D_PREPAREPURCHASEORDERFORSUPPLIER360VIEW","PROCEDURE",280,"                                            And a.LocationCode =
"
"D_PREPAREPURCHASEORDERFORSUPPLIER360VIEW","PROCEDURE",281,"                                                l.LocationCode(+)
"
"D_PREPAREPURCHASEORDERFORSUPPLIER360VIEW","PROCEDURE",282,"                                            And a.DocTypeCode =
"
"D_PREPAREPURCHASEORDERFORSUPPLIER360VIEW","PROCEDURE",283,"                                                d.DocTypeCode(+)
"
"D_PREPAREPURCHASEORDERFORSUPPLIER360VIEW","PROCEDURE",284,"                                            And a.PartyCode = p.PartyCode(+)
"
"D_PREPAREPURCHASEORDERFORSUPPLIER360VIEW","PROCEDURE",285,"                                            And e.TNo = ee.TNo
"
"D_PREPAREPURCHASEORDERFORSUPPLIER360VIEW","PROCEDURE",286,"                                            And b.ItemCode = e.ItemCode(+)
"
"D_PREPAREPURCHASEORDERFORSUPPLIER360VIEW","PROCEDURE",287,"                                            And b.ItemSpecificationCode =
"
"D_PREPAREPURCHASEORDERFORSUPPLIER360VIEW","PROCEDURE",288,"                                                ee.ItemSpecificationCode(+)
"
"D_PREPAREPURCHASEORDERFORSUPPLIER360VIEW","PROCEDURE",289,"                                            And e.MeasuringUnitCode1 =
"
"D_PREPAREPURCHASEORDERFORSUPPLIER360VIEW","PROCEDURE",290,"                                                mu.MeasuringUnitCode(+)
"
"D_PREPAREPURCHASEORDERFORSUPPLIER360VIEW","PROCEDURE",291,"                                            And b.TNo = g.PurchaseOrderTNo(+)
"
"D_PREPAREPURCHASEORDERFORSUPPLIER360VIEW","PROCEDURE",292,"                                            And b.ItemCode = g.ItemCode(+)
"
"D_PREPAREPURCHASEORDERFORSUPPLIER360VIEW","PROCEDURE",293,"                                            And b.ItemSpecificationCode =
"
"D_PREPAREPURCHASEORDERFORSUPPLIER360VIEW","PROCEDURE",294,"                                                g.ItemSpecificationCode(+)
"
"D_PREPAREPURCHASEORDERFORSUPPLIER360VIEW","PROCEDURE",295,"                                            And a.TNo = dsd.ModuleTno(+)
"
"D_PREPAREPURCHASEORDERFORSUPPLIER360VIEW","PROCEDURE",296,"                                            And a.TNo =
"
"D_PREPAREPURCHASEORDERFORSUPPLIER360VIEW","PROCEDURE",297,"                                                poc.PurchaseOrderTNo(+)
"
"D_PREPAREPURCHASEORDERFORSUPPLIER360VIEW","PROCEDURE",298,"                                            And a.Creator = bu.LoginName(+)
"
"D_PREPAREPURCHASEORDERFORSUPPLIER360VIEW","PROCEDURE",299,"                                            And bu.EmployeeCode =
"
"D_PREPAREPURCHASEORDERFORSUPPLIER360VIEW","PROCEDURE",300,"                                                bue.EmployeeCode(+)
"
"D_PREPAREPURCHASEORDERFORSUPPLIER360VIEW","PROCEDURE",301,"                                            And a.FreightTypeCode =
"
"D_PREPAREPURCHASEORDERFORSUPPLIER360VIEW","PROCEDURE",302,"                                                ft.FreightTypeCode(+)
"
"D_PREPAREPURCHASEORDERFORSUPPLIER360VIEW","PROCEDURE",303,"                                            And e.Itemclassificationcode =
"
"D_PREPAREPURCHASEORDERFORSUPPLIER360VIEW","PROCEDURE",304,"                                                'MATERIAL'
"
"D_PREPAREPURCHASEORDERFORSUPPLIER360VIEW","PROCEDURE",305,"                                            And a.PurchaseOrderDate Between
"
"D_PREPAREPURCHASEORDERFORSUPPLIER360VIEW","PROCEDURE",306,"                                                pFromDate And pToDate
"
"D_PREPAREPURCHASEORDERFORSUPPLIER360VIEW","PROCEDURE",307,"                                            And instr(':' || pCompanyCode || ':',
"
"D_PREPAREPURCHASEORDERFORSUPPLIER360VIEW","PROCEDURE",308,"                                                      ':' || a.CompanyCode || ':') > 0
"
"D_PREPAREPURCHASEORDERFORSUPPLIER360VIEW","PROCEDURE",309,"                                            And instr(':' || pLocationCode || ':',
"
"D_PREPAREPURCHASEORDERFORSUPPLIER360VIEW","PROCEDURE",310,"                                                      ':' || a.LocationCode || ':') > 0) xx
"
"D_PREPAREPURCHASEORDERFORSUPPLIER360VIEW","PROCEDURE",311,"                                  Group By xx.TNo,
"
"D_PREPAREPURCHASEORDERFORSUPPLIER360VIEW","PROCEDURE",312,"                                           xx.SNo,
"
"D_PREPAREPURCHASEORDERFORSUPPLIER360VIEW","PROCEDURE",313,"                                           xx.CompanyCode,
"
"D_PREPAREPURCHASEORDERFORSUPPLIER360VIEW","PROCEDURE",314,"                                           xx.CompanyName,
"
"D_PREPAREPURCHASEORDERFORSUPPLIER360VIEW","PROCEDURE",315,"                                           xx.LocationCode,
"
"D_PREPAREPURCHASEORDERFORSUPPLIER360VIEW","PROCEDURE",316,"                                           xx.LocationName,
"
"D_PREPAREPURCHASEORDERFORSUPPLIER360VIEW","PROCEDURE",317,"                                           xx.DocTypeCode,
"
"D_PREPAREPURCHASEORDERFORSUPPLIER360VIEW","PROCEDURE",318,"                                           xx.DocTypeName,
"
"D_PREPAREPURCHASEORDERFORSUPPLIER360VIEW","PROCEDURE",319,"                                           xx.PurchaseOrderNo,
"
"D_PREPAREPURCHASEORDERFORSUPPLIER360VIEW","PROCEDURE",320,"                                           xx.PurchaseOrderDate,
"
"D_PREPAREPURCHASEORDERFORSUPPLIER360VIEW","PROCEDURE",321,"                                           xx.PartyCode,
"
"D_PREPAREPURCHASEORDERFORSUPPLIER360VIEW","PROCEDURE",322,"                                           xx.PartyName,
"
"D_PREPAREPURCHASEORDERFORSUPPLIER360VIEW","PROCEDURE",323,"                                           xx.DeliveryDate,
"
"D_PREPAREPURCHASEORDERFORSUPPLIER360VIEW","PROCEDURE",324,"                                           xx.ItemCode,
"
"D_PREPAREPURCHASEORDERFORSUPPLIER360VIEW","PROCEDURE",325,"                                           xx.ItemSpecificationCode,
"
"D_PREPAREPURCHASEORDERFORSUPPLIER360VIEW","PROCEDURE",326,"                                           xx.MaterialDetail,
"
"D_PREPAREPURCHASEORDERFORSUPPLIER360VIEW","PROCEDURE",327,"                                           xx.UOM,
"
"D_PREPAREPURCHASEORDERFORSUPPLIER360VIEW","PROCEDURE",328,"                                           xx.Quantity1,
"
"D_PREPAREPURCHASEORDERFORSUPPLIER360VIEW","PROCEDURE",329,"                                           xx.UOM2,
"
"D_PREPAREPURCHASEORDERFORSUPPLIER360VIEW","PROCEDURE",330,"                                           xx.Quantity2,
"
"D_PREPAREPURCHASEORDERFORSUPPLIER360VIEW","PROCEDURE",331,"                                           xx.AgentCode,
"
"D_PREPAREPURCHASEORDERFORSUPPLIER360VIEW","PROCEDURE",332,"                                           xx.AgentName,
"
"D_PREPAREPURCHASEORDERFORSUPPLIER360VIEW","PROCEDURE",333,"                                           xx.Rate,
"
"D_PREPAREPURCHASEORDERFORSUPPLIER360VIEW","PROCEDURE",334,"                                           xx.Amount,
"
"D_PREPAREPURCHASEORDERFORSUPPLIER360VIEW","PROCEDURE",335,"                                           xx.FooterAmount,
"
"D_PREPAREPURCHASEORDERFORSUPPLIER360VIEW","PROCEDURE",336,"                                           xx.TotalAmount,
"
"D_PREPAREPURCHASEORDERFORSUPPLIER360VIEW","PROCEDURE",337,"                                           xx.GRNReceivedQty,
"
"D_PREPAREPURCHASEORDERFORSUPPLIER360VIEW","PROCEDURE",338,"                                           xx.GRNReceivedQty2,
"
"D_PREPAREPURCHASEORDERFORSUPPLIER360VIEW","PROCEDURE",339,"                                           xx.WBAcceptedWeight,
"
"D_PREPAREPURCHASEORDERFORSUPPLIER360VIEW","PROCEDURE",340,"                                           xx.WBNetWeight,
"
"D_PREPAREPURCHASEORDERFORSUPPLIER360VIEW","PROCEDURE",341,"                                           xx.balanceQty,
"
"D_PREPAREPURCHASEORDERFORSUPPLIER360VIEW","PROCEDURE",342,"                                           xx.balanceQty2,
"
"D_PREPAREPURCHASEORDERFORSUPPLIER360VIEW","PROCEDURE",343,"                                           xx.DocumentStatusCode,
"
"D_PREPAREPURCHASEORDERFORSUPPLIER360VIEW","PROCEDURE",344,"                                           xx.DocStatus,
"
"D_PREPAREPURCHASEORDERFORSUPPLIER360VIEW","PROCEDURE",345,"                                           xx.FreightTypeCode,
"
"D_PREPAREPURCHASEORDERFORSUPPLIER360VIEW","PROCEDURE",346,"                                           xx.GRNStatus,
"
"D_PREPAREPURCHASEORDERFORSUPPLIER360VIEW","PROCEDURE",347,"                                           xx.POStatus,
"
"D_PREPAREPURCHASEORDERFORSUPPLIER360VIEW","PROCEDURE",348,"                                           xx.Creator,
"
"D_PREPAREPURCHASEORDERFORSUPPLIER360VIEW","PROCEDURE",349,"                                           xx.CreationTime,
"
"D_PREPAREPURCHASEORDERFORSUPPLIER360VIEW","PROCEDURE",350,"                                           xx.CityCode,
"
"D_PREPAREPURCHASEORDERFORSUPPLIER360VIEW","PROCEDURE",351,"                                           xx.CityName,
"
"D_PREPAREPURCHASEORDERFORSUPPLIER360VIEW","PROCEDURE",352,"                                           xx.StateCode,
"
"D_PREPAREPURCHASEORDERFORSUPPLIER360VIEW","PROCEDURE",353,"                                           xx.StateName
"
"D_PREPAREPURCHASEORDERFORSUPPLIER360VIEW","PROCEDURE",354,"
"
"D_PREPAREPURCHASEORDERFORSUPPLIER360VIEW","PROCEDURE",355,"                                 ) xxx,
"
"D_PREPAREPURCHASEORDERFORSUPPLIER360VIEW","PROCEDURE",356,"                                PurchaseOrder PO
"
"D_PREPAREPURCHASEORDERFORSUPPLIER360VIEW","PROCEDURE",357,"                          Where xxx.tno = po.tno
"
"D_PREPAREPURCHASEORDERFORSUPPLIER360VIEW","PROCEDURE",358,"
"
"D_PREPAREPURCHASEORDERFORSUPPLIER360VIEW","PROCEDURE",359,"                         ) Loop
"
"D_PREPAREPURCHASEORDERFORSUPPLIER360VIEW","PROCEDURE",360,"
"
"D_PREPAREPURCHASEORDERFORSUPPLIER360VIEW","PROCEDURE",361,"    -----  Insert in D_Supplier_360View_PurchaseOrders
"
"D_PREPAREPURCHASEORDERFORSUPPLIER360VIEW","PROCEDURE",362,"
"
"D_PREPAREPURCHASEORDERFORSUPPLIER360VIEW","PROCEDURE",363,"    Insert Into D_Supplier_360View_PurchaseOrders
"
"D_PREPAREPURCHASEORDERFORSUPPLIER360VIEW","PROCEDURE",364,"      (
"
"D_PREPAREPURCHASEORDERFORSUPPLIER360VIEW","PROCEDURE",365,"
"
"D_PREPAREPURCHASEORDERFORSUPPLIER360VIEW","PROCEDURE",366,"       TNo,
"
"D_PREPAREPURCHASEORDERFORSUPPLIER360VIEW","PROCEDURE",367,"       CompanyCode,
"
"D_PREPAREPURCHASEORDERFORSUPPLIER360VIEW","PROCEDURE",368,"       CompanyName,
"
"D_PREPAREPURCHASEORDERFORSUPPLIER360VIEW","PROCEDURE",369,"       LocationCode,
"
"D_PREPAREPURCHASEORDERFORSUPPLIER360VIEW","PROCEDURE",370,"       LocationName,
"
"D_PREPAREPURCHASEORDERFORSUPPLIER360VIEW","PROCEDURE",371,"       DocTypeCode,
"
"D_PREPAREPURCHASEORDERFORSUPPLIER360VIEW","PROCEDURE",372,"       DocTypeName,
"
"D_PREPAREPURCHASEORDERFORSUPPLIER360VIEW","PROCEDURE",373,"       PurchaseOrderNo,
"
"D_PREPAREPURCHASEORDERFORSUPPLIER360VIEW","PROCEDURE",374,"       PurchaseOrderDate,
"
"D_PREPAREPURCHASEORDERFORSUPPLIER360VIEW","PROCEDURE",375,"       PartyCode,
"
"D_PREPAREPURCHASEORDERFORSUPPLIER360VIEW","PROCEDURE",376,"       PartyName,
"
"D_PREPAREPURCHASEORDERFORSUPPLIER360VIEW","PROCEDURE",377,"       AgentCode,
"
"D_PREPAREPURCHASEORDERFORSUPPLIER360VIEW","PROCEDURE",378,"       AgentName,
"
"D_PREPAREPURCHASEORDERFORSUPPLIER360VIEW","PROCEDURE",379,"       DeliveryDate,
"
"D_PREPAREPURCHASEORDERFORSUPPLIER360VIEW","PROCEDURE",380,"       ItemCode,
"
"D_PREPAREPURCHASEORDERFORSUPPLIER360VIEW","PROCEDURE",381,"       ItemName,
"
"D_PREPAREPURCHASEORDERFORSUPPLIER360VIEW","PROCEDURE",382,"       MaterialDescription, -- Item Name & Item Specification Name
"
"D_PREPAREPURCHASEORDERFORSUPPLIER360VIEW","PROCEDURE",383,"       UOM1,
"
"D_PREPAREPURCHASEORDERFORSUPPLIER360VIEW","PROCEDURE",384,"       Quantity1,
"
"D_PREPAREPURCHASEORDERFORSUPPLIER360VIEW","PROCEDURE",385,"       UOM2,
"
"D_PREPAREPURCHASEORDERFORSUPPLIER360VIEW","PROCEDURE",386,"       Quantity2,
"
"D_PREPAREPURCHASEORDERFORSUPPLIER360VIEW","PROCEDURE",387,"       Rate,
"
"D_PREPAREPURCHASEORDERFORSUPPLIER360VIEW","PROCEDURE",388,"       Amount,
"
"D_PREPAREPURCHASEORDERFORSUPPLIER360VIEW","PROCEDURE",389,"       CGST,
"
"D_PREPAREPURCHASEORDERFORSUPPLIER360VIEW","PROCEDURE",390,"       SGST,
"
"D_PREPAREPURCHASEORDERFORSUPPLIER360VIEW","PROCEDURE",391,"       IGST,
"
"D_PREPAREPURCHASEORDERFORSUPPLIER360VIEW","PROCEDURE",392,"       TCS,
"
"D_PREPAREPURCHASEORDERFORSUPPLIER360VIEW","PROCEDURE",393,"       FooterAmount,
"
"D_PREPAREPURCHASEORDERFORSUPPLIER360VIEW","PROCEDURE",394,"       OtherAmount,
"
"D_PREPAREPURCHASEORDERFORSUPPLIER360VIEW","PROCEDURE",395,"       TotalAmount,
"
"D_PREPAREPURCHASEORDERFORSUPPLIER360VIEW","PROCEDURE",396,"       FreightTypeCode,
"
"D_PREPAREPURCHASEORDERFORSUPPLIER360VIEW","PROCEDURE",397,"       FreightTypeName,
"
"D_PREPAREPURCHASEORDERFORSUPPLIER360VIEW","PROCEDURE",398,"       GRNStatus,
"
"D_PREPAREPURCHASEORDERFORSUPPLIER360VIEW","PROCEDURE",399,"       GRNReceivedQuantity1,
"
"D_PREPAREPURCHASEORDERFORSUPPLIER360VIEW","PROCEDURE",400,"       GRNReceivedQuantity2,
"
"D_PREPAREPURCHASEORDERFORSUPPLIER360VIEW","PROCEDURE",401,"       BalanceQuantity1,
"
"D_PREPAREPURCHASEORDERFORSUPPLIER360VIEW","PROCEDURE",402,"       BalanceQuantity2,
"
"D_PREPAREPURCHASEORDERFORSUPPLIER360VIEW","PROCEDURE",403,"       Creator,
"
"D_PREPAREPURCHASEORDERFORSUPPLIER360VIEW","PROCEDURE",404,"       CreationTime,
"
"D_PREPAREPURCHASEORDERFORSUPPLIER360VIEW","PROCEDURE",405,"       StateCode,
"
"D_PREPAREPURCHASEORDERFORSUPPLIER360VIEW","PROCEDURE",406,"       StateName,
"
"D_PREPAREPURCHASEORDERFORSUPPLIER360VIEW","PROCEDURE",407,"       CityCode,
"
"D_PREPAREPURCHASEORDERFORSUPPLIER360VIEW","PROCEDURE",408,"       CityName)
"
"D_PREPAREPURCHASEORDERFORSUPPLIER360VIEW","PROCEDURE",409,"    Values
"
"D_PREPAREPURCHASEORDERFORSUPPLIER360VIEW","PROCEDURE",410,"      (
"
"D_PREPAREPURCHASEORDERFORSUPPLIER360VIEW","PROCEDURE",411,"
"
"D_PREPAREPURCHASEORDERFORSUPPLIER360VIEW","PROCEDURE",412,"       vPurchaseOrder.TNo,
"
"D_PREPAREPURCHASEORDERFORSUPPLIER360VIEW","PROCEDURE",413,"       vPurchaseOrder.CompanyCode,
"
"D_PREPAREPURCHASEORDERFORSUPPLIER360VIEW","PROCEDURE",414,"       vPurchaseOrder.CompanyName,
"
"D_PREPAREPURCHASEORDERFORSUPPLIER360VIEW","PROCEDURE",415,"       vPurchaseOrder.LocationCode,
"
"D_PREPAREPURCHASEORDERFORSUPPLIER360VIEW","PROCEDURE",416,"       vPurchaseOrder.LocationName,
"
"D_PREPAREPURCHASEORDERFORSUPPLIER360VIEW","PROCEDURE",417,"       vPurchaseOrder.DocTypeCode,
"
"D_PREPAREPURCHASEORDERFORSUPPLIER360VIEW","PROCEDURE",418,"       vPurchaseOrder.DocTypeName,
"
"D_PREPAREPURCHASEORDERFORSUPPLIER360VIEW","PROCEDURE",419,"       vPurchaseOrder.PurchaseOrderNo,
"
"D_PREPAREPURCHASEORDERFORSUPPLIER360VIEW","PROCEDURE",420,"       vPurchaseOrder.PurchaseOrderDate,
"
"D_PREPAREPURCHASEORDERFORSUPPLIER360VIEW","PROCEDURE",421,"       vPurchaseOrder.PartyCode,
"
"D_PREPAREPURCHASEORDERFORSUPPLIER360VIEW","PROCEDURE",422,"       vPurchaseOrder.PartyName,
"
"D_PREPAREPURCHASEORDERFORSUPPLIER360VIEW","PROCEDURE",423,"       vPurchaseOrder.AgentCode,
"
"D_PREPAREPURCHASEORDERFORSUPPLIER360VIEW","PROCEDURE",424,"       vPurchaseOrder.AgentName,
"
"D_PREPAREPURCHASEORDERFORSUPPLIER360VIEW","PROCEDURE",425,"       vPurchaseOrder.DeliveryDate,
"
"D_PREPAREPURCHASEORDERFORSUPPLIER360VIEW","PROCEDURE",426,"       vPurchaseOrder.ItemCode,
"
"D_PREPAREPURCHASEORDERFORSUPPLIER360VIEW","PROCEDURE",427,"       vPurchaseOrder.ItemName,
"
"D_PREPAREPURCHASEORDERFORSUPPLIER360VIEW","PROCEDURE",428,"       vPurchaseOrder.MaterialDetail, -- Item Name & Item Specification Name
"
"D_PREPAREPURCHASEORDERFORSUPPLIER360VIEW","PROCEDURE",429,"       vPurchaseOrder.UOM,
"
"D_PREPAREPURCHASEORDERFORSUPPLIER360VIEW","PROCEDURE",430,"       vPurchaseOrder.Quantity1,
"
"D_PREPAREPURCHASEORDERFORSUPPLIER360VIEW","PROCEDURE",431,"       vPurchaseOrder.UOM2,
"
"D_PREPAREPURCHASEORDERFORSUPPLIER360VIEW","PROCEDURE",432,"       vPurchaseOrder.Quantity2,
"
"D_PREPAREPURCHASEORDERFORSUPPLIER360VIEW","PROCEDURE",433,"       vPurchaseOrder.Rate,
"
"D_PREPAREPURCHASEORDERFORSUPPLIER360VIEW","PROCEDURE",434,"       vPurchaseOrder.Amount,
"
"D_PREPAREPURCHASEORDERFORSUPPLIER360VIEW","PROCEDURE",435,"       vPurchaseOrder.CGST,
"
"D_PREPAREPURCHASEORDERFORSUPPLIER360VIEW","PROCEDURE",436,"       vPurchaseOrder.SGST,
"
"D_PREPAREPURCHASEORDERFORSUPPLIER360VIEW","PROCEDURE",437,"       vPurchaseOrder.IGST,
"
"D_PREPAREPURCHASEORDERFORSUPPLIER360VIEW","PROCEDURE",438,"       vPurchaseOrder.TCS,
"
"D_PREPAREPURCHASEORDERFORSUPPLIER360VIEW","PROCEDURE",439,"       vPurchaseOrder.FooterAmount,
"
"D_PREPAREPURCHASEORDERFORSUPPLIER360VIEW","PROCEDURE",440,"       vPurchaseOrder.OtherAmount,
"
"D_PREPAREPURCHASEORDERFORSUPPLIER360VIEW","PROCEDURE",441,"       vPurchaseOrder.TotalAmount,
"
"D_PREPAREPURCHASEORDERFORSUPPLIER360VIEW","PROCEDURE",442,"       vPurchaseOrder.FreightTypeCode,
"
"D_PREPAREPURCHASEORDERFORSUPPLIER360VIEW","PROCEDURE",443,"       vPurchaseOrder.FreightTypeName,
"
"D_PREPAREPURCHASEORDERFORSUPPLIER360VIEW","PROCEDURE",444,"       vPurchaseOrder.GRNStatus,
"
"D_PREPAREPURCHASEORDERFORSUPPLIER360VIEW","PROCEDURE",445,"       vPurchaseOrder.GRNReceivedQuantity,
"
"D_PREPAREPURCHASEORDERFORSUPPLIER360VIEW","PROCEDURE",446,"       vPurchaseOrder.GRNReceivedQuantity2,
"
"D_PREPAREPURCHASEORDERFORSUPPLIER360VIEW","PROCEDURE",447,"       vPurchaseOrder.BalanceQuantity1,
"
"D_PREPAREPURCHASEORDERFORSUPPLIER360VIEW","PROCEDURE",448,"       vPurchaseOrder.BalanceQuantity2,
"
"D_PREPAREPURCHASEORDERFORSUPPLIER360VIEW","PROCEDURE",449,"       vPurchaseOrder.Creator,
"
"D_PREPAREPURCHASEORDERFORSUPPLIER360VIEW","PROCEDURE",450,"       vPurchaseOrder.CreationTime,
"
"D_PREPAREPURCHASEORDERFORSUPPLIER360VIEW","PROCEDURE",451,"       vPurchaseOrder.StateCode,
"
"D_PREPAREPURCHASEORDERFORSUPPLIER360VIEW","PROCEDURE",452,"       vPurchaseOrder.StateName,
"
"D_PREPAREPURCHASEORDERFORSUPPLIER360VIEW","PROCEDURE",453,"       vPurchaseOrder.CityCode,
"
"D_PREPAREPURCHASEORDERFORSUPPLIER360VIEW","PROCEDURE",454,"       vPurchaseOrder.CityName);
"
"D_PREPAREPURCHASEORDERFORSUPPLIER360VIEW","PROCEDURE",455,"
"
"D_PREPAREPURCHASEORDERFORSUPPLIER360VIEW","PROCEDURE",456,"    ------- Delivered on Time
"
"D_PREPAREPURCHASEORDERFORSUPPLIER360VIEW","PROCEDURE",457,"    Select Min(a.grndate)
"
"D_PREPAREPURCHASEORDERFORSUPPLIER360VIEW","PROCEDURE",458,"      Into vFirstGRNDate
"
"D_PREPAREPURCHASEORDERFORSUPPLIER360VIEW","PROCEDURE",459,"      From grn a, grndetail b
"
"D_PREPAREPURCHASEORDERFORSUPPLIER360VIEW","PROCEDURE",460,"     Where a.tno = b.tno
"
"D_PREPAREPURCHASEORDERFORSUPPLIER360VIEW","PROCEDURE",461,"       And b.purchaseordertno = vPurchaseOrder.Tno
"
"D_PREPAREPURCHASEORDERFORSUPPLIER360VIEW","PROCEDURE",462,"       And b.ItemCode = vPurchaseOrder.Itemcode
"
"D_PREPAREPURCHASEORDERFORSUPPLIER360VIEW","PROCEDURE",463,"       And a.companycode = vPurchaseOrder.Companycode
"
"D_PREPAREPURCHASEORDERFORSUPPLIER360VIEW","PROCEDURE",464,"       And a.LocationCode = vPurchaseOrder.LocationCode;
"
"D_PREPAREPURCHASEORDERFORSUPPLIER360VIEW","PROCEDURE",465,"    If vPurchaseOrder.DeliveryDate >= vFirstGRNDate Then
"
"D_PREPAREPURCHASEORDERFORSUPPLIER360VIEW","PROCEDURE",466,"      Insert Into D_SUPPLIER_360VIEW_PURCHASEORDERSDELIVEREDONTIME
"
"D_PREPAREPURCHASEORDERFORSUPPLIER360VIEW","PROCEDURE",467,"        (
"
"D_PREPAREPURCHASEORDERFORSUPPLIER360VIEW","PROCEDURE",468,"
"
"D_PREPAREPURCHASEORDERFORSUPPLIER360VIEW","PROCEDURE",469,"         TNo,
"
"D_PREPAREPURCHASEORDERFORSUPPLIER360VIEW","PROCEDURE",470,"         CompanyCode,
"
"D_PREPAREPURCHASEORDERFORSUPPLIER360VIEW","PROCEDURE",471,"         CompanyName,
"
"D_PREPAREPURCHASEORDERFORSUPPLIER360VIEW","PROCEDURE",472,"         LocationCode,
"
"D_PREPAREPURCHASEORDERFORSUPPLIER360VIEW","PROCEDURE",473,"         LocationName,
"
"D_PREPAREPURCHASEORDERFORSUPPLIER360VIEW","PROCEDURE",474,"         DocTypeCode,
"
"D_PREPAREPURCHASEORDERFORSUPPLIER360VIEW","PROCEDURE",475,"         DocTypeName,
"
"D_PREPAREPURCHASEORDERFORSUPPLIER360VIEW","PROCEDURE",476,"         PurchaseOrderNo,
"
"D_PREPAREPURCHASEORDERFORSUPPLIER360VIEW","PROCEDURE",477,"         PurchaseOrderDate,
"
"D_PREPAREPURCHASEORDERFORSUPPLIER360VIEW","PROCEDURE",478,"         PartyCode,
"
"D_PREPAREPURCHASEORDERFORSUPPLIER360VIEW","PROCEDURE",479,"         PartyName,
"
"D_PREPAREPURCHASEORDERFORSUPPLIER360VIEW","PROCEDURE",480,"         AgentCode,
"
"D_PREPAREPURCHASEORDERFORSUPPLIER360VIEW","PROCEDURE",481,"         AgentName,
"
"D_PREPAREPURCHASEORDERFORSUPPLIER360VIEW","PROCEDURE",482,"         DeliveryDate,
"
"D_PREPAREPURCHASEORDERFORSUPPLIER360VIEW","PROCEDURE",483,"         ItemCode,
"
"D_PREPAREPURCHASEORDERFORSUPPLIER360VIEW","PROCEDURE",484,"         ItemName,
"
"D_PREPAREPURCHASEORDERFORSUPPLIER360VIEW","PROCEDURE",485,"         MaterialDescription, -- Item Name & Item Specification Name
"
"D_PREPAREPURCHASEORDERFORSUPPLIER360VIEW","PROCEDURE",486,"         UOM1,
"
"D_PREPAREPURCHASEORDERFORSUPPLIER360VIEW","PROCEDURE",487,"         Quantity1,
"
"D_PREPAREPURCHASEORDERFORSUPPLIER360VIEW","PROCEDURE",488,"         UOM2,
"
"D_PREPAREPURCHASEORDERFORSUPPLIER360VIEW","PROCEDURE",489,"         Quantity2,
"
"D_PREPAREPURCHASEORDERFORSUPPLIER360VIEW","PROCEDURE",490,"         Rate,
"
"D_PREPAREPURCHASEORDERFORSUPPLIER360VIEW","PROCEDURE",491,"         Amount,
"
"D_PREPAREPURCHASEORDERFORSUPPLIER360VIEW","PROCEDURE",492,"         CGST,
"
"D_PREPAREPURCHASEORDERFORSUPPLIER360VIEW","PROCEDURE",493,"         SGST,
"
"D_PREPAREPURCHASEORDERFORSUPPLIER360VIEW","PROCEDURE",494,"         IGST,
"
"D_PREPAREPURCHASEORDERFORSUPPLIER360VIEW","PROCEDURE",495,"         TCS,
"
"D_PREPAREPURCHASEORDERFORSUPPLIER360VIEW","PROCEDURE",496,"         FooterAmount,
"
"D_PREPAREPURCHASEORDERFORSUPPLIER360VIEW","PROCEDURE",497,"         OtherAmount,
"
"D_PREPAREPURCHASEORDERFORSUPPLIER360VIEW","PROCEDURE",498,"         TotalAmount,
"
"D_PREPAREPURCHASEORDERFORSUPPLIER360VIEW","PROCEDURE",499,"         FreightTypeCode,
"
"D_PREPAREPURCHASEORDERFORSUPPLIER360VIEW","PROCEDURE",500,"         FreightTypeName,
"
"D_PREPAREPURCHASEORDERFORSUPPLIER360VIEW","PROCEDURE",501,"         GRNStatus,
"
"D_PREPAREPURCHASEORDERFORSUPPLIER360VIEW","PROCEDURE",502,"         GRNReceivedQuantity1,
"
"D_PREPAREPURCHASEORDERFORSUPPLIER360VIEW","PROCEDURE",503,"         GRNReceivedQuantity2,
"
"D_PREPAREPURCHASEORDERFORSUPPLIER360VIEW","PROCEDURE",504,"         BalanceQuantity1,
"
"D_PREPAREPURCHASEORDERFORSUPPLIER360VIEW","PROCEDURE",505,"         BalanceQuantity2,
"
"D_PREPAREPURCHASEORDERFORSUPPLIER360VIEW","PROCEDURE",506,"         Creator,
"
"D_PREPAREPURCHASEORDERFORSUPPLIER360VIEW","PROCEDURE",507,"         CreationTime,
"
"D_PREPAREPURCHASEORDERFORSUPPLIER360VIEW","PROCEDURE",508,"         StateCode,
"
"D_PREPAREPURCHASEORDERFORSUPPLIER360VIEW","PROCEDURE",509,"         StateName,
"
"D_PREPAREPURCHASEORDERFORSUPPLIER360VIEW","PROCEDURE",510,"         CityCode,
"
"D_PREPAREPURCHASEORDERFORSUPPLIER360VIEW","PROCEDURE",511,"         CityName)
"
"D_PREPAREPURCHASEORDERFORSUPPLIER360VIEW","PROCEDURE",512,"      Values
"
"D_PREPAREPURCHASEORDERFORSUPPLIER360VIEW","PROCEDURE",513,"        (
"
"D_PREPAREPURCHASEORDERFORSUPPLIER360VIEW","PROCEDURE",514,"
"
"D_PREPAREPURCHASEORDERFORSUPPLIER360VIEW","PROCEDURE",515,"         vPurchaseOrder.TNo,
"
"D_PREPAREPURCHASEORDERFORSUPPLIER360VIEW","PROCEDURE",516,"         vPurchaseOrder.CompanyCode,
"
"D_PREPAREPURCHASEORDERFORSUPPLIER360VIEW","PROCEDURE",517,"         vPurchaseOrder.CompanyName,
"
"D_PREPAREPURCHASEORDERFORSUPPLIER360VIEW","PROCEDURE",518,"         vPurchaseOrder.LocationCode,
"
"D_PREPAREPURCHASEORDERFORSUPPLIER360VIEW","PROCEDURE",519,"         vPurchaseOrder.LocationName,
"
"D_PREPAREPURCHASEORDERFORSUPPLIER360VIEW","PROCEDURE",520,"         vPurchaseOrder.DocTypeCode,
"
"D_PREPAREPURCHASEORDERFORSUPPLIER360VIEW","PROCEDURE",521,"         vPurchaseOrder.DocTypeName,
"
"D_PREPAREPURCHASEORDERFORSUPPLIER360VIEW","PROCEDURE",522,"         vPurchaseOrder.PurchaseOrderNo,
"
"D_PREPAREPURCHASEORDERFORSUPPLIER360VIEW","PROCEDURE",523,"         vPurchaseOrder.PurchaseOrderDate,
"
"D_PREPAREPURCHASEORDERFORSUPPLIER360VIEW","PROCEDURE",524,"         vPurchaseOrder.PartyCode,
"
"D_PREPAREPURCHASEORDERFORSUPPLIER360VIEW","PROCEDURE",525,"         vPurchaseOrder.PartyName,
"
"D_PREPAREPURCHASEORDERFORSUPPLIER360VIEW","PROCEDURE",526,"         vPurchaseOrder.AgentCode,
"
"D_PREPAREPURCHASEORDERFORSUPPLIER360VIEW","PROCEDURE",527,"         vPurchaseOrder.AgentName,
"
"D_PREPAREPURCHASEORDERFORSUPPLIER360VIEW","PROCEDURE",528,"         vPurchaseOrder.DeliveryDate,
"
"D_PREPAREPURCHASEORDERFORSUPPLIER360VIEW","PROCEDURE",529,"         vPurchaseOrder.ItemCode,
"
"D_PREPAREPURCHASEORDERFORSUPPLIER360VIEW","PROCEDURE",530,"         vPurchaseOrder.ItemName,
"
"D_PREPAREPURCHASEORDERFORSUPPLIER360VIEW","PROCEDURE",531,"         vPurchaseOrder.MaterialDetail, -- Item Name & Item Specification Name
"
"D_PREPAREPURCHASEORDERFORSUPPLIER360VIEW","PROCEDURE",532,"         vPurchaseOrder.UOM,
"
"D_PREPAREPURCHASEORDERFORSUPPLIER360VIEW","PROCEDURE",533,"         vPurchaseOrder.Quantity1,
"
"D_PREPAREPURCHASEORDERFORSUPPLIER360VIEW","PROCEDURE",534,"         vPurchaseOrder.UOM2,
"
"D_PREPAREPURCHASEORDERFORSUPPLIER360VIEW","PROCEDURE",535,"         vPurchaseOrder.Quantity2,
"
"D_PREPAREPURCHASEORDERFORSUPPLIER360VIEW","PROCEDURE",536,"         vPurchaseOrder.Rate,
"
"D_PREPAREPURCHASEORDERFORSUPPLIER360VIEW","PROCEDURE",537,"         vPurchaseOrder.Amount,
"
"D_PREPAREPURCHASEORDERFORSUPPLIER360VIEW","PROCEDURE",538,"         vPurchaseOrder.CGST,
"
"D_PREPAREPURCHASEORDERFORSUPPLIER360VIEW","PROCEDURE",539,"         vPurchaseOrder.SGST,
"
"D_PREPAREPURCHASEORDERFORSUPPLIER360VIEW","PROCEDURE",540,"         vPurchaseOrder.IGST,
"
"D_PREPAREPURCHASEORDERFORSUPPLIER360VIEW","PROCEDURE",541,"         vPurchaseOrder.TCS,
"
"D_PREPAREPURCHASEORDERFORSUPPLIER360VIEW","PROCEDURE",542,"         vPurchaseOrder.FooterAmount,
"
"D_PREPAREPURCHASEORDERFORSUPPLIER360VIEW","PROCEDURE",543,"         vPurchaseOrder.OtherAmount,
"
"D_PREPAREPURCHASEORDERFORSUPPLIER360VIEW","PROCEDURE",544,"         vPurchaseOrder.TotalAmount,
"
"D_PREPAREPURCHASEORDERFORSUPPLIER360VIEW","PROCEDURE",545,"         vPurchaseOrder.FreightTypeCode,
"
"D_PREPAREPURCHASEORDERFORSUPPLIER360VIEW","PROCEDURE",546,"         vPurchaseOrder.FreightTypeName,
"
"D_PREPAREPURCHASEORDERFORSUPPLIER360VIEW","PROCEDURE",547,"         vPurchaseOrder.GRNStatus,
"
"D_PREPAREPURCHASEORDERFORSUPPLIER360VIEW","PROCEDURE",548,"         vPurchaseOrder.GRNReceivedQuantity,
"
"D_PREPAREPURCHASEORDERFORSUPPLIER360VIEW","PROCEDURE",549,"         vPurchaseOrder.GRNReceivedQuantity2,
"
"D_PREPAREPURCHASEORDERFORSUPPLIER360VIEW","PROCEDURE",550,"         vPurchaseOrder.BalanceQuantity1,
"
"D_PREPAREPURCHASEORDERFORSUPPLIER360VIEW","PROCEDURE",551,"         vPurchaseOrder.BalanceQuantity2,
"
"D_PREPAREPURCHASEORDERFORSUPPLIER360VIEW","PROCEDURE",552,"         vPurchaseOrder.Creator,
"
"D_PREPAREPURCHASEORDERFORSUPPLIER360VIEW","PROCEDURE",553,"         vPurchaseOrder.CreationTime,
"
"D_PREPAREPURCHASEORDERFORSUPPLIER360VIEW","PROCEDURE",554,"         vPurchaseOrder.StateCode,
"
"D_PREPAREPURCHASEORDERFORSUPPLIER360VIEW","PROCEDURE",555,"         vPurchaseOrder.StateName,
"
"D_PREPAREPURCHASEORDERFORSUPPLIER360VIEW","PROCEDURE",556,"         vPurchaseOrder.CityCode,
"
"D_PREPAREPURCHASEORDERFORSUPPLIER360VIEW","PROCEDURE",557,"         vPurchaseOrder.CityName);
"
"D_PREPAREPURCHASEORDERFORSUPPLIER360VIEW","PROCEDURE",558,"
"
"D_PREPAREPURCHASEORDERFORSUPPLIER360VIEW","PROCEDURE",559,"    End If; --- End If DeliveryDate
"
"D_PREPAREPURCHASEORDERFORSUPPLIER360VIEW","PROCEDURE",560,"    -------
"
"D_PREPAREPURCHASEORDERFORSUPPLIER360VIEW","PROCEDURE",561,"
"
"D_PREPAREPURCHASEORDERFORSUPPLIER360VIEW","PROCEDURE",562,"    If vPurchaseOrder.GRNStatus In ('PENDING', 'PARTIAL') And
"
"D_PREPAREPURCHASEORDERFORSUPPLIER360VIEW","PROCEDURE",563,"       nvl(vPurchaseOrder.Status, 'INACTIVE') = 'ACTIVE' Then
"
"D_PREPAREPURCHASEORDERFORSUPPLIER360VIEW","PROCEDURE",564,"      Insert Into D_Supplier_360View_PurchaseOrdersPendingForGRN
"
"D_PREPAREPURCHASEORDERFORSUPPLIER360VIEW","PROCEDURE",565,"        (
"
"D_PREPAREPURCHASEORDERFORSUPPLIER360VIEW","PROCEDURE",566,"
"
"D_PREPAREPURCHASEORDERFORSUPPLIER360VIEW","PROCEDURE",567,"         TNo,
"
"D_PREPAREPURCHASEORDERFORSUPPLIER360VIEW","PROCEDURE",568,"         CompanyCode,
"
"D_PREPAREPURCHASEORDERFORSUPPLIER360VIEW","PROCEDURE",569,"         CompanyName,
"
"D_PREPAREPURCHASEORDERFORSUPPLIER360VIEW","PROCEDURE",570,"         LocationCode,
"
"D_PREPAREPURCHASEORDERFORSUPPLIER360VIEW","PROCEDURE",571,"         LocationName,
"
"D_PREPAREPURCHASEORDERFORSUPPLIER360VIEW","PROCEDURE",572,"         DocTypeCode,
"
"D_PREPAREPURCHASEORDERFORSUPPLIER360VIEW","PROCEDURE",573,"         DocTypeName,
"
"D_PREPAREPURCHASEORDERFORSUPPLIER360VIEW","PROCEDURE",574,"         PurchaseOrderNo,
"
"D_PREPAREPURCHASEORDERFORSUPPLIER360VIEW","PROCEDURE",575,"         PurchaseOrderDate,
"
"D_PREPAREPURCHASEORDERFORSUPPLIER360VIEW","PROCEDURE",576,"         PartyCode,
"
"D_PREPAREPURCHASEORDERFORSUPPLIER360VIEW","PROCEDURE",577,"         PartyName,
"
"D_PREPAREPURCHASEORDERFORSUPPLIER360VIEW","PROCEDURE",578,"         AgentCode,
"
"D_PREPAREPURCHASEORDERFORSUPPLIER360VIEW","PROCEDURE",579,"         AgentName,
"
"D_PREPAREPURCHASEORDERFORSUPPLIER360VIEW","PROCEDURE",580,"         DeliveryDate,
"
"D_PREPAREPURCHASEORDERFORSUPPLIER360VIEW","PROCEDURE",581,"         ItemCode,
"
"D_PREPAREPURCHASEORDERFORSUPPLIER360VIEW","PROCEDURE",582,"         ItemspecificationCode,
"
"D_PREPAREPURCHASEORDERFORSUPPLIER360VIEW","PROCEDURE",583,"         ItemName,
"
"D_PREPAREPURCHASEORDERFORSUPPLIER360VIEW","PROCEDURE",584,"         MaterialDescription, -- Item Name & Item Specification Name
"
"D_PREPAREPURCHASEORDERFORSUPPLIER360VIEW","PROCEDURE",585,"         UOM1,
"
"D_PREPAREPURCHASEORDERFORSUPPLIER360VIEW","PROCEDURE",586,"         Quantity1,
"
"D_PREPAREPURCHASEORDERFORSUPPLIER360VIEW","PROCEDURE",587,"         UOM2,
"
"D_PREPAREPURCHASEORDERFORSUPPLIER360VIEW","PROCEDURE",588,"         Quantity2,
"
"D_PREPAREPURCHASEORDERFORSUPPLIER360VIEW","PROCEDURE",589,"         Rate,
"
"D_PREPAREPURCHASEORDERFORSUPPLIER360VIEW","PROCEDURE",590,"         Amount,
"
"D_PREPAREPURCHASEORDERFORSUPPLIER360VIEW","PROCEDURE",591,"         CGST,
"
"D_PREPAREPURCHASEORDERFORSUPPLIER360VIEW","PROCEDURE",592,"         SGST,
"
"D_PREPAREPURCHASEORDERFORSUPPLIER360VIEW","PROCEDURE",593,"         IGST,
"
"D_PREPAREPURCHASEORDERFORSUPPLIER360VIEW","PROCEDURE",594,"         TCS,
"
"D_PREPAREPURCHASEORDERFORSUPPLIER360VIEW","PROCEDURE",595,"         FooterAmount,
"
"D_PREPAREPURCHASEORDERFORSUPPLIER360VIEW","PROCEDURE",596,"         OtherAmount,
"
"D_PREPAREPURCHASEORDERFORSUPPLIER360VIEW","PROCEDURE",597,"         TotalAmount,
"
"D_PREPAREPURCHASEORDERFORSUPPLIER360VIEW","PROCEDURE",598,"         FreightTypeCode,
"
"D_PREPAREPURCHASEORDERFORSUPPLIER360VIEW","PROCEDURE",599,"         FreightTypeName,
"
"D_PREPAREPURCHASEORDERFORSUPPLIER360VIEW","PROCEDURE",600,"         GRNStatus,
"
"D_PREPAREPURCHASEORDERFORSUPPLIER360VIEW","PROCEDURE",601,"         GRNReceivedQuantity1,
"
"D_PREPAREPURCHASEORDERFORSUPPLIER360VIEW","PROCEDURE",602,"         GRNReceivedQuantity2,
"
"D_PREPAREPURCHASEORDERFORSUPPLIER360VIEW","PROCEDURE",603,"         BalanceQuantity1,
"
"D_PREPAREPURCHASEORDERFORSUPPLIER360VIEW","PROCEDURE",604,"         BalanceQuantity2,
"
"D_PREPAREPURCHASEORDERFORSUPPLIER360VIEW","PROCEDURE",605,"         Creator,
"
"D_PREPAREPURCHASEORDERFORSUPPLIER360VIEW","PROCEDURE",606,"         CreationTime,
"
"D_PREPAREPURCHASEORDERFORSUPPLIER360VIEW","PROCEDURE",607,"         StateCode,
"
"D_PREPAREPURCHASEORDERFORSUPPLIER360VIEW","PROCEDURE",608,"         StateName,
"
"D_PREPAREPURCHASEORDERFORSUPPLIER360VIEW","PROCEDURE",609,"         CityCode,
"
"D_PREPAREPURCHASEORDERFORSUPPLIER360VIEW","PROCEDURE",610,"         CityName)
"
"D_PREPAREPURCHASEORDERFORSUPPLIER360VIEW","PROCEDURE",611,"      Values
"
"D_PREPAREPURCHASEORDERFORSUPPLIER360VIEW","PROCEDURE",612,"        (
"
"D_PREPAREPURCHASEORDERFORSUPPLIER360VIEW","PROCEDURE",613,"
"
"D_PREPAREPURCHASEORDERFORSUPPLIER360VIEW","PROCEDURE",614,"         vPurchaseOrder.TNo,
"
"D_PREPAREPURCHASEORDERFORSUPPLIER360VIEW","PROCEDURE",615,"         vPurchaseOrder.CompanyCode,
"
"D_PREPAREPURCHASEORDERFORSUPPLIER360VIEW","PROCEDURE",616,"         vPurchaseOrder.CompanyName,
"
"D_PREPAREPURCHASEORDERFORSUPPLIER360VIEW","PROCEDURE",617,"         vPurchaseOrder.LocationCode,
"
"D_PREPAREPURCHASEORDERFORSUPPLIER360VIEW","PROCEDURE",618,"         vPurchaseOrder.LocationName,
"
"D_PREPAREPURCHASEORDERFORSUPPLIER360VIEW","PROCEDURE",619,"         vPurchaseOrder.DocTypeCode,
"
"D_PREPAREPURCHASEORDERFORSUPPLIER360VIEW","PROCEDURE",620,"         vPurchaseOrder.DocTypeName,
"
"D_PREPAREPURCHASEORDERFORSUPPLIER360VIEW","PROCEDURE",621,"         vPurchaseOrder.PurchaseOrderNo,
"
"D_PREPAREPURCHASEORDERFORSUPPLIER360VIEW","PROCEDURE",622,"         vPurchaseOrder.PurchaseOrderDate,
"
"D_PREPAREPURCHASEORDERFORSUPPLIER360VIEW","PROCEDURE",623,"         vPurchaseOrder.PartyCode,
"
"D_PREPAREPURCHASEORDERFORSUPPLIER360VIEW","PROCEDURE",624,"         vPurchaseOrder.PartyName,
"
"D_PREPAREPURCHASEORDERFORSUPPLIER360VIEW","PROCEDURE",625,"         vPurchaseOrder.AgentCode,
"
"D_PREPAREPURCHASEORDERFORSUPPLIER360VIEW","PROCEDURE",626,"         vPurchaseOrder.AgentName,
"
"D_PREPAREPURCHASEORDERFORSUPPLIER360VIEW","PROCEDURE",627,"         vPurchaseOrder.DeliveryDate,
"
"D_PREPAREPURCHASEORDERFORSUPPLIER360VIEW","PROCEDURE",628,"         vPurchaseOrder.ItemCode,
"
"D_PREPAREPURCHASEORDERFORSUPPLIER360VIEW","PROCEDURE",629,"         vPurchaseOrder.Itemspecificationcode,
"
"D_PREPAREPURCHASEORDERFORSUPPLIER360VIEW","PROCEDURE",630,"         vPurchaseOrder.ItemName,
"
"D_PREPAREPURCHASEORDERFORSUPPLIER360VIEW","PROCEDURE",631,"         vPurchaseOrder.MaterialDetail, -- Item Name & Item Specification Name
"
"D_PREPAREPURCHASEORDERFORSUPPLIER360VIEW","PROCEDURE",632,"         vPurchaseOrder.UOM,
"
"D_PREPAREPURCHASEORDERFORSUPPLIER360VIEW","PROCEDURE",633,"         vPurchaseOrder.Quantity1,
"
"D_PREPAREPURCHASEORDERFORSUPPLIER360VIEW","PROCEDURE",634,"         vPurchaseOrder.UOM2,
"
"D_PREPAREPURCHASEORDERFORSUPPLIER360VIEW","PROCEDURE",635,"         vPurchaseOrder.Quantity2,
"
"D_PREPAREPURCHASEORDERFORSUPPLIER360VIEW","PROCEDURE",636,"         vPurchaseOrder.Rate,
"
"D_PREPAREPURCHASEORDERFORSUPPLIER360VIEW","PROCEDURE",637,"         vPurchaseOrder.Amount,
"
"D_PREPAREPURCHASEORDERFORSUPPLIER360VIEW","PROCEDURE",638,"         vPurchaseOrder.CGST,
"
"D_PREPAREPURCHASEORDERFORSUPPLIER360VIEW","PROCEDURE",639,"         vPurchaseOrder.SGST,
"
"D_PREPAREPURCHASEORDERFORSUPPLIER360VIEW","PROCEDURE",640,"         vPurchaseOrder.IGST,
"
"D_PREPAREPURCHASEORDERFORSUPPLIER360VIEW","PROCEDURE",641,"         vPurchaseOrder.TCS,
"
"D_PREPAREPURCHASEORDERFORSUPPLIER360VIEW","PROCEDURE",642,"         vPurchaseOrder.FooterAmount,
"
"D_PREPAREPURCHASEORDERFORSUPPLIER360VIEW","PROCEDURE",643,"         vPurchaseOrder.OtherAmount,
"
"D_PREPAREPURCHASEORDERFORSUPPLIER360VIEW","PROCEDURE",644,"         vPurchaseOrder.TotalAmount,
"
"D_PREPAREPURCHASEORDERFORSUPPLIER360VIEW","PROCEDURE",645,"         vPurchaseOrder.FreightTypeCode,
"
"D_PREPAREPURCHASEORDERFORSUPPLIER360VIEW","PROCEDURE",646,"         vPurchaseOrder.FreightTypeName,
"
"D_PREPAREPURCHASEORDERFORSUPPLIER360VIEW","PROCEDURE",647,"         vPurchaseOrder.GRNStatus,
"
"D_PREPAREPURCHASEORDERFORSUPPLIER360VIEW","PROCEDURE",648,"         vPurchaseOrder.GRNReceivedQuantity,
"
"D_PREPAREPURCHASEORDERFORSUPPLIER360VIEW","PROCEDURE",649,"         vPurchaseOrder.GRNReceivedQuantity2,
"
"D_PREPAREPURCHASEORDERFORSUPPLIER360VIEW","PROCEDURE",650,"         vPurchaseOrder.BalanceQuantity1,
"
"D_PREPAREPURCHASEORDERFORSUPPLIER360VIEW","PROCEDURE",651,"         vPurchaseOrder.BalanceQuantity2,
"
"D_PREPAREPURCHASEORDERFORSUPPLIER360VIEW","PROCEDURE",652,"         vPurchaseOrder.Creator,
"
"D_PREPAREPURCHASEORDERFORSUPPLIER360VIEW","PROCEDURE",653,"         vPurchaseOrder.CreationTime,
"
"D_PREPAREPURCHASEORDERFORSUPPLIER360VIEW","PROCEDURE",654,"         vPurchaseOrder.StateCode,
"
"D_PREPAREPURCHASEORDERFORSUPPLIER360VIEW","PROCEDURE",655,"         vPurchaseOrder.StateName,
"
"D_PREPAREPURCHASEORDERFORSUPPLIER360VIEW","PROCEDURE",656,"         vPurchaseOrder.CityCode,
"
"D_PREPAREPURCHASEORDERFORSUPPLIER360VIEW","PROCEDURE",657,"         vPurchaseOrder.CityName);
"
"D_PREPAREPURCHASEORDERFORSUPPLIER360VIEW","PROCEDURE",658,"    Elsif vPurchaseOrder.GRNStatus In ('DONE') And
"
"D_PREPAREPURCHASEORDERFORSUPPLIER360VIEW","PROCEDURE",659,"          nvl(vPurchaseOrder.Status, 'INACTIVE') = 'ACTIVE' Then
"
"D_PREPAREPURCHASEORDERFORSUPPLIER360VIEW","PROCEDURE",660,"      ------ Completed Order
"
"D_PREPAREPURCHASEORDERFORSUPPLIER360VIEW","PROCEDURE",661,"      Insert Into D_SUPPLIER_360VIEW_PURCHASEORDERCOMPLETED
"
"D_PREPAREPURCHASEORDERFORSUPPLIER360VIEW","PROCEDURE",662,"        (
"
"D_PREPAREPURCHASEORDERFORSUPPLIER360VIEW","PROCEDURE",663,"
"
"D_PREPAREPURCHASEORDERFORSUPPLIER360VIEW","PROCEDURE",664,"         TNo,
"
"D_PREPAREPURCHASEORDERFORSUPPLIER360VIEW","PROCEDURE",665,"         CompanyCode,
"
"D_PREPAREPURCHASEORDERFORSUPPLIER360VIEW","PROCEDURE",666,"         CompanyName,
"
"D_PREPAREPURCHASEORDERFORSUPPLIER360VIEW","PROCEDURE",667,"         LocationCode,
"
"D_PREPAREPURCHASEORDERFORSUPPLIER360VIEW","PROCEDURE",668,"         LocationName,
"
"D_PREPAREPURCHASEORDERFORSUPPLIER360VIEW","PROCEDURE",669,"         DocTypeCode,
"
"D_PREPAREPURCHASEORDERFORSUPPLIER360VIEW","PROCEDURE",670,"         DocTypeName,
"
"D_PREPAREPURCHASEORDERFORSUPPLIER360VIEW","PROCEDURE",671,"         PurchaseOrderNo,
"
"D_PREPAREPURCHASEORDERFORSUPPLIER360VIEW","PROCEDURE",672,"         PurchaseOrderDate,
"
"D_PREPAREPURCHASEORDERFORSUPPLIER360VIEW","PROCEDURE",673,"         PartyCode,
"
"D_PREPAREPURCHASEORDERFORSUPPLIER360VIEW","PROCEDURE",674,"         PartyName,
"
"D_PREPAREPURCHASEORDERFORSUPPLIER360VIEW","PROCEDURE",675,"         AgentCode,
"
"D_PREPAREPURCHASEORDERFORSUPPLIER360VIEW","PROCEDURE",676,"         AgentName,
"
"D_PREPAREPURCHASEORDERFORSUPPLIER360VIEW","PROCEDURE",677,"         DeliveryDate,
"
"D_PREPAREPURCHASEORDERFORSUPPLIER360VIEW","PROCEDURE",678,"         ItemCode,
"
"D_PREPAREPURCHASEORDERFORSUPPLIER360VIEW","PROCEDURE",679,"         ItemName,
"
"D_PREPAREPURCHASEORDERFORSUPPLIER360VIEW","PROCEDURE",680,"         MaterialDescription, -- Item Name & Item Specification Name
"
"D_PREPAREPURCHASEORDERFORSUPPLIER360VIEW","PROCEDURE",681,"         UOM1,
"
"D_PREPAREPURCHASEORDERFORSUPPLIER360VIEW","PROCEDURE",682,"         Quantity1,
"
"D_PREPAREPURCHASEORDERFORSUPPLIER360VIEW","PROCEDURE",683,"         UOM2,
"
"D_PREPAREPURCHASEORDERFORSUPPLIER360VIEW","PROCEDURE",684,"         Quantity2,
"
"D_PREPAREPURCHASEORDERFORSUPPLIER360VIEW","PROCEDURE",685,"         Rate,
"
"D_PREPAREPURCHASEORDERFORSUPPLIER360VIEW","PROCEDURE",686,"         Amount,
"
"D_PREPAREPURCHASEORDERFORSUPPLIER360VIEW","PROCEDURE",687,"         CGST,
"
"D_PREPAREPURCHASEORDERFORSUPPLIER360VIEW","PROCEDURE",688,"         SGST,
"
"D_PREPAREPURCHASEORDERFORSUPPLIER360VIEW","PROCEDURE",689,"         IGST,
"
"D_PREPAREPURCHASEORDERFORSUPPLIER360VIEW","PROCEDURE",690,"         TCS,
"
"D_PREPAREPURCHASEORDERFORSUPPLIER360VIEW","PROCEDURE",691,"         FooterAmount,
"
"D_PREPAREPURCHASEORDERFORSUPPLIER360VIEW","PROCEDURE",692,"         OtherAmount,
"
"D_PREPAREPURCHASEORDERFORSUPPLIER360VIEW","PROCEDURE",693,"         TotalAmount,
"
"D_PREPAREPURCHASEORDERFORSUPPLIER360VIEW","PROCEDURE",694,"         FreightTypeCode,
"
"D_PREPAREPURCHASEORDERFORSUPPLIER360VIEW","PROCEDURE",695,"         FreightTypeName,
"
"D_PREPAREPURCHASEORDERFORSUPPLIER360VIEW","PROCEDURE",696,"         GRNStatus,
"
"D_PREPAREPURCHASEORDERFORSUPPLIER360VIEW","PROCEDURE",697,"         GRNReceivedQuantity1,
"
"D_PREPAREPURCHASEORDERFORSUPPLIER360VIEW","PROCEDURE",698,"         GRNReceivedQuantity2,
"
"D_PREPAREPURCHASEORDERFORSUPPLIER360VIEW","PROCEDURE",699,"         BalanceQuantity1,
"
"D_PREPAREPURCHASEORDERFORSUPPLIER360VIEW","PROCEDURE",700,"         BalanceQuantity2,
"
"D_PREPAREPURCHASEORDERFORSUPPLIER360VIEW","PROCEDURE",701,"         Creator,
"
"D_PREPAREPURCHASEORDERFORSUPPLIER360VIEW","PROCEDURE",702,"         CreationTime,
"
"D_PREPAREPURCHASEORDERFORSUPPLIER360VIEW","PROCEDURE",703,"         StateCode,
"
"D_PREPAREPURCHASEORDERFORSUPPLIER360VIEW","PROCEDURE",704,"         StateName,
"
"D_PREPAREPURCHASEORDERFORSUPPLIER360VIEW","PROCEDURE",705,"         CityCode,
"
"D_PREPAREPURCHASEORDERFORSUPPLIER360VIEW","PROCEDURE",706,"         CityName)
"
"D_PREPAREPURCHASEORDERFORSUPPLIER360VIEW","PROCEDURE",707,"      Values
"
"D_PREPAREPURCHASEORDERFORSUPPLIER360VIEW","PROCEDURE",708,"        (
"
"D_PREPAREPURCHASEORDERFORSUPPLIER360VIEW","PROCEDURE",709,"
"
"D_PREPAREPURCHASEORDERFORSUPPLIER360VIEW","PROCEDURE",710,"         vPurchaseOrder.TNo,
"
"D_PREPAREPURCHASEORDERFORSUPPLIER360VIEW","PROCEDURE",711,"         vPurchaseOrder.CompanyCode,
"
"D_PREPAREPURCHASEORDERFORSUPPLIER360VIEW","PROCEDURE",712,"         vPurchaseOrder.CompanyName,
"
"D_PREPAREPURCHASEORDERFORSUPPLIER360VIEW","PROCEDURE",713,"         vPurchaseOrder.LocationCode,
"
"D_PREPAREPURCHASEORDERFORSUPPLIER360VIEW","PROCEDURE",714,"         vPurchaseOrder.LocationName,
"
"D_PREPAREPURCHASEORDERFORSUPPLIER360VIEW","PROCEDURE",715,"         vPurchaseOrder.DocTypeCode,
"
"D_PREPAREPURCHASEORDERFORSUPPLIER360VIEW","PROCEDURE",716,"         vPurchaseOrder.DocTypeName,
"
"D_PREPAREPURCHASEORDERFORSUPPLIER360VIEW","PROCEDURE",717,"         vPurchaseOrder.PurchaseOrderNo,
"
"D_PREPAREPURCHASEORDERFORSUPPLIER360VIEW","PROCEDURE",718,"         vPurchaseOrder.PurchaseOrderDate,
"
"D_PREPAREPURCHASEORDERFORSUPPLIER360VIEW","PROCEDURE",719,"         vPurchaseOrder.PartyCode,
"
"D_PREPAREPURCHASEORDERFORSUPPLIER360VIEW","PROCEDURE",720,"         vPurchaseOrder.PartyName,
"
"D_PREPAREPURCHASEORDERFORSUPPLIER360VIEW","PROCEDURE",721,"         vPurchaseOrder.AgentCode,
"
"D_PREPAREPURCHASEORDERFORSUPPLIER360VIEW","PROCEDURE",722,"         vPurchaseOrder.AgentName,
"
"D_PREPAREPURCHASEORDERFORSUPPLIER360VIEW","PROCEDURE",723,"         vPurchaseOrder.DeliveryDate,
"
"D_PREPAREPURCHASEORDERFORSUPPLIER360VIEW","PROCEDURE",724,"         vPurchaseOrder.ItemCode,
"
"D_PREPAREPURCHASEORDERFORSUPPLIER360VIEW","PROCEDURE",725,"         vPurchaseOrder.ItemName,
"
"D_PREPAREPURCHASEORDERFORSUPPLIER360VIEW","PROCEDURE",726,"         vPurchaseOrder.MaterialDetail, -- Item Name & Item Specification Name
"
"D_PREPAREPURCHASEORDERFORSUPPLIER360VIEW","PROCEDURE",727,"         vPurchaseOrder.UOM,
"
"D_PREPAREPURCHASEORDERFORSUPPLIER360VIEW","PROCEDURE",728,"         vPurchaseOrder.Quantity1,
"
"D_PREPAREPURCHASEORDERFORSUPPLIER360VIEW","PROCEDURE",729,"         vPurchaseOrder.UOM2,
"
"D_PREPAREPURCHASEORDERFORSUPPLIER360VIEW","PROCEDURE",730,"         vPurchaseOrder.Quantity2,
"
"D_PREPAREPURCHASEORDERFORSUPPLIER360VIEW","PROCEDURE",731,"         vPurchaseOrder.Rate,
"
"D_PREPAREPURCHASEORDERFORSUPPLIER360VIEW","PROCEDURE",732,"         vPurchaseOrder.Amount,
"
"D_PREPAREPURCHASEORDERFORSUPPLIER360VIEW","PROCEDURE",733,"         vPurchaseOrder.CGST,
"
"D_PREPAREPURCHASEORDERFORSUPPLIER360VIEW","PROCEDURE",734,"         vPurchaseOrder.SGST,
"
"D_PREPAREPURCHASEORDERFORSUPPLIER360VIEW","PROCEDURE",735,"         vPurchaseOrder.IGST,
"
"D_PREPAREPURCHASEORDERFORSUPPLIER360VIEW","PROCEDURE",736,"         vPurchaseOrder.TCS,
"
"D_PREPAREPURCHASEORDERFORSUPPLIER360VIEW","PROCEDURE",737,"         vPurchaseOrder.FooterAmount,
"
"D_PREPAREPURCHASEORDERFORSUPPLIER360VIEW","PROCEDURE",738,"         vPurchaseOrder.OtherAmount,
"
"D_PREPAREPURCHASEORDERFORSUPPLIER360VIEW","PROCEDURE",739,"         vPurchaseOrder.TotalAmount,
"
"D_PREPAREPURCHASEORDERFORSUPPLIER360VIEW","PROCEDURE",740,"         vPurchaseOrder.FreightTypeCode,
"
"D_PREPAREPURCHASEORDERFORSUPPLIER360VIEW","PROCEDURE",741,"         vPurchaseOrder.FreightTypeName,
"
"D_PREPAREPURCHASEORDERFORSUPPLIER360VIEW","PROCEDURE",742,"         vPurchaseOrder.GRNStatus,
"
"D_PREPAREPURCHASEORDERFORSUPPLIER360VIEW","PROCEDURE",743,"         vPurchaseOrder.GRNReceivedQuantity,
"
"D_PREPAREPURCHASEORDERFORSUPPLIER360VIEW","PROCEDURE",744,"         vPurchaseOrder.GRNReceivedQuantity2,
"
"D_PREPAREPURCHASEORDERFORSUPPLIER360VIEW","PROCEDURE",745,"         vPurchaseOrder.BalanceQuantity1,
"
"D_PREPAREPURCHASEORDERFORSUPPLIER360VIEW","PROCEDURE",746,"         vPurchaseOrder.BalanceQuantity2,
"
"D_PREPAREPURCHASEORDERFORSUPPLIER360VIEW","PROCEDURE",747,"         vPurchaseOrder.Creator,
"
"D_PREPAREPURCHASEORDERFORSUPPLIER360VIEW","PROCEDURE",748,"         vPurchaseOrder.CreationTime,
"
"D_PREPAREPURCHASEORDERFORSUPPLIER360VIEW","PROCEDURE",749,"         vPurchaseOrder.StateCode,
"
"D_PREPAREPURCHASEORDERFORSUPPLIER360VIEW","PROCEDURE",750,"         vPurchaseOrder.StateName,
"
"D_PREPAREPURCHASEORDERFORSUPPLIER360VIEW","PROCEDURE",751,"         vPurchaseOrder.CityCode,
"
"D_PREPAREPURCHASEORDERFORSUPPLIER360VIEW","PROCEDURE",752,"         vPurchaseOrder.CityName);
"
"D_PREPAREPURCHASEORDERFORSUPPLIER360VIEW","PROCEDURE",753,"
"
"D_PREPAREPURCHASEORDERFORSUPPLIER360VIEW","PROCEDURE",754,"    End If;
"
"D_PREPAREPURCHASEORDERFORSUPPLIER360VIEW","PROCEDURE",755,"    If nvl(vPurchaseOrder.Status, 'INACTIVE') = 'ACTIVE' Then
"
"D_PREPAREPURCHASEORDERFORSUPPLIER360VIEW","PROCEDURE",756,"      Insert Into D_Supplier_360View_ActivePurchaseOrders
"
"D_PREPAREPURCHASEORDERFORSUPPLIER360VIEW","PROCEDURE",757,"        (
"
"D_PREPAREPURCHASEORDERFORSUPPLIER360VIEW","PROCEDURE",758,"
"
"D_PREPAREPURCHASEORDERFORSUPPLIER360VIEW","PROCEDURE",759,"         TNo,
"
"D_PREPAREPURCHASEORDERFORSUPPLIER360VIEW","PROCEDURE",760,"         CompanyCode,
"
"D_PREPAREPURCHASEORDERFORSUPPLIER360VIEW","PROCEDURE",761,"         CompanyName,
"
"D_PREPAREPURCHASEORDERFORSUPPLIER360VIEW","PROCEDURE",762,"         LocationCode,
"
"D_PREPAREPURCHASEORDERFORSUPPLIER360VIEW","PROCEDURE",763,"         LocationName,
"
"D_PREPAREPURCHASEORDERFORSUPPLIER360VIEW","PROCEDURE",764,"         DocTypeCode,
"
"D_PREPAREPURCHASEORDERFORSUPPLIER360VIEW","PROCEDURE",765,"         DocTypeName,
"
"D_PREPAREPURCHASEORDERFORSUPPLIER360VIEW","PROCEDURE",766,"         PurchaseOrderNo,
"
"D_PREPAREPURCHASEORDERFORSUPPLIER360VIEW","PROCEDURE",767,"         PurchaseOrderDate,
"
"D_PREPAREPURCHASEORDERFORSUPPLIER360VIEW","PROCEDURE",768,"         PartyCode,
"
"D_PREPAREPURCHASEORDERFORSUPPLIER360VIEW","PROCEDURE",769,"         PartyName,
"
"D_PREPAREPURCHASEORDERFORSUPPLIER360VIEW","PROCEDURE",770,"         AgentCode,
"
"D_PREPAREPURCHASEORDERFORSUPPLIER360VIEW","PROCEDURE",771,"         AgentName,
"
"D_PREPAREPURCHASEORDERFORSUPPLIER360VIEW","PROCEDURE",772,"         DeliveryDate,
"
"D_PREPAREPURCHASEORDERFORSUPPLIER360VIEW","PROCEDURE",773,"         ItemCode,
"
"D_PREPAREPURCHASEORDERFORSUPPLIER360VIEW","PROCEDURE",774,"         ItemName,
"
"D_PREPAREPURCHASEORDERFORSUPPLIER360VIEW","PROCEDURE",775,"         MaterialDescription, -- Item Name & Item Specification Name
"
"D_PREPAREPURCHASEORDERFORSUPPLIER360VIEW","PROCEDURE",776,"         UOM1,
"
"D_PREPAREPURCHASEORDERFORSUPPLIER360VIEW","PROCEDURE",777,"         Quantity1,
"
"D_PREPAREPURCHASEORDERFORSUPPLIER360VIEW","PROCEDURE",778,"         UOM2,
"
"D_PREPAREPURCHASEORDERFORSUPPLIER360VIEW","PROCEDURE",779,"         Quantity2,
"
"D_PREPAREPURCHASEORDERFORSUPPLIER360VIEW","PROCEDURE",780,"         Rate,
"
"D_PREPAREPURCHASEORDERFORSUPPLIER360VIEW","PROCEDURE",781,"         Amount,
"
"D_PREPAREPURCHASEORDERFORSUPPLIER360VIEW","PROCEDURE",782,"         CGST,
"
"D_PREPAREPURCHASEORDERFORSUPPLIER360VIEW","PROCEDURE",783,"         SGST,
"
"D_PREPAREPURCHASEORDERFORSUPPLIER360VIEW","PROCEDURE",784,"         IGST,
"
"D_PREPAREPURCHASEORDERFORSUPPLIER360VIEW","PROCEDURE",785,"         TCS,
"
"D_PREPAREPURCHASEORDERFORSUPPLIER360VIEW","PROCEDURE",786,"         FooterAmount,
"
"D_PREPAREPURCHASEORDERFORSUPPLIER360VIEW","PROCEDURE",787,"         OtherAmount,
"
"D_PREPAREPURCHASEORDERFORSUPPLIER360VIEW","PROCEDURE",788,"         TotalAmount,
"
"D_PREPAREPURCHASEORDERFORSUPPLIER360VIEW","PROCEDURE",789,"         FreightTypeCode,
"
"D_PREPAREPURCHASEORDERFORSUPPLIER360VIEW","PROCEDURE",790,"         FreightTypeName,
"
"D_PREPAREPURCHASEORDERFORSUPPLIER360VIEW","PROCEDURE",791,"         GRNStatus,
"
"D_PREPAREPURCHASEORDERFORSUPPLIER360VIEW","PROCEDURE",792,"         GRNReceivedQuantity1,
"
"D_PREPAREPURCHASEORDERFORSUPPLIER360VIEW","PROCEDURE",793,"         GRNReceivedQuantity2,
"
"D_PREPAREPURCHASEORDERFORSUPPLIER360VIEW","PROCEDURE",794,"         BalanceQuantity1,
"
"D_PREPAREPURCHASEORDERFORSUPPLIER360VIEW","PROCEDURE",795,"         BalanceQuantity2,
"
"D_PREPAREPURCHASEORDERFORSUPPLIER360VIEW","PROCEDURE",796,"         Creator,
"
"D_PREPAREPURCHASEORDERFORSUPPLIER360VIEW","PROCEDURE",797,"         CreationTime,
"
"D_PREPAREPURCHASEORDERFORSUPPLIER360VIEW","PROCEDURE",798,"         StateCode,
"
"D_PREPAREPURCHASEORDERFORSUPPLIER360VIEW","PROCEDURE",799,"         StateName,
"
"D_PREPAREPURCHASEORDERFORSUPPLIER360VIEW","PROCEDURE",800,"         CityCode,
"
"D_PREPAREPURCHASEORDERFORSUPPLIER360VIEW","PROCEDURE",801,"         CityName)
"
"D_PREPAREPURCHASEORDERFORSUPPLIER360VIEW","PROCEDURE",802,"      Values
"
"D_PREPAREPURCHASEORDERFORSUPPLIER360VIEW","PROCEDURE",803,"        (
"
"D_PREPAREPURCHASEORDERFORSUPPLIER360VIEW","PROCEDURE",804,"
"
"D_PREPAREPURCHASEORDERFORSUPPLIER360VIEW","PROCEDURE",805,"         vPurchaseOrder.TNo,
"
"D_PREPAREPURCHASEORDERFORSUPPLIER360VIEW","PROCEDURE",806,"         vPurchaseOrder.CompanyCode,
"
"D_PREPAREPURCHASEORDERFORSUPPLIER360VIEW","PROCEDURE",807,"         vPurchaseOrder.CompanyName,
"
"D_PREPAREPURCHASEORDERFORSUPPLIER360VIEW","PROCEDURE",808,"         vPurchaseOrder.LocationCode,
"
"D_PREPAREPURCHASEORDERFORSUPPLIER360VIEW","PROCEDURE",809,"         vPurchaseOrder.LocationName,
"
"D_PREPAREPURCHASEORDERFORSUPPLIER360VIEW","PROCEDURE",810,"         vPurchaseOrder.DocTypeCode,
"
"D_PREPAREPURCHASEORDERFORSUPPLIER360VIEW","PROCEDURE",811,"         vPurchaseOrder.DocTypeName,
"
"D_PREPAREPURCHASEORDERFORSUPPLIER360VIEW","PROCEDURE",812,"         vPurchaseOrder.PurchaseOrderNo,
"
"D_PREPAREPURCHASEORDERFORSUPPLIER360VIEW","PROCEDURE",813,"         vPurchaseOrder.PurchaseOrderDate,
"
"D_PREPAREPURCHASEORDERFORSUPPLIER360VIEW","PROCEDURE",814,"         vPurchaseOrder.PartyCode,
"
"D_PREPAREPURCHASEORDERFORSUPPLIER360VIEW","PROCEDURE",815,"         vPurchaseOrder.PartyName,
"
"D_PREPAREPURCHASEORDERFORSUPPLIER360VIEW","PROCEDURE",816,"         vPurchaseOrder.AgentCode,
"
"D_PREPAREPURCHASEORDERFORSUPPLIER360VIEW","PROCEDURE",817,"         vPurchaseOrder.AgentName,
"
"D_PREPAREPURCHASEORDERFORSUPPLIER360VIEW","PROCEDURE",818,"         vPurchaseOrder.DeliveryDate,
"
"D_PREPAREPURCHASEORDERFORSUPPLIER360VIEW","PROCEDURE",819,"         vPurchaseOrder.ItemCode,
"
"D_PREPAREPURCHASEORDERFORSUPPLIER360VIEW","PROCEDURE",820,"         vPurchaseOrder.ItemName,
"
"D_PREPAREPURCHASEORDERFORSUPPLIER360VIEW","PROCEDURE",821,"         vPurchaseOrder.MaterialDetail, -- Item Name & Item Specification Name
"
"D_PREPAREPURCHASEORDERFORSUPPLIER360VIEW","PROCEDURE",822,"         vPurchaseOrder.UOM,
"
"D_PREPAREPURCHASEORDERFORSUPPLIER360VIEW","PROCEDURE",823,"         vPurchaseOrder.Quantity1,
"
"D_PREPAREPURCHASEORDERFORSUPPLIER360VIEW","PROCEDURE",824,"         vPurchaseOrder.UOM2,
"
"D_PREPAREPURCHASEORDERFORSUPPLIER360VIEW","PROCEDURE",825,"         vPurchaseOrder.Quantity2,
"
"D_PREPAREPURCHASEORDERFORSUPPLIER360VIEW","PROCEDURE",826,"         vPurchaseOrder.Rate,
"
"D_PREPAREPURCHASEORDERFORSUPPLIER360VIEW","PROCEDURE",827,"         vPurchaseOrder.Amount,
"
"D_PREPAREPURCHASEORDERFORSUPPLIER360VIEW","PROCEDURE",828,"         vPurchaseOrder.CGST,
"
"D_PREPAREPURCHASEORDERFORSUPPLIER360VIEW","PROCEDURE",829,"         vPurchaseOrder.SGST,
"
"D_PREPAREPURCHASEORDERFORSUPPLIER360VIEW","PROCEDURE",830,"         vPurchaseOrder.IGST,
"
"D_PREPAREPURCHASEORDERFORSUPPLIER360VIEW","PROCEDURE",831,"         vPurchaseOrder.TCS,
"
"D_PREPAREPURCHASEORDERFORSUPPLIER360VIEW","PROCEDURE",832,"         vPurchaseOrder.FooterAmount,
"
"D_PREPAREPURCHASEORDERFORSUPPLIER360VIEW","PROCEDURE",833,"         vPurchaseOrder.OtherAmount,
"
"D_PREPAREPURCHASEORDERFORSUPPLIER360VIEW","PROCEDURE",834,"         vPurchaseOrder.TotalAmount,
"
"D_PREPAREPURCHASEORDERFORSUPPLIER360VIEW","PROCEDURE",835,"         vPurchaseOrder.FreightTypeCode,
"
"D_PREPAREPURCHASEORDERFORSUPPLIER360VIEW","PROCEDURE",836,"         vPurchaseOrder.FreightTypeName,
"
"D_PREPAREPURCHASEORDERFORSUPPLIER360VIEW","PROCEDURE",837,"         vPurchaseOrder.GRNStatus,
"
"D_PREPAREPURCHASEORDERFORSUPPLIER360VIEW","PROCEDURE",838,"         vPurchaseOrder.GRNReceivedQuantity,
"
"D_PREPAREPURCHASEORDERFORSUPPLIER360VIEW","PROCEDURE",839,"         vPurchaseOrder.GRNReceivedQuantity2,
"
"D_PREPAREPURCHASEORDERFORSUPPLIER360VIEW","PROCEDURE",840,"         vPurchaseOrder.BalanceQuantity1,
"
"D_PREPAREPURCHASEORDERFORSUPPLIER360VIEW","PROCEDURE",841,"         vPurchaseOrder.BalanceQuantity2,
"
"D_PREPAREPURCHASEORDERFORSUPPLIER360VIEW","PROCEDURE",842,"         vPurchaseOrder.Creator,
"
"D_PREPAREPURCHASEORDERFORSUPPLIER360VIEW","PROCEDURE",843,"         vPurchaseOrder.CreationTime,
"
"D_PREPAREPURCHASEORDERFORSUPPLIER360VIEW","PROCEDURE",844,"         vPurchaseOrder.StateCode,
"
"D_PREPAREPURCHASEORDERFORSUPPLIER360VIEW","PROCEDURE",845,"         vPurchaseOrder.StateName,
"
"D_PREPAREPURCHASEORDERFORSUPPLIER360VIEW","PROCEDURE",846,"         vPurchaseOrder.CityCode,
"
"D_PREPAREPURCHASEORDERFORSUPPLIER360VIEW","PROCEDURE",847,"         vPurchaseOrder.CityName);
"
"D_PREPAREPURCHASEORDERFORSUPPLIER360VIEW","PROCEDURE",848,"
"
"D_PREPAREPURCHASEORDERFORSUPPLIER360VIEW","PROCEDURE",849,"      ----------
"
"D_PREPAREPURCHASEORDERFORSUPPLIER360VIEW","PROCEDURE",850,"    Else
"
"D_PREPAREPURCHASEORDERFORSUPPLIER360VIEW","PROCEDURE",851,"      Insert Into D_Supplier_360View_InActivePurchaseOrders
"
"D_PREPAREPURCHASEORDERFORSUPPLIER360VIEW","PROCEDURE",852,"        (
"
"D_PREPAREPURCHASEORDERFORSUPPLIER360VIEW","PROCEDURE",853,"
"
"D_PREPAREPURCHASEORDERFORSUPPLIER360VIEW","PROCEDURE",854,"         TNo,
"
"D_PREPAREPURCHASEORDERFORSUPPLIER360VIEW","PROCEDURE",855,"         CompanyCode,
"
"D_PREPAREPURCHASEORDERFORSUPPLIER360VIEW","PROCEDURE",856,"         CompanyName,
"
"D_PREPAREPURCHASEORDERFORSUPPLIER360VIEW","PROCEDURE",857,"         LocationCode,
"
"D_PREPAREPURCHASEORDERFORSUPPLIER360VIEW","PROCEDURE",858,"         LocationName,
"
"D_PREPAREPURCHASEORDERFORSUPPLIER360VIEW","PROCEDURE",859,"         DocTypeCode,
"
"D_PREPAREPURCHASEORDERFORSUPPLIER360VIEW","PROCEDURE",860,"         DocTypeName,
"
"D_PREPAREPURCHASEORDERFORSUPPLIER360VIEW","PROCEDURE",861,"         PurchaseOrderNo,
"
"D_PREPAREPURCHASEORDERFORSUPPLIER360VIEW","PROCEDURE",862,"         PurchaseOrderDate,
"
"D_PREPAREPURCHASEORDERFORSUPPLIER360VIEW","PROCEDURE",863,"         PartyCode,
"
"D_PREPAREPURCHASEORDERFORSUPPLIER360VIEW","PROCEDURE",864,"         PartyName,
"
"D_PREPAREPURCHASEORDERFORSUPPLIER360VIEW","PROCEDURE",865,"         AgentCode,
"
"D_PREPAREPURCHASEORDERFORSUPPLIER360VIEW","PROCEDURE",866,"         AgentName,
"
"D_PREPAREPURCHASEORDERFORSUPPLIER360VIEW","PROCEDURE",867,"         DeliveryDate,
"
"D_PREPAREPURCHASEORDERFORSUPPLIER360VIEW","PROCEDURE",868,"         ItemCode,
"
"D_PREPAREPURCHASEORDERFORSUPPLIER360VIEW","PROCEDURE",869,"         ItemName,
"
"D_PREPAREPURCHASEORDERFORSUPPLIER360VIEW","PROCEDURE",870,"         MaterialDescription, -- Item Name & Item Specification Name
"
"D_PREPAREPURCHASEORDERFORSUPPLIER360VIEW","PROCEDURE",871,"         UOM1,
"
"D_PREPAREPURCHASEORDERFORSUPPLIER360VIEW","PROCEDURE",872,"         Quantity1,
"
"D_PREPAREPURCHASEORDERFORSUPPLIER360VIEW","PROCEDURE",873,"         UOM2,
"
"D_PREPAREPURCHASEORDERFORSUPPLIER360VIEW","PROCEDURE",874,"         Quantity2,
"
"D_PREPAREPURCHASEORDERFORSUPPLIER360VIEW","PROCEDURE",875,"         Rate,
"
"D_PREPAREPURCHASEORDERFORSUPPLIER360VIEW","PROCEDURE",876,"         Amount,
"
"D_PREPAREPURCHASEORDERFORSUPPLIER360VIEW","PROCEDURE",877,"         CGST,
"
"D_PREPAREPURCHASEORDERFORSUPPLIER360VIEW","PROCEDURE",878,"         SGST,
"
"D_PREPAREPURCHASEORDERFORSUPPLIER360VIEW","PROCEDURE",879,"         IGST,
"
"D_PREPAREPURCHASEORDERFORSUPPLIER360VIEW","PROCEDURE",880,"         TCS,
"
"D_PREPAREPURCHASEORDERFORSUPPLIER360VIEW","PROCEDURE",881,"         FooterAmount,
"
"D_PREPAREPURCHASEORDERFORSUPPLIER360VIEW","PROCEDURE",882,"         OtherAmount,
"
"D_PREPAREPURCHASEORDERFORSUPPLIER360VIEW","PROCEDURE",883,"         TotalAmount,
"
"D_PREPAREPURCHASEORDERFORSUPPLIER360VIEW","PROCEDURE",884,"         FreightTypeCode,
"
"D_PREPAREPURCHASEORDERFORSUPPLIER360VIEW","PROCEDURE",885,"         FreightTypeName,
"
"D_PREPAREPURCHASEORDERFORSUPPLIER360VIEW","PROCEDURE",886,"         GRNStatus,
"
"D_PREPAREPURCHASEORDERFORSUPPLIER360VIEW","PROCEDURE",887,"         GRNReceivedQuantity1,
"
"D_PREPAREPURCHASEORDERFORSUPPLIER360VIEW","PROCEDURE",888,"         GRNReceivedQuantity2,
"
"D_PREPAREPURCHASEORDERFORSUPPLIER360VIEW","PROCEDURE",889,"         BalanceQuantity1,
"
"D_PREPAREPURCHASEORDERFORSUPPLIER360VIEW","PROCEDURE",890,"         BalanceQuantity2,
"
"D_PREPAREPURCHASEORDERFORSUPPLIER360VIEW","PROCEDURE",891,"         Creator,
"
"D_PREPAREPURCHASEORDERFORSUPPLIER360VIEW","PROCEDURE",892,"         CreationTime,
"
"D_PREPAREPURCHASEORDERFORSUPPLIER360VIEW","PROCEDURE",893,"         StateCode,
"
"D_PREPAREPURCHASEORDERFORSUPPLIER360VIEW","PROCEDURE",894,"         StateName,
"
"D_PREPAREPURCHASEORDERFORSUPPLIER360VIEW","PROCEDURE",895,"         CityCode,
"
"D_PREPAREPURCHASEORDERFORSUPPLIER360VIEW","PROCEDURE",896,"         CityName)
"
"D_PREPAREPURCHASEORDERFORSUPPLIER360VIEW","PROCEDURE",897,"      Values
"
"D_PREPAREPURCHASEORDERFORSUPPLIER360VIEW","PROCEDURE",898,"        (
"
"D_PREPAREPURCHASEORDERFORSUPPLIER360VIEW","PROCEDURE",899,"
"
"D_PREPAREPURCHASEORDERFORSUPPLIER360VIEW","PROCEDURE",900,"         vPurchaseOrder.TNo,
"
"D_PREPAREPURCHASEORDERFORSUPPLIER360VIEW","PROCEDURE",901,"         vPurchaseOrder.CompanyCode,
"
"D_PREPAREPURCHASEORDERFORSUPPLIER360VIEW","PROCEDURE",902,"         vPurchaseOrder.CompanyName,
"
"D_PREPAREPURCHASEORDERFORSUPPLIER360VIEW","PROCEDURE",903,"         vPurchaseOrder.LocationCode,
"
"D_PREPAREPURCHASEORDERFORSUPPLIER360VIEW","PROCEDURE",904,"         vPurchaseOrder.LocationName,
"
"D_PREPAREPURCHASEORDERFORSUPPLIER360VIEW","PROCEDURE",905,"         vPurchaseOrder.DocTypeCode,
"
"D_PREPAREPURCHASEORDERFORSUPPLIER360VIEW","PROCEDURE",906,"         vPurchaseOrder.DocTypeName,
"
"D_PREPAREPURCHASEORDERFORSUPPLIER360VIEW","PROCEDURE",907,"         vPurchaseOrder.PurchaseOrderNo,
"
"D_PREPAREPURCHASEORDERFORSUPPLIER360VIEW","PROCEDURE",908,"         vPurchaseOrder.PurchaseOrderDate,
"
"D_PREPAREPURCHASEORDERFORSUPPLIER360VIEW","PROCEDURE",909,"         vPurchaseOrder.PartyCode,
"
"D_PREPAREPURCHASEORDERFORSUPPLIER360VIEW","PROCEDURE",910,"         vPurchaseOrder.PartyName,
"
"D_PREPAREPURCHASEORDERFORSUPPLIER360VIEW","PROCEDURE",911,"         vPurchaseOrder.AgentCode,
"
"D_PREPAREPURCHASEORDERFORSUPPLIER360VIEW","PROCEDURE",912,"         vPurchaseOrder.AgentName,
"
"D_PREPAREPURCHASEORDERFORSUPPLIER360VIEW","PROCEDURE",913,"         vPurchaseOrder.DeliveryDate,
"
"D_PREPAREPURCHASEORDERFORSUPPLIER360VIEW","PROCEDURE",914,"         vPurchaseOrder.ItemCode,
"
"D_PREPAREPURCHASEORDERFORSUPPLIER360VIEW","PROCEDURE",915,"         vPurchaseOrder.ItemName,
"
"D_PREPAREPURCHASEORDERFORSUPPLIER360VIEW","PROCEDURE",916,"         vPurchaseOrder.MaterialDetail, -- Item Name & Item Specification Name
"
"D_PREPAREPURCHASEORDERFORSUPPLIER360VIEW","PROCEDURE",917,"         vPurchaseOrder.UOM,
"
"D_PREPAREPURCHASEORDERFORSUPPLIER360VIEW","PROCEDURE",918,"         vPurchaseOrder.Quantity1,
"
"D_PREPAREPURCHASEORDERFORSUPPLIER360VIEW","PROCEDURE",919,"         vPurchaseOrder.UOM2,
"
"D_PREPAREPURCHASEORDERFORSUPPLIER360VIEW","PROCEDURE",920,"         vPurchaseOrder.Quantity2,
"
"D_PREPAREPURCHASEORDERFORSUPPLIER360VIEW","PROCEDURE",921,"         vPurchaseOrder.Rate,
"
"D_PREPAREPURCHASEORDERFORSUPPLIER360VIEW","PROCEDURE",922,"         vPurchaseOrder.Amount,
"
"D_PREPAREPURCHASEORDERFORSUPPLIER360VIEW","PROCEDURE",923,"         vPurchaseOrder.CGST,
"
"D_PREPAREPURCHASEORDERFORSUPPLIER360VIEW","PROCEDURE",924,"         vPurchaseOrder.SGST,
"
"D_PREPAREPURCHASEORDERFORSUPPLIER360VIEW","PROCEDURE",925,"         vPurchaseOrder.IGST,
"
"D_PREPAREPURCHASEORDERFORSUPPLIER360VIEW","PROCEDURE",926,"         vPurchaseOrder.TCS,
"
"D_PREPAREPURCHASEORDERFORSUPPLIER360VIEW","PROCEDURE",927,"         vPurchaseOrder.FooterAmount,
"
"D_PREPAREPURCHASEORDERFORSUPPLIER360VIEW","PROCEDURE",928,"         vPurchaseOrder.OtherAmount,
"
"D_PREPAREPURCHASEORDERFORSUPPLIER360VIEW","PROCEDURE",929,"         vPurchaseOrder.TotalAmount,
"
"D_PREPAREPURCHASEORDERFORSUPPLIER360VIEW","PROCEDURE",930,"         vPurchaseOrder.FreightTypeCode,
"
"D_PREPAREPURCHASEORDERFORSUPPLIER360VIEW","PROCEDURE",931,"         vPurchaseOrder.FreightTypeName,
"
"D_PREPAREPURCHASEORDERFORSUPPLIER360VIEW","PROCEDURE",932,"         vPurchaseOrder.GRNStatus,
"
"D_PREPAREPURCHASEORDERFORSUPPLIER360VIEW","PROCEDURE",933,"         vPurchaseOrder.GRNReceivedQuantity,
"
"D_PREPAREPURCHASEORDERFORSUPPLIER360VIEW","PROCEDURE",934,"         vPurchaseOrder.GRNReceivedQuantity2,
"
"D_PREPAREPURCHASEORDERFORSUPPLIER360VIEW","PROCEDURE",935,"         vPurchaseOrder.BalanceQuantity1,
"
"D_PREPAREPURCHASEORDERFORSUPPLIER360VIEW","PROCEDURE",936,"         vPurchaseOrder.BalanceQuantity2,
"
"D_PREPAREPURCHASEORDERFORSUPPLIER360VIEW","PROCEDURE",937,"         vPurchaseOrder.Creator,
"
"D_PREPAREPURCHASEORDERFORSUPPLIER360VIEW","PROCEDURE",938,"         vPurchaseOrder.CreationTime,
"
"D_PREPAREPURCHASEORDERFORSUPPLIER360VIEW","PROCEDURE",939,"         vPurchaseOrder.StateCode,
"
"D_PREPAREPURCHASEORDERFORSUPPLIER360VIEW","PROCEDURE",940,"         vPurchaseOrder.StateName,
"
"D_PREPAREPURCHASEORDERFORSUPPLIER360VIEW","PROCEDURE",941,"         vPurchaseOrder.CityCode,
"
"D_PREPAREPURCHASEORDERFORSUPPLIER360VIEW","PROCEDURE",942,"         vPurchaseOrder.CityName);
"
"D_PREPAREPURCHASEORDERFORSUPPLIER360VIEW","PROCEDURE",943,"    End If; --- Purchase Order Active
"
"D_PREPAREPURCHASEORDERFORSUPPLIER360VIEW","PROCEDURE",944,"  End Loop; --- End Purchase Order Loop
"
"D_PREPAREPURCHASEORDERFORSUPPLIER360VIEW","PROCEDURE",945,"
"
"D_PREPAREPURCHASEORDERFORSUPPLIER360VIEW","PROCEDURE",946,"  ------- Insert in Supplier 360 View
"
"D_PREPAREPURCHASEORDERFORSUPPLIER360VIEW","PROCEDURE",947,"  Insert Into D_Supplier_360View
"
"D_PREPAREPURCHASEORDERFORSUPPLIER360VIEW","PROCEDURE",948,"    (CompanyCode,
"
"D_PREPAREPURCHASEORDERFORSUPPLIER360VIEW","PROCEDURE",949,"     CompanyName,
"
"D_PREPAREPURCHASEORDERFORSUPPLIER360VIEW","PROCEDURE",950,"     LocationCode,
"
"D_PREPAREPURCHASEORDERFORSUPPLIER360VIEW","PROCEDURE",951,"     LocationName,
"
"D_PREPAREPURCHASEORDERFORSUPPLIER360VIEW","PROCEDURE",952,"     SupplierCode,
"
"D_PREPAREPURCHASEORDERFORSUPPLIER360VIEW","PROCEDURE",953,"     SupplierName,
"
"D_PREPAREPURCHASEORDERFORSUPPLIER360VIEW","PROCEDURE",954,"     YearofAssociation,
"
"D_PREPAREPURCHASEORDERFORSUPPLIER360VIEW","PROCEDURE",955,"     CreditLimit,
"
"D_PREPAREPURCHASEORDERFORSUPPLIER360VIEW","PROCEDURE",956,"     RegionCode,
"
"D_PREPAREPURCHASEORDERFORSUPPLIER360VIEW","PROCEDURE",957,"     RegionName,
"
"D_PREPAREPURCHASEORDERFORSUPPLIER360VIEW","PROCEDURE",958,"     CityCode,
"
"D_PREPAREPURCHASEORDERFORSUPPLIER360VIEW","PROCEDURE",959,"     CityName,
"
"D_PREPAREPURCHASEORDERFORSUPPLIER360VIEW","PROCEDURE",960,"     StateCode,
"
"D_PREPAREPURCHASEORDERFORSUPPLIER360VIEW","PROCEDURE",961,"     StateName,
"
"D_PREPAREPURCHASEORDERFORSUPPLIER360VIEW","PROCEDURE",962,"     LedgerBalance)
"
"D_PREPAREPURCHASEORDERFORSUPPLIER360VIEW","PROCEDURE",963,"    Select Distinct xx.companycode,
"
"D_PREPAREPURCHASEORDERFORSUPPLIER360VIEW","PROCEDURE",964,"                    xx.CompanyName,
"
"D_PREPAREPURCHASEORDERFORSUPPLIER360VIEW","PROCEDURE",965,"                    xx.LocationCode,
"
"D_PREPAREPURCHASEORDERFORSUPPLIER360VIEW","PROCEDURE",966,"                    xx.LocationName,
"
"D_PREPAREPURCHASEORDERFORSUPPLIER360VIEW","PROCEDURE",967,"                    xx.PartyCode,
"
"D_PREPAREPURCHASEORDERFORSUPPLIER360VIEW","PROCEDURE",968,"                    xx.PartyName,
"
"D_PREPAREPURCHASEORDERFORSUPPLIER360VIEW","PROCEDURE",969,"                    xx.associationdate,
"
"D_PREPAREPURCHASEORDERFORSUPPLIER360VIEW","PROCEDURE",970,"                    xx.creditAmount,
"
"D_PREPAREPURCHASEORDERFORSUPPLIER360VIEW","PROCEDURE",971,"                    xx.regioncode,
"
"D_PREPAREPURCHASEORDERFORSUPPLIER360VIEW","PROCEDURE",972,"                    xx.regionname,
"
"D_PREPAREPURCHASEORDERFORSUPPLIER360VIEW","PROCEDURE",973,"                    xx.citycode,
"
"D_PREPAREPURCHASEORDERFORSUPPLIER360VIEW","PROCEDURE",974,"                    xx.cityname,
"
"D_PREPAREPURCHASEORDERFORSUPPLIER360VIEW","PROCEDURE",975,"                    xx.statecode,
"
"D_PREPAREPURCHASEORDERFORSUPPLIER360VIEW","PROCEDURE",976,"                    xx.statename,
"
"D_PREPAREPURCHASEORDERFORSUPPLIER360VIEW","PROCEDURE",977,"                    getaccountopening(xx.PartyCode,
"
"D_PREPAREPURCHASEORDERFORSUPPLIER360VIEW","PROCEDURE",978,"                                      pToDate + 1,
"
"D_PREPAREPURCHASEORDERFORSUPPLIER360VIEW","PROCEDURE",979,"                                      xx.LocationCode,
"
"D_PREPAREPURCHASEORDERFORSUPPLIER360VIEW","PROCEDURE",980,"                                      xx.CompanyCode)
"
"D_PREPAREPURCHASEORDERFORSUPPLIER360VIEW","PROCEDURE",981,"
"
"D_PREPAREPURCHASEORDERFORSUPPLIER360VIEW","PROCEDURE",982,"      From (Select companycode,
"
"D_PREPAREPURCHASEORDERFORSUPPLIER360VIEW","PROCEDURE",983,"                   CompanyName,
"
"D_PREPAREPURCHASEORDERFORSUPPLIER360VIEW","PROCEDURE",984,"                   LocationCode,
"
"D_PREPAREPURCHASEORDERFORSUPPLIER360VIEW","PROCEDURE",985,"                   LocationName,
"
"D_PREPAREPURCHASEORDERFORSUPPLIER360VIEW","PROCEDURE",986,"                   a.PartyCode,
"
"D_PREPAREPURCHASEORDERFORSUPPLIER360VIEW","PROCEDURE",987,"                   a.PartyName,
"
"D_PREPAREPURCHASEORDERFORSUPPLIER360VIEW","PROCEDURE",988,"                   p.associationdate,
"
"D_PREPAREPURCHASEORDERFORSUPPLIER360VIEW","PROCEDURE",989,"                   p.creditAmount,
"
"D_PREPAREPURCHASEORDERFORSUPPLIER360VIEW","PROCEDURE",990,"                   a.regioncode,
"
"D_PREPAREPURCHASEORDERFORSUPPLIER360VIEW","PROCEDURE",991,"                   a.regionname,
"
"D_PREPAREPURCHASEORDERFORSUPPLIER360VIEW","PROCEDURE",992,"                   a.citycode,
"
"D_PREPAREPURCHASEORDERFORSUPPLIER360VIEW","PROCEDURE",993,"                   a.cityname,
"
"D_PREPAREPURCHASEORDERFORSUPPLIER360VIEW","PROCEDURE",994,"                   a.statecode,
"
"D_PREPAREPURCHASEORDERFORSUPPLIER360VIEW","PROCEDURE",995,"                   a.statename
"
"D_PREPAREPURCHASEORDERFORSUPPLIER360VIEW","PROCEDURE",996,"              From D_Supplier_360View_PurchaseOrdersPendingForGRN a, party p
"
"D_PREPAREPURCHASEORDERFORSUPPLIER360VIEW","PROCEDURE",997,"             Where a.Partycode = p.partycode
"
"D_PREPAREPURCHASEORDERFORSUPPLIER360VIEW","PROCEDURE",998,"               And a.CompanyCode = pCompanyCode
"
"D_PREPAREPURCHASEORDERFORSUPPLIER360VIEW","PROCEDURE",999,"               And a.LocationCode = pLocationCode
"
"D_PREPAREPURCHASEORDERFORSUPPLIER360VIEW","PROCEDURE",1000,"
"
"D_PREPAREPURCHASEORDERFORSUPPLIER360VIEW","PROCEDURE",1001,"            Union All
"
"D_PREPAREPURCHASEORDERFORSUPPLIER360VIEW","PROCEDURE",1002,"
"
"D_PREPAREPURCHASEORDERFORSUPPLIER360VIEW","PROCEDURE",1003,"            Select companycode,
"
"D_PREPAREPURCHASEORDERFORSUPPLIER360VIEW","PROCEDURE",1004,"                   CompanyName,
"
"D_PREPAREPURCHASEORDERFORSUPPLIER360VIEW","PROCEDURE",1005,"                   LocationCode,
"
"D_PREPAREPURCHASEORDERFORSUPPLIER360VIEW","PROCEDURE",1006,"                   LocationName,
"
"D_PREPAREPURCHASEORDERFORSUPPLIER360VIEW","PROCEDURE",1007,"                   a.PartyCode,
"
"D_PREPAREPURCHASEORDERFORSUPPLIER360VIEW","PROCEDURE",1008,"                   a.PartyName,
"
"D_PREPAREPURCHASEORDERFORSUPPLIER360VIEW","PROCEDURE",1009,"                   p.associationdate,
"
"D_PREPAREPURCHASEORDERFORSUPPLIER360VIEW","PROCEDURE",1010,"                   p.creditAmount,
"
"D_PREPAREPURCHASEORDERFORSUPPLIER360VIEW","PROCEDURE",1011,"                   a.regioncode,
"
"D_PREPAREPURCHASEORDERFORSUPPLIER360VIEW","PROCEDURE",1012,"                   a.regionname,
"
"D_PREPAREPURCHASEORDERFORSUPPLIER360VIEW","PROCEDURE",1013,"                   a.citycode,
"
"D_PREPAREPURCHASEORDERFORSUPPLIER360VIEW","PROCEDURE",1014,"                   a.cityname,
"
"D_PREPAREPURCHASEORDERFORSUPPLIER360VIEW","PROCEDURE",1015,"                   a.statecode,
"
"D_PREPAREPURCHASEORDERFORSUPPLIER360VIEW","PROCEDURE",1016,"                   a.statename
"
"D_PREPAREPURCHASEORDERFORSUPPLIER360VIEW","PROCEDURE",1017,"              From D_Supplier_360View_ActivePurchaseOrders a, party p
"
"D_PREPAREPURCHASEORDERFORSUPPLIER360VIEW","PROCEDURE",1018,"             Where a.Partycode = p.partycode
"
"D_PREPAREPURCHASEORDERFORSUPPLIER360VIEW","PROCEDURE",1019,"               And a.CompanyCode = pCompanyCode
"
"D_PREPAREPURCHASEORDERFORSUPPLIER360VIEW","PROCEDURE",1020,"               And a.LocationCode = pLocationCode
"
"D_PREPAREPURCHASEORDERFORSUPPLIER360VIEW","PROCEDURE",1021,"
"
"D_PREPAREPURCHASEORDERFORSUPPLIER360VIEW","PROCEDURE",1022,"            Union All
"
"D_PREPAREPURCHASEORDERFORSUPPLIER360VIEW","PROCEDURE",1023,"
"
"D_PREPAREPURCHASEORDERFORSUPPLIER360VIEW","PROCEDURE",1024,"            Select companycode,
"
"D_PREPAREPURCHASEORDERFORSUPPLIER360VIEW","PROCEDURE",1025,"                   CompanyName,
"
"D_PREPAREPURCHASEORDERFORSUPPLIER360VIEW","PROCEDURE",1026,"                   LocationCode,
"
"D_PREPAREPURCHASEORDERFORSUPPLIER360VIEW","PROCEDURE",1027,"                   LocationName,
"
"D_PREPAREPURCHASEORDERFORSUPPLIER360VIEW","PROCEDURE",1028,"                   a.PartyCode,
"
"D_PREPAREPURCHASEORDERFORSUPPLIER360VIEW","PROCEDURE",1029,"                   a.PartyName,
"
"D_PREPAREPURCHASEORDERFORSUPPLIER360VIEW","PROCEDURE",1030,"                   p.associationdate,
"
"D_PREPAREPURCHASEORDERFORSUPPLIER360VIEW","PROCEDURE",1031,"                   p.creditAmount,
"
"D_PREPAREPURCHASEORDERFORSUPPLIER360VIEW","PROCEDURE",1032,"                   a.regioncode,
"
"D_PREPAREPURCHASEORDERFORSUPPLIER360VIEW","PROCEDURE",1033,"                   a.regionname,
"
"D_PREPAREPURCHASEORDERFORSUPPLIER360VIEW","PROCEDURE",1034,"                   a.citycode,
"
"D_PREPAREPURCHASEORDERFORSUPPLIER360VIEW","PROCEDURE",1035,"                   a.cityname,
"
"D_PREPAREPURCHASEORDERFORSUPPLIER360VIEW","PROCEDURE",1036,"                   a.statecode,
"
"D_PREPAREPURCHASEORDERFORSUPPLIER360VIEW","PROCEDURE",1037,"                   a.statename
"
"D_PREPAREPURCHASEORDERFORSUPPLIER360VIEW","PROCEDURE",1038,"              From D_Supplier_360View_InactivePurchaseOrders a, party p
"
"D_PREPAREPURCHASEORDERFORSUPPLIER360VIEW","PROCEDURE",1039,"             Where a.Partycode = p.partycode
"
"D_PREPAREPURCHASEORDERFORSUPPLIER360VIEW","PROCEDURE",1040,"               And a.CompanyCode = pCompanyCode
"
"D_PREPAREPURCHASEORDERFORSUPPLIER360VIEW","PROCEDURE",1041,"               And a.LocationCode = pLocationCode
"
"D_PREPAREPURCHASEORDERFORSUPPLIER360VIEW","PROCEDURE",1042,"
"
"D_PREPAREPURCHASEORDERFORSUPPLIER360VIEW","PROCEDURE",1043,"            ) xx;
"
"D_PREPAREPURCHASEORDERFORSUPPLIER360VIEW","PROCEDURE",1044,"
"
"D_PREPAREPURCHASEORDERFORSUPPLIER360VIEW","PROCEDURE",1045,"  -----
"
"D_PREPAREPURCHASEORDERFORSUPPLIER360VIEW","PROCEDURE",1046,"
"
"D_PREPAREPURCHASEORDERFORSUPPLIER360VIEW","PROCEDURE",1047,"  For pHeader In (Select CompanyCode, LocationCode, SupplierCode
"
"D_PREPAREPURCHASEORDERFORSUPPLIER360VIEW","PROCEDURE",1048,"                    From D_Supplier_360View a
"
"D_PREPAREPURCHASEORDERFORSUPPLIER360VIEW","PROCEDURE",1049,"                   Order By SupplierCode
"
"D_PREPAREPURCHASEORDERFORSUPPLIER360VIEW","PROCEDURE",1050,"
"
"D_PREPAREPURCHASEORDERFORSUPPLIER360VIEW","PROCEDURE",1051,"                  ) Loop
"
"D_PREPAREPURCHASEORDERFORSUPPLIER360VIEW","PROCEDURE",1052,"    Update D_Supplier_360View a
"
"D_PREPAREPURCHASEORDERFORSUPPLIER360VIEW","PROCEDURE",1053,"       Set a.ActivePOValue        =
"
"D_PREPAREPURCHASEORDERFORSUPPLIER360VIEW","PROCEDURE",1054,"           (Select Sum(x.totalamount)
"
"D_PREPAREPURCHASEORDERFORSUPPLIER360VIEW","PROCEDURE",1055,"              From D_Supplier_360View_PurchaseOrders x
"
"D_PREPAREPURCHASEORDERFORSUPPLIER360VIEW","PROCEDURE",1056,"             Where x.CompanyCode = pHeader.CompanyCode
"
"D_PREPAREPURCHASEORDERFORSUPPLIER360VIEW","PROCEDURE",1057,"               And x.LocationCode = pHeader.LocationCode
"
"D_PREPAREPURCHASEORDERFORSUPPLIER360VIEW","PROCEDURE",1058,"               And x.PartyCode = pHeader.SupplierCode),
"
"D_PREPAREPURCHASEORDERFORSUPPLIER360VIEW","PROCEDURE",1059,"           a.ordersdeliveredontime =
"
"D_PREPAREPURCHASEORDERFORSUPPLIER360VIEW","PROCEDURE",1060,"           (Select Sum(x.totalamount)
"
"D_PREPAREPURCHASEORDERFORSUPPLIER360VIEW","PROCEDURE",1061,"              From D_SUPPLIER_360VIEW_PURCHASEORDERSDELIVEREDONTIME x
"
"D_PREPAREPURCHASEORDERFORSUPPLIER360VIEW","PROCEDURE",1062,"             Where x.CompanyCode = pHeader.CompanyCode
"
"D_PREPAREPURCHASEORDERFORSUPPLIER360VIEW","PROCEDURE",1063,"               And x.LocationCode = pHeader.LocationCode
"
"D_PREPAREPURCHASEORDERFORSUPPLIER360VIEW","PROCEDURE",1064,"               And x.PartyCode = pHeader.SupplierCode),
"
"D_PREPAREPURCHASEORDERFORSUPPLIER360VIEW","PROCEDURE",1065,"           a.pendingforgrn        =
"
"D_PREPAREPURCHASEORDERFORSUPPLIER360VIEW","PROCEDURE",1066,"           (Select Sum(x.totalamount)
"
"D_PREPAREPURCHASEORDERFORSUPPLIER360VIEW","PROCEDURE",1067,"              From D_Supplier_360View_PurchaseOrdersPendingForGRN x
"
"D_PREPAREPURCHASEORDERFORSUPPLIER360VIEW","PROCEDURE",1068,"             Where x.CompanyCode = pHeader.CompanyCode
"
"D_PREPAREPURCHASEORDERFORSUPPLIER360VIEW","PROCEDURE",1069,"               And x.LocationCode = pHeader.LocationCode
"
"D_PREPAREPURCHASEORDERFORSUPPLIER360VIEW","PROCEDURE",1070,"               And x.PartyCode = pHeader.SupplierCode),
"
"D_PREPAREPURCHASEORDERFORSUPPLIER360VIEW","PROCEDURE",1071,"           A.ORDERSCOMPLETED      =
"
"D_PREPAREPURCHASEORDERFORSUPPLIER360VIEW","PROCEDURE",1072,"           (Select Sum(x.totalamount)
"
"D_PREPAREPURCHASEORDERFORSUPPLIER360VIEW","PROCEDURE",1073,"              From D_SUPPLIER_360VIEW_PURCHASEORDERCOMPLETED x
"
"D_PREPAREPURCHASEORDERFORSUPPLIER360VIEW","PROCEDURE",1074,"             Where x.CompanyCode = pHeader.CompanyCode
"
"D_PREPAREPURCHASEORDERFORSUPPLIER360VIEW","PROCEDURE",1075,"               And x.LocationCode = pHeader.LocationCode
"
"D_PREPAREPURCHASEORDERFORSUPPLIER360VIEW","PROCEDURE",1076,"               And x.PartyCode = pHeader.SupplierCode),
"
"D_PREPAREPURCHASEORDERFORSUPPLIER360VIEW","PROCEDURE",1077,"           a.totaldiscountvalue   =
"
"D_PREPAREPURCHASEORDERFORSUPPLIER360VIEW","PROCEDURE",1078,"           (Select Sum(nvl(y.discountrate, 0) * y.quantity1)
"
"D_PREPAREPURCHASEORDERFORSUPPLIER360VIEW","PROCEDURE",1079,"              From D_Supplier_360View_ActivePurchaseOrders x,
"
"D_PREPAREPURCHASEORDERFORSUPPLIER360VIEW","PROCEDURE",1080,"                   purchaseorderdetail                     y
"
"D_PREPAREPURCHASEORDERFORSUPPLIER360VIEW","PROCEDURE",1081,"             Where x.tno = y.tno
"
"D_PREPAREPURCHASEORDERFORSUPPLIER360VIEW","PROCEDURE",1082,"               And x.CompanyCode = pHeader.CompanyCode
"
"D_PREPAREPURCHASEORDERFORSUPPLIER360VIEW","PROCEDURE",1083,"               And x.LocationCode = pHeader.LocationCode
"
"D_PREPAREPURCHASEORDERFORSUPPLIER360VIEW","PROCEDURE",1084,"               And x.PartyCode = pHeader.SupplierCode),
"
"D_PREPAREPURCHASEORDERFORSUPPLIER360VIEW","PROCEDURE",1085,"
"
"D_PREPAREPURCHASEORDERFORSUPPLIER360VIEW","PROCEDURE",1086,"           a.avgdiscountpercent =
"
"D_PREPAREPURCHASEORDERFORSUPPLIER360VIEW","PROCEDURE",1087,"           (Select Round(Avg(discountpercentage), 2)
"
"D_PREPAREPURCHASEORDERFORSUPPLIER360VIEW","PROCEDURE",1088,"              From D_Supplier_360View_ActivePurchaseOrders x,
"
"D_PREPAREPURCHASEORDERFORSUPPLIER360VIEW","PROCEDURE",1089,"                   purchaseorderdetail                     y
"
"D_PREPAREPURCHASEORDERFORSUPPLIER360VIEW","PROCEDURE",1090,"             Where x.tno = y.tno
"
"D_PREPAREPURCHASEORDERFORSUPPLIER360VIEW","PROCEDURE",1091,"               And x.CompanyCode = pHeader.CompanyCode
"
"D_PREPAREPURCHASEORDERFORSUPPLIER360VIEW","PROCEDURE",1092,"               And x.LocationCode = pHeader.LocationCode
"
"D_PREPAREPURCHASEORDERFORSUPPLIER360VIEW","PROCEDURE",1093,"               And x.PartyCode = pHeader.SupplierCode)
"
"D_PREPAREPURCHASEORDERFORSUPPLIER360VIEW","PROCEDURE",1094,"
"
"D_PREPAREPURCHASEORDERFORSUPPLIER360VIEW","PROCEDURE",1095,"     Where a.CompanyCode = pHeader.CompanyCode
"
"D_PREPAREPURCHASEORDERFORSUPPLIER360VIEW","PROCEDURE",1096,"       And a.LocationCode = pHeader.LocationCode
"
"D_PREPAREPURCHASEORDERFORSUPPLIER360VIEW","PROCEDURE",1097,"       And a.SupplierCode = pHeader.SupplierCode;
"
"D_PREPAREPURCHASEORDERFORSUPPLIER360VIEW","PROCEDURE",1098,"
"
"D_PREPAREPURCHASEORDERFORSUPPLIER360VIEW","PROCEDURE",1099,"  End Loop;
"
"D_PREPAREPURCHASEORDERFORSUPPLIER360VIEW","PROCEDURE",1100,"
"
"D_PREPAREPURCHASEORDERFORSUPPLIER360VIEW","PROCEDURE",1101,"  ----
"
"D_PREPAREPURCHASEORDERFORSUPPLIER360VIEW","PROCEDURE",1102,"  Commit;
"
"D_PREPAREPURCHASEORDERFORSUPPLIER360VIEW","PROCEDURE",1103,"End;
"
"D_PREPARESALESORDERFORCUSTOMER360VIEW","PROCEDURE",1,"Procedure D_PrepareSalesOrderForCustomer360View(pFromDate     Date,
"
"D_PREPARESALESORDERFORCUSTOMER360VIEW","PROCEDURE",2,"                                                                  pToDate       Date,
"
"D_PREPARESALESORDERFORCUSTOMER360VIEW","PROCEDURE",3,"                                                                  pCompanyCode  Varchar2,
"
"D_PREPARESALESORDERFORCUSTOMER360VIEW","PROCEDURE",4,"                                                                  pLocationCode Varchar2) Is
"
"D_PREPARESALESORDERFORCUSTOMER360VIEW","PROCEDURE",5,"
"
"D_PREPARESALESORDERFORCUSTOMER360VIEW","PROCEDURE",6,"Begin
"
"D_PREPARESALESORDERFORCUSTOMER360VIEW","PROCEDURE",7,"  Delete From D_Customer_360View_PendingOrders
"
"D_PREPARESALESORDERFORCUSTOMER360VIEW","PROCEDURE",8,"   Where COMPANYCODE = pCompanycode
"
"D_PREPARESALESORDERFORCUSTOMER360VIEW","PROCEDURE",9,"     And locationcode = pLocationcode;
"
"D_PREPARESALESORDERFORCUSTOMER360VIEW","PROCEDURE",10,"  Delete From D_Customer_360View_ActiveOrders
"
"D_PREPARESALESORDERFORCUSTOMER360VIEW","PROCEDURE",11,"   Where COMPANYCODE = pCompanycode
"
"D_PREPARESALESORDERFORCUSTOMER360VIEW","PROCEDURE",12,"     And locationcode = pLocationcode;
"
"D_PREPARESALESORDERFORCUSTOMER360VIEW","PROCEDURE",13,"  Delete From D_Customer_360View_InActiveOrders
"
"D_PREPARESALESORDERFORCUSTOMER360VIEW","PROCEDURE",14,"   Where COMPANYCODE = pCompanycode
"
"D_PREPARESALESORDERFORCUSTOMER360VIEW","PROCEDURE",15,"     And locationcode = pLocationcode;
"
"D_PREPARESALESORDERFORCUSTOMER360VIEW","PROCEDURE",16,"  Delete From D_Customer_360View
"
"D_PREPARESALESORDERFORCUSTOMER360VIEW","PROCEDURE",17,"   Where COMPANYCODE = pCompanycode
"
"D_PREPARESALESORDERFORCUSTOMER360VIEW","PROCEDURE",18,"     And locationcode = pLocationcode;
"
"D_PREPARESALESORDERFORCUSTOMER360VIEW","PROCEDURE",19,"
"
"D_PREPARESALESORDERFORCUSTOMER360VIEW","PROCEDURE",20,"  For vSalesOrder In (Select xxx.TNo,
"
"D_PREPARESALESORDERFORCUSTOMER360VIEW","PROCEDURE",21,"                             xxx.CompanyCode,
"
"D_PREPARESALESORDERFORCUSTOMER360VIEW","PROCEDURE",22,"                             xxx.LocationCode,
"
"D_PREPARESALESORDERFORCUSTOMER360VIEW","PROCEDURE",23,"                             xxx.DocTypeCode,
"
"D_PREPARESALESORDERFORCUSTOMER360VIEW","PROCEDURE",24,"                             xxx.SalesOrderNo,
"
"D_PREPARESALESORDERFORCUSTOMER360VIEW","PROCEDURE",25,"                             xxx.SalesOrderDate,
"
"D_PREPARESALESORDERFORCUSTOMER360VIEW","PROCEDURE",26,"                             xxx.PartyCode,
"
"D_PREPARESALESORDERFORCUSTOMER360VIEW","PROCEDURE",27,"                             xxx.Vendor,
"
"D_PREPARESALESORDERFORCUSTOMER360VIEW","PROCEDURE",28,"                             xxx.ConsigneeCode,
"
"D_PREPARESALESORDERFORCUSTOMER360VIEW","PROCEDURE",29,"                             xxx.Consignee,
"
"D_PREPARESALESORDERFORCUSTOMER360VIEW","PROCEDURE",30,"                             xxx.AgentCode,
"
"D_PREPARESALESORDERFORCUSTOMER360VIEW","PROCEDURE",31,"                             xxx.Agent,
"
"D_PREPARESALESORDERFORCUSTOMER360VIEW","PROCEDURE",32,"                             xxx.PartyPONo,
"
"D_PREPARESALESORDERFORCUSTOMER360VIEW","PROCEDURE",33,"                             xxx.PartyPODate,
"
"D_PREPARESALESORDERFORCUSTOMER360VIEW","PROCEDURE",34,"                             xxx.ValidityUptoDate,
"
"D_PREPARESALESORDERFORCUSTOMER360VIEW","PROCEDURE",35,"                             xxx.ItemCode,
"
"D_PREPARESALESORDERFORCUSTOMER360VIEW","PROCEDURE",36,"                             xxx.ItemSpecificationCode,
"
"D_PREPARESALESORDERFORCUSTOMER360VIEW","PROCEDURE",37,"                             xxx.ItemName,
"
"D_PREPARESALESORDERFORCUSTOMER360VIEW","PROCEDURE",38,"                             xxx.Item,
"
"D_PREPARESALESORDERFORCUSTOMER360VIEW","PROCEDURE",39,"                             xxx.UOM,
"
"D_PREPARESALESORDERFORCUSTOMER360VIEW","PROCEDURE",40,"                             xxx.Quantity1,
"
"D_PREPARESALESORDERFORCUSTOMER360VIEW","PROCEDURE",41,"                             xxx.UOM2,
"
"D_PREPARESALESORDERFORCUSTOMER360VIEW","PROCEDURE",42,"                             xxx.Quantity2,
"
"D_PREPARESALESORDERFORCUSTOMER360VIEW","PROCEDURE",43,"                             xxx.Rate,
"
"D_PREPARESALESORDERFORCUSTOMER360VIEW","PROCEDURE",44,"                             xxx.Amount,
"
"D_PREPARESALESORDERFORCUSTOMER360VIEW","PROCEDURE",45,"                             xxx.CGST,
"
"D_PREPARESALESORDERFORCUSTOMER360VIEW","PROCEDURE",46,"                             xxx.SGST,
"
"D_PREPARESALESORDERFORCUSTOMER360VIEW","PROCEDURE",47,"                             xxx.IGST,
"
"D_PREPARESALESORDERFORCUSTOMER360VIEW","PROCEDURE",48,"                             xxx.TCS,
"
"D_PREPARESALESORDERFORCUSTOMER360VIEW","PROCEDURE",49,"                             xxx.FooterAmount,
"
"D_PREPARESALESORDERFORCUSTOMER360VIEW","PROCEDURE",50,"                             (xxx.FooterAmount -
"
"D_PREPARESALESORDERFORCUSTOMER360VIEW","PROCEDURE",51,"                             (xxx.CGST + xxx.SGST + xxx.IGST + xxx.TCS)) As OtherAmount,
"
"D_PREPARESALESORDERFORCUSTOMER360VIEW","PROCEDURE",52,"                             xxx.TotalAmount,
"
"D_PREPARESALESORDERFORCUSTOMER360VIEW","PROCEDURE",53,"                             xxx.Creator,
"
"D_PREPARESALESORDERFORCUSTOMER360VIEW","PROCEDURE",54,"                             xxx.CreationTime,
"
"D_PREPARESALESORDERFORCUSTOMER360VIEW","PROCEDURE",55,"                             xxx.DespatchQuantity,
"
"D_PREPARESALESORDERFORCUSTOMER360VIEW","PROCEDURE",56,"                             xxx.InvoiceQuantity,
"
"D_PREPARESALESORDERFORCUSTOMER360VIEW","PROCEDURE",57,"                             xxx.BalanceQuantity,
"
"D_PREPARESALESORDERFORCUSTOMER360VIEW","PROCEDURE",58,"                             ---
"
"D_PREPARESALESORDERFORCUSTOMER360VIEW","PROCEDURE",59,"                             xxx.officecitycode As CityCode,
"
"D_PREPARESALESORDERFORCUSTOMER360VIEW","PROCEDURE",60,"                             xxx.cityname,
"
"D_PREPARESALESORDERFORCUSTOMER360VIEW","PROCEDURE",61,"                             xxx.officestatecode As StateCode,
"
"D_PREPARESALESORDERFORCUSTOMER360VIEW","PROCEDURE",62,"                             xxx.stateName,
"
"D_PREPARESALESORDERFORCUSTOMER360VIEW","PROCEDURE",63,"                             xxx.SALESEXECUTIVECODE,
"
"D_PREPARESALESORDERFORCUSTOMER360VIEW","PROCEDURE",64,"                             xxx.employeename As SalesPersonName,
"
"D_PREPARESALESORDERFORCUSTOMER360VIEW","PROCEDURE",65,"                             Nvl(getDocumentStatusCode('SALESORDER', xxx.tno),
"
"D_PREPARESALESORDERFORCUSTOMER360VIEW","PROCEDURE",66,"                                 'INACTIVE') As Status
"
"D_PREPARESALESORDERFORCUSTOMER360VIEW","PROCEDURE",67,"                      ---
"
"D_PREPARESALESORDERFORCUSTOMER360VIEW","PROCEDURE",68,"
"
"D_PREPARESALESORDERFORCUSTOMER360VIEW","PROCEDURE",69,"                        From (Select xx.TNo,
"
"D_PREPARESALESORDERFORCUSTOMER360VIEW","PROCEDURE",70,"                                     xx.CompanyCode,
"
"D_PREPARESALESORDERFORCUSTOMER360VIEW","PROCEDURE",71,"                                     xx.LocationCode,
"
"D_PREPARESALESORDERFORCUSTOMER360VIEW","PROCEDURE",72,"                                     xx.DocTypeCode,
"
"D_PREPARESALESORDERFORCUSTOMER360VIEW","PROCEDURE",73,"                                     xx.SalesOrderNo,
"
"D_PREPARESALESORDERFORCUSTOMER360VIEW","PROCEDURE",74,"                                     xx.SalesOrderDate,
"
"D_PREPARESALESORDERFORCUSTOMER360VIEW","PROCEDURE",75,"                                     xx.partycode,
"
"D_PREPARESALESORDERFORCUSTOMER360VIEW","PROCEDURE",76,"                                     xx.Vendor,
"
"D_PREPARESALESORDERFORCUSTOMER360VIEW","PROCEDURE",77,"                                     xx.consigneecode,
"
"D_PREPARESALESORDERFORCUSTOMER360VIEW","PROCEDURE",78,"                                     xx.Consignee,
"
"D_PREPARESALESORDERFORCUSTOMER360VIEW","PROCEDURE",79,"                                     xx.AgentCode,
"
"D_PREPARESALESORDERFORCUSTOMER360VIEW","PROCEDURE",80,"                                     xx.Agent,
"
"D_PREPARESALESORDERFORCUSTOMER360VIEW","PROCEDURE",81,"                                     xx.PartyPONo,
"
"D_PREPARESALESORDERFORCUSTOMER360VIEW","PROCEDURE",82,"                                     xx.PartyPODate,
"
"D_PREPARESALESORDERFORCUSTOMER360VIEW","PROCEDURE",83,"                                     xx.ValidityUptoDate,
"
"D_PREPARESALESORDERFORCUSTOMER360VIEW","PROCEDURE",84,"                                     xx.ItemCode,
"
"D_PREPARESALESORDERFORCUSTOMER360VIEW","PROCEDURE",85,"                                     xx.ItemSpecificationCode,
"
"D_PREPARESALESORDERFORCUSTOMER360VIEW","PROCEDURE",86,"                                     xx.ItemName,
"
"D_PREPARESALESORDERFORCUSTOMER360VIEW","PROCEDURE",87,"                                     xx.Item,
"
"D_PREPARESALESORDERFORCUSTOMER360VIEW","PROCEDURE",88,"                                     xx.UOM,
"
"D_PREPARESALESORDERFORCUSTOMER360VIEW","PROCEDURE",89,"                                     xx.Quantity1,
"
"D_PREPARESALESORDERFORCUSTOMER360VIEW","PROCEDURE",90,"                                     xx.UOM2,
"
"D_PREPARESALESORDERFORCUSTOMER360VIEW","PROCEDURE",91,"                                     xx.Quantity2,
"
"D_PREPARESALESORDERFORCUSTOMER360VIEW","PROCEDURE",92,"                                     xx.Rate,
"
"D_PREPARESALESORDERFORCUSTOMER360VIEW","PROCEDURE",93,"                                     xx.Amount,
"
"D_PREPARESALESORDERFORCUSTOMER360VIEW","PROCEDURE",94,"                                     Sum(xx.CGST) CGST,
"
"D_PREPARESALESORDERFORCUSTOMER360VIEW","PROCEDURE",95,"                                     Sum(xx.SGST) SGST,
"
"D_PREPARESALESORDERFORCUSTOMER360VIEW","PROCEDURE",96,"                                     Sum(xx.IGST) IGST,
"
"D_PREPARESALESORDERFORCUSTOMER360VIEW","PROCEDURE",97,"                                     Sum(xx.TCS) TCS,
"
"D_PREPARESALESORDERFORCUSTOMER360VIEW","PROCEDURE",98,"                                     xx.FooterAmount,
"
"D_PREPARESALESORDERFORCUSTOMER360VIEW","PROCEDURE",99,"                                     xx.TotalAmount,
"
"D_PREPARESALESORDERFORCUSTOMER360VIEW","PROCEDURE",100,"                                     xx.Creator,
"
"D_PREPARESALESORDERFORCUSTOMER360VIEW","PROCEDURE",101,"                                     xx.CreationTime,
"
"D_PREPARESALESORDERFORCUSTOMER360VIEW","PROCEDURE",102,"                                     xx.DespatchQuantity,
"
"D_PREPARESALESORDERFORCUSTOMER360VIEW","PROCEDURE",103,"                                     xx.InvoiceQuantity,
"
"D_PREPARESALESORDERFORCUSTOMER360VIEW","PROCEDURE",104,"                                     xx.BalanceQuantity,
"
"D_PREPARESALESORDERFORCUSTOMER360VIEW","PROCEDURE",105,"                                     ---
"
"D_PREPARESALESORDERFORCUSTOMER360VIEW","PROCEDURE",106,"                                     xx.officecitycode,
"
"D_PREPARESALESORDERFORCUSTOMER360VIEW","PROCEDURE",107,"                                     xx.cityname,
"
"D_PREPARESALESORDERFORCUSTOMER360VIEW","PROCEDURE",108,"                                     xx.officestatecode,
"
"D_PREPARESALESORDERFORCUSTOMER360VIEW","PROCEDURE",109,"                                     xx.stateName,
"
"D_PREPARESALESORDERFORCUSTOMER360VIEW","PROCEDURE",110,"                                     xx.SALESEXECUTIVECODE,
"
"D_PREPARESALESORDERFORCUSTOMER360VIEW","PROCEDURE",111,"                                     xx.employeename
"
"D_PREPARESALESORDERFORCUSTOMER360VIEW","PROCEDURE",112,"                              ---
"
"D_PREPARESALESORDERFORCUSTOMER360VIEW","PROCEDURE",113,"
"
"D_PREPARESALESORDERFORCUSTOMER360VIEW","PROCEDURE",114,"                                From (Select a.Tno,
"
"D_PREPARESALESORDERFORCUSTOMER360VIEW","PROCEDURE",115,"                                             a.companycode,
"
"D_PREPARESALESORDERFORCUSTOMER360VIEW","PROCEDURE",116,"                                             a.LocationCode,
"
"D_PREPARESALESORDERFORCUSTOMER360VIEW","PROCEDURE",117,"                                             a.DocTypeCode,
"
"D_PREPARESALESORDERFORCUSTOMER360VIEW","PROCEDURE",118,"                                             a.SalesOrderNo,
"
"D_PREPARESALESORDERFORCUSTOMER360VIEW","PROCEDURE",119,"                                             a.SalesOrderDate,
"
"D_PREPARESALESORDERFORCUSTOMER360VIEW","PROCEDURE",120,"                                             a.partycode,
"
"D_PREPARESALESORDERFORCUSTOMER360VIEW","PROCEDURE",121,"                                             GetPartyName(a.PartyCode) As Vendor,
"
"D_PREPARESALESORDERFORCUSTOMER360VIEW","PROCEDURE",122,"                                             a.consigneecode,
"
"D_PREPARESALESORDERFORCUSTOMER360VIEW","PROCEDURE",123,"                                             GetPartyName(a.ConsigneeCode) As Consignee,
"
"D_PREPARESALESORDERFORCUSTOMER360VIEW","PROCEDURE",124,"                                             a.agentcode,
"
"D_PREPARESALESORDERFORCUSTOMER360VIEW","PROCEDURE",125,"                                             GetPartyName(a.AgentCode) As Agent,
"
"D_PREPARESALESORDERFORCUSTOMER360VIEW","PROCEDURE",126,"                                             a.PartyPONo,
"
"D_PREPARESALESORDERFORCUSTOMER360VIEW","PROCEDURE",127,"                                             a.PartyPODate,
"
"D_PREPARESALESORDERFORCUSTOMER360VIEW","PROCEDURE",128,"                                             a.ValidityUptoDate,
"
"D_PREPARESALESORDERFORCUSTOMER360VIEW","PROCEDURE",129,"                                             e.ItemCode,
"
"D_PREPARESALESORDERFORCUSTOMER360VIEW","PROCEDURE",130,"                                             ee.itemSpecificationCode,
"
"D_PREPARESALESORDERFORCUSTOMER360VIEW","PROCEDURE",131,"                                             e.ItemName,
"
"D_PREPARESALESORDERFORCUSTOMER360VIEW","PROCEDURE",132,"                                             e.ItemName || ' ~ ' ||
"
"D_PREPARESALESORDERFORCUSTOMER360VIEW","PROCEDURE",133,"                                             ee.ItemSpecificationName As Item,
"
"D_PREPARESALESORDERFORCUSTOMER360VIEW","PROCEDURE",134,"                                             e.MeasuringUnitCode1 UOM,
"
"D_PREPARESALESORDERFORCUSTOMER360VIEW","PROCEDURE",135,"                                             b.Quantity1,
"
"D_PREPARESALESORDERFORCUSTOMER360VIEW","PROCEDURE",136,"                                             e.MeasuringUnitCode2 UOM2,
"
"D_PREPARESALESORDERFORCUSTOMER360VIEW","PROCEDURE",137,"                                             b.Quantity2,
"
"D_PREPARESALESORDERFORCUSTOMER360VIEW","PROCEDURE",138,"                                             b.Rate,
"
"D_PREPARESALESORDERFORCUSTOMER360VIEW","PROCEDURE",139,"                                             b.Amount,
"
"D_PREPARESALESORDERFORCUSTOMER360VIEW","PROCEDURE",140,"                                             nvl(Decode(c.FooterHeadCode,
"
"D_PREPARESALESORDERFORCUSTOMER360VIEW","PROCEDURE",141,"                                                        '.CGST.',
"
"D_PREPARESALESORDERFORCUSTOMER360VIEW","PROCEDURE",142,"                                                        c.FooterValue),
"
"D_PREPARESALESORDERFORCUSTOMER360VIEW","PROCEDURE",143,"                                                 0) As CGST,
"
"D_PREPARESALESORDERFORCUSTOMER360VIEW","PROCEDURE",144,"                                             nvl(Decode(c.FooterHeadCode,
"
"D_PREPARESALESORDERFORCUSTOMER360VIEW","PROCEDURE",145,"                                                        '.SGST.',
"
"D_PREPARESALESORDERFORCUSTOMER360VIEW","PROCEDURE",146,"                                                        c.FooterValue),
"
"D_PREPARESALESORDERFORCUSTOMER360VIEW","PROCEDURE",147,"                                                 0) As SGST,
"
"D_PREPARESALESORDERFORCUSTOMER360VIEW","PROCEDURE",148,"                                             nvl(Decode(c.FooterHeadCode,
"
"D_PREPARESALESORDERFORCUSTOMER360VIEW","PROCEDURE",149,"                                                        '.IGST.',
"
"D_PREPARESALESORDERFORCUSTOMER360VIEW","PROCEDURE",150,"                                                        c.FooterValue),
"
"D_PREPARESALESORDERFORCUSTOMER360VIEW","PROCEDURE",151,"                                                 0) As IGST,
"
"D_PREPARESALESORDERFORCUSTOMER360VIEW","PROCEDURE",152,"                                             nvl(Decode(c.FooterHeadCode,
"
"D_PREPARESALESORDERFORCUSTOMER360VIEW","PROCEDURE",153,"                                                        '.TCS.',
"
"D_PREPARESALESORDERFORCUSTOMER360VIEW","PROCEDURE",154,"                                                        c.FooterValue),
"
"D_PREPARESALESORDERFORCUSTOMER360VIEW","PROCEDURE",155,"                                                 0) As TCS,
"
"D_PREPARESALESORDERFORCUSTOMER360VIEW","PROCEDURE",156,"                                             b.FooterAmount,
"
"D_PREPARESALESORDERFORCUSTOMER360VIEW","PROCEDURE",157,"                                             b.TotalAmount,
"
"D_PREPARESALESORDERFORCUSTOMER360VIEW","PROCEDURE",158,"                                             bue.EmployeeName || ' ( ' ||
"
"D_PREPARESALESORDERFORCUSTOMER360VIEW","PROCEDURE",159,"                                             a.Creator || ')' As Creator,
"
"D_PREPARESALESORDERFORCUSTOMER360VIEW","PROCEDURE",160,"                                             a.CreationTime,
"
"D_PREPARESALESORDERFORCUSTOMER360VIEW","PROCEDURE",161,"                                             da.DespatchQuantity,
"
"D_PREPARESALESORDERFORCUSTOMER360VIEW","PROCEDURE",162,"                                             cc.InvoiceQuantity,
"
"D_PREPARESALESORDERFORCUSTOMER360VIEW","PROCEDURE",163,"                                             b.Quantity1 - cc.InvoiceQuantity As BalanceQuantity,
"
"D_PREPARESALESORDERFORCUSTOMER360VIEW","PROCEDURE",164,"                                             ---
"
"D_PREPARESALESORDERFORCUSTOMER360VIEW","PROCEDURE",165,"                                             p.officecitycode,
"
"D_PREPARESALESORDERFORCUSTOMER360VIEW","PROCEDURE",166,"                                             ci.cityname,
"
"D_PREPARESALESORDERFORCUSTOMER360VIEW","PROCEDURE",167,"                                             p.officestatecode,
"
"D_PREPARESALESORDERFORCUSTOMER360VIEW","PROCEDURE",168,"                                             st.stateName,
"
"D_PREPARESALESORDERFORCUSTOMER360VIEW","PROCEDURE",169,"                                             a.SALESEXECUTIVECODE,
"
"D_PREPARESALESORDERFORCUSTOMER360VIEW","PROCEDURE",170,"                                             em.employeename
"
"D_PREPARESALESORDERFORCUSTOMER360VIEW","PROCEDURE",171,"                                      ---
"
"D_PREPARESALESORDERFORCUSTOMER360VIEW","PROCEDURE",172,"                                        From SalesOrder a,
"
"D_PREPARESALESORDERFORCUSTOMER360VIEW","PROCEDURE",173,"                                             SalesOrderDetail b,
"
"D_PREPARESALESORDERFORCUSTOMER360VIEW","PROCEDURE",174,"                                             SalesOrderDetailFooter c,
"
"D_PREPARESALESORDERFORCUSTOMER360VIEW","PROCEDURE",175,"                                             Item e,
"
"D_PREPARESALESORDERFORCUSTOMER360VIEW","PROCEDURE",176,"                                             ItemSpecification ee,
"
"D_PREPARESALESORDERFORCUSTOMER360VIEW","PROCEDURE",177,"                                             BossUser bu,
"
"D_PREPARESALESORDERFORCUSTOMER360VIEW","PROCEDURE",178,"                                             Employee bue,
"
"D_PREPARESALESORDERFORCUSTOMER360VIEW","PROCEDURE",179,"                                             party p,
"
"D_PREPARESALESORDERFORCUSTOMER360VIEW","PROCEDURE",180,"                                             city ci,
"
"D_PREPARESALESORDERFORCUSTOMER360VIEW","PROCEDURE",181,"                                             state st,
"
"D_PREPARESALESORDERFORCUSTOMER360VIEW","PROCEDURE",182,"                                             employee em,
"
"D_PREPARESALESORDERFORCUSTOMER360VIEW","PROCEDURE",183,"                                             (Select da.ReferenceTNo,
"
"D_PREPARESALESORDERFORCUSTOMER360VIEW","PROCEDURE",184,"                                                     dd.ItemCode,
"
"D_PREPARESALESORDERFORCUSTOMER360VIEW","PROCEDURE",185,"                                                     dd.ItemSpecificationCode,
"
"D_PREPARESALESORDERFORCUSTOMER360VIEW","PROCEDURE",186,"                                                     Sum(dd.Quantity1) As DespatchQuantity
"
"D_PREPARESALESORDERFORCUSTOMER360VIEW","PROCEDURE",187,"                                                From DespatchAdvice       da,
"
"D_PREPARESALESORDERFORCUSTOMER360VIEW","PROCEDURE",188,"                                                     DespatchAdviceDetail dd
"
"D_PREPARESALESORDERFORCUSTOMER360VIEW","PROCEDURE",189,"                                               Where da.TNo = dd.TNo
"
"D_PREPARESALESORDERFORCUSTOMER360VIEW","PROCEDURE",190,"                                                 And da.DocTypeCode = 'SALE'
"
"D_PREPARESALESORDERFORCUSTOMER360VIEW","PROCEDURE",191,"                                               Group By da.ReferenceTNo,
"
"D_PREPARESALESORDERFORCUSTOMER360VIEW","PROCEDURE",192,"                                                        dd.ItemCode,
"
"D_PREPARESALESORDERFORCUSTOMER360VIEW","PROCEDURE",193,"                                                        dd.ItemSpecificationCode) da,
"
"D_PREPARESALESORDERFORCUSTOMER360VIEW","PROCEDURE",194,"                                             (Select cc.SalesOrderTNo,
"
"D_PREPARESALESORDERFORCUSTOMER360VIEW","PROCEDURE",195,"                                                     cd.ItemCode,
"
"D_PREPARESALESORDERFORCUSTOMER360VIEW","PROCEDURE",196,"                                                     cd.ItemSpecificationCode,
"
"D_PREPARESALESORDERFORCUSTOMER360VIEW","PROCEDURE",197,"                                                     Sum(cd.Quantity1) As InvoiceQuantity
"
"D_PREPARESALESORDERFORCUSTOMER360VIEW","PROCEDURE",198,"                                                From CCInvoice       cc,
"
"D_PREPARESALESORDERFORCUSTOMER360VIEW","PROCEDURE",199,"                                                     CCInvoiceDetail cd
"
"D_PREPARESALESORDERFORCUSTOMER360VIEW","PROCEDURE",200,"                                               Where cc.Tno = cd.TNo
"
"D_PREPARESALESORDERFORCUSTOMER360VIEW","PROCEDURE",201,"                                                 And cc.DocTypeCode =
"
"D_PREPARESALESORDERFORCUSTOMER360VIEW","PROCEDURE",202,"                                                     'CHALANCUMINVOICE'
"
"D_PREPARESALESORDERFORCUSTOMER360VIEW","PROCEDURE",203,"                                               Group By cc.SalesOrderTNo,
"
"D_PREPARESALESORDERFORCUSTOMER360VIEW","PROCEDURE",204,"                                                        cd.ItemCode,
"
"D_PREPARESALESORDERFORCUSTOMER360VIEW","PROCEDURE",205,"                                                        cd.ItemSpecificationCode) cc
"
"D_PREPARESALESORDERFORCUSTOMER360VIEW","PROCEDURE",206,"                                       Where a.TNo = b.TNo
"
"D_PREPARESALESORDERFORCUSTOMER360VIEW","PROCEDURE",207,"                                         And b.TNo = c.TNo
"
"D_PREPARESALESORDERFORCUSTOMER360VIEW","PROCEDURE",208,"                                         And b.SNo = c.SNo
"
"D_PREPARESALESORDERFORCUSTOMER360VIEW","PROCEDURE",209,"                                         And b.ItemCode = e.ItemCode
"
"D_PREPARESALESORDERFORCUSTOMER360VIEW","PROCEDURE",210,"                                         And b.ItemSpecificationCode =
"
"D_PREPARESALESORDERFORCUSTOMER360VIEW","PROCEDURE",211,"                                             ee.ItemSpecificationCode
"
"D_PREPARESALESORDERFORCUSTOMER360VIEW","PROCEDURE",212,"                                         And a.partycode = p.partycode
"
"D_PREPARESALESORDERFORCUSTOMER360VIEW","PROCEDURE",213,"                                         And a.Creator = bu.LoginName(+)
"
"D_PREPARESALESORDERFORCUSTOMER360VIEW","PROCEDURE",214,"                                         And bu.EmployeeCode =
"
"D_PREPARESALESORDERFORCUSTOMER360VIEW","PROCEDURE",215,"                                             bue.EMployeeCode(+)
"
"D_PREPARESALESORDERFORCUSTOMER360VIEW","PROCEDURE",216,"                                         And b.TNo = da.ReferenceTNo(+)
"
"D_PREPARESALESORDERFORCUSTOMER360VIEW","PROCEDURE",217,"                                         And b.ItemCode = da.ItemCode(+)
"
"D_PREPARESALESORDERFORCUSTOMER360VIEW","PROCEDURE",218,"                                         And b.ItemSpecificationCode =
"
"D_PREPARESALESORDERFORCUSTOMER360VIEW","PROCEDURE",219,"                                             da.ItemSpecificationCode(+)
"
"D_PREPARESALESORDERFORCUSTOMER360VIEW","PROCEDURE",220,"                                         And b.TNo = cc.SalesOrderTNo(+)
"
"D_PREPARESALESORDERFORCUSTOMER360VIEW","PROCEDURE",221,"                                         And b.ItemCode = cc.ItemCode(+)
"
"D_PREPARESALESORDERFORCUSTOMER360VIEW","PROCEDURE",222,"                                         And b.ItemSpecificationCode =
"
"D_PREPARESALESORDERFORCUSTOMER360VIEW","PROCEDURE",223,"                                             cc.ItemSpecificationCode(+)
"
"D_PREPARESALESORDERFORCUSTOMER360VIEW","PROCEDURE",224,"                                         And p.officecitycode = ci.citycode(+)
"
"D_PREPARESALESORDERFORCUSTOMER360VIEW","PROCEDURE",225,"                                         And p.officestatecode =
"
"D_PREPARESALESORDERFORCUSTOMER360VIEW","PROCEDURE",226,"                                             st.statecode(+)
"
"D_PREPARESALESORDERFORCUSTOMER360VIEW","PROCEDURE",227,"                                         And a.SALESEXECUTIVECODE =
"
"D_PREPARESALESORDERFORCUSTOMER360VIEW","PROCEDURE",228,"                                             em.employeecode(+)
"
"D_PREPARESALESORDERFORCUSTOMER360VIEW","PROCEDURE",229,"                                      --         and a.SalesOrderDate between :P16_FROMDATE and :P16_TODATE
"
"D_PREPARESALESORDERFORCUSTOMER360VIEW","PROCEDURE",230,"                                      --         and instr(':'||:P16_COMPANY||':',':'||a.CompanyCode||':') > 0
"
"D_PREPARESALESORDERFORCUSTOMER360VIEW","PROCEDURE",231,"                                      --         and instr(':'||:P16_LOCATION||':',':'||a.LocationCode||':') > 0
"
"D_PREPARESALESORDERFORCUSTOMER360VIEW","PROCEDURE",232,"                                      --          and a.SalesOrderNo like nvl(:P16_SONO,'%')
"
"D_PREPARESALESORDERFORCUSTOMER360VIEW","PROCEDURE",233,"                                      ) xx
"
"D_PREPARESALESORDERFORCUSTOMER360VIEW","PROCEDURE",234,"                               Group By xx.TNo,
"
"D_PREPARESALESORDERFORCUSTOMER360VIEW","PROCEDURE",235,"                                        xx.SalesOrderNo,
"
"D_PREPARESALESORDERFORCUSTOMER360VIEW","PROCEDURE",236,"                                        xx.SalesOrderDate,
"
"D_PREPARESALESORDERFORCUSTOMER360VIEW","PROCEDURE",237,"                                        xx.Vendor,
"
"D_PREPARESALESORDERFORCUSTOMER360VIEW","PROCEDURE",238,"                                        xx.Consignee,
"
"D_PREPARESALESORDERFORCUSTOMER360VIEW","PROCEDURE",239,"                                        xx.Agent,
"
"D_PREPARESALESORDERFORCUSTOMER360VIEW","PROCEDURE",240,"                                        xx.PartyPONo,
"
"D_PREPARESALESORDERFORCUSTOMER360VIEW","PROCEDURE",241,"                                        xx.PartyPODate,
"
"D_PREPARESALESORDERFORCUSTOMER360VIEW","PROCEDURE",242,"                                        xx.ValidityUptoDate,
"
"D_PREPARESALESORDERFORCUSTOMER360VIEW","PROCEDURE",243,"                                        xx.ItemCode,
"
"D_PREPARESALESORDERFORCUSTOMER360VIEW","PROCEDURE",244,"                                        xx.ItemSpecificationCode,
"
"D_PREPARESALESORDERFORCUSTOMER360VIEW","PROCEDURE",245,"                                        xx.ItemName,
"
"D_PREPARESALESORDERFORCUSTOMER360VIEW","PROCEDURE",246,"                                        xx.Item,
"
"D_PREPARESALESORDERFORCUSTOMER360VIEW","PROCEDURE",247,"                                        xx.UOM,
"
"D_PREPARESALESORDERFORCUSTOMER360VIEW","PROCEDURE",248,"                                        xx.Quantity1,
"
"D_PREPARESALESORDERFORCUSTOMER360VIEW","PROCEDURE",249,"                                        xx.UOM2,
"
"D_PREPARESALESORDERFORCUSTOMER360VIEW","PROCEDURE",250,"                                        xx.Quantity2,
"
"D_PREPARESALESORDERFORCUSTOMER360VIEW","PROCEDURE",251,"                                        xx.Rate,
"
"D_PREPARESALESORDERFORCUSTOMER360VIEW","PROCEDURE",252,"                                        xx.Amount,
"
"D_PREPARESALESORDERFORCUSTOMER360VIEW","PROCEDURE",253,"                                        xx.FooterAmount,
"
"D_PREPARESALESORDERFORCUSTOMER360VIEW","PROCEDURE",254,"                                        xx.TotalAmount,
"
"D_PREPARESALESORDERFORCUSTOMER360VIEW","PROCEDURE",255,"                                        xx.Creator,
"
"D_PREPARESALESORDERFORCUSTOMER360VIEW","PROCEDURE",256,"                                        xx.CreationTime,
"
"D_PREPARESALESORDERFORCUSTOMER360VIEW","PROCEDURE",257,"                                        xx.DespatchQuantity,
"
"D_PREPARESALESORDERFORCUSTOMER360VIEW","PROCEDURE",258,"                                        xx.InvoiceQuantity,
"
"D_PREPARESALESORDERFORCUSTOMER360VIEW","PROCEDURE",259,"                                        xx.BalanceQuantity,
"
"D_PREPARESALESORDERFORCUSTOMER360VIEW","PROCEDURE",260,"                                        ---
"
"D_PREPARESALESORDERFORCUSTOMER360VIEW","PROCEDURE",261,"                                        xx.officecitycode,
"
"D_PREPARESALESORDERFORCUSTOMER360VIEW","PROCEDURE",262,"                                        xx.cityname,
"
"D_PREPARESALESORDERFORCUSTOMER360VIEW","PROCEDURE",263,"                                        xx.officestatecode,
"
"D_PREPARESALESORDERFORCUSTOMER360VIEW","PROCEDURE",264,"                                        xx.stateName,
"
"D_PREPARESALESORDERFORCUSTOMER360VIEW","PROCEDURE",265,"                                        xx.SALESEXECUTIVECODE,
"
"D_PREPARESALESORDERFORCUSTOMER360VIEW","PROCEDURE",266,"                                        xx.employeename,
"
"D_PREPARESALESORDERFORCUSTOMER360VIEW","PROCEDURE",267,"                                        xx.partycode,
"
"D_PREPARESALESORDERFORCUSTOMER360VIEW","PROCEDURE",268,"                                        xx.consigneecode,
"
"D_PREPARESALESORDERFORCUSTOMER360VIEW","PROCEDURE",269,"                                        xx.agentcode,
"
"D_PREPARESALESORDERFORCUSTOMER360VIEW","PROCEDURE",270,"                                        xx.CompanyCode,
"
"D_PREPARESALESORDERFORCUSTOMER360VIEW","PROCEDURE",271,"                                        xx.LocationCode,
"
"D_PREPARESALESORDERFORCUSTOMER360VIEW","PROCEDURE",272,"                                        xx.DocTypeCode
"
"D_PREPARESALESORDERFORCUSTOMER360VIEW","PROCEDURE",273,"                              ---
"
"D_PREPARESALESORDERFORCUSTOMER360VIEW","PROCEDURE",274,"
"
"D_PREPARESALESORDERFORCUSTOMER360VIEW","PROCEDURE",275,"                              ) xxx
"
"D_PREPARESALESORDERFORCUSTOMER360VIEW","PROCEDURE",276,"
"
"D_PREPARESALESORDERFORCUSTOMER360VIEW","PROCEDURE",277,"                      ) Loop
"
"D_PREPARESALESORDERFORCUSTOMER360VIEW","PROCEDURE",278,"    If vSalesOrder.Quantity1 - vSalesOrder.InvoiceQuantity >= 0 And
"
"D_PREPARESALESORDERFORCUSTOMER360VIEW","PROCEDURE",279,"       nvl(vSalesOrder.Status, 'INACTIVE') = 'ACTIVE' Then
"
"D_PREPARESALESORDERFORCUSTOMER360VIEW","PROCEDURE",280,"      Insert Into D_Customer_360View_PendingOrders
"
"D_PREPARESALESORDERFORCUSTOMER360VIEW","PROCEDURE",281,"        (
"
"D_PREPARESALESORDERFORCUSTOMER360VIEW","PROCEDURE",282,"
"
"D_PREPARESALESORDERFORCUSTOMER360VIEW","PROCEDURE",283,"         TNo,
"
"D_PREPARESALESORDERFORCUSTOMER360VIEW","PROCEDURE",284,"         CompanyCode,
"
"D_PREPARESALESORDERFORCUSTOMER360VIEW","PROCEDURE",285,"         CompanyName,
"
"D_PREPARESALESORDERFORCUSTOMER360VIEW","PROCEDURE",286,"         LocationCode,
"
"D_PREPARESALESORDERFORCUSTOMER360VIEW","PROCEDURE",287,"         LocationName,
"
"D_PREPARESALESORDERFORCUSTOMER360VIEW","PROCEDURE",288,"         DocTypeCode,
"
"D_PREPARESALESORDERFORCUSTOMER360VIEW","PROCEDURE",289,"         DocTypeName,
"
"D_PREPARESALESORDERFORCUSTOMER360VIEW","PROCEDURE",290,"         SalesOrderNo,
"
"D_PREPARESALESORDERFORCUSTOMER360VIEW","PROCEDURE",291,"         SalesOrderDate,
"
"D_PREPARESALESORDERFORCUSTOMER360VIEW","PROCEDURE",292,"         VendorCode,
"
"D_PREPARESALESORDERFORCUSTOMER360VIEW","PROCEDURE",293,"         VendorName,
"
"D_PREPARESALESORDERFORCUSTOMER360VIEW","PROCEDURE",294,"         ConsigneeCode,
"
"D_PREPARESALESORDERFORCUSTOMER360VIEW","PROCEDURE",295,"         ConsigneeName,
"
"D_PREPARESALESORDERFORCUSTOMER360VIEW","PROCEDURE",296,"         AgentCode,
"
"D_PREPARESALESORDERFORCUSTOMER360VIEW","PROCEDURE",297,"         AgentName,
"
"D_PREPARESALESORDERFORCUSTOMER360VIEW","PROCEDURE",298,"         PartyPONo,
"
"D_PREPARESALESORDERFORCUSTOMER360VIEW","PROCEDURE",299,"         PartyPODate,
"
"D_PREPARESALESORDERFORCUSTOMER360VIEW","PROCEDURE",300,"         ValidityUptoDate,
"
"D_PREPARESALESORDERFORCUSTOMER360VIEW","PROCEDURE",301,"         ItemCode,
"
"D_PREPARESALESORDERFORCUSTOMER360VIEW","PROCEDURE",302,"         ItemSpecificationCode,
"
"D_PREPARESALESORDERFORCUSTOMER360VIEW","PROCEDURE",303,"         ItemName,
"
"D_PREPARESALESORDERFORCUSTOMER360VIEW","PROCEDURE",304,"         MaterialDescription, -- Item Name & Item Specification Name
"
"D_PREPARESALESORDERFORCUSTOMER360VIEW","PROCEDURE",305,"         UOM1,
"
"D_PREPARESALESORDERFORCUSTOMER360VIEW","PROCEDURE",306,"         Quantity1,
"
"D_PREPARESALESORDERFORCUSTOMER360VIEW","PROCEDURE",307,"         UOM2,
"
"D_PREPARESALESORDERFORCUSTOMER360VIEW","PROCEDURE",308,"         Quantity2,
"
"D_PREPARESALESORDERFORCUSTOMER360VIEW","PROCEDURE",309,"         Rate,
"
"D_PREPARESALESORDERFORCUSTOMER360VIEW","PROCEDURE",310,"         Amount,
"
"D_PREPARESALESORDERFORCUSTOMER360VIEW","PROCEDURE",311,"         CGST,
"
"D_PREPARESALESORDERFORCUSTOMER360VIEW","PROCEDURE",312,"         SGST,
"
"D_PREPARESALESORDERFORCUSTOMER360VIEW","PROCEDURE",313,"         IGST,
"
"D_PREPARESALESORDERFORCUSTOMER360VIEW","PROCEDURE",314,"         TCS,
"
"D_PREPARESALESORDERFORCUSTOMER360VIEW","PROCEDURE",315,"         FooterAmount,
"
"D_PREPARESALESORDERFORCUSTOMER360VIEW","PROCEDURE",316,"         OtherAmount,
"
"D_PREPARESALESORDERFORCUSTOMER360VIEW","PROCEDURE",317,"         TotalAmount,
"
"D_PREPARESALESORDERFORCUSTOMER360VIEW","PROCEDURE",318,"         Creator,
"
"D_PREPARESALESORDERFORCUSTOMER360VIEW","PROCEDURE",319,"         CreationTime,
"
"D_PREPARESALESORDERFORCUSTOMER360VIEW","PROCEDURE",320,"         DespatchQuantity,
"
"D_PREPARESALESORDERFORCUSTOMER360VIEW","PROCEDURE",321,"         InvoiceQuantity,
"
"D_PREPARESALESORDERFORCUSTOMER360VIEW","PROCEDURE",322,"         BalanceQuantity,
"
"D_PREPARESALESORDERFORCUSTOMER360VIEW","PROCEDURE",323,"         StateCode,
"
"D_PREPARESALESORDERFORCUSTOMER360VIEW","PROCEDURE",324,"         StateName,
"
"D_PREPARESALESORDERFORCUSTOMER360VIEW","PROCEDURE",325,"         CityCode,
"
"D_PREPARESALESORDERFORCUSTOMER360VIEW","PROCEDURE",326,"         CityName,
"
"D_PREPARESALESORDERFORCUSTOMER360VIEW","PROCEDURE",327,"         RegionCode,
"
"D_PREPARESALESORDERFORCUSTOMER360VIEW","PROCEDURE",328,"         RegionName,
"
"D_PREPARESALESORDERFORCUSTOMER360VIEW","PROCEDURE",329,"         SalesPersonCode,
"
"D_PREPARESALESORDERFORCUSTOMER360VIEW","PROCEDURE",330,"         SalesPersonName)
"
"D_PREPARESALESORDERFORCUSTOMER360VIEW","PROCEDURE",331,"      Values
"
"D_PREPARESALESORDERFORCUSTOMER360VIEW","PROCEDURE",332,"        (vSalesOrder.Tno,
"
"D_PREPARESALESORDERFORCUSTOMER360VIEW","PROCEDURE",333,"         vSalesOrder.CompanyCode,
"
"D_PREPARESALESORDERFORCUSTOMER360VIEW","PROCEDURE",334,"         getCompanyName(vSalesOrder.CompanyCode),
"
"D_PREPARESALESORDERFORCUSTOMER360VIEW","PROCEDURE",335,"         vSalesOrder.LocationCode,
"
"D_PREPARESALESORDERFORCUSTOMER360VIEW","PROCEDURE",336,"         getLocationName(vSalesOrder.LocationCode),
"
"D_PREPARESALESORDERFORCUSTOMER360VIEW","PROCEDURE",337,"         vSalesOrder.DocTypeCode,
"
"D_PREPARESALESORDERFORCUSTOMER360VIEW","PROCEDURE",338,"         getDocTypeName(vSalesOrder.DocTypeCode),
"
"D_PREPARESALESORDERFORCUSTOMER360VIEW","PROCEDURE",339,"         vSalesOrder.SalesOrderNo,
"
"D_PREPARESALESORDERFORCUSTOMER360VIEW","PROCEDURE",340,"         vSalesOrder.SalesOrderDate,
"
"D_PREPARESALESORDERFORCUSTOMER360VIEW","PROCEDURE",341,"         vSalesOrder.PartyCode,
"
"D_PREPARESALESORDERFORCUSTOMER360VIEW","PROCEDURE",342,"         vSalesOrder.Vendor,
"
"D_PREPARESALESORDERFORCUSTOMER360VIEW","PROCEDURE",343,"         vSalesOrder.ConsigneeCode,
"
"D_PREPARESALESORDERFORCUSTOMER360VIEW","PROCEDURE",344,"         vSalesOrder.Consignee,
"
"D_PREPARESALESORDERFORCUSTOMER360VIEW","PROCEDURE",345,"         vSalesOrder.AgentCode,
"
"D_PREPARESALESORDERFORCUSTOMER360VIEW","PROCEDURE",346,"         vSalesOrder.Agent,
"
"D_PREPARESALESORDERFORCUSTOMER360VIEW","PROCEDURE",347,"         vSalesOrder.PartyPONo,
"
"D_PREPARESALESORDERFORCUSTOMER360VIEW","PROCEDURE",348,"         vSalesOrder.PartyPODate,
"
"D_PREPARESALESORDERFORCUSTOMER360VIEW","PROCEDURE",349,"         vSalesOrder.ValidityUptoDate,
"
"D_PREPARESALESORDERFORCUSTOMER360VIEW","PROCEDURE",350,"         vSalesOrder.ItemCode,
"
"D_PREPARESALESORDERFORCUSTOMER360VIEW","PROCEDURE",351,"         vSalesOrder.ItemSpecificationCode,
"
"D_PREPARESALESORDERFORCUSTOMER360VIEW","PROCEDURE",352,"         vSalesOrder.ItemName,
"
"D_PREPARESALESORDERFORCUSTOMER360VIEW","PROCEDURE",353,"         vSalesOrder.Item, -- Item Name & Item Specification Name
"
"D_PREPARESALESORDERFORCUSTOMER360VIEW","PROCEDURE",354,"         vSalesOrder.UOM,
"
"D_PREPARESALESORDERFORCUSTOMER360VIEW","PROCEDURE",355,"         vSalesOrder.Quantity1,
"
"D_PREPARESALESORDERFORCUSTOMER360VIEW","PROCEDURE",356,"         vSalesOrder.UOM2,
"
"D_PREPARESALESORDERFORCUSTOMER360VIEW","PROCEDURE",357,"         vSalesOrder.Quantity2,
"
"D_PREPARESALESORDERFORCUSTOMER360VIEW","PROCEDURE",358,"         vSalesOrder.Rate,
"
"D_PREPARESALESORDERFORCUSTOMER360VIEW","PROCEDURE",359,"         vSalesOrder.Amount,
"
"D_PREPARESALESORDERFORCUSTOMER360VIEW","PROCEDURE",360,"         vSalesOrder.CGST,
"
"D_PREPARESALESORDERFORCUSTOMER360VIEW","PROCEDURE",361,"         vSalesOrder.SGST,
"
"D_PREPARESALESORDERFORCUSTOMER360VIEW","PROCEDURE",362,"         vSalesOrder.IGST,
"
"D_PREPARESALESORDERFORCUSTOMER360VIEW","PROCEDURE",363,"         vSalesOrder.TCS,
"
"D_PREPARESALESORDERFORCUSTOMER360VIEW","PROCEDURE",364,"         vSalesOrder.FooterAmount,
"
"D_PREPARESALESORDERFORCUSTOMER360VIEW","PROCEDURE",365,"         vSalesOrder.OtherAmount,
"
"D_PREPARESALESORDERFORCUSTOMER360VIEW","PROCEDURE",366,"         vSalesOrder.TotalAmount,
"
"D_PREPARESALESORDERFORCUSTOMER360VIEW","PROCEDURE",367,"         vSalesOrder.Creator,
"
"D_PREPARESALESORDERFORCUSTOMER360VIEW","PROCEDURE",368,"         vSalesOrder.CreationTime,
"
"D_PREPARESALESORDERFORCUSTOMER360VIEW","PROCEDURE",369,"         vSalesOrder.DespatchQuantity,
"
"D_PREPARESALESORDERFORCUSTOMER360VIEW","PROCEDURE",370,"         vSalesOrder.InvoiceQuantity,
"
"D_PREPARESALESORDERFORCUSTOMER360VIEW","PROCEDURE",371,"         vSalesOrder.BalanceQuantity,
"
"D_PREPARESALESORDERFORCUSTOMER360VIEW","PROCEDURE",372,"         vSalesOrder.StateCode,
"
"D_PREPARESALESORDERFORCUSTOMER360VIEW","PROCEDURE",373,"         vSalesOrder.StateName,
"
"D_PREPARESALESORDERFORCUSTOMER360VIEW","PROCEDURE",374,"         vSalesOrder.CityCode,
"
"D_PREPARESALESORDERFORCUSTOMER360VIEW","PROCEDURE",375,"         vSalesOrder.CityName,
"
"D_PREPARESALESORDERFORCUSTOMER360VIEW","PROCEDURE",376,"         Null, -- RegionCode
"
"D_PREPARESALESORDERFORCUSTOMER360VIEW","PROCEDURE",377,"         Null, -- RegionName
"
"D_PREPARESALESORDERFORCUSTOMER360VIEW","PROCEDURE",378,"         vSalesOrder.SALESEXECUTIVECODE,
"
"D_PREPARESALESORDERFORCUSTOMER360VIEW","PROCEDURE",379,"         vSalesOrder.SalesPersonName);
"
"D_PREPARESALESORDERFORCUSTOMER360VIEW","PROCEDURE",380,"    Else
"
"D_PREPARESALESORDERFORCUSTOMER360VIEW","PROCEDURE",381,"      If nvl(vSalesOrder.Status, 'INACTIVE') = 'ACTIVE' Then
"
"D_PREPARESALESORDERFORCUSTOMER360VIEW","PROCEDURE",382,"        Insert Into D_Customer_360View_ActiveOrders
"
"D_PREPARESALESORDERFORCUSTOMER360VIEW","PROCEDURE",383,"          (TNo,
"
"D_PREPARESALESORDERFORCUSTOMER360VIEW","PROCEDURE",384,"           CompanyCode,
"
"D_PREPARESALESORDERFORCUSTOMER360VIEW","PROCEDURE",385,"           CompanyName,
"
"D_PREPARESALESORDERFORCUSTOMER360VIEW","PROCEDURE",386,"           LocationCode,
"
"D_PREPARESALESORDERFORCUSTOMER360VIEW","PROCEDURE",387,"           LocationName,
"
"D_PREPARESALESORDERFORCUSTOMER360VIEW","PROCEDURE",388,"           DocTypeCode,
"
"D_PREPARESALESORDERFORCUSTOMER360VIEW","PROCEDURE",389,"           DocTypeName,
"
"D_PREPARESALESORDERFORCUSTOMER360VIEW","PROCEDURE",390,"           SalesOrderNo,
"
"D_PREPARESALESORDERFORCUSTOMER360VIEW","PROCEDURE",391,"           SalesOrderDate,
"
"D_PREPARESALESORDERFORCUSTOMER360VIEW","PROCEDURE",392,"           VendorCode,
"
"D_PREPARESALESORDERFORCUSTOMER360VIEW","PROCEDURE",393,"           VendorName,
"
"D_PREPARESALESORDERFORCUSTOMER360VIEW","PROCEDURE",394,"           ConsigneeCode,
"
"D_PREPARESALESORDERFORCUSTOMER360VIEW","PROCEDURE",395,"           ConsigneeName,
"
"D_PREPARESALESORDERFORCUSTOMER360VIEW","PROCEDURE",396,"           AgentCode,
"
"D_PREPARESALESORDERFORCUSTOMER360VIEW","PROCEDURE",397,"           AgentName,
"
"D_PREPARESALESORDERFORCUSTOMER360VIEW","PROCEDURE",398,"           PartyPONo,
"
"D_PREPARESALESORDERFORCUSTOMER360VIEW","PROCEDURE",399,"           PartyPODate,
"
"D_PREPARESALESORDERFORCUSTOMER360VIEW","PROCEDURE",400,"           ValidityUptoDate,
"
"D_PREPARESALESORDERFORCUSTOMER360VIEW","PROCEDURE",401,"           ItemCode,
"
"D_PREPARESALESORDERFORCUSTOMER360VIEW","PROCEDURE",402,"           ItemName,
"
"D_PREPARESALESORDERFORCUSTOMER360VIEW","PROCEDURE",403,"           MaterialDescription, -- Item Name & Item Specification Name
"
"D_PREPARESALESORDERFORCUSTOMER360VIEW","PROCEDURE",404,"           UOM1,
"
"D_PREPARESALESORDERFORCUSTOMER360VIEW","PROCEDURE",405,"           Quantity1,
"
"D_PREPARESALESORDERFORCUSTOMER360VIEW","PROCEDURE",406,"           UOM2,
"
"D_PREPARESALESORDERFORCUSTOMER360VIEW","PROCEDURE",407,"           Quantity2,
"
"D_PREPARESALESORDERFORCUSTOMER360VIEW","PROCEDURE",408,"           Rate,
"
"D_PREPARESALESORDERFORCUSTOMER360VIEW","PROCEDURE",409,"           Amount,
"
"D_PREPARESALESORDERFORCUSTOMER360VIEW","PROCEDURE",410,"           CGST,
"
"D_PREPARESALESORDERFORCUSTOMER360VIEW","PROCEDURE",411,"           SGST,
"
"D_PREPARESALESORDERFORCUSTOMER360VIEW","PROCEDURE",412,"           IGST,
"
"D_PREPARESALESORDERFORCUSTOMER360VIEW","PROCEDURE",413,"           TCS,
"
"D_PREPARESALESORDERFORCUSTOMER360VIEW","PROCEDURE",414,"           FooterAmount,
"
"D_PREPARESALESORDERFORCUSTOMER360VIEW","PROCEDURE",415,"           OtherAmount,
"
"D_PREPARESALESORDERFORCUSTOMER360VIEW","PROCEDURE",416,"           TotalAmount,
"
"D_PREPARESALESORDERFORCUSTOMER360VIEW","PROCEDURE",417,"           Creator,
"
"D_PREPARESALESORDERFORCUSTOMER360VIEW","PROCEDURE",418,"           CreationTime,
"
"D_PREPARESALESORDERFORCUSTOMER360VIEW","PROCEDURE",419,"           DespatchQuantity,
"
"D_PREPARESALESORDERFORCUSTOMER360VIEW","PROCEDURE",420,"           InvoiceQuantity,
"
"D_PREPARESALESORDERFORCUSTOMER360VIEW","PROCEDURE",421,"           BalanceQuantity,
"
"D_PREPARESALESORDERFORCUSTOMER360VIEW","PROCEDURE",422,"           StateCode,
"
"D_PREPARESALESORDERFORCUSTOMER360VIEW","PROCEDURE",423,"           StateName,
"
"D_PREPARESALESORDERFORCUSTOMER360VIEW","PROCEDURE",424,"           CityCode,
"
"D_PREPARESALESORDERFORCUSTOMER360VIEW","PROCEDURE",425,"           CityName,
"
"D_PREPARESALESORDERFORCUSTOMER360VIEW","PROCEDURE",426,"           RegionCode,
"
"D_PREPARESALESORDERFORCUSTOMER360VIEW","PROCEDURE",427,"           RegionName,
"
"D_PREPARESALESORDERFORCUSTOMER360VIEW","PROCEDURE",428,"           SalesPersonCode,
"
"D_PREPARESALESORDERFORCUSTOMER360VIEW","PROCEDURE",429,"           SalesPersonName)
"
"D_PREPARESALESORDERFORCUSTOMER360VIEW","PROCEDURE",430,"        Values
"
"D_PREPARESALESORDERFORCUSTOMER360VIEW","PROCEDURE",431,"          (vSalesOrder.Tno,
"
"D_PREPARESALESORDERFORCUSTOMER360VIEW","PROCEDURE",432,"           vSalesOrder.CompanyCode,
"
"D_PREPARESALESORDERFORCUSTOMER360VIEW","PROCEDURE",433,"           getCompanyName(vSalesOrder.CompanyCode),
"
"D_PREPARESALESORDERFORCUSTOMER360VIEW","PROCEDURE",434,"           vSalesOrder.LocationCode,
"
"D_PREPARESALESORDERFORCUSTOMER360VIEW","PROCEDURE",435,"           getLocationName(vSalesOrder.LocationCode),
"
"D_PREPARESALESORDERFORCUSTOMER360VIEW","PROCEDURE",436,"           vSalesOrder.DocTypeCode,
"
"D_PREPARESALESORDERFORCUSTOMER360VIEW","PROCEDURE",437,"           getDocTypeName(vSalesOrder.DocTypeCode),
"
"D_PREPARESALESORDERFORCUSTOMER360VIEW","PROCEDURE",438,"           vSalesOrder.SalesOrderNo,
"
"D_PREPARESALESORDERFORCUSTOMER360VIEW","PROCEDURE",439,"           vSalesOrder.SalesOrderDate,
"
"D_PREPARESALESORDERFORCUSTOMER360VIEW","PROCEDURE",440,"           vSalesOrder.PartyCode,
"
"D_PREPARESALESORDERFORCUSTOMER360VIEW","PROCEDURE",441,"           vSalesOrder.Vendor,
"
"D_PREPARESALESORDERFORCUSTOMER360VIEW","PROCEDURE",442,"           vSalesOrder.ConsigneeCode,
"
"D_PREPARESALESORDERFORCUSTOMER360VIEW","PROCEDURE",443,"           vSalesOrder.Consignee,
"
"D_PREPARESALESORDERFORCUSTOMER360VIEW","PROCEDURE",444,"           vSalesOrder.AgentCode,
"
"D_PREPARESALESORDERFORCUSTOMER360VIEW","PROCEDURE",445,"           vSalesOrder.Agent,
"
"D_PREPARESALESORDERFORCUSTOMER360VIEW","PROCEDURE",446,"           vSalesOrder.PartyPONo,
"
"D_PREPARESALESORDERFORCUSTOMER360VIEW","PROCEDURE",447,"           vSalesOrder.PartyPODate,
"
"D_PREPARESALESORDERFORCUSTOMER360VIEW","PROCEDURE",448,"           vSalesOrder.ValidityUptoDate,
"
"D_PREPARESALESORDERFORCUSTOMER360VIEW","PROCEDURE",449,"           vSalesOrder.ItemCode,
"
"D_PREPARESALESORDERFORCUSTOMER360VIEW","PROCEDURE",450,"           vSalesOrder.ItemName,
"
"D_PREPARESALESORDERFORCUSTOMER360VIEW","PROCEDURE",451,"           vSalesOrder.Item, -- Item Name & Item Specification Name
"
"D_PREPARESALESORDERFORCUSTOMER360VIEW","PROCEDURE",452,"           vSalesOrder.UOM,
"
"D_PREPARESALESORDERFORCUSTOMER360VIEW","PROCEDURE",453,"           vSalesOrder.Quantity1,
"
"D_PREPARESALESORDERFORCUSTOMER360VIEW","PROCEDURE",454,"           vSalesOrder.UOM2,
"
"D_PREPARESALESORDERFORCUSTOMER360VIEW","PROCEDURE",455,"           vSalesOrder.Quantity2,
"
"D_PREPARESALESORDERFORCUSTOMER360VIEW","PROCEDURE",456,"           vSalesOrder.Rate,
"
"D_PREPARESALESORDERFORCUSTOMER360VIEW","PROCEDURE",457,"           vSalesOrder.Amount,
"
"D_PREPARESALESORDERFORCUSTOMER360VIEW","PROCEDURE",458,"           vSalesOrder.CGST,
"
"D_PREPARESALESORDERFORCUSTOMER360VIEW","PROCEDURE",459,"           vSalesOrder.SGST,
"
"D_PREPARESALESORDERFORCUSTOMER360VIEW","PROCEDURE",460,"           vSalesOrder.IGST,
"
"D_PREPARESALESORDERFORCUSTOMER360VIEW","PROCEDURE",461,"           vSalesOrder.TCS,
"
"D_PREPARESALESORDERFORCUSTOMER360VIEW","PROCEDURE",462,"           vSalesOrder.FooterAmount,
"
"D_PREPARESALESORDERFORCUSTOMER360VIEW","PROCEDURE",463,"           vSalesOrder.OtherAmount,
"
"D_PREPARESALESORDERFORCUSTOMER360VIEW","PROCEDURE",464,"           vSalesOrder.TotalAmount,
"
"D_PREPARESALESORDERFORCUSTOMER360VIEW","PROCEDURE",465,"           vSalesOrder.Creator,
"
"D_PREPARESALESORDERFORCUSTOMER360VIEW","PROCEDURE",466,"           vSalesOrder.CreationTime,
"
"D_PREPARESALESORDERFORCUSTOMER360VIEW","PROCEDURE",467,"           vSalesOrder.DespatchQuantity,
"
"D_PREPARESALESORDERFORCUSTOMER360VIEW","PROCEDURE",468,"           vSalesOrder.InvoiceQuantity,
"
"D_PREPARESALESORDERFORCUSTOMER360VIEW","PROCEDURE",469,"           vSalesOrder.BalanceQuantity,
"
"D_PREPARESALESORDERFORCUSTOMER360VIEW","PROCEDURE",470,"           vSalesOrder.StateCode,
"
"D_PREPARESALESORDERFORCUSTOMER360VIEW","PROCEDURE",471,"           vSalesOrder.StateName,
"
"D_PREPARESALESORDERFORCUSTOMER360VIEW","PROCEDURE",472,"           vSalesOrder.CityCode,
"
"D_PREPARESALESORDERFORCUSTOMER360VIEW","PROCEDURE",473,"           vSalesOrder.CityName,
"
"D_PREPARESALESORDERFORCUSTOMER360VIEW","PROCEDURE",474,"           Null, -- RegionCode
"
"D_PREPARESALESORDERFORCUSTOMER360VIEW","PROCEDURE",475,"           Null, -- RegionName
"
"D_PREPARESALESORDERFORCUSTOMER360VIEW","PROCEDURE",476,"           vSalesOrder.SALESEXECUTIVECODE,
"
"D_PREPARESALESORDERFORCUSTOMER360VIEW","PROCEDURE",477,"           vSalesOrder.SalesPersonName
"
"D_PREPARESALESORDERFORCUSTOMER360VIEW","PROCEDURE",478,"
"
"D_PREPARESALESORDERFORCUSTOMER360VIEW","PROCEDURE",479,"           );
"
"D_PREPARESALESORDERFORCUSTOMER360VIEW","PROCEDURE",480,"      Else
"
"D_PREPARESALESORDERFORCUSTOMER360VIEW","PROCEDURE",481,"        Insert Into D_Customer_360View_InActiveOrders
"
"D_PREPARESALESORDERFORCUSTOMER360VIEW","PROCEDURE",482,"          (TNo,
"
"D_PREPARESALESORDERFORCUSTOMER360VIEW","PROCEDURE",483,"           CompanyCode,
"
"D_PREPARESALESORDERFORCUSTOMER360VIEW","PROCEDURE",484,"           CompanyName,
"
"D_PREPARESALESORDERFORCUSTOMER360VIEW","PROCEDURE",485,"           LocationCode,
"
"D_PREPARESALESORDERFORCUSTOMER360VIEW","PROCEDURE",486,"           LocationName,
"
"D_PREPARESALESORDERFORCUSTOMER360VIEW","PROCEDURE",487,"           DocTypeCode,
"
"D_PREPARESALESORDERFORCUSTOMER360VIEW","PROCEDURE",488,"           DocTypeName,
"
"D_PREPARESALESORDERFORCUSTOMER360VIEW","PROCEDURE",489,"           SalesOrderNo,
"
"D_PREPARESALESORDERFORCUSTOMER360VIEW","PROCEDURE",490,"           SalesOrderDate,
"
"D_PREPARESALESORDERFORCUSTOMER360VIEW","PROCEDURE",491,"           VendorCode,
"
"D_PREPARESALESORDERFORCUSTOMER360VIEW","PROCEDURE",492,"           VendorName,
"
"D_PREPARESALESORDERFORCUSTOMER360VIEW","PROCEDURE",493,"           ConsigneeCode,
"
"D_PREPARESALESORDERFORCUSTOMER360VIEW","PROCEDURE",494,"           ConsigneeName,
"
"D_PREPARESALESORDERFORCUSTOMER360VIEW","PROCEDURE",495,"           AgentCode,
"
"D_PREPARESALESORDERFORCUSTOMER360VIEW","PROCEDURE",496,"           AgentName,
"
"D_PREPARESALESORDERFORCUSTOMER360VIEW","PROCEDURE",497,"           PartyPONo,
"
"D_PREPARESALESORDERFORCUSTOMER360VIEW","PROCEDURE",498,"           PartyPODate,
"
"D_PREPARESALESORDERFORCUSTOMER360VIEW","PROCEDURE",499,"           ValidityUptoDate,
"
"D_PREPARESALESORDERFORCUSTOMER360VIEW","PROCEDURE",500,"           ItemCode,
"
"D_PREPARESALESORDERFORCUSTOMER360VIEW","PROCEDURE",501,"           ItemName,
"
"D_PREPARESALESORDERFORCUSTOMER360VIEW","PROCEDURE",502,"           MaterialDescription, -- Item Name & Item Specification Name
"
"D_PREPARESALESORDERFORCUSTOMER360VIEW","PROCEDURE",503,"           UOM1,
"
"D_PREPARESALESORDERFORCUSTOMER360VIEW","PROCEDURE",504,"           Quantity1,
"
"D_PREPARESALESORDERFORCUSTOMER360VIEW","PROCEDURE",505,"           UOM2,
"
"D_PREPARESALESORDERFORCUSTOMER360VIEW","PROCEDURE",506,"           Quantity2,
"
"D_PREPARESALESORDERFORCUSTOMER360VIEW","PROCEDURE",507,"           Rate,
"
"D_PREPARESALESORDERFORCUSTOMER360VIEW","PROCEDURE",508,"           Amount,
"
"D_PREPARESALESORDERFORCUSTOMER360VIEW","PROCEDURE",509,"           CGST,
"
"D_PREPARESALESORDERFORCUSTOMER360VIEW","PROCEDURE",510,"           SGST,
"
"D_PREPARESALESORDERFORCUSTOMER360VIEW","PROCEDURE",511,"           IGST,
"
"D_PREPARESALESORDERFORCUSTOMER360VIEW","PROCEDURE",512,"           TCS,
"
"D_PREPARESALESORDERFORCUSTOMER360VIEW","PROCEDURE",513,"           FooterAmount,
"
"D_PREPARESALESORDERFORCUSTOMER360VIEW","PROCEDURE",514,"           OtherAmount,
"
"D_PREPARESALESORDERFORCUSTOMER360VIEW","PROCEDURE",515,"           TotalAmount,
"
"D_PREPARESALESORDERFORCUSTOMER360VIEW","PROCEDURE",516,"           Creator,
"
"D_PREPARESALESORDERFORCUSTOMER360VIEW","PROCEDURE",517,"           CreationTime,
"
"D_PREPARESALESORDERFORCUSTOMER360VIEW","PROCEDURE",518,"           DespatchQuantity,
"
"D_PREPARESALESORDERFORCUSTOMER360VIEW","PROCEDURE",519,"           InvoiceQuantity,
"
"D_PREPARESALESORDERFORCUSTOMER360VIEW","PROCEDURE",520,"           BalanceQuantity,
"
"D_PREPARESALESORDERFORCUSTOMER360VIEW","PROCEDURE",521,"           StateCode,
"
"D_PREPARESALESORDERFORCUSTOMER360VIEW","PROCEDURE",522,"           StateName,
"
"D_PREPARESALESORDERFORCUSTOMER360VIEW","PROCEDURE",523,"           CityCode,
"
"D_PREPARESALESORDERFORCUSTOMER360VIEW","PROCEDURE",524,"           CityName,
"
"D_PREPARESALESORDERFORCUSTOMER360VIEW","PROCEDURE",525,"           RegionCode,
"
"D_PREPARESALESORDERFORCUSTOMER360VIEW","PROCEDURE",526,"           RegionName,
"
"D_PREPARESALESORDERFORCUSTOMER360VIEW","PROCEDURE",527,"           SalesPersonCode,
"
"D_PREPARESALESORDERFORCUSTOMER360VIEW","PROCEDURE",528,"           SalesPersonName)
"
"D_PREPARESALESORDERFORCUSTOMER360VIEW","PROCEDURE",529,"        Values
"
"D_PREPARESALESORDERFORCUSTOMER360VIEW","PROCEDURE",530,"          (vSalesOrder.Tno,
"
"D_PREPARESALESORDERFORCUSTOMER360VIEW","PROCEDURE",531,"           vSalesOrder.CompanyCode,
"
"D_PREPARESALESORDERFORCUSTOMER360VIEW","PROCEDURE",532,"           getCompanyName(vSalesOrder.CompanyCode),
"
"D_PREPARESALESORDERFORCUSTOMER360VIEW","PROCEDURE",533,"           vSalesOrder.LocationCode,
"
"D_PREPARESALESORDERFORCUSTOMER360VIEW","PROCEDURE",534,"           getLocationName(vSalesOrder.LocationCode),
"
"D_PREPARESALESORDERFORCUSTOMER360VIEW","PROCEDURE",535,"           vSalesOrder.DocTypeCode,
"
"D_PREPARESALESORDERFORCUSTOMER360VIEW","PROCEDURE",536,"           getDocTypeName(vSalesOrder.DocTypeCode),
"
"D_PREPARESALESORDERFORCUSTOMER360VIEW","PROCEDURE",537,"           vSalesOrder.SalesOrderNo,
"
"D_PREPARESALESORDERFORCUSTOMER360VIEW","PROCEDURE",538,"           vSalesOrder.SalesOrderDate,
"
"D_PREPARESALESORDERFORCUSTOMER360VIEW","PROCEDURE",539,"           vSalesOrder.PartyCode,
"
"D_PREPARESALESORDERFORCUSTOMER360VIEW","PROCEDURE",540,"           vSalesOrder.Vendor,
"
"D_PREPARESALESORDERFORCUSTOMER360VIEW","PROCEDURE",541,"           vSalesOrder.ConsigneeCode,
"
"D_PREPARESALESORDERFORCUSTOMER360VIEW","PROCEDURE",542,"           vSalesOrder.Consignee,
"
"D_PREPARESALESORDERFORCUSTOMER360VIEW","PROCEDURE",543,"           vSalesOrder.AgentCode,
"
"D_PREPARESALESORDERFORCUSTOMER360VIEW","PROCEDURE",544,"           vSalesOrder.Agent,
"
"D_PREPARESALESORDERFORCUSTOMER360VIEW","PROCEDURE",545,"           vSalesOrder.PartyPONo,
"
"D_PREPARESALESORDERFORCUSTOMER360VIEW","PROCEDURE",546,"           vSalesOrder.PartyPODate,
"
"D_PREPARESALESORDERFORCUSTOMER360VIEW","PROCEDURE",547,"           vSalesOrder.ValidityUptoDate,
"
"D_PREPARESALESORDERFORCUSTOMER360VIEW","PROCEDURE",548,"           vSalesOrder.ItemCode,
"
"D_PREPARESALESORDERFORCUSTOMER360VIEW","PROCEDURE",549,"           vSalesOrder.ItemName,
"
"D_PREPARESALESORDERFORCUSTOMER360VIEW","PROCEDURE",550,"           vSalesOrder.Item, -- Item Name & Item Specification Name
"
"D_PREPARESALESORDERFORCUSTOMER360VIEW","PROCEDURE",551,"           vSalesOrder.UOM,
"
"D_PREPARESALESORDERFORCUSTOMER360VIEW","PROCEDURE",552,"           vSalesOrder.Quantity1,
"
"D_PREPARESALESORDERFORCUSTOMER360VIEW","PROCEDURE",553,"           vSalesOrder.UOM2,
"
"D_PREPARESALESORDERFORCUSTOMER360VIEW","PROCEDURE",554,"           vSalesOrder.Quantity2,
"
"D_PREPARESALESORDERFORCUSTOMER360VIEW","PROCEDURE",555,"           vSalesOrder.Rate,
"
"D_PREPARESALESORDERFORCUSTOMER360VIEW","PROCEDURE",556,"           vSalesOrder.Amount,
"
"D_PREPARESALESORDERFORCUSTOMER360VIEW","PROCEDURE",557,"           vSalesOrder.CGST,
"
"D_PREPARESALESORDERFORCUSTOMER360VIEW","PROCEDURE",558,"           vSalesOrder.SGST,
"
"D_PREPARESALESORDERFORCUSTOMER360VIEW","PROCEDURE",559,"           vSalesOrder.IGST,
"
"D_PREPARESALESORDERFORCUSTOMER360VIEW","PROCEDURE",560,"           vSalesOrder.TCS,
"
"D_PREPARESALESORDERFORCUSTOMER360VIEW","PROCEDURE",561,"           vSalesOrder.FooterAmount,
"
"D_PREPARESALESORDERFORCUSTOMER360VIEW","PROCEDURE",562,"           vSalesOrder.OtherAmount,
"
"D_PREPARESALESORDERFORCUSTOMER360VIEW","PROCEDURE",563,"           vSalesOrder.TotalAmount,
"
"D_PREPARESALESORDERFORCUSTOMER360VIEW","PROCEDURE",564,"           vSalesOrder.Creator,
"
"D_PREPARESALESORDERFORCUSTOMER360VIEW","PROCEDURE",565,"           vSalesOrder.CreationTime,
"
"D_PREPARESALESORDERFORCUSTOMER360VIEW","PROCEDURE",566,"           vSalesOrder.DespatchQuantity,
"
"D_PREPARESALESORDERFORCUSTOMER360VIEW","PROCEDURE",567,"           vSalesOrder.InvoiceQuantity,
"
"D_PREPARESALESORDERFORCUSTOMER360VIEW","PROCEDURE",568,"           vSalesOrder.BalanceQuantity,
"
"D_PREPARESALESORDERFORCUSTOMER360VIEW","PROCEDURE",569,"           vSalesOrder.StateCode,
"
"D_PREPARESALESORDERFORCUSTOMER360VIEW","PROCEDURE",570,"           vSalesOrder.StateName,
"
"D_PREPARESALESORDERFORCUSTOMER360VIEW","PROCEDURE",571,"           vSalesOrder.CityCode,
"
"D_PREPARESALESORDERFORCUSTOMER360VIEW","PROCEDURE",572,"           vSalesOrder.CityName,
"
"D_PREPARESALESORDERFORCUSTOMER360VIEW","PROCEDURE",573,"           Null, -- RegionCode
"
"D_PREPARESALESORDERFORCUSTOMER360VIEW","PROCEDURE",574,"           Null, -- RegionName
"
"D_PREPARESALESORDERFORCUSTOMER360VIEW","PROCEDURE",575,"           vSalesOrder.SALESEXECUTIVECODE,
"
"D_PREPARESALESORDERFORCUSTOMER360VIEW","PROCEDURE",576,"           vSalesOrder.SalesPersonName
"
"D_PREPARESALESORDERFORCUSTOMER360VIEW","PROCEDURE",577,"
"
"D_PREPARESALESORDERFORCUSTOMER360VIEW","PROCEDURE",578,"           );
"
"D_PREPARESALESORDERFORCUSTOMER360VIEW","PROCEDURE",579,"      End If; --- Sales Order Active
"
"D_PREPARESALESORDERFORCUSTOMER360VIEW","PROCEDURE",580,"    End If; ---- End Sales Order Pending
"
"D_PREPARESALESORDERFORCUSTOMER360VIEW","PROCEDURE",581,"  End Loop; --- End Sales Order Loop
"
"D_PREPARESALESORDERFORCUSTOMER360VIEW","PROCEDURE",582,"
"
"D_PREPARESALESORDERFORCUSTOMER360VIEW","PROCEDURE",583,"  ------- Insert in Customer 360 View
"
"D_PREPARESALESORDERFORCUSTOMER360VIEW","PROCEDURE",584,"  Insert Into D_Customer_360View
"
"D_PREPARESALESORDERFORCUSTOMER360VIEW","PROCEDURE",585,"    (CompanyCode,
"
"D_PREPARESALESORDERFORCUSTOMER360VIEW","PROCEDURE",586,"     CompanyName,
"
"D_PREPARESALESORDERFORCUSTOMER360VIEW","PROCEDURE",587,"     LocationCode,
"
"D_PREPARESALESORDERFORCUSTOMER360VIEW","PROCEDURE",588,"     LocationName,
"
"D_PREPARESALESORDERFORCUSTOMER360VIEW","PROCEDURE",589,"     CustomerCode,
"
"D_PREPARESALESORDERFORCUSTOMER360VIEW","PROCEDURE",590,"     CustomerName,
"
"D_PREPARESALESORDERFORCUSTOMER360VIEW","PROCEDURE",591,"     YearofAssociation,
"
"D_PREPARESALESORDERFORCUSTOMER360VIEW","PROCEDURE",592,"     CreditLimit,
"
"D_PREPARESALESORDERFORCUSTOMER360VIEW","PROCEDURE",593,"     RegionCode,
"
"D_PREPARESALESORDERFORCUSTOMER360VIEW","PROCEDURE",594,"     RegionName,
"
"D_PREPARESALESORDERFORCUSTOMER360VIEW","PROCEDURE",595,"     CityCode,
"
"D_PREPARESALESORDERFORCUSTOMER360VIEW","PROCEDURE",596,"     CityName,
"
"D_PREPARESALESORDERFORCUSTOMER360VIEW","PROCEDURE",597,"     StateCode,
"
"D_PREPARESALESORDERFORCUSTOMER360VIEW","PROCEDURE",598,"     StateName,
"
"D_PREPARESALESORDERFORCUSTOMER360VIEW","PROCEDURE",599,"     LastOrderDate,
"
"D_PREPARESALESORDERFORCUSTOMER360VIEW","PROCEDURE",600,"     LedgerBalance,
"
"D_PREPARESALESORDERFORCUSTOMER360VIEW","PROCEDURE",601,"     PendingOrders)
"
"D_PREPARESALESORDERFORCUSTOMER360VIEW","PROCEDURE",602,"    Select Distinct xx.companycode,
"
"D_PREPARESALESORDERFORCUSTOMER360VIEW","PROCEDURE",603,"                    xx.CompanyName,
"
"D_PREPARESALESORDERFORCUSTOMER360VIEW","PROCEDURE",604,"                    xx.LocationCode,
"
"D_PREPARESALESORDERFORCUSTOMER360VIEW","PROCEDURE",605,"                    xx.LocationName,
"
"D_PREPARESALESORDERFORCUSTOMER360VIEW","PROCEDURE",606,"                    xx.PartyCode,
"
"D_PREPARESALESORDERFORCUSTOMER360VIEW","PROCEDURE",607,"                    xx.PartyName,
"
"D_PREPARESALESORDERFORCUSTOMER360VIEW","PROCEDURE",608,"                    xx.associationdate,
"
"D_PREPARESALESORDERFORCUSTOMER360VIEW","PROCEDURE",609,"                    xx.creditAmount,
"
"D_PREPARESALESORDERFORCUSTOMER360VIEW","PROCEDURE",610,"                    xx.regioncode,
"
"D_PREPARESALESORDERFORCUSTOMER360VIEW","PROCEDURE",611,"                    xx.regionname,
"
"D_PREPARESALESORDERFORCUSTOMER360VIEW","PROCEDURE",612,"                    xx.citycode,
"
"D_PREPARESALESORDERFORCUSTOMER360VIEW","PROCEDURE",613,"                    xx.cityname,
"
"D_PREPARESALESORDERFORCUSTOMER360VIEW","PROCEDURE",614,"                    xx.statecode,
"
"D_PREPARESALESORDERFORCUSTOMER360VIEW","PROCEDURE",615,"                    xx.statename,
"
"D_PREPARESALESORDERFORCUSTOMER360VIEW","PROCEDURE",616,"                    GetLastOrderDate(xx.CompanyCode,
"
"D_PREPARESALESORDERFORCUSTOMER360VIEW","PROCEDURE",617,"                                     xx.LocationCode,
"
"D_PREPARESALESORDERFORCUSTOMER360VIEW","PROCEDURE",618,"                                     xx.PartyCode,
"
"D_PREPARESALESORDERFORCUSTOMER360VIEW","PROCEDURE",619,"                                     pfromDate,
"
"D_PREPARESALESORDERFORCUSTOMER360VIEW","PROCEDURE",620,"                                     pToDate),
"
"D_PREPARESALESORDERFORCUSTOMER360VIEW","PROCEDURE",621,"                    getaccountopening(xx.PartyCode,
"
"D_PREPARESALESORDERFORCUSTOMER360VIEW","PROCEDURE",622,"                                      pToDate + 1,
"
"D_PREPARESALESORDERFORCUSTOMER360VIEW","PROCEDURE",623,"                                      xx.LocationCode,
"
"D_PREPARESALESORDERFORCUSTOMER360VIEW","PROCEDURE",624,"                                      xx.CompanyCode),
"
"D_PREPARESALESORDERFORCUSTOMER360VIEW","PROCEDURE",625,"                    GetPendingOrdervalue(xx.CompanyCode,
"
"D_PREPARESALESORDERFORCUSTOMER360VIEW","PROCEDURE",626,"                                         xx.LocationCode,
"
"D_PREPARESALESORDERFORCUSTOMER360VIEW","PROCEDURE",627,"                                         xx.PartyCode,
"
"D_PREPARESALESORDERFORCUSTOMER360VIEW","PROCEDURE",628,"                                         pfromDate,
"
"D_PREPARESALESORDERFORCUSTOMER360VIEW","PROCEDURE",629,"                                         pToDate)
"
"D_PREPARESALESORDERFORCUSTOMER360VIEW","PROCEDURE",630,"
"
"D_PREPARESALESORDERFORCUSTOMER360VIEW","PROCEDURE",631,"      From (Select companycode,
"
"D_PREPARESALESORDERFORCUSTOMER360VIEW","PROCEDURE",632,"                   CompanyName,
"
"D_PREPARESALESORDERFORCUSTOMER360VIEW","PROCEDURE",633,"                   LocationCode,
"
"D_PREPARESALESORDERFORCUSTOMER360VIEW","PROCEDURE",634,"                   LocationName,
"
"D_PREPARESALESORDERFORCUSTOMER360VIEW","PROCEDURE",635,"                   PartyCode,
"
"D_PREPARESALESORDERFORCUSTOMER360VIEW","PROCEDURE",636,"                   PartyName,
"
"D_PREPARESALESORDERFORCUSTOMER360VIEW","PROCEDURE",637,"                   p.associationdate,
"
"D_PREPARESALESORDERFORCUSTOMER360VIEW","PROCEDURE",638,"                   p.creditAmount,
"
"D_PREPARESALESORDERFORCUSTOMER360VIEW","PROCEDURE",639,"                   a.regioncode,
"
"D_PREPARESALESORDERFORCUSTOMER360VIEW","PROCEDURE",640,"                   a.regionname,
"
"D_PREPARESALESORDERFORCUSTOMER360VIEW","PROCEDURE",641,"                   a.citycode,
"
"D_PREPARESALESORDERFORCUSTOMER360VIEW","PROCEDURE",642,"                   a.cityname,
"
"D_PREPARESALESORDERFORCUSTOMER360VIEW","PROCEDURE",643,"                   a.statecode,
"
"D_PREPARESALESORDERFORCUSTOMER360VIEW","PROCEDURE",644,"                   a.statename
"
"D_PREPARESALESORDERFORCUSTOMER360VIEW","PROCEDURE",645,"              From D_Customer_360View_PendingOrders a, party p
"
"D_PREPARESALESORDERFORCUSTOMER360VIEW","PROCEDURE",646,"             Where a.Vendorcode = p.partycode
"
"D_PREPARESALESORDERFORCUSTOMER360VIEW","PROCEDURE",647,"               And a.CompanyCode = pCompanyCode
"
"D_PREPARESALESORDERFORCUSTOMER360VIEW","PROCEDURE",648,"               And a.LocationCode = pLocationCode
"
"D_PREPARESALESORDERFORCUSTOMER360VIEW","PROCEDURE",649,"
"
"D_PREPARESALESORDERFORCUSTOMER360VIEW","PROCEDURE",650,"            Union All
"
"D_PREPARESALESORDERFORCUSTOMER360VIEW","PROCEDURE",651,"
"
"D_PREPARESALESORDERFORCUSTOMER360VIEW","PROCEDURE",652,"            Select companycode,
"
"D_PREPARESALESORDERFORCUSTOMER360VIEW","PROCEDURE",653,"                   CompanyName,
"
"D_PREPARESALESORDERFORCUSTOMER360VIEW","PROCEDURE",654,"                   LocationCode,
"
"D_PREPARESALESORDERFORCUSTOMER360VIEW","PROCEDURE",655,"                   LocationName,
"
"D_PREPARESALESORDERFORCUSTOMER360VIEW","PROCEDURE",656,"                   PartyCode,
"
"D_PREPARESALESORDERFORCUSTOMER360VIEW","PROCEDURE",657,"                   PartyName,
"
"D_PREPARESALESORDERFORCUSTOMER360VIEW","PROCEDURE",658,"                   p.associationdate,
"
"D_PREPARESALESORDERFORCUSTOMER360VIEW","PROCEDURE",659,"                   p.creditAmount,
"
"D_PREPARESALESORDERFORCUSTOMER360VIEW","PROCEDURE",660,"                   a.regioncode,
"
"D_PREPARESALESORDERFORCUSTOMER360VIEW","PROCEDURE",661,"                   a.regionname,
"
"D_PREPARESALESORDERFORCUSTOMER360VIEW","PROCEDURE",662,"                   a.citycode,
"
"D_PREPARESALESORDERFORCUSTOMER360VIEW","PROCEDURE",663,"                   a.cityname,
"
"D_PREPARESALESORDERFORCUSTOMER360VIEW","PROCEDURE",664,"                   a.statecode,
"
"D_PREPARESALESORDERFORCUSTOMER360VIEW","PROCEDURE",665,"                   a.statename
"
"D_PREPARESALESORDERFORCUSTOMER360VIEW","PROCEDURE",666,"              From D_Customer_360View_ActiveOrders a, party p
"
"D_PREPARESALESORDERFORCUSTOMER360VIEW","PROCEDURE",667,"             Where a.Vendorcode = p.partycode
"
"D_PREPARESALESORDERFORCUSTOMER360VIEW","PROCEDURE",668,"               And a.CompanyCode = pCompanyCode
"
"D_PREPARESALESORDERFORCUSTOMER360VIEW","PROCEDURE",669,"               And a.LocationCode = pLocationCode
"
"D_PREPARESALESORDERFORCUSTOMER360VIEW","PROCEDURE",670,"
"
"D_PREPARESALESORDERFORCUSTOMER360VIEW","PROCEDURE",671,"            Union All
"
"D_PREPARESALESORDERFORCUSTOMER360VIEW","PROCEDURE",672,"
"
"D_PREPARESALESORDERFORCUSTOMER360VIEW","PROCEDURE",673,"            Select companycode,
"
"D_PREPARESALESORDERFORCUSTOMER360VIEW","PROCEDURE",674,"                   CompanyName,
"
"D_PREPARESALESORDERFORCUSTOMER360VIEW","PROCEDURE",675,"                   LocationCode,
"
"D_PREPARESALESORDERFORCUSTOMER360VIEW","PROCEDURE",676,"                   LocationName,
"
"D_PREPARESALESORDERFORCUSTOMER360VIEW","PROCEDURE",677,"                   PartyCode,
"
"D_PREPARESALESORDERFORCUSTOMER360VIEW","PROCEDURE",678,"                   PartyName,
"
"D_PREPARESALESORDERFORCUSTOMER360VIEW","PROCEDURE",679,"                   p.associationdate,
"
"D_PREPARESALESORDERFORCUSTOMER360VIEW","PROCEDURE",680,"                   p.creditAmount,
"
"D_PREPARESALESORDERFORCUSTOMER360VIEW","PROCEDURE",681,"                   a.regioncode,
"
"D_PREPARESALESORDERFORCUSTOMER360VIEW","PROCEDURE",682,"                   a.regionname,
"
"D_PREPARESALESORDERFORCUSTOMER360VIEW","PROCEDURE",683,"                   a.citycode,
"
"D_PREPARESALESORDERFORCUSTOMER360VIEW","PROCEDURE",684,"                   a.cityname,
"
"D_PREPARESALESORDERFORCUSTOMER360VIEW","PROCEDURE",685,"                   a.statecode,
"
"D_PREPARESALESORDERFORCUSTOMER360VIEW","PROCEDURE",686,"                   a.statename
"
"D_PREPARESALESORDERFORCUSTOMER360VIEW","PROCEDURE",687,"              From D_Customer_360View_InactiveOrders a, party p
"
"D_PREPARESALESORDERFORCUSTOMER360VIEW","PROCEDURE",688,"             Where a.Vendorcode = p.partycode
"
"D_PREPARESALESORDERFORCUSTOMER360VIEW","PROCEDURE",689,"               And a.CompanyCode = pCompanyCode
"
"D_PREPARESALESORDERFORCUSTOMER360VIEW","PROCEDURE",690,"               And a.LocationCode = pLocationCode
"
"D_PREPARESALESORDERFORCUSTOMER360VIEW","PROCEDURE",691,"
"
"D_PREPARESALESORDERFORCUSTOMER360VIEW","PROCEDURE",692,"            ) xx;
"
"D_PREPARESALESORDERFORCUSTOMER360VIEW","PROCEDURE",693,"
"
"D_PREPARESALESORDERFORCUSTOMER360VIEW","PROCEDURE",694,"  -----
"
"D_PREPARESALESORDERFORCUSTOMER360VIEW","PROCEDURE",695,"  Commit;
"
"D_PREPARESALESORDERFORCUSTOMER360VIEW","PROCEDURE",696,"End;
"
"GETPENDINGORDERVALUE","FUNCTION",1,"Function GetPendingOrdervalue(pCompanyCode  Varchar2,
"
"GETPENDINGORDERVALUE","FUNCTION",2,"                                                pLocationCOde Varchar2,
"
"GETPENDINGORDERVALUE","FUNCTION",3,"                                                pPartyCode    Varchar2,
"
"GETPENDINGORDERVALUE","FUNCTION",4,"                                                pFromDate     Date,
"
"GETPENDINGORDERVALUE","FUNCTION",5,"                                                pToDate       Date)
"
"GETPENDINGORDERVALUE","FUNCTION",6,"  Return Number Is
"
"GETPENDINGORDERVALUE","FUNCTION",7,"  rtnvalue Number;
"
"GETPENDINGORDERVALUE","FUNCTION",8,"
"
"GETPENDINGORDERVALUE","FUNCTION",9,"Begin
"
"GETPENDINGORDERVALUE","FUNCTION",10,"  Select Sum(a.totalamount)
"
"GETPENDINGORDERVALUE","FUNCTION",11,"    Into rtnvalue
"
"GETPENDINGORDERVALUE","FUNCTION",12,"    From D_Customer_360View_PendingOrders a
"
"GETPENDINGORDERVALUE","FUNCTION",13,"   Where a.companycode = pCompanyCode
"
"GETPENDINGORDERVALUE","FUNCTION",14,"     And a.locationcode = pLocationCode
"
"GETPENDINGORDERVALUE","FUNCTION",15,"     And a.salesorderdate Between pFromDate And pToDate
"
"GETPENDINGORDERVALUE","FUNCTION",16,"     And a.vendorcode = pPartyCode;
"
"GETPENDINGORDERVALUE","FUNCTION",17,"
"
"GETPENDINGORDERVALUE","FUNCTION",18,"  Return(nvl(rtnvalue, 0));
"
"GETPENDINGORDERVALUE","FUNCTION",19,"End;
"
"GETPENDINGPOQUANTITY1","FUNCTION",1,"Function GetPendingPOQuantity1(pItemCode              Varchar2,
"
"GETPENDINGPOQUANTITY1","FUNCTION",2,"                                                 pItemSpecificationCode Varchar2,
"
"GETPENDINGPOQUANTITY1","FUNCTION",3,"                                                 pPurchaseOrderTNo      Number,
"
"GETPENDINGPOQUANTITY1","FUNCTION",4,"                                                 pdate                  Date default sysdate)
"
"GETPENDINGPOQUANTITY1","FUNCTION",5,"  Return Number Is
"
"GETPENDINGPOQUANTITY1","FUNCTION",6,"  rtvalue          Number;
"
"GETPENDINGPOQUANTITY1","FUNCTION",7,"  tTotalAccepted   Number;
"
"GETPENDINGPOQUANTITY1","FUNCTION",8,"  tTotalMaterialIn Number;
"
"GETPENDINGPOQUANTITY1","FUNCTION",9,"  tTotalOrder      Number;
"
"GETPENDINGPOQUANTITY1","FUNCTION",10,"
"
"GETPENDINGPOQUANTITY1","FUNCTION",11,"  Cursor cPurchaseOrder Is
"
"GETPENDINGPOQUANTITY1","FUNCTION",12,"    Select a.TNo As PurchaseOrderTNo,
"
"GETPENDINGPOQUANTITY1","FUNCTION",13,"           b.TNO As IndentTNo,
"
"GETPENDINGPOQUANTITY1","FUNCTION",14,"           b.BOMCode,
"
"GETPENDINGPOQUANTITY1","FUNCTION",15,"           a.Quantity1 * d.Quantity1 As Quantity1
"
"GETPENDINGPOQUANTITY1","FUNCTION",16,"      From PurchaseOrderDetail a,
"
"GETPENDINGPOQUANTITY1","FUNCTION",17,"           IndentDetail        b,
"
"GETPENDINGPOQUANTITY1","FUNCTION",18,"           BOM                 c,
"
"GETPENDINGPOQUANTITY1","FUNCTION",19,"           BOMDetail           d,
"
"GETPENDINGPOQUANTITY1","FUNCTION",20,"           Indent              e
"
"GETPENDINGPOQUANTITY1","FUNCTION",21,"     Where a.TNo = pPurchaseOrderTNo
"
"GETPENDINGPOQUANTITY1","FUNCTION",22,"       And a.ItemCode = c.ItemCode
"
"GETPENDINGPOQUANTITY1","FUNCTION",23,"       And a.ItemSpecificationCode = c.ItemSpecificationCode
"
"GETPENDINGPOQUANTITY1","FUNCTION",24,"       And a.IndentTNo = b.TNo
"
"GETPENDINGPOQUANTITY1","FUNCTION",25,"       And a.ItemCode = b.ItemCode
"
"GETPENDINGPOQUANTITY1","FUNCTION",26,"       And a.ItemSpecificationCode = b.ItemSpecificationCode
"
"GETPENDINGPOQUANTITY1","FUNCTION",27,"       And b.BOMCode = c.BOMCode
"
"GETPENDINGPOQUANTITY1","FUNCTION",28,"       And c.TNo = d.TNo
"
"GETPENDINGPOQUANTITY1","FUNCTION",29,"       And d.ItemCode = pItemCode
"
"GETPENDINGPOQUANTITY1","FUNCTION",30,"       And d.ItemSpecificationCode = pItemSpecificationCode
"
"GETPENDINGPOQUANTITY1","FUNCTION",31,"       And b.BOMCode Is Not Null
"
"GETPENDINGPOQUANTITY1","FUNCTION",32,"       And b.TNo = e.TNo
"
"GETPENDINGPOQUANTITY1","FUNCTION",33,"       And e.ProjectTNo Is Null
"
"GETPENDINGPOQUANTITY1","FUNCTION",34,"       And Not Exists
"
"GETPENDINGPOQUANTITY1","FUNCTION",35,"     (Select aa.TNo
"
"GETPENDINGPOQUANTITY1","FUNCTION",36,"              From POAmendment aa, POAmendmentDetail bb
"
"GETPENDINGPOQUANTITY1","FUNCTION",37,"             Where aa.TNo = bb.TNo
"
"GETPENDINGPOQUANTITY1","FUNCTION",38,"               And aa.PurchaseOrderTNo = a.TNo
"
"GETPENDINGPOQUANTITY1","FUNCTION",39,"               And bb.ItemCode = a.ItemCode
"
"GETPENDINGPOQUANTITY1","FUNCTION",40,"               And bb.ItemSpecificationCode = a.ItemSpecificationCode)
"
"GETPENDINGPOQUANTITY1","FUNCTION",41,"    ---------------------------------
"
"GETPENDINGPOQUANTITY1","FUNCTION",42,"    -- date 07-sep-2020
"
"GETPENDINGPOQUANTITY1","FUNCTION",43,"    Union
"
"GETPENDINGPOQUANTITY1","FUNCTION",44,"    Select a.TNo       As PurchaseOrderTNo,
"
"GETPENDINGPOQUANTITY1","FUNCTION",45,"           Null        As IndentTNo,
"
"GETPENDINGPOQUANTITY1","FUNCTION",46,"           Null        As BOMCode,
"
"GETPENDINGPOQUANTITY1","FUNCTION",47,"           a.Quantity1
"
"GETPENDINGPOQUANTITY1","FUNCTION",48,"      From PurchaseOrderDetail a
"
"GETPENDINGPOQUANTITY1","FUNCTION",49,"     Where a.TNo = pPurchaseOrderTNo
"
"GETPENDINGPOQUANTITY1","FUNCTION",50,"       And a.ItemCode = pItemCode
"
"GETPENDINGPOQUANTITY1","FUNCTION",51,"       And a.ItemSpecificationCode = pItemSpecificationCode
"
"GETPENDINGPOQUANTITY1","FUNCTION",52,"       And a.IndentTNo Is Null
"
"GETPENDINGPOQUANTITY1","FUNCTION",53,"       And Not Exists
"
"GETPENDINGPOQUANTITY1","FUNCTION",54,"     (Select aa.TNo
"
"GETPENDINGPOQUANTITY1","FUNCTION",55,"              From POAmendment aa, POAmendmentDetail bb
"
"GETPENDINGPOQUANTITY1","FUNCTION",56,"             Where aa.TNo = bb.TNo
"
"GETPENDINGPOQUANTITY1","FUNCTION",57,"               And aa.EFFECTIVEFROMDATE <=pdate
"
"GETPENDINGPOQUANTITY1","FUNCTION",58,"               And aa.PurchaseOrderTNo = a.TNo
"
"GETPENDINGPOQUANTITY1","FUNCTION",59,"               And bb.ItemCode = a.ItemCode
"
"GETPENDINGPOQUANTITY1","FUNCTION",60,"               And bb.ItemSpecificationCode = a.ItemSpecificationCode)
"
"GETPENDINGPOQUANTITY1","FUNCTION",61,"    ---------------------------------
"
"GETPENDINGPOQUANTITY1","FUNCTION",62,"    ;
"
"GETPENDINGPOQUANTITY1","FUNCTION",63,"  vPurchaseOrder cPurchaseOrder%Rowtype;
"
"GETPENDINGPOQUANTITY1","FUNCTION",64,"Begin
"
"GETPENDINGPOQUANTITY1","FUNCTION",65,"  Open cPurchaseOrder;
"
"GETPENDINGPOQUANTITY1","FUNCTION",66,"  Fetch cPurchaseOrder
"
"GETPENDINGPOQUANTITY1","FUNCTION",67,"    Into vPurchaseOrder;
"
"GETPENDINGPOQUANTITY1","FUNCTION",68,"  If cPurchaseOrder%Found Then
"
"GETPENDINGPOQUANTITY1","FUNCTION",69,"    tTotalOrder := vPurchaseOrder.Quantity1;
"
"GETPENDINGPOQUANTITY1","FUNCTION",70,"  Else
"
"GETPENDINGPOQUANTITY1","FUNCTION",71,"    Declare
"
"GETPENDINGPOQUANTITY1","FUNCTION",72,"      tAmendedQuantity1 Number;
"
"GETPENDINGPOQUANTITY1","FUNCTION",73,"      Cursor cPOAmendment Is
"
"GETPENDINGPOQUANTITY1","FUNCTION",74,"        Select b.Quantity1
"
"GETPENDINGPOQUANTITY1","FUNCTION",75,"          From POAmendment a, POAmendmentDetail b
"
"GETPENDINGPOQUANTITY1","FUNCTION",76,"         Where a.TNo = b.TNo
"
"GETPENDINGPOQUANTITY1","FUNCTION",77,"           And a.PurchaseOrderTNo = pPurchaseOrderTNo
"
"GETPENDINGPOQUANTITY1","FUNCTION",78,"           And b.ItemCode = pItemCode
"
"GETPENDINGPOQUANTITY1","FUNCTION",79,"           And b.ItemSpecificationCode = pItemSpecificationCode
"
"GETPENDINGPOQUANTITY1","FUNCTION",80,"           And b.AmendmentTypeCode != 'CANCELATION'
"
"GETPENDINGPOQUANTITY1","FUNCTION",81,"           and a.EFFECTIVEFROMDATE <=pdate
"
"GETPENDINGPOQUANTITY1","FUNCTION",82,"           And Not Exists
"
"GETPENDINGPOQUANTITY1","FUNCTION",83,"         (Select aa.TNo
"
"GETPENDINGPOQUANTITY1","FUNCTION",84,"                  From POAmendment aa, POAmendmentDetail bb
"
"GETPENDINGPOQUANTITY1","FUNCTION",85,"                 Where aa.TNo = bb.TNo
"
"GETPENDINGPOQUANTITY1","FUNCTION",86,"                   And aa.PurchaseOrderTNo = a.PurchaseOrderTNo
"
"GETPENDINGPOQUANTITY1","FUNCTION",87,"                   And bb.ItemCode = b.ItemCode
"
"GETPENDINGPOQUANTITY1","FUNCTION",88,"                   And bb.ItemSpecificationCode = b.ItemSpecificationCode
"
"GETPENDINGPOQUANTITY1","FUNCTION",89,"                   And aa.POAmendmentDate > a.POAmendmentDate)
"
"GETPENDINGPOQUANTITY1","FUNCTION",90,"
"
"GETPENDINGPOQUANTITY1","FUNCTION",91,"        ;
"
"GETPENDINGPOQUANTITY1","FUNCTION",92,"      vPOAmendment cPOAmendment%Rowtype;
"
"GETPENDINGPOQUANTITY1","FUNCTION",93,"    Begin
"
"GETPENDINGPOQUANTITY1","FUNCTION",94,"      Open cPOAmendment;
"
"GETPENDINGPOQUANTITY1","FUNCTION",95,"      Fetch cPOAmendment
"
"GETPENDINGPOQUANTITY1","FUNCTION",96,"        Into vPOAmendment;
"
"GETPENDINGPOQUANTITY1","FUNCTION",97,"      If cPOAmendment%Found Then
"
"GETPENDINGPOQUANTITY1","FUNCTION",98,"        tTotalOrder := vPOAmendment.Quantity1;
"
"GETPENDINGPOQUANTITY1","FUNCTION",99,"      Else
"
"GETPENDINGPOQUANTITY1","FUNCTION",100,"        Select Sum(a.Quantity1)
"
"GETPENDINGPOQUANTITY1","FUNCTION",101,"          Into tTotalOrder
"
"GETPENDINGPOQUANTITY1","FUNCTION",102,"          From PurchaseOrderDetail a
"
"GETPENDINGPOQUANTITY1","FUNCTION",103,"         Where a.TNo = pPurchaseOrderTNo
"
"GETPENDINGPOQUANTITY1","FUNCTION",104,"           And a.ItemCode = pItemCode
"
"GETPENDINGPOQUANTITY1","FUNCTION",105,"           And a.ItemSpecificationCode = pItemSpecificationCode
"
"GETPENDINGPOQUANTITY1","FUNCTION",106,"           And (a.IndentTNo Is Null Or Exists
"
"GETPENDINGPOQUANTITY1","FUNCTION",107,"                (Select aa.TNo
"
"GETPENDINGPOQUANTITY1","FUNCTION",108,"                   From IndentDetail aa, Indent bb
"
"GETPENDINGPOQUANTITY1","FUNCTION",109,"                  Where aa.TNO = a.IndentTNo
"
"GETPENDINGPOQUANTITY1","FUNCTION",110,"                    And aa.ItemCode = a.ItemCode
"
"GETPENDINGPOQUANTITY1","FUNCTION",111,"                    And aa.ItemSpecificationCode = a.ItemSpecificationCode
"
"GETPENDINGPOQUANTITY1","FUNCTION",112,"                    And aa.BOMCode Is Null
"
"GETPENDINGPOQUANTITY1","FUNCTION",113,"                    And aa.TNO = bb.TNo
"
"GETPENDINGPOQUANTITY1","FUNCTION",114,"                    And bb.ProjectTNo Is Null));
"
"GETPENDINGPOQUANTITY1","FUNCTION",115,"        If nvl(tTotalOrder, 0) = 0 Then
"
"GETPENDINGPOQUANTITY1","FUNCTION",116,"          Select Sum(a.Quantity1)
"
"GETPENDINGPOQUANTITY1","FUNCTION",117,"            Into tTotalOrder
"
"GETPENDINGPOQUANTITY1","FUNCTION",118,"            From BOMPurchaseOrderDetail a
"
"GETPENDINGPOQUANTITY1","FUNCTION",119,"           Where a.TNo = pPurchaseOrderTNo
"
"GETPENDINGPOQUANTITY1","FUNCTION",120,"             And a.ItemCode = pItemCode
"
"GETPENDINGPOQUANTITY1","FUNCTION",121,"             And a.ItemSpecificationCode = pItemSpecificationCode;
"
"GETPENDINGPOQUANTITY1","FUNCTION",122,"        End If;
"
"GETPENDINGPOQUANTITY1","FUNCTION",123,"
"
"GETPENDINGPOQUANTITY1","FUNCTION",124,"      End If;
"
"GETPENDINGPOQUANTITY1","FUNCTION",125,"      Close cPOAmendment;
"
"GETPENDINGPOQUANTITY1","FUNCTION",126,"    End;
"
"GETPENDINGPOQUANTITY1","FUNCTION",127,"  End If;
"
"GETPENDINGPOQUANTITY1","FUNCTION",128,"
"
"GETPENDINGPOQUANTITY1","FUNCTION",129,"  Select Sum(nvl(a.AcceptedQuantity1, 0) + nvl(a.JoinAcceptedQuantity1, 0) +
"
"GETPENDINGPOQUANTITY1","FUNCTION",130,"             (a.ReceivedQuantity1 - nvl(a.InspectedQuantity1, 0)))
"
"GETPENDINGPOQUANTITY1","FUNCTION",131,"    Into tTotalAccepted
"
"GETPENDINGPOQUANTITY1","FUNCTION",132,"    From GRNDetail a
"
"GETPENDINGPOQUANTITY1","FUNCTION",133,"   Where a.PurchaseOrderTNo = pPurchaseOrderTNo
"
"GETPENDINGPOQUANTITY1","FUNCTION",134,"     And a.ItemCode = pItemCode
"
"GETPENDINGPOQUANTITY1","FUNCTION",135,"     And a.ItemSpecificationCode = pItemSpecificationCode;
"
"GETPENDINGPOQUANTITY1","FUNCTION",136,"
"
"GETPENDINGPOQUANTITY1","FUNCTION",137,"  Select Sum(a.Quantity1)
"
"GETPENDINGPOQUANTITY1","FUNCTION",138,"    Into tTotalMaterialIn
"
"GETPENDINGPOQUANTITY1","FUNCTION",139,"    From MaterialInDetail a
"
"GETPENDINGPOQUANTITY1","FUNCTION",140,"   Where Not Exists
"
"GETPENDINGPOQUANTITY1","FUNCTION",141,"   (Select aa.tno From grn aa Where aa.MaterialInTNo = a.TNo)
"
"GETPENDINGPOQUANTITY1","FUNCTION",142,"        /* Remarked on 20-dec-2023 not required
"
"GETPENDINGPOQUANTITY1","FUNCTION",143,"             And Not Exists
"
"GETPENDINGPOQUANTITY1","FUNCTION",144,"           (Select aa.TNo
"
"GETPENDINGPOQUANTITY1","FUNCTION",145,"                    From MRN aa, MRNDetail bb
"
"GETPENDINGPOQUANTITY1","FUNCTION",146,"                   Where aa.MaterialInTNO = a.TNo
"
"GETPENDINGPOQUANTITY1","FUNCTION",147,"                     And aa.TNO = bb.TNo
"
"GETPENDINGPOQUANTITY1","FUNCTION",148,"                     And bb.ItemCode = a.ItemCode
"
"GETPENDINGPOQUANTITY1","FUNCTION",149,"                     And bb.ItemSpecificationCode = a.ItemSpecificationCode)
"
"GETPENDINGPOQUANTITY1","FUNCTION",150,"        */
"
"GETPENDINGPOQUANTITY1","FUNCTION",151,"     And a.PurchaseOrderTNo = pPurchaseOrderTNo
"
"GETPENDINGPOQUANTITY1","FUNCTION",152,"     And a.ItemCode = pItemCode
"
"GETPENDINGPOQUANTITY1","FUNCTION",153,"     And a.ItemSpecificationCode = pItemSpecificationCode
"
"GETPENDINGPOQUANTITY1","FUNCTION",154,"        ------------------------------------------------
"
"GETPENDINGPOQUANTITY1","FUNCTION",155,"        -- on request 20 jul 2016 ( Sanjay Pandey on E-Mail )
"
"GETPENDINGPOQUANTITY1","FUNCTION",156,"     And Not Exists
"
"GETPENDINGPOQUANTITY1","FUNCTION",157,"   (Select aa.TNo
"
"GETPENDINGPOQUANTITY1","FUNCTION",158,"            From DocumentStatusDetail aa
"
"GETPENDINGPOQUANTITY1","FUNCTION",159,"           Where aa.ModuleTNO = a.TNo
"
"GETPENDINGPOQUANTITY1","FUNCTION",160,"             And aa.DocumentStatusCode In ('CANCELED', 'CLOSED'));
"
"GETPENDINGPOQUANTITY1","FUNCTION",161,"
"
"GETPENDINGPOQUANTITY1","FUNCTION",162,"  rtvalue := tTotalOrder - nvl(tTotalAccepted, 0) -
"
"GETPENDINGPOQUANTITY1","FUNCTION",163,"             nvl(tTotalMaterialIn, 0);
"
"GETPENDINGPOQUANTITY1","FUNCTION",164,"
"
"GETPENDINGPOQUANTITY1","FUNCTION",165,"  Return rtvalue;
"
"GETPENDINGPOQUANTITY1","FUNCTION",166,"End;"
"GETPENDINGPOQUANTITY2","FUNCTION",1,"Function GetPendingPOQuantity2(pItemCode              Varchar2,
"
"GETPENDINGPOQUANTITY2","FUNCTION",2,"                                                 pItemSpecificationCode Varchar2,
"
"GETPENDINGPOQUANTITY2","FUNCTION",3,"                                                 pPurchaseOrderTNo      Number)
"
"GETPENDINGPOQUANTITY2","FUNCTION",4,"  Return Number Is
"
"GETPENDINGPOQUANTITY2","FUNCTION",5,"  rtvalue          Number;
"
"GETPENDINGPOQUANTITY2","FUNCTION",6,"  tTotalAccepted   Number;
"
"GETPENDINGPOQUANTITY2","FUNCTION",7,"  tTotalMaterialIn Number;
"
"GETPENDINGPOQUANTITY2","FUNCTION",8,"  tTotalOrder      Number;
"
"GETPENDINGPOQUANTITY2","FUNCTION",9,"
"
"GETPENDINGPOQUANTITY2","FUNCTION",10,"  Cursor cPurchaseOrder Is
"
"GETPENDINGPOQUANTITY2","FUNCTION",11,"    Select a.TNo As PurchaseOrderTNo,
"
"GETPENDINGPOQUANTITY2","FUNCTION",12,"           b.TNO As IndentTNo,
"
"GETPENDINGPOQUANTITY2","FUNCTION",13,"           b.BOMCode,
"
"GETPENDINGPOQUANTITY2","FUNCTION",14,"           a.Quantity2 * d.Quantity2 As Quantity2
"
"GETPENDINGPOQUANTITY2","FUNCTION",15,"      From PurchaseOrderDetail a,
"
"GETPENDINGPOQUANTITY2","FUNCTION",16,"           IndentDetail        b,
"
"GETPENDINGPOQUANTITY2","FUNCTION",17,"           BOM                 c,
"
"GETPENDINGPOQUANTITY2","FUNCTION",18,"           BOMDetail           d,
"
"GETPENDINGPOQUANTITY2","FUNCTION",19,"           Indent              e
"
"GETPENDINGPOQUANTITY2","FUNCTION",20,"     Where a.TNo = pPurchaseOrderTNo
"
"GETPENDINGPOQUANTITY2","FUNCTION",21,"       And a.ItemCode = c.ItemCode
"
"GETPENDINGPOQUANTITY2","FUNCTION",22,"       And a.ItemSpecificationCode = c.ItemSpecificationCode
"
"GETPENDINGPOQUANTITY2","FUNCTION",23,"       And a.IndentTNo = b.TNo
"
"GETPENDINGPOQUANTITY2","FUNCTION",24,"       And a.ItemCode = b.ItemCode
"
"GETPENDINGPOQUANTITY2","FUNCTION",25,"       And a.ItemSpecificationCode = b.ItemSpecificationCode
"
"GETPENDINGPOQUANTITY2","FUNCTION",26,"       And b.BOMCode = c.BOMCode
"
"GETPENDINGPOQUANTITY2","FUNCTION",27,"       And c.TNo = d.TNo
"
"GETPENDINGPOQUANTITY2","FUNCTION",28,"       And d.ItemCode = pItemCode
"
"GETPENDINGPOQUANTITY2","FUNCTION",29,"       And d.ItemSpecificationCode = pItemSpecificationCode
"
"GETPENDINGPOQUANTITY2","FUNCTION",30,"       And b.BOMCode Is Not Null
"
"GETPENDINGPOQUANTITY2","FUNCTION",31,"       And b.TNo = e.TNo
"
"GETPENDINGPOQUANTITY2","FUNCTION",32,"       And e.ProjectTNo Is Null
"
"GETPENDINGPOQUANTITY2","FUNCTION",33,"       And Not Exists
"
"GETPENDINGPOQUANTITY2","FUNCTION",34,"     (Select aa.TNo
"
"GETPENDINGPOQUANTITY2","FUNCTION",35,"              From POAmendment aa, POAmendmentDetail bb
"
"GETPENDINGPOQUANTITY2","FUNCTION",36,"             Where aa.TNo = bb.TNo
"
"GETPENDINGPOQUANTITY2","FUNCTION",37,"               And aa.PurchaseOrderTNo = a.TNo
"
"GETPENDINGPOQUANTITY2","FUNCTION",38,"               And bb.ItemCode = a.ItemCode
"
"GETPENDINGPOQUANTITY2","FUNCTION",39,"               And bb.ItemSpecificationCode = a.ItemSpecificationCode)
"
"GETPENDINGPOQUANTITY2","FUNCTION",40,"    ---------------------------------
"
"GETPENDINGPOQUANTITY2","FUNCTION",41,"    -- date 07-sep-2020
"
"GETPENDINGPOQUANTITY2","FUNCTION",42,"    Union
"
"GETPENDINGPOQUANTITY2","FUNCTION",43,"    Select a.TNo       As PurchaseOrderTNo,
"
"GETPENDINGPOQUANTITY2","FUNCTION",44,"           Null        As IndentTNo,
"
"GETPENDINGPOQUANTITY2","FUNCTION",45,"           Null        As BOMCode,
"
"GETPENDINGPOQUANTITY2","FUNCTION",46,"           a.Quantity2
"
"GETPENDINGPOQUANTITY2","FUNCTION",47,"      From PurchaseOrderDetail a
"
"GETPENDINGPOQUANTITY2","FUNCTION",48,"     Where a.TNo = pPurchaseOrderTNo
"
"GETPENDINGPOQUANTITY2","FUNCTION",49,"       And a.ItemCode = pItemCode
"
"GETPENDINGPOQUANTITY2","FUNCTION",50,"       And a.ItemSpecificationCode = pItemSpecificationCode
"
"GETPENDINGPOQUANTITY2","FUNCTION",51,"       And a.IndentTNo Is Null
"
"GETPENDINGPOQUANTITY2","FUNCTION",52,"       And Not Exists
"
"GETPENDINGPOQUANTITY2","FUNCTION",53,"     (Select aa.TNo
"
"GETPENDINGPOQUANTITY2","FUNCTION",54,"              From POAmendment aa, POAmendmentDetail bb
"
"GETPENDINGPOQUANTITY2","FUNCTION",55,"             Where aa.TNo = bb.TNo
"
"GETPENDINGPOQUANTITY2","FUNCTION",56,"               And aa.PurchaseOrderTNo = a.TNo
"
"GETPENDINGPOQUANTITY2","FUNCTION",57,"               And bb.ItemCode = a.ItemCode
"
"GETPENDINGPOQUANTITY2","FUNCTION",58,"               And bb.ItemSpecificationCode = a.ItemSpecificationCode)
"
"GETPENDINGPOQUANTITY2","FUNCTION",59,"    ---------------------------------
"
"GETPENDINGPOQUANTITY2","FUNCTION",60,"    ;
"
"GETPENDINGPOQUANTITY2","FUNCTION",61,"  vPurchaseOrder cPurchaseOrder%Rowtype;
"
"GETPENDINGPOQUANTITY2","FUNCTION",62,"Begin
"
"GETPENDINGPOQUANTITY2","FUNCTION",63,"  Open cPurchaseOrder;
"
"GETPENDINGPOQUANTITY2","FUNCTION",64,"  Fetch cPurchaseOrder
"
"GETPENDINGPOQUANTITY2","FUNCTION",65,"    Into vPurchaseOrder;
"
"GETPENDINGPOQUANTITY2","FUNCTION",66,"  If cPurchaseOrder%Found Then
"
"GETPENDINGPOQUANTITY2","FUNCTION",67,"    tTotalOrder := vPurchaseOrder.Quantity2;
"
"GETPENDINGPOQUANTITY2","FUNCTION",68,"  Else
"
"GETPENDINGPOQUANTITY2","FUNCTION",69,"    Declare
"
"GETPENDINGPOQUANTITY2","FUNCTION",70,"      tAmendedQuantity2 Number;
"
"GETPENDINGPOQUANTITY2","FUNCTION",71,"      Cursor cPOAmendment Is
"
"GETPENDINGPOQUANTITY2","FUNCTION",72,"        Select b.Quantity2
"
"GETPENDINGPOQUANTITY2","FUNCTION",73,"          From POAmendment a, POAmendmentDetail b
"
"GETPENDINGPOQUANTITY2","FUNCTION",74,"         Where a.TNo = b.TNo
"
"GETPENDINGPOQUANTITY2","FUNCTION",75,"           And a.PurchaseOrderTNo = pPurchaseOrderTNo
"
"GETPENDINGPOQUANTITY2","FUNCTION",76,"           And b.ItemCode = pItemCode
"
"GETPENDINGPOQUANTITY2","FUNCTION",77,"           And b.ItemSpecificationCode = pItemSpecificationCode
"
"GETPENDINGPOQUANTITY2","FUNCTION",78,"           And b.AmendmentTypeCode != 'CANCELATION'
"
"GETPENDINGPOQUANTITY2","FUNCTION",79,"           And Not Exists
"
"GETPENDINGPOQUANTITY2","FUNCTION",80,"         (Select aa.TNo
"
"GETPENDINGPOQUANTITY2","FUNCTION",81,"                  From POAmendment aa, POAmendmentDetail bb
"
"GETPENDINGPOQUANTITY2","FUNCTION",82,"                 Where aa.TNo = bb.TNo
"
"GETPENDINGPOQUANTITY2","FUNCTION",83,"                   And aa.PurchaseOrderTNo = a.PurchaseOrderTNo
"
"GETPENDINGPOQUANTITY2","FUNCTION",84,"                   And bb.ItemCode = b.ItemCode
"
"GETPENDINGPOQUANTITY2","FUNCTION",85,"                   And bb.ItemSpecificationCode = b.ItemSpecificationCode
"
"GETPENDINGPOQUANTITY2","FUNCTION",86,"                   And aa.POAmendmentDate > a.POAmendmentDate)
"
"GETPENDINGPOQUANTITY2","FUNCTION",87,"
"
"GETPENDINGPOQUANTITY2","FUNCTION",88,"        ;
"
"GETPENDINGPOQUANTITY2","FUNCTION",89,"      vPOAmendment cPOAmendment%Rowtype;
"
"GETPENDINGPOQUANTITY2","FUNCTION",90,"    Begin
"
"GETPENDINGPOQUANTITY2","FUNCTION",91,"      Open cPOAmendment;
"
"GETPENDINGPOQUANTITY2","FUNCTION",92,"      Fetch cPOAmendment
"
"GETPENDINGPOQUANTITY2","FUNCTION",93,"        Into vPOAmendment;
"
"GETPENDINGPOQUANTITY2","FUNCTION",94,"      If cPOAmendment%Found Then
"
"GETPENDINGPOQUANTITY2","FUNCTION",95,"        tTotalOrder := vPOAmendment.Quantity2;
"
"GETPENDINGPOQUANTITY2","FUNCTION",96,"      Else
"
"GETPENDINGPOQUANTITY2","FUNCTION",97,"        Select Sum(a.Quantity2)
"
"GETPENDINGPOQUANTITY2","FUNCTION",98,"          Into tTotalOrder
"
"GETPENDINGPOQUANTITY2","FUNCTION",99,"          From PurchaseOrderDetail a
"
"GETPENDINGPOQUANTITY2","FUNCTION",100,"         Where a.TNo = pPurchaseOrderTNo
"
"GETPENDINGPOQUANTITY2","FUNCTION",101,"           And a.ItemCode = pItemCode
"
"GETPENDINGPOQUANTITY2","FUNCTION",102,"           And a.ItemSpecificationCode = pItemSpecificationCode
"
"GETPENDINGPOQUANTITY2","FUNCTION",103,"           And (a.IndentTNo Is Null Or Exists
"
"GETPENDINGPOQUANTITY2","FUNCTION",104,"                (Select aa.TNo
"
"GETPENDINGPOQUANTITY2","FUNCTION",105,"                   From IndentDetail aa, Indent bb
"
"GETPENDINGPOQUANTITY2","FUNCTION",106,"                  Where aa.TNO = a.IndentTNo
"
"GETPENDINGPOQUANTITY2","FUNCTION",107,"                    And aa.ItemCode = a.ItemCode
"
"GETPENDINGPOQUANTITY2","FUNCTION",108,"                    And aa.ItemSpecificationCode = a.ItemSpecificationCode
"
"GETPENDINGPOQUANTITY2","FUNCTION",109,"                    And aa.BOMCode Is Null
"
"GETPENDINGPOQUANTITY2","FUNCTION",110,"                    And aa.TNO = bb.TNo
"
"GETPENDINGPOQUANTITY2","FUNCTION",111,"                    And bb.ProjectTNo Is Null));
"
"GETPENDINGPOQUANTITY2","FUNCTION",112,"        If nvl(tTotalOrder, 0) = 0 Then
"
"GETPENDINGPOQUANTITY2","FUNCTION",113,"          Select Sum(a.Quantity2)
"
"GETPENDINGPOQUANTITY2","FUNCTION",114,"            Into tTotalOrder
"
"GETPENDINGPOQUANTITY2","FUNCTION",115,"            From BOMPurchaseOrderDetail a
"
"GETPENDINGPOQUANTITY2","FUNCTION",116,"           Where a.TNo = pPurchaseOrderTNo
"
"GETPENDINGPOQUANTITY2","FUNCTION",117,"             And a.ItemCode = pItemCode
"
"GETPENDINGPOQUANTITY2","FUNCTION",118,"             And a.ItemSpecificationCode = pItemSpecificationCode;
"
"GETPENDINGPOQUANTITY2","FUNCTION",119,"        End If;
"
"GETPENDINGPOQUANTITY2","FUNCTION",120,"
"
"GETPENDINGPOQUANTITY2","FUNCTION",121,"      End If;
"
"GETPENDINGPOQUANTITY2","FUNCTION",122,"      Close cPOAmendment;
"
"GETPENDINGPOQUANTITY2","FUNCTION",123,"    End;
"
"GETPENDINGPOQUANTITY2","FUNCTION",124,"  End If;
"
"GETPENDINGPOQUANTITY2","FUNCTION",125,"
"
"GETPENDINGPOQUANTITY2","FUNCTION",126,"  Select Sum(nvl(a.AcceptedQuantity2, 0) + nvl(a.JoinAcceptedQuantity2, 0) +
"
"GETPENDINGPOQUANTITY2","FUNCTION",127,"             (a.ReceivedQuantity2 - nvl(a.InspectedQuantity2, 0)))
"
"GETPENDINGPOQUANTITY2","FUNCTION",128,"    Into tTotalAccepted
"
"GETPENDINGPOQUANTITY2","FUNCTION",129,"    From GRNDetail a
"
"GETPENDINGPOQUANTITY2","FUNCTION",130,"   Where a.PurchaseOrderTNo = pPurchaseOrderTNo
"
"GETPENDINGPOQUANTITY2","FUNCTION",131,"     And a.ItemCode = pItemCode
"
"GETPENDINGPOQUANTITY2","FUNCTION",132,"     And a.ItemSpecificationCode = pItemSpecificationCode;
"
"GETPENDINGPOQUANTITY2","FUNCTION",133,"
"
"GETPENDINGPOQUANTITY2","FUNCTION",134,"  Select Sum(a.Quantity2)
"
"GETPENDINGPOQUANTITY2","FUNCTION",135,"    Into tTotalMaterialIn
"
"GETPENDINGPOQUANTITY2","FUNCTION",136,"    From MaterialInDetail a
"
"GETPENDINGPOQUANTITY2","FUNCTION",137,"   Where Not Exists
"
"GETPENDINGPOQUANTITY2","FUNCTION",138,"   (Select aa.tno From grn aa Where aa.MaterialInTNo = a.TNo)
"
"GETPENDINGPOQUANTITY2","FUNCTION",139,"        /* Remarked on 20-dec-2023 not required
"
"GETPENDINGPOQUANTITY2","FUNCTION",140,"             And Not Exists
"
"GETPENDINGPOQUANTITY2","FUNCTION",141,"           (Select aa.TNo
"
"GETPENDINGPOQUANTITY2","FUNCTION",142,"                    From MRN aa, MRNDetail bb
"
"GETPENDINGPOQUANTITY2","FUNCTION",143,"                   Where aa.MaterialInTNO = a.TNo
"
"GETPENDINGPOQUANTITY2","FUNCTION",144,"                     And aa.TNO = bb.TNo
"
"GETPENDINGPOQUANTITY2","FUNCTION",145,"                     And bb.ItemCode = a.ItemCode
"
"GETPENDINGPOQUANTITY2","FUNCTION",146,"                     And bb.ItemSpecificationCode = a.ItemSpecificationCode)
"
"GETPENDINGPOQUANTITY2","FUNCTION",147,"        */
"
"GETPENDINGPOQUANTITY2","FUNCTION",148,"     And a.PurchaseOrderTNo = pPurchaseOrderTNo
"
"GETPENDINGPOQUANTITY2","FUNCTION",149,"     And a.ItemCode = pItemCode
"
"GETPENDINGPOQUANTITY2","FUNCTION",150,"     And a.ItemSpecificationCode = pItemSpecificationCode
"
"GETPENDINGPOQUANTITY2","FUNCTION",151,"        ------------------------------------------------
"
"GETPENDINGPOQUANTITY2","FUNCTION",152,"        -- on request 20 jul 2016 ( Sanjay Pandey on E-Mail )
"
"GETPENDINGPOQUANTITY2","FUNCTION",153,"     And Not Exists
"
"GETPENDINGPOQUANTITY2","FUNCTION",154,"   (Select aa.TNo
"
"GETPENDINGPOQUANTITY2","FUNCTION",155,"            From DocumentStatusDetail aa
"
"GETPENDINGPOQUANTITY2","FUNCTION",156,"           Where aa.ModuleTNO = a.TNo
"
"GETPENDINGPOQUANTITY2","FUNCTION",157,"             And aa.DocumentStatusCode In ('CANCELED', 'CLOSED'));
"
"GETPENDINGPOQUANTITY2","FUNCTION",158,"
"
"GETPENDINGPOQUANTITY2","FUNCTION",159,"  rtvalue := tTotalOrder - nvl(tTotalAccepted, 0) -
"
"GETPENDINGPOQUANTITY2","FUNCTION",160,"             nvl(tTotalMaterialIn, 0);
"
"GETPENDINGPOQUANTITY2","FUNCTION",161,"
"
"GETPENDINGPOQUANTITY2","FUNCTION",162,"  Return rtvalue;
"
"GETPENDINGPOQUANTITY2","FUNCTION",163,"End;
"
"GETPENDINGSOQUANTITY1","FUNCTION",1,"Function getpendingsoquantity1(pItemCode              Varchar2,
"
"GETPENDINGSOQUANTITY1","FUNCTION",2,"                                                 pItemSpecificationCode Varchar2,
"
"GETPENDINGSOQUANTITY1","FUNCTION",3,"                                                 pSalesOrderTNo         Number)
"
"GETPENDINGSOQUANTITY1","FUNCTION",4,"  Return Number Is
"
"GETPENDINGSOQUANTITY1","FUNCTION",5,"  tmp  Number(10,3);
"
"GETPENDINGSOQUANTITY1","FUNCTION",6,"  tmp1 Number(10,3);
"
"GETPENDINGSOQUANTITY1","FUNCTION",7,"Begin
"
"GETPENDINGSOQUANTITY1","FUNCTION",8,"    Select sum(nvl(a.QUANTITY1, 0))
"
"GETPENDINGSOQUANTITY1","FUNCTION",9,"    Into tmp
"
"GETPENDINGSOQUANTITY1","FUNCTION",10,"    From salesorderdetail a, salesorder b
"
"GETPENDINGSOQUANTITY1","FUNCTION",11,"   Where a.tno = b.tno
"
"GETPENDINGSOQUANTITY1","FUNCTION",12,"     and b.tno = pSalesOrderTNo
"
"GETPENDINGSOQUANTITY1","FUNCTION",13,"     --and ( b.tno = pSalesOrderTNo or b.revisionsalesordertno = pSalesOrderTNo )
"
"GETPENDINGSOQUANTITY1","FUNCTION",14,"     And a.itemcode = pItemCode
"
"GETPENDINGSOQUANTITY1","FUNCTION",15,"     And a.itemspecificationcode = pItemSpecificationCode
"
"GETPENDINGSOQUANTITY1","FUNCTION",16,"    order by a.tno desc
"
"GETPENDINGSOQUANTITY1","FUNCTION",17,"    ;
"
"GETPENDINGSOQUANTITY1","FUNCTION",18,"
"
"GETPENDINGSOQUANTITY1","FUNCTION",19,"Select sum(nvl(a.quantity1, 0))
"
"GETPENDINGSOQUANTITY1","FUNCTION",20,"    Into tmp1
"
"GETPENDINGSOQUANTITY1","FUNCTION",21,"    From ccinvoicedetail a, ccinvoice b
"
"GETPENDINGSOQUANTITY1","FUNCTION",22,"   Where a.tno = b.tno
"
"GETPENDINGSOQUANTITY1","FUNCTION",23,"     and b.salesordertno = pSalesOrderTNo
"
"GETPENDINGSOQUANTITY1","FUNCTION",24,"     And a.itemcode = pItemCode
"
"GETPENDINGSOQUANTITY1","FUNCTION",25,"     And a.itemspecificationcode = pItemSpecificationCode;
"
"GETPENDINGSOQUANTITY1","FUNCTION",26,"
"
"GETPENDINGSOQUANTITY1","FUNCTION",27," /* Select sum(nvl(quantity1, 0))
"
"GETPENDINGSOQUANTITY1","FUNCTION",28,"    Into tmp1
"
"GETPENDINGSOQUANTITY1","FUNCTION",29,"    From loadingadvicedetail
"
"GETPENDINGSOQUANTITY1","FUNCTION",30,"   Where tno In
"
"GETPENDINGSOQUANTITY1","FUNCTION",31,"         (Select tno From loadingadvice Where salesordertno = pSalesOrderTNo)
"
"GETPENDINGSOQUANTITY1","FUNCTION",32,"     And itemcode = pItemCode
"
"GETPENDINGSOQUANTITY1","FUNCTION",33,"     And itemspecificationcode = pItemSpecificationCode;
"
"GETPENDINGSOQUANTITY1","FUNCTION",34,"*/
"
"GETPENDINGSOQUANTITY1","FUNCTION",35,"
"
"GETPENDINGSOQUANTITY1","FUNCTION",36,"  Return round(nvl(tmp, 0) - nvl(tmp1, 0),3);
"
"GETPENDINGSOQUANTITY1","FUNCTION",37,"
"
"GETPENDINGSOQUANTITY1","FUNCTION",38,"   exception when others then
"
"GETPENDINGSOQUANTITY1","FUNCTION",39,"
"
"GETPENDINGSOQUANTITY1","FUNCTION",40,"     return null;
"
"GETPENDINGSOQUANTITY1","FUNCTION",41,"
"
"GETPENDINGSOQUANTITY1","FUNCTION",42,"End;
"
