"PAGE_ID","PAGE_NAME","PAGE_ALIAS","PLUG_DISPLAY_SEQUENCE","REGION_NAME","REGION_STATIC_ID","PLUG_SOURCE_TYPE","QUERY_TABLE","REGION_SOURCE_01","REGION_SOURCE_02","REGION_SOURCE_03","REGION_SOURCE_04"
510,"Customer","CUSTOMER",20,"Customer 360 View Report","customer-360-view-report","NATIVE_IR","","select DISTINCT a.COMPANYCODE,
       a.COMPANYNAME,
       a.LOCATIONCODE,
       a.LOCATIONNAME,
       a.CUSTOMERCODE,
       a.CUSTOMERNAME,
       '<a href=""'||APEX_UTIL.PREPARE_URL('f?p='||:APP_ID||':511:'||:APP_SESSION||'::'||':511:P511_CUSTOMERCODE:'|| a.CUSTOMERCODE,NULL,'SESSION' )||'"">'||a.CUSTOMERNAME||'</a>' as CustomerLink,
       a.YEAROFASSOCIATION,
       a.LASTORDERDATE,
       a.LASTBILLEDDATE,
       a.CREDITLIMIT,
       a.LEDGERBALANCE,
       a.OVERDUEAMOUNT,
       a.TOTALSALESAMOUNT,
       a.GROSSPROFITPERCENTAGE,
       a.RANKINGBYSALES,
       a.AVERAGEORDERVALUE,
       a.QUOTETOORDERPERCENT,
       a.PENDINGORDERS,
       a.INACTIVEINVOICE,
       a.REGIONCODE,
       a.REGIONNAME,
       a.CITYCODE,
       a.CITYNAME,
       a.STATECODE,
       a.STATENAME,
       a.COUNTRYCODE,
       a.COUNTRYNAME,
       a.LASTRUNDATE
  from D_CUSTOMER_360VIEW a","","",""
511,"D Customer Dashboard","D-CUSTOMER-DASHBOARD",10,"Customer Dashboard","customer-dashboard","NATIVE_STATIC","","","","",""
511,"D Customer Dashboard","D-CUSTOMER-DASHBOARD",10,"Profile","profile","NATIVE_STATIC","","","","",""
511,"D Customer Dashboard","D-CUSTOMER-DASHBOARD",20,"Credit","credit","NATIVE_STATIC","","","","",""
511,"D Customer Dashboard","D-CUSTOMER-DASHBOARD",30,"12 Months Sales","12-months-sales","NATIVE_JET_CHART","","Select
    x.Months,
    x.Amount
From
(select
       TO_CHAR(CCINVOICEDATE,'MONTH')AS MONTHS,
       SUM(TOTALAMOUNT) AMOUNT
  from D_CUSTOMER_360VIEW_INVOICE
  WHERE PARTYCODE = :P511_CUSTOMERCODE
  GROUP BY TO_CHAR(CCINVOICEDATE,'MONTH')
)x
Where rownum<= 12","","",""
511,"D Customer Dashboard","D-CUSTOMER-DASHBOARD",40,"Last Order","last-order","NATIVE_CARDS","","Select Max(A.SALESORDERDATE) LastOrderDate,
       Trunc(Sysdate) - Max(A.SALESORDERDATE) || ' Days Ago' As DaysAgo,
       'Last Order' as Title,
       '' as SubTitle
From  D_CUSTOMER_360VIEW_PENDINGORDERS a, PARTY B
Where B.PARTYCODE = a.vendorcode(+)
  AND B.PARTYCode = :P511_CUSTOMERCODE
Group by B.PARTYCode","","",""
511,"D Customer Dashboard","D-CUSTOMER-DASHBOARD",50,"Pending Sales Order","pending-sales-order","NATIVE_CARDS","","Select
      B.PartyCode,
      Case When nvl(count(a.TNo),0) = 0 then '-'
           else to_Char(nvl(count(a.TNo),0))
      end as PendingSO,
      case when nvl(round(sum(a.quantity1),3),0) = 0 and nvl(round(sum(a.quantity2),3),0) = 0 then '-'
           when nvl(round(sum(a.quantity1),3),0) != 0 and nvl(round(sum(a.quantity2),3),0) != 0 then
            'P Quantity : '||to_char(sum(a.quantity1)) ||' S Quantity '||to_char(sum(a.quantity2))
           when nvl(round(sum(a.quantity1),3),0) != 0 and nvl(round(sum(a.quantity2),3),0) = 0 then
            'P Quantity : '||to_char(sum(a.quantity1))
      end as Quantity,
      Case when nvl(round(sum(a.TotalAmount),2),0) = 0 then '-'
           else to_Char(nvl(round(sum(a.TotalAmount),2),0))
      end as Amount
From  D_CUSTOMER_360VIEW_PENDINGORDERS a, PARTY B
Where B.PARTYCODE = a.vendorcode(+)
  AND B.PARTYCode = :P511_CUSTOMERCODE
Group by B.PARTYCode","","",""
511,"D Customer Dashboard","D-CUSTOMER-DASHBOARD",60,"Ledger Balance","ledger-balance","NATIVE_CARDS","","Select getaccountbalancewithdrcr(A.CUSTOMERCODE,Trunc(a.lastrundate) ,'CO','1') AS Balance
FROM D_CUSTOMER_360VIEW a
WHERE A.CUSTOMERCODE = :P511_CUSTOMERCODE","","",""
511,"D Customer Dashboard","D-CUSTOMER-DASHBOARD",80,"Overdue Invoices","overdue-invoices","NATIVE_CARDS","","Select
      b.PartyCode,
      Case when nvl(Count(a.TNo),0) = 0 then '-'
           else to_char(nvl(Count(a.TNo),0))
      end as Invoice,
      Case when nvl(Sum(a.TotalAmount),0) = 0 then '-'
           else to_char(nvl(Sum(a.TotalAmount),0))
      end as Amount
From  D_CUSTOMER_360VIEW_OVERDUEINVOICE a, party b
Where b.partycode = a.partycode(+)
  and b.PartyCode = :P511_CUSTOMERCODE
Group by b.PartyCode
","","",""
511,"D Customer Dashboard","D-CUSTOMER-DASHBOARD",90,"Total Invoice Billed","total-invoice-billed","NATIVE_CARDS","","Select
      b.PartyCode,
      Case when nvl(Count(a.TNo),0) = 0 then '-'
           else to_char(nvl(Count(a.TNo),0))
      end as Invoice,
      Case when nvl(Sum(a.TotalAmount),0) = 0 then '-'
           else to_char(nvl(Sum(a.TotalAmount),0))
      end as Amount
From  D_CUSTOMER_360VIEW_INVOICE a, party b
Where b.partycode = a.partycode(+)
  and b.PartyCode = :P511_CUSTOMERCODE
Group by b.PartyCode","","",""
511,"D Customer Dashboard","D-CUSTOMER-DASHBOARD",100,"Active Invoice","active-invoice","NATIVE_CARDS","","Select
      Case when a.PartyCode is null then '-'
           else a.PartyCode
      end as PartyCode,
      case when nvl(Count(a.TNo),0) =  0 then '-'
           else to_char(nvl(Count(a.TNo),0))
      end as Invoice,
      Case when nvl(Sum(a.TotalAmount),0) = 0 then '-'
           else to_char(nvl(Sum(a.TotalAmount),0))
      end as Amount
From  D_CUSTOMER_360VIEW_ACTIVEINVOICE a, party b
Where a.PartyCode = :P511_CUSTOMERCODE
  and a.partycode=b.partycode
Group by Case when a.PartyCode is null then '-'
           else a.PartyCode
      end
","","",""
511,"D Customer Dashboard","D-CUSTOMER-DASHBOARD",110,"InActive Invoice","inactive-invoice","NATIVE_CARDS","","Select
      Case when a.PartyCode is null then '-'
           else a.PartyCode
      end as PartyCode,
      case when nvl(Count(a.TNo),0) =  0 then '-'
           else to_char(nvl(Count(a.TNo),0))
      end as Invoice,
      Case when nvl(Sum(a.TotalAmount),0) = 0 then '-'
           else to_char(nvl(Sum(a.TotalAmount),0))
      end as Amount
From  D_CUSTOMER_360VIEW_INACTIVEINVOICE a
Where a.PartyCode = :P511_CUSTOMERCODE
Group by Case when a.PartyCode is null then '-'
           else a.PartyCode
      end
","","",""
511,"D Customer Dashboard","D-CUSTOMER-DASHBOARD",130,"Ageing Summary","ageing-summary","NATIVE_IG","","select COMPANYCODE,
       COMPANYNAME,
       LOCATIONCODE,
       LOCATIONNAME,
       DOCTYPECODE,
       DOCTYPENAME,
       PARTYCODE,
       PARTYNAME,
       COUNT0007,
       VALUE0007,
       COUNT0815,
       VALUE0815,
       COUNT1622,
       VALUE1622,
       COUNT2329,
       VALUE2329,
       COUNT3036,
       VALUE3036,
       COUNT3743,
       VALUE3743,
       ABOVE43COUNT,
       ABOVE43VALUE
  from D_CUSTOMER_360VIEW_ACTIVEINVOICEAGEWISE
  Where PARTYCODE = :P511_CUSTOMERCODE","","",""
511,"D Customer Dashboard","D-CUSTOMER-DASHBOARD",140,"InActive Orders","inactive-orders","NATIVE_CARDS","","Select
      Case when a.VendorCode is null then '-'
           else a.VendorCode
      end as VendorCode,
      case when nvl(Count(a.TNo),0) =  0 then '-'
           else to_char(nvl(Count(a.TNo),0))
      end as Invoice,
      Case when nvl(Sum(a.TotalAmount),0) = 0 then '-'
           else to_char(nvl(Sum(a.TotalAmount),0))
      end as Amount
From  D_CUSTOMER_360VIEW_INACTIVEORDERS a
Where a.VendorCode = :P511_CUSTOMERCODE
Group by Case when a.VendorCode is null then '-'
           else a.VendorCode
      end
","","",""
512,"Customer  Detail","CUSTOMER-DETAIL",10,"Customer Details","customer-details","NATIVE_STATIC","","","","",""
513,"Supplier","SUPPLIER",20,"Supplier 360 View Report","supplier-360-view-report","NATIVE_IR","","select COMPANYCODE,
       COMPANYNAME,
       LOCATIONCODE,
       LOCATIONNAME,
       SUPPLIERCODE,
       SUPPLIERNAME,
       '<a href=""'||APEX_UTIL.PREPARE_URL('f?p='||:APP_ID||':515:'||:APP_SESSION||'::'||':515:P515_SUPPLIERCODE:'|| SUPPLIERCODE,NULL,'SESSION' )||'"">'||SUPPLIERNAME||'</a>' as SupplierLink,
       YEAROFASSOCIATION,
       CREDITLIMIT,
       OUTSTANDINGAMOUNT,
       OVERDUEAMOUNT,
       LEDGERBALANCE,
       TOTALRETURNVALUE,
       TOTALDISCOUNTVALUE,
       AVGDISCOUNTPERCENT,
       ACTIVEPOVALUE,
       PENDINGFORGRN,
       ORDERSCOMPLETED,
       ORDERSDELIVEREDONTIME,
       REGIONCODE,
       REGIONNAME,
       CITYCODE,
       CITYNAME,
       STATECODE,
       STATENAME,
       COUNTRYCODE,
       COUNTRYNAME,
       LOCALIMPORT,
       LASTRUNDATE
  from D_SUPPLIER_360VIEW ","","",""
514,"Supplier Detail","SUPPLIER-DETAIL",10,"Supplier Details","supplier-details","NATIVE_STATIC","","","","",""
515,"Supplier Dashboard","SUPPLIER-DASHBOARD",10,"Supplier Dashboard","supplier-dashboard","NATIVE_STATIC","","","","",""
515,"Supplier Dashboard","SUPPLIER-DASHBOARD",10,"Profile","profile","NATIVE_STATIC","","","","",""
515,"Supplier Dashboard","SUPPLIER-DASHBOARD",20,"Credit","credit","NATIVE_STATIC","","","","",""
515,"Supplier Dashboard","SUPPLIER-DASHBOARD",30,"12 Months Purchase","12-months-purchase","NATIVE_JET_CHART","","","","",""
515,"Supplier Dashboard","SUPPLIER-DASHBOARD",40,"Active PO","active-po","NATIVE_CARDS","","Select
      a.PartyCode,
      Case When nvl(count(a.TNo),0) = 0 then '-'
           else to_Char(nvl(count(a.TNo),0))
      end as ActivePO,
      Case when nvl(round(sum(a.TotalAmount),2),0) = 0 then '-'
           else to_Char(nvl(round(sum(a.TotalAmount),2),0))
      end as Amount
From  D_SUPPLIER_360VIEW_ACTIVEPURCHASEORDERS a
Where a.PartyCode = :P515_SUPPLIERCODE
Group by a.PartyCode","","",""
515,"Supplier Dashboard","SUPPLIER-DASHBOARD",50,"Order Completed","order-completed","NATIVE_CARDS","","Select
      a.PartyCode,
      Case when nvl(Count(a.TNo),0) = 0 then '-'
           else to_char(nvl(Count(a.TNo),0))
      end as CompletedOrders,
      Case when nvl(Sum(a.TotalAmount),0) = 0 then '-'
           else to_char(nvl(Sum(a.TotalAmount),0))
      end as Amount
From  D_SUPPLIER_360VIEW_PURCHASEORDERCOMPLETED a
Where a.PartyCode = :P515_SUPPLIERCODE
Group by a.PartyCode
","","",""
515,"Supplier Dashboard","SUPPLIER-DASHBOARD",60,"Pending for GRN","pending-for-grn","NATIVE_CARDS","","Select
      a.PartyCode,
      Case when nvl(Count(a.TNo),0) = 0 then '-'
           else to_char(nvl(Count(a.TNo),0))
      end as PendingforGRN,
      Case when nvl(Sum(a.TotalAmount),0) = 0 then '-'
           else to_char(nvl(Sum(a.TotalAmount),0))
      end as Amount
From  D_SUPPLIER_360VIEW_PURCHASEORDERSPENDINGFORGRN a
Where a.PartyCode = :P515_SUPPLIERCODE
Group by a.PartyCode","","",""
515,"Supplier Dashboard","SUPPLIER-DASHBOARD",70,"Orders Delivered on Time","orders-delivered-on-time","NATIVE_CARDS","","Select
      Case when a.PartyCode is null then '-'
           else a.PartyCode
      end as PartyCode,
      case when nvl(Count(a.TNo),0) =  0 then '-'
           else to_char(nvl(Count(a.TNo),0))
      end as ODOT,
      Case when nvl(Sum(a.TotalAmount),0) = 0 then '-'
           else to_char(nvl(Sum(a.TotalAmount),0))
      end as Amount
From  D_SUPPLIER_360VIEW_PURCHASEORDERSDELIVEREDONTIME a
Where a.PartyCode = :P515_SUPPLIERCODE
Group by Case when a.PartyCode is null then '-'
           else a.PartyCode
      end
","","",""
515,"Supplier Dashboard","SUPPLIER-DASHBOARD",80,"12 Months Purchase","12-months-purchase-2","NATIVE_IR","","/*Select
     level
From dual
connect by level <= 13
*/
Select
     x.Months,
     x.Amount
From (
select
       TO_CHAR(PBPASSDATE,'MON-YYYY')AS MONTHS,
       TO_CHAR(PBPASSDATE,'YYYYMM')AS MONTHSYY,
       SUM(TOTALAMOUNT) AMOUNT
  from D_SUPPLIER_360VIEW_ACTIVEPBPASS
  WHERE PARTYCODE = :P515_SUPPLIERCODE
  GROUP BY TO_CHAR(PBPASSDATE,'MON-YYYY'),TO_CHAR(PBPASSDATE,'YYYYMM')
  ORDER BY TO_CHAR(PBPASSDATE,'YYYYMM')
  )x
Where rownum <= 12
","","",""
515,"Supplier Dashboard","SUPPLIER-DASHBOARD",90,"Ageing Summary","ageing-summary","NATIVE_IR","","select COMPANYCODE,
       COMPANYNAME,
       LOCATIONCODE,
       LOCATIONNAME,
       DOCTYPECODE,
       DOCTYPENAME,
       PARTYCODE,
       PARTYNAME,
       COUNT0030,
       VALUE0030,
       COUNT3160,
       VALUE3160,
       COUNT6190,
       VALUE6190,
       COUNT91120,
       VALUE91120,
       COUNT121150,
       VALUE121150,
       COUNT151180,
       VALUE151180,
       ABOVE180COUNT,
       ABOVE180VALUE
  from D_SUPPLIER_360VIEW_ACTIVEPBPASSAGEWISE
  Where PartyCode = :P515_SUPPLIERCODE","","",""
515,"Supplier Dashboard","SUPPLIER-DASHBOARD",100,"Outstanding Amount","outstanding-amount","NATIVE_CARDS","","Select
      Case when a.PartyCode is null then '-'
           else a.PartyCode
      end as PartyCode,
      case when nvl(Count(a.TNo),0) =  0 then '-'
           else to_char(nvl(Count(a.TNo),0))
      end as OverdueNos,
      Case when nvl(Sum(a.BALANCEAMOUNT),0) = 0 then '-'
           else to_char(nvl(Sum(a.BALANCEAMOUNT),0))
      end as OverdueAmount
From  D_SUPPLIER_360VIEW_PENDINGPBPASS a
Where a.PartyCode = :P515_SUPPLIERCODE
Group by Case when a.PartyCode is null then '-'
           else a.PartyCode
      end
","","",""
515,"Supplier Dashboard","SUPPLIER-DASHBOARD",110,"Overdue Amount","overdue-amount","NATIVE_CARDS","","Select
      Case when a.PartyCode is null then '-'
           else a.PartyCode
      end as PartyCode,
      case when nvl(Count(a.TNo),0) =  0 then '-'
           else to_char(nvl(Count(a.TNo),0))
      end as OverdueNos,
      Case when nvl(Sum(a.BALANCEAMOUNT),0) = 0 then '-'
           else to_char(nvl(Sum(a.BALANCEAMOUNT),0))
      end as Amount
From  D_SUPPLIER_360VIEW_OVERDUEPBPASS a
Where a.PartyCode = :P515_SUPPLIERCODE
Group by Case when a.PartyCode is null then '-'
           else a.PartyCode
      end
","","",""
522,"Customer Pending Orders","CUSTOMER-PENDING-ORDERS",10,"Customer Pending Orders","customer-pending-orders","NATIVE_IR","","select TNO,
       COMPANYCODE,
       COMPANYNAME,
       LOCATIONCODE,
       LOCATIONNAME,
       DOCTYPECODE,
       DOCTYPENAME,
       SALESORDERNO,
       SALESORDERDATE,
       VENDORCODE,
       VENDORNAME,
       CONSIGNEECODE,
       CONSIGNEENAME,
       AGENTCODE,
       AGENTNAME,
       PARTYPONO,
       PARTYPODATE,
       VALIDITYUPTODATE,
       ITEMCODE,
       ITEMNAME,
       MATERIALDESCRIPTION,
       UOM1,
       QUANTITY1,
       UOM2,
       QUANTITY2,
       RATE,
       AMOUNT,
       CGST,
       SGST,
       IGST,
       TCS,
       FOOTERAMOUNT,
       OTHERAMOUNT,
       TOTALAMOUNT,
       CREATOR,
       CREATIONTIME,
       DESPATCHQUANTITY,
       INVOICEQUANTITY,
       BALANCEQUANTITY,
       STATECODE,
       STATENAME,
       CITYCODE,
       CITYNAME,
       REGIONCODE,
       REGIONNAME,
       SALESPERSONCODE,
       SALESPERSONNAME,
       ITEMSPECIFICATIONCODE
  from D_CUSTOMER_360VIEW_PENDINGORDERS
  Where VENDORCODE LIKE NVL(:P522_CUSTOMERCODE,'%')
    AND ITEMCODE LIKE NVL(:P522_ITEMCODE,'%')
    AND ITEMSPECIFICATIONCODE LIKE NVL(:P522_ITEMSPECIFICATIONCODE,'%')
","","",""
524,"Customer Overdue Invoices","CUSTOMER-OVERDUE-INVOICES",10,"Customer Overdue Invoices","customer-overdue-invoices","NATIVE_IR","","select TNO,
       COMPANYCODE,
       COMPANYNAME,
       LOCATIONCODE,
       LOCATIONNAME,
       DOCTYPECODE,
       DOCTYPENAME,
       CCINVOICENO,
       CCINVOICEDATE,
       DESPATCHADVICETNO,
       DESPATCHADVICENO,
       DESPATCHADVICEDATE,
       SALESORDERTNO,
       SALESORDERNO,
       SALESORDERDATE,
       PARTYCODE,
       PARTYNAME,
       CONSIGNEECODE,
       CONSIGNEENAME,
       TRANSPORTERCODE,
       TRANSPORTERNAME,
       VEHICLENO,
       LORRYNO,
       LORRYDATE,
       FREIGHTTYPECODE,
       FREIGHTTYPENAME,
       FREIGHTRATE,
       FREIGHTUNITCODE,
       ITEMCODE,
       ITEMNAME,
       MATERIALDESCRIPTION,
       UOM1,
       QUANTITY1,
       RATE,
       AMOUNT,
       CGST,
       SGST,
       IGST,
       TCS,
       FOOTERAMOUNT,
       OTHERAMOUNT,
       TOTALAMOUNT,
       RECEIPTAMOUNT,
       CREATOR,
       CREATIONTIME,
       AGENTCODE,
       AGENTNAME,
       CITYCODE,
       CITYNAME,
       STATECODE,
       STATENAME,
       REGIONCODE,
       REGIONNAME,
       SALESPERSONCODE,
       SALESPERSONNAME,
       AGEOFINVOICE,
       CREDITDAYS
  from D_CUSTOMER_360VIEW_OVERDUEINVOICE
  where PARTYCODE = :P524_CUSTOMERCODE","","",""
525,"Customer Billed Invoices","CUSTOMER-BILLED-INVOICES",10,"Customer Billed Invoices","customer-billed-invoices","NATIVE_IR","","select TNO,
       COMPANYCODE,
       COMPANYNAME,
       LOCATIONCODE,
       LOCATIONNAME,
       DOCTYPECODE,
       DOCTYPENAME,
       CCINVOICENO,
       CCINVOICEDATE,
       DESPATCHADVICETNO,
       DESPATCHADVICENO,
       DESPATCHADVICEDATE,
       SALESORDERTNO,
       SALESORDERNO,
       SALESORDERDATE,
       PARTYCODE,
       PARTYNAME,
       CONSIGNEECODE,
       CONSIGNEENAME,
       TRANSPORTERCODE,
       TRANSPORTERNAME,
       VEHICLENO,
       LORRYNO,
       LORRYDATE,
       FREIGHTTYPECODE,
       FREIGHTTYPENAME,
       FREIGHTRATE,
       FREIGHTUNITCODE,
       ITEMCODE,
       ITEMNAME,
       MATERIALDESCRIPTION,
       UOM1,
       QUANTITY1,
       RATE,
       AMOUNT,
       CGST,
       SGST,
       IGST,
       TCS,
       FOOTERAMOUNT,
       OTHERAMOUNT,
       TOTALAMOUNT,
       CREATOR,
       CREATIONTIME,
       AGENTCODE,
       AGENTNAME,
       CITYCODE,
       CITYNAME,
       STATECODE,
       STATENAME,
       REGIONCODE,
       REGIONNAME,
       AGEOFINVOICE,
       SALESPERSONCODE,
       SALESPERSONNAME
  from D_CUSTOMER_360VIEW_INVOICE
  where PARTYCODE = :P525_CUSTOMERCODE
    AND TO_CHAR(CCINVOICEDATE,'MON-YYYY') LIKE NVL(:P525_MONTH,'%')
    AND (AGEOFINVOICE BETWEEN :P525_FROMAGE AND :P525_TOAGE  OR :P525_FROMAGE IS  NULL OR :P525_TOAGE IS NULL)
    ","","",""
526,"Customer Active Invoices","CUSTOMER-ACTIVE-INVOICES",10,"Customer Active Invoices","customer-active-invoices","NATIVE_IR","","select TNO,
       COMPANYCODE,
       COMPANYNAME,
       LOCATIONCODE,
       LOCATIONNAME,
       DOCTYPECODE,
       DOCTYPENAME,
       CCINVOICENO,
       CCINVOICEDATE,
       DESPATCHADVICETNO,
       DESPATCHADVICENO,
       DESPATCHADVICEDATE,
       SALESORDERTNO,
       SALESORDERNO,
       SALESORDERDATE,
       PARTYCODE,
       PARTYNAME,
       CONSIGNEECODE,
       CONSIGNEENAME,
       TRANSPORTERCODE,
       TRANSPORTERNAME,
       VEHICLENO,
       LORRYNO,
       LORRYDATE,
       FREIGHTTYPECODE,
       FREIGHTTYPENAME,
       FREIGHTRATE,
       FREIGHTUNITCODE,
       ITEMCODE,
       ITEMNAME,
       MATERIALDESCRIPTION,
       UOM1,
       QUANTITY1,
       RATE,
       AMOUNT,
       CGST,
       SGST,
       IGST,
       TCS,
       FOOTERAMOUNT,
       OTHERAMOUNT,
       TOTALAMOUNT,
       CREATOR,
       CREATIONTIME,
       AGENTCODE,
       AGENTNAME,
       CITYCODE,
       CITYNAME,
       STATECODE,
       STATENAME,
       REGIONCODE,
       REGIONNAME,
       AGEOFINVOICE,
       SALESPERSONCODE,
       SALESPERSONNAME
  from D_CUSTOMER_360VIEW_ACTIVEINVOICE
  Where PARTYCODE = :P526_CUSTOMERCODE","","",""
527,"Customer Inactive Invoices","CUSTOMER-INACTIVE-INVOICES",10,"Customer Inactive Invoices","customer-inactive-invoices","NATIVE_IR","","select TNO,
       COMPANYCODE,
       COMPANYNAME,
       LOCATIONCODE,
       LOCATIONNAME,
       DOCTYPECODE,
       DOCTYPENAME,
       CCINVOICENO,
       CCINVOICEDATE,
       DESPATCHADVICETNO,
       DESPATCHADVICENO,
       DESPATCHADVICEDATE,
       SALESORDERTNO,
       SALESORDERNO,
       SALESORDERDATE,
       PARTYCODE,
       PARTYNAME,
       CONSIGNEECODE,
       CONSIGNEENAME,
       TRANSPORTERCODE,
       TRANSPORTERNAME,
       VEHICLENO,
       LORRYNO,
       LORRYDATE,
       FREIGHTTYPECODE,
       FREIGHTTYPENAME,
       FREIGHTRATE,
       FREIGHTUNITCODE,
       ITEMCODE,
       ITEMNAME,
       MATERIALDESCRIPTION,
       UOM1,
       QUANTITY1,
       RATE,
       AMOUNT,
       CGST,
       SGST,
       IGST,
       TCS,
       FOOTERAMOUNT,
       OTHERAMOUNT,
       TOTALAMOUNT,
       CREATOR,
       CREATIONTIME,
       AGENTCODE,
       AGENTNAME,
       CITYCODE,
       CITYNAME,
       STATECODE,
       STATENAME,
       REGIONCODE,
       REGIONNAME,
       AGEOFINVOICE,
       SALESPERSONCODE,
       SALESPERSONNAME
  from D_CUSTOMER_360VIEW_INACTIVEINVOICE
  Where PartyCode = :P527_CUSTOMERCODE","","",""
528,"Supplier Overdue Amount","SUPPLIER-OVERDUE-AMOUNT",10,"Supplier Overdue Amount","supplier-overdue-amount","NATIVE_IR","","select TNO,
       COMPANYCODE,
       COMPANYNAME,
       LOCATIONCODE,
       LOCATIONNAME,
       DOCTYPECODE,
       DOCTYPENAME,
       PBPASSNO,
       PBPASSDATE,
       PARTYCODE,
       PARTYNAME,
       PARTYBILLNO,
       PARTYBILLDATE,
       PURCHASEORDERNO,
       PURCHASEORDERTNO,
       PARTYBILLAMOUNT,
       ITEMCODE,
       ITEMNAME,
       UOM1,
       QUANTITY1,
       UOM2,
       QUANTITY2,
       RATE,
       UOM,
       AMOUNT,
       CGST,
       SGST,
       IGST,
       TCS,
       TDS,
       FOOTERAMOUNT,
       OTHERAMOUNT,
       TOTALAMOUNT,
       PAIDAMOUNT,
       BALANCEAMOUNT,
       VOUCHERTNO,
       VOUCHERNO,
       VOUCHERDATE,
       DEBITNOTETNO,
       DEBITNOTENO,
       DEBITNOTEVOUCHERTNO,
       DEVITNOTEVOUCHERNO,
       AGEOFBILL,
       DUEDATE,
       CREDITDAYS,
       CITYCODE,
       CITYNAME,
       STATECODE,
       STATENAME,
       OVERDUEDAYS
  from D_SUPPLIER_360VIEW_OVERDUEPBPASS
  Where PartyCode = :P528_SUPPLIERCODE","","",""
529,"Supplier Outstanding Amount","SUPPLIER-OUTSTANDING-AMOUNT",10,"Supplier Outstanding Amount","supplier-outstanding-amount","NATIVE_IR","","select TNO,
       COMPANYCODE,
       COMPANYNAME,
       LOCATIONCODE,
       LOCATIONNAME,
       DOCTYPECODE,
       DOCTYPENAME,
       PBPASSNO,
       PBPASSDATE,
       PARTYCODE,
       PARTYNAME,
       PARTYBILLNO,
       PARTYBILLDATE,
       PURCHASEORDERNO,
       PURCHASEORDERTNO,
       PARTYBILLAMOUNT,
       ITEMCODE,
       ITEMNAME,
       UOM1,
       QUANTITY1,
       UOM2,
       QUANTITY2,
       RATE,
       UOM,
       AMOUNT,
       CGST,
       SGST,
       IGST,
       TCS,
       TDS,
       FOOTERAMOUNT,
       OTHERAMOUNT,
       TOTALAMOUNT,
       PAIDAMOUNT,
       BALANCEAMOUNT,
       VOUCHERTNO,
       VOUCHERNO,
       VOUCHERDATE,
       DEBITNOTETNO,
       DEBITNOTENO,
       DEBITNOTEVOUCHERTNO,
       DEVITNOTEVOUCHERNO,
       AGEOFBILL,
       DUEDATE,
       CREDITDAYS,
       CITYCODE,
       CITYNAME,
       STATECODE,
       STATENAME,
       OVERDUEDAYS
  from D_SUPPLIER_360VIEW_PENDINGPBPASS
  Where PartyCode = :P529_SUPPLIERCODE","","",""
530,"Supplier Active PO","SUPPLIER-ACTIVE-PO",10,"Supplier Active PO","supplier-active-po","NATIVE_IR","","select TNO,
       COMPANYCODE,
       COMPANYNAME,
       LOCATIONCODE,
       LOCATIONNAME,
       DOCTYPECODE,
       DOCTYPENAME,
       PURCHASEORDERNO,
       PURCHASEORDERDATE,
       PARTYCODE,
       PARTYNAME,
       AGENTCODE,
       AGENTNAME,
       DELIVERYDATE,
       ITEMCODE,
       ITEMNAME,
       MATERIALDESCRIPTION,
       UOM1,
       QUANTITY1,
       UOM2,
       QUANTITY2,
       RATE,
       AMOUNT,
       CGST,
       SGST,
       IGST,
       TCS,
       FOOTERAMOUNT,
       OTHERAMOUNT,
       TOTALAMOUNT,
       FREIGHTTYPECODE,
       FREIGHTTYPENAME,
       GRNSTATUS,
       GRNRECEIVEDQUANTITY1,
       GRNRECEIVEDQUANTITY2,
       BALANCEQUANTITY1,
       CREATOR,
       CREATIONTIME,
       STATECODE,
       STATENAME,
       CITYCODE,
       CITYNAME,
       REGIONCODE,
       REGIONNAME,
       BALANCEQUANTITY2
  from D_SUPPLIER_360VIEW_ACTIVEPURCHASEORDERS
  where Partycode = :P530_SUPPLIERCODE","","",""
531,"Supplier Pending for GRN","SUPPLIER-PENDING-FOR-GRN",10,"Supplier Pending for GRN","supplier-pending-for-grn","NATIVE_IR","","select TNO,
       COMPANYCODE,
       COMPANYNAME,
       LOCATIONCODE,
       LOCATIONNAME,
       DOCTYPECODE,
       DOCTYPENAME,
       PURCHASEORDERNO,
       PURCHASEORDERDATE,
       PARTYCODE,
       PARTYNAME,
       AGENTCODE,
       AGENTNAME,
       DELIVERYDATE,
       ITEMCODE,
       ITEMNAME,
       MATERIALDESCRIPTION,
       UOM1,
       QUANTITY1,
       UOM2,
       QUANTITY2,
       RATE,
       AMOUNT,
       CGST,
       SGST,
       IGST,
       TCS,
       FOOTERAMOUNT,
       OTHERAMOUNT,
       TOTALAMOUNT,
       FREIGHTTYPECODE,
       FREIGHTTYPENAME,
       GRNSTATUS,
       GRNRECEIVEDQUANTITY1,
       GRNRECEIVEDQUANTITY2,
       BALANCEQUANTITY1,
       CREATOR,
       CREATIONTIME,
       STATECODE,
       STATENAME,
       CITYCODE,
       CITYNAME,
       REGIONCODE,
       REGIONNAME,
       BALANCEQUANTITY2
  from D_SUPPLIER_360VIEW_PURCHASEORDERSPENDINGFORGRN
  Where PartyCode = :P531_SUPPLIERCODE","","",""
532,"Supplier Orders Completed","SUPPLIER-ORDERS-COMPLETED",10,"Supplier Orders Completed","supplier-orders-completed","NATIVE_IR","","select TNO,
       COMPANYCODE,
       COMPANYNAME,
       LOCATIONCODE,
       LOCATIONNAME,
       DOCTYPECODE,
       DOCTYPENAME,
       PURCHASEORDERNO,
       PURCHASEORDERDATE,
       PARTYCODE,
       PARTYNAME,
       AGENTCODE,
       AGENTNAME,
       DELIVERYDATE,
       ITEMCODE,
       ITEMNAME,
       MATERIALDESCRIPTION,
       UOM1,
       QUANTITY1,
       UOM2,
       QUANTITY2,
       RATE,
       AMOUNT,
       CGST,
       SGST,
       IGST,
       TCS,
       FOOTERAMOUNT,
       OTHERAMOUNT,
       TOTALAMOUNT,
       FREIGHTTYPECODE,
       FREIGHTTYPENAME,
       GRNSTATUS,
       GRNRECEIVEDQUANTITY1,
       GRNRECEIVEDQUANTITY2,
       BALANCEQUANTITY1,
       CREATOR,
       CREATIONTIME,
       STATECODE,
       STATENAME,
       CITYCODE,
       CITYNAME,
       REGIONCODE,
       REGIONNAME,
       BALANCEQUANTITY2
  from D_SUPPLIER_360VIEW_PURCHASEORDERCOMPLETED
  Where PartyCode = :P532_SUPPLIERCODE","","",""
533,"Supplier Orders Delivered on Time","SUPPLIER-ORDERS-DELIVERED-ON-TIME",10,"Supplier Orders Delivered on Time","supplier-orders-delivered-on-time","NATIVE_IR","","select TNO,
       COMPANYCODE,
       COMPANYNAME,
       LOCATIONCODE,
       LOCATIONNAME,
       DOCTYPECODE,
       DOCTYPENAME,
       PURCHASEORDERNO,
       PURCHASEORDERDATE,
       PARTYCODE,
       PARTYNAME,
       AGENTCODE,
       AGENTNAME,
       DELIVERYDATE,
       ITEMCODE,
       ITEMNAME,
       MATERIALDESCRIPTION,
       UOM1,
       QUANTITY1,
       UOM2,
       QUANTITY2,
       RATE,
       AMOUNT,
       CGST,
       SGST,
       IGST,
       TCS,
       FOOTERAMOUNT,
       OTHERAMOUNT,
       TOTALAMOUNT,
       FREIGHTTYPECODE,
       FREIGHTTYPENAME,
       GRNSTATUS,
       GRNRECEIVEDQUANTITY1,
       GRNRECEIVEDQUANTITY2,
       BALANCEQUANTITY1,
       CREATOR,
       CREATIONTIME,
       STATECODE,
       STATENAME,
       CITYCODE,
       CITYNAME,
       REGIONCODE,
       REGIONNAME,
       BALANCEQUANTITY2
  from D_SUPPLIER_360VIEW_PURCHASEORDERSDELIVEREDONTIME
  Where PartyCode = :P533_SUPPLIERCODE","","",""
536,"Product Stock Group by Storage Location","PRODUCT-STOCK-GROUP-BY-STORAGE-LOCATION",10,"Product Stock Group by Storage Location","product-stock-group-by-storage-location","NATIVE_IR","","select

       ITEMCODE,
       ITEMSPECIFICATIONCODE,
       STORAGELOCATIONCODE,
       STORAGELOCATIONNAME,
       '<a href=""'||APEX_UTIL.PREPARE_URL('f?p='||:APP_ID||':99:'||:APP_SESSION||'::'||':99:P99_ITEMSPECIFICATIONCODE,P99_STORAGELOCATION:'||ITEMSPECIFICATIONCODE||','||STORAGELOCATIONCODE,NULL,'SESSION' )||'"">'||STORAGELOCATIONNAME||'</a>' as StorageLink,
       NVL(SUM(STOCKQUANTITY1),0)STOCKQUANTITY1,
       NVL(SUM(USEDSTOCKQUANTITY1),0)USEDSTOCKQUANTITY1,
       NVL(SUM(RESERVESTOCKQUANTITY1),0)RESERVESTOCKQUANTITY1,
       NVL(SUM(BALANCEQUANTITY1),0)BALANCEQUANTITY1,
       NVL(SUM(STOCKQUANTITY2),0)STOCKQUANTITY2,
       NVL(SUM(USEDSTOCKQUANTITY2),0)USEDSTOCKQUANTITY2,
       NVL(SUM(RESERVESTOCKQUANTITY2),0)RESERVESTOCKQUANTITY2,
       NVL(SUM(BALANCEQUANTITY2),0)BALANCEQUANTITY2,
       NVL(SUM(STOCKVALUE),0)STOCKVALUE
  from D_PRODUCT360VIEW_STOCKSTORAGELOCATIONWISE
  where  ITEMSPECIFICATIONCODE like nvl(:P536_ITEMSPECIFICATIONCODE,'%')
  GROUP BY ITEMCODE,
       ITEMSPECIFICATIONCODE,
       STORAGELOCATIONCODE,
       STORAGELOCATIONNAME","","",""
537,"Product Pipeline Stock group by Module","PRODUCT-PIPELINE-STOCK-GROUP-BY-MODULE",10,"Product Pipeline Stock group by Module","product-pipeline-stock-group-by-module","NATIVE_IR","","select
       MODULECODE,
       ITEMSPECIFICATIONCODE,
       sum(QUANTITY1)QUANTITY1
  from D_PRODUCT360VIEW_PIPELINESTOCK
 where ItemCode like nvl(:P537_ITEMCODE,'%')
   and ItemSpecificationCode like nvl(:P537_ITEMSPECIFICATIONCODE,'%')
 Group by MODULECODE,
       ITEMSPECIFICATIONCODE","","",""
537,"Product Pipeline Stock group by Module","PRODUCT-PIPELINE-STOCK-GROUP-BY-MODULE",20,"Module wise Pipeline Stock","module-wise-pipeline-stock","NATIVE_JET_CHART","","","","",""
538,"Product Stock Storage Location wise","PRODUCT-STOCK-STORAGE-LOCATION-WISE",10,"Product Stock Storage Location wise","product-stock-storage-location-wise","NATIVE_IR","","select TNO,
       ITEMCODE,
       ITEMSPECIFICATIONCODE,
       STOCKMODULECODE,
       STOCKMODULETNO,
       STOCKMODULENO,
       STORAGELOCATIONCODE,
       STORAGELOCATIONNAME,
       STOCKQUANTITY1,
       USEDSTOCKQUANTITY1,
       RESERVESTOCKQUANTITY1,
       BALANCEQUANTITY1,
       STOCKQUANTITY2,
       USEDSTOCKQUANTITY2,
       RESERVESTOCKQUANTITY2,
       BALANCEQUANTITY2,
       STOCKVALUE,
       AGEOFSTOCK
  from D_PRODUCT360VIEW_STOCKSTORAGELOCATIONWISE
  where  ITEMSPECIFICATIONCODE like nvl(:P538_ITEMSPECIFICATIONCODE,'%')
    and StorageLocationCode like nvl(:P538_STORAGELOCATION,'%')","","",""
541,"Customer Billed Invoices","CUSTOMER-BILLED-INVOICES1",10,"Customer Billed Invoices","customer-billed-invoices","NATIVE_IR","","select TNO,
       COMPANYCODE,
       COMPANYNAME,
       LOCATIONCODE,
       LOCATIONNAME,
       DOCTYPECODE,
       DOCTYPENAME,
       CCINVOICENO,
       CCINVOICEDATE,
       DESPATCHADVICETNO,
       DESPATCHADVICENO,
       DESPATCHADVICEDATE,
       SALESORDERTNO,
       SALESORDERNO,
       SALESORDERDATE,
       PARTYCODE,
       PARTYNAME,
       CONSIGNEECODE,
       CONSIGNEENAME,
       TRANSPORTERCODE,
       TRANSPORTERNAME,
       VEHICLENO,
       LORRYNO,
       LORRYDATE,
       FREIGHTTYPECODE,
       FREIGHTTYPENAME,
       FREIGHTRATE,
       FREIGHTUNITCODE,
       ITEMCODE,
       ITEMNAME,
       MATERIALDESCRIPTION,
       UOM1,
       QUANTITY1,
       RATE,
       AMOUNT,
       CGST,
       SGST,
       IGST,
       TCS,
       FOOTERAMOUNT,
       OTHERAMOUNT,
       TOTALAMOUNT,
       CREATOR,
       CREATIONTIME,
       AGENTCODE,
       AGENTNAME,
       CITYCODE,
       CITYNAME,
       STATECODE,
       STATENAME,
       REGIONCODE,
       REGIONNAME,
       AGEOFINVOICE,
       SALESPERSONCODE,
       SALESPERSONNAME
  from D_CUSTOMER_360VIEW_INVOICE
  where PARTYCODE = :P541_CUSTOMERCODE
    AND TO_CHAR(CCINVOICEDATE,'MON-YYYY') LIKE NVL(:P541_MONTH,'%')
    AND (AGEOFINVOICE BETWEEN :P541_FROMAGE AND :P541_TOAGE  OR :P541_FROMAGE IS  NULL OR :P541_TOAGE IS NULL)
    ","","",""
542,"Supplier Active Purchase Bill Pass","SUPPLIER-ACTIVE-PURCHASE-BILL-PASS",10,"Supplier Active Purchase Bill Pass","supplier-active-purchase-bill-pass","NATIVE_IR","","select TNO,
       COMPANYCODE,
       COMPANYNAME,
       LOCATIONCODE,
       LOCATIONNAME,
       DOCTYPECODE,
       DOCTYPENAME,
       PBPASSNO,
       PBPASSDATE,
       PARTYCODE,
       PARTYNAME,
       PARTYBILLNO,
       PARTYBILLDATE,
       PURCHASEORDERNO,
       PURCHASEORDERTNO,
       PARTYBILLAMOUNT,
       ITEMCODE,
       ITEMNAME,
       UOM1,
       QUANTITY1,
       UOM2,
       QUANTITY2,
       RATE,
       UOM,
       AMOUNT,
       CGST,
       SGST,
       IGST,
       TCS,
       TDS,
       FOOTERAMOUNT,
       OTHERAMOUNT,
       TOTALAMOUNT,
       PAIDAMOUNT,
       BALANCEAMOUNT,
       VOUCHERTNO,
       VOUCHERNO,
       VOUCHERDATE,
       DEBITNOTETNO,
       DEBITNOTENO,
       DEBITNOTEVOUCHERTNO,
       DEVITNOTEVOUCHERNO,
       AGEOFBILL,
       DUEDATE,
       CREDITDAYS,
       CITYCODE,
       CITYNAME,
       STATECODE,
       STATENAME
  from D_SUPPLIER_360VIEW_ACTIVEPBPASS
  where PARTYCODE = :P542_SUPPLIERCODE
    AND TO_CHAR(PBPASSDATE,'MON-YYYY') LIKE NVL(:P542_MONTH,'%')
    AND (AGEOFBILL BETWEEN :P542_FROMAGE AND :P542_TOAGE  OR :P542_FROMAGE IS  NULL OR :P542_TOAGE IS NULL)","","",""
543,"Supplier Active PO","SUPPLIER-ACTIVE-PO1",10,"Supplier Active PO","supplier-active-po","NATIVE_IR","","select TNO,
       COMPANYCODE,
       COMPANYNAME,
       LOCATIONCODE,
       LOCATIONNAME,
       DOCTYPECODE,
       DOCTYPENAME,
       PURCHASEORDERNO,
       PURCHASEORDERDATE,
       PARTYCODE,
       PARTYNAME,
       AGENTCODE,
       AGENTNAME,
       DELIVERYDATE,
       ITEMCODE,
       ITEMNAME,
       MATERIALDESCRIPTION,
       UOM1,
       QUANTITY1,
       UOM2,
       QUANTITY2,
       RATE,
       AMOUNT,
       CGST,
       SGST,
       IGST,
       TCS,
       FOOTERAMOUNT,
       OTHERAMOUNT,
       TOTALAMOUNT,
       FREIGHTTYPECODE,
       FREIGHTTYPENAME,
       GRNSTATUS,
       GRNRECEIVEDQUANTITY1,
       GRNRECEIVEDQUANTITY2,
       BALANCEQUANTITY1,
       CREATOR,
       CREATIONTIME,
       STATECODE,
       STATENAME,
       CITYCODE,
       CITYNAME,
       REGIONCODE,
       REGIONNAME,
       BALANCEQUANTITY2
  from D_SUPPLIER_360VIEW_ACTIVEPURCHASEORDERS
  where Partycode = :P543_SUPPLIERCODE","","",""
724,"Vehicle 360","VEHICLE-360",10,"Vehicle 360","slc360-content","NATIVE_PLSQL","","begin imart_slc_360.render('VEHICLE', :P724_VEHICLE); end;","","",""
725,"Category 360","CATEGORY-360",10,"Category 360","slc360-content","NATIVE_PLSQL","","begin imart_slc_360.render('CATEGORY', :P725_CATEGORY); end;","","",""
726,"Item Sales Analysis","ITEM-SALES-ANALYSIS",10,"Item Sales Analysis","slc360-content","NATIVE_PLSQL","","begin imart_slc_360.render('ITEM', :P726_ITEMCODE); end;","","",""
906,"Location Profitability","LOCATION-PROFITABILITY",5,"Location Profitability","command-header","NATIVE_SQL_REPORT","","Select '<div class=""ds-fin-head"">'
    /* Monthly is driven by a financial year, so the year holding From
       Date is looked up and passed instead of the range. If From Date
       falls outside every defined year nothing is passed and that page
       opens on its own default, which is the year holding today. */
    || '<div class=""ds-head-ctas"">'
    || '<a class=""ds-head-cta"" href=""'
       || apex_page.get_url(
            p_page   => 904,
            p_clear_cache => '904',
            p_items  => 'P904_FROMDATE,P904_TODATE,P904_COMPANY',
            p_values => :P906_FROMDATE||','||:P906_TODATE||','||:P906_COMPANY)
       || '""><span class=""fa fa-arrow-left""></span>P and L Summary <b>&larr;</b></a>'
    || '<a class=""ds-head-cta"" href=""'
       || apex_page.get_url(
            p_page   => 905,
            p_clear_cache => '905',
            p_items  => 'P905_FINYEAR,P905_COMPANY',
            p_values => (Select Max(f.FinancialYearCode) From FinancialYear f
                          Where to_date(:P906_FROMDATE,'DD-MM-RRRR')
                                Between f.FinancialYearBegin And f.FinancialYearEnd)
                        ||','||:P906_COMPANY)
       || '""><span class=""fa fa-calendar""></span>Monthly <b>&rarr;</b></a>'
    || '</div>'
    || '<div class=""ds-fin-eyebrow"">Finance &middot; General Ledger &middot; Profitability</div>'
    || '<h1 class=""ds-fin-title"">Location Profitability</h1>'
    || '<div class=""ds-fin-sub"">Revenue to PBT for each location, footing to the P and L Summary</div>'
    || '<div class=""ds-fin-context"">'
    || '<span class=""ds-fin-chip""><span class=""fa fa-calendar""></span>Period <b>'
       || :P906_FROMDATE || ' &rarr; ' || :P906_TODATE || '</b></span>'
    || '<span class=""ds-fin-chip""><span class=""fa fa-calendar-check-o""></span>Financial Year <b>'
       || nvl((Select f.FinancialYearCode From FinancialYear f
                Where to_date(:P906_FROMDATE,'DD-MM-RRRR')
                      Between f.FinancialYearBegin And f.FinancialYearEnd),'outside any defined year')
       || '</b></span>'
    || '<span class=""ds-fin-chip""><span class=""fa fa-building-o""></span>Company <b>'
       || apex_escape.html(nvl((Select c.CompanyName From Company c Where c.CompanyCode = :P906_COMPANY),'All companies')) || '</b></span>'
    || '</div></div>' As HEAD
  From dual","","",""
906,"Location Profitability","LOCATION-PROFITABILITY",10,"Filters","filter-bar","NATIVE_STATIC","","","","",""
906,"Location Profitability","LOCATION-PROFITABILITY",30,"Profitability by Location","location-grid","NATIVE_SQL_REPORT","","/* One row per location, the same buckets page 705 uses.

   Real report columns rather than assembled HTML - a fourteen-column
   table exceeds the 4000-byte VARCHAR2 limit this database runs with,
   and real columns bring sorting and Download anyway. Row weight for
   the Total line is carried by a marker span and applied with :has().

   A location appears only if it has P and L movement. One with nothing
   but balance-sheet postings has no profitability to report, and
   listing it with zeros would read as ""this location broke even"". */
With Carry As (Select v.Tno From Voucher v Where v.VoucherNo = 'OPENING'),
     Src As (
       Select p.PartyCode Acct,
              Connect_By_Root p.NatureOfAccountCode RootNat,
              regexp_substr(Sys_Connect_By_Path(p.PartyCode,'/'),'[^/]+',1,2) L2,
              regexp_substr(Sys_Connect_By_Path(p.PartyCode,'/'),'[^/]+',1,3) Bucket
         From Party p Start With p.ParentCode Is Null
       Connect By Prior p.PartyCode = p.ParentCode),
     Mv As (
       Select d.LocationCode Loc, d.AccountCode Acct, Sum(nvl(d.Amount,0)) Amt
         From VoucherDetail d
        Where d.VoucherDate >= to_date(:P906_FROMDATE,'DD-MM-RRRR')
          And d.VoucherDate <  to_date(:P906_TODATE,'DD-MM-RRRR') + 1
          And d.Tno Not In (Select Tno From Carry)
          And (cast(null as varchar2(100)) Is Null Or cast(null as varchar2(100)) = cast(null as varchar2(100)))
          And (null   Is Null Or cast(null as varchar2(100))       = null)
          And (:P906_COMPANY Is Null Or d.CompanyCode = :P906_COMPANY)
        Group By d.LocationCode, d.AccountCode),
     B As (
       Select m.Loc,
              Case When s.L2 = 'INCOME'       Or s.RootNat = 'INCOME'    Then 'REVENUE'
                   When s.Bucket = 'DIRECTCOST'                         Then 'DIRECT'
                   When s.Bucket = 'DEPRECIATION'                       Then 'DEPN'
                   When s.Bucket = '4892'                               Then 'FIN'
                   When s.Bucket = '7481'                               Then 'TAX'
                   When s.L2 = 'EXPENDITURES' Or s.RootNat = 'EXPENSES' Then 'OPEX'
              End Bkt, m.Amt
         From Mv m Join Src s On s.Acct = m.Acct),
     P As (
       Select Loc,
              nvl(Sum(Case When Bkt='REVENUE' Then Amt End),0) Rev,
              nvl(Sum(Case When Bkt='DIRECT'  Then Amt End),0) Dir,
              nvl(Sum(Case When Bkt='OPEX'    Then Amt End),0) Opx,
              nvl(Sum(Case When Bkt='DEPN'    Then Amt End),0) Dep,
              nvl(Sum(Case When Bkt='FIN'     Then Amt End),0) Fin,
              nvl(Sum(Case When Bkt='TAX'     Then Amt End),0) Tax
         From B Where Bkt Is Not Null Group By Loc),
     /* the Total row is computed from the same set, not by adding up
        the printed rows - rounding to two decimals eleven times over
        would not foot */
     R As (
       Select 1 Ord, p.Loc, nvl(l.LocationName, nvl(p.Loc,'(no location)')) Nm,
              p.Rev, p.Dir, p.Opx, p.Dep, p.Fin, p.Tax
         From P p Left Join Location l On l.LocationCode = p.Loc
       Union All
       Select 2, Cast(Null As Varchar2(30)), 'TOTAL',
              Sum(Rev), Sum(Dir), Sum(Opx), Sum(Dep), Sum(Fin), Sum(Tax)
         From P)
Select r.Ord As SEQ,
       Case When r.Ord = 2
            Then '<span class=""ds-pnl-rowtag ds-pnl-bottom""></span>TOTAL'
            Else '<a href=""'
                 || apex_page.get_url(p_page => 904, p_clear_cache => '904',
                      p_items  => 'P904_FROMDATE,P904_TODATE,P904_COMPANY,P904_LOCATION',
                      p_values => :P906_FROMDATE || ',' || :P906_TODATE || ','
                                  || :P906_COMPANY || ',' || r.Loc)
                 || '"" target=""_blank"" rel=""noopener"">' || apex_escape.html(r.Nm) || '</a>'
       End                                                          ","As LOCATION,
       to_char(Round(r.Rev/10000000,2),'FM999G990D00')              As REVENUE,
       to_char(Round(-r.Dir/10000000,2),'FM999G990D00')             As DIRECT_COST,
       to_char(Round((r.Rev+r.Dir)/10000000,2),'FM999G990D00')      As CONTRIBUTION,
       Case When r.Rev > 100000 And Abs((r.Rev+r.Dir)/r.Rev) < 10
            Then to_char(Round((r.Rev+r.Dir)/r.Rev*100,1),'FM990D0') || '%'
            Else '&mdash;' End                                      As CONTRIBUTION_PCT,
       to_char(Round(-r.Opx/10000000,2),'FM999G990D00')             As OPERATING_EXPENSE,
       to_char(Round((r.Rev+r.Dir+r.Opx)/10000000,2),'FM999G990D00') As EBITDA,
       Case When r.Rev > 100000 And Abs((r.Rev+r.Dir+r.Opx)/r.Rev) < 10
            Then to_char(Round((r.Rev+r.Dir+r.Opx)/r.Rev*100,1),'FM990D0') || '%'
            Else '&mdash;' End                                      As EBITDA_PCT,
       to_char(Round(-r.Dep/10000000,2),'FM999G990D00')             As DEPRECIATION,
       to_char(Round(-r.Fin/10000000,2),'FM999G990D00')             As FINANCE_COST,
       to_char(Round((r.Rev+r.Dir+r.Opx+r.Dep+r.Fin)/10000000,2),'FM999G990D00') As PBT,
       Case When r.Rev > 100000 And Abs((r.Rev+r.Dir+r.Opx+r.Dep+r.Fin)/r.Rev) < 10
            Then to_char(Round((r.Rev+r.Dir+r.Opx+r.Dep+r.Fin)/r.Rev*100,1),'FM990D0') || '%'
            Else '&mdash;' End                                      As PBT_PCT
  From R r
 Order By r.Ord, r.Rev Desc","",""
906,"Location Profitability","LOCATION-PROFITABILITY",40,"Cross-check","location-check","NATIVE_SQL_REPORT","","/* The locations must add up to the whole. Both sides are the same
   ledger, so the difference is an identity, not a tolerance. */
With Carry As (Select v.Tno From Voucher v Where v.VoucherNo = 'OPENING'),
     Src As (
       Select p.PartyCode Acct,
              Connect_By_Root p.NatureOfAccountCode RootNat,
              regexp_substr(Sys_Connect_By_Path(p.PartyCode,'/'),'[^/]+',1,2) L2
         From Party p Start With p.ParentCode Is Null
       Connect By Prior p.PartyCode = p.ParentCode),
     Mv As (
       Select d.AccountCode Acct, Sum(nvl(d.Amount,0)) Amt
         From VoucherDetail d
        Where d.VoucherDate >= to_date(:P906_FROMDATE,'DD-MM-RRRR')
          And d.VoucherDate <  to_date(:P906_TODATE,'DD-MM-RRRR') + 1
          And d.Tno Not In (Select Tno From Carry)
          And (cast(null as varchar2(100)) Is Null Or cast(null as varchar2(100)) = cast(null as varchar2(100)))
          And (null   Is Null Or cast(null as varchar2(100))       = null)
          And (:P906_COMPANY Is Null Or d.CompanyCode = :P906_COMPANY)
        Group By d.AccountCode),
     C As (
       Select Sum(Case When Case When s.RootNat Is Not Null Then s.RootNat
                                 When s.L2='INCOME' Then 'INCOME'
                                 When s.L2='EXPENDITURES' Then 'EXPENSES' End In ('INCOME','EXPENSES')
                       Then m.Amt Else 0 End) Tb,
              Count(Distinct Case When Case When s.RootNat Is Not Null Then s.RootNat
                                            When s.L2='INCOME' Then 'INCOME'
                                            When s.L2='EXPENDITURES' Then 'EXPENSES' End In ('INCOME','EXPENSES')
                                  Then m.Acct End) Accts
         From Mv m Join Src s On s.Acct = m.Acct)
Select '<div class=""ds-pnl-recon ds-pnl-recon--ok"">'
    || '<b>Total row proved.</b> The TOTAL line equals the Trial Balance movement on INCOME and '
    || 'EXPENSES for this period and scope &mdash; &#8377;'
    || to_char(Round(c.Tb/10000000,2),'FM999G990D00') || ' Cr across '
    || to_char(c.Accts) || ' posting accounts &mdash; which is what the P and L Summary shows. '
    || 'Locations are a partition of that total, so the rows above add to it by construction.'
    || '</div>' As RECON
  From C c","","",""
906,"Location Profitability","LOCATION-PROFITABILITY",50,"Reading this table","location-note","NATIVE_STATIC","","<div class=""ds-finnote"">
  <span class=""fa fa-info-circle""></span>
  <b>Reading this table.</b> Click a location to open the P&nbsp;and&nbsp;L Summary for it, with the
  same period and company, in a new tab &mdash; and from there down to the account, its ledger and
  the voucher.
  <b>Why there is no department or cost centre view:</b> department is not carried on the ledger at
  all, and cost centre covers about a tenth of it in a separate table with its own amounts. Neither
  can produce an honest profit and loss, so neither is offered.
  <b>Percentages</b> are of that location's own revenue, and blank where it has none &mdash; a
  location that only carries cost has no margin, rather than a margin of zero.
  Figures are &#8377; crore. Cost of goods sold, depreciation and tax carry the same caveats as the
  Summary page; open it for the closing control that explains them.
</div>","","",""
908,"Party-wise Outstanding","AR-PARTY-OUTSTANDING",5,"Party-wise Outstanding","command-header","NATIVE_SQL_REPORT","","Select '<div class=""ds-ar-head"">'
    || '<div class=""ds-ar-eyebrow"">Receivables &middot; Party Summary</div>'
    || '<h1 class=""ds-ar-title"">Party-wise Outstanding</h1>'
    || '<div class=""ds-ar-sub"">Every customer''s receivable, credit held, net exposure and ageing profile as at the As-of Date. Click a customer for Debtor 360.</div>'
    || '<div class=""ds-ar-context"">'
    || '<span class=""ds-ar-chip""><span class=""fa fa-crosshairs""></span>Outstanding as at <b>' || :P908_TODATE || '</b></span>'
    || '<span class=""ds-ar-chip""><span class=""fa fa-hourglass-half""></span>Ageing basis <b>'
       || Case When :P908_AGEBASIS = 'DOC' Then 'Document date (age)' Else 'Due date (lateness)' End || '</b></span>'
    || '<span class=""ds-ar-chip""><span class=""fa fa-building-o""></span>Company <b>'
       || apex_escape.html(nvl((Select c.CompanyName From Company c Where c.CompanyCode = :P908_COMPANY),'All companies')) || '</b></span>'
    || '<span class=""ds-ar-chip""><span class=""fa fa-map-marker""></span>Location <b>'
       || apex_escape.html(nvl((Select l.LocationName From Location l Where l.LocationCode = :P908_LOCATION),'All locations')) || '</b></span>'
    || '</div></div>' As HEAD
  From dual","","",""
908,"Party-wise Outstanding","AR-PARTY-OUTSTANDING",10,"Filters","filter-bar","NATIVE_STATIC","","","","",""
908,"Party-wise Outstanding","AR-PARTY-OUTSTANDING",30,"Customer Outstanding","party-report","NATIVE_IR","","/* CANONICAL AR PROLOGUE - identical to page 690. See
   docs/ar-dashboard/AR_KPI_DEFINITION.md section 1. */
With Sd As (
       Select PartyCode From Party
        Start With PartyCode = 'SUNDRYDEBTORS'
        Connect By Prior PartyCode = ParentCode),
     Asof As (Select to_date(:P908_TODATE,'DD-MM-RRRR') D From dual),
     Alc As (
       Select a.DrVoucherTno Tno, a.DrVoucherSno Sno, -Sum(a.Amount) Amt
         From DrCrAllocation a, Voucher dv, Voucher cv, Asof
        Where dv.Tno = a.DrVoucherTno And cv.Tno = a.CrVoucherTno
          And dv.VoucherDate <= Asof.D And cv.VoucherDate <= Asof.D
        Group By a.DrVoucherTno, a.DrVoucherSno
       Union All
       Select a.CrVoucherTno, a.CrVoucherSno, Sum(a.Amount)
         From DrCrAllocation a, Voucher dv, Voucher cv, Asof
        Where dv.Tno = a.DrVoucherTno And cv.Tno = a.CrVoucherTno
          And dv.VoucherDate <= Asof.D And cv.VoucherDate <= Asof.D
        Group By a.CrVoucherTno, a.CrVoucherSno),
     Al As (Select Tno, Sno, Sum(Amt) Amt From Alc Group By Tno, Sno),
     Aged As (
       Select d.AccountCode Pty, d.CompanyCode Cmp, d.LocationCode Loc, cast(null as varchar2(100)) Pnl,
              -(d.Amount - nvl(al.Amt,0)) Recv,
              d.VoucherDate Vdt, v.VoucherNo Vno, v.DocTypeCode Dtc,
              ao.BillDate AoBillDate,
              coalesce(i.DueDate, sb.DueDate, ao.BillDueDate) DueDate,
              coalesce(i.InvoiceDate, ao.BillDate, d.VoucherDate) DocDate,
              Case When nvl(:P908_AGEBASIS,'DUE') = 'DUE'
                        And coalesce(i.DueDate, sb.DueDate, ao.BillDueDate) Is Null Then 7
                   When nvl(:P908_AGEBASIS,'DUE') = 'DUE'
                        And coalesce(i.DueDate, sb.DueDate, ao.BillDueDate) >= Asof.D Then 0
                   When (Case When :P908_AGEBASIS = 'DOC'
                              Then Asof.D - coalesce(i.InvoiceDate, ao.BillDate, d.VoucherDate)
                              Else Greatest(Asof.D - coalesce(i.DueDate, sb.DueDate, ao.BillDueDate),0) End) <=  30 Then 1
                   When (Case When :P908_AGEBASIS = 'DOC'
                              Then Asof.D - coalesce(i.InvoiceDate, ao.BillDate, d.VoucherDate)
                              Else Greatest(Asof.D - coalesce(i.DueDate, sb.DueDate, ao.BillDueDate),0) End) <=  60 Then 2
                   When (Case When :P908_AGEBASIS = 'DOC'
                              Then Asof.D - coalesce(i.InvoiceDate, ao.BillDate, d.VoucherDate)
                              Else Greatest(Asof.D - coalesce(i.DueDate, sb.DueDate, ao.BillDueDate),0) End) <=  90 Then 3
                   When (Case When :P908_AGEBASIS = 'DOC'
                              Then Asof.D - coalesce(i.InvoiceDate, ao.BillDate, d.VoucherDate)
                              Else Greatest(Asof.D - coalesce(i.DueDate, sb.DueDate, ao.BillDueDate),0) End) <= 180 Then 4
                   When (Case When :P908_AGEBASIS = 'DOC'
                              Then Asof.D - coalesce(i.InvoiceDate, ao.BillDate, d.VoucherDate)
                              Else Greatest(Asof.D - coalesce(i.DueDate, sb.DueDate, ao.BillDueDate),0) End) <= 365 Then 5
                   Else 6 End Bkt,
              Case When :P908_AGEBASIS = 'DOC'
                   Then Asof.D - coalesce(i.InvoiceDate, ao.BillDate, d.VoucherDate)
                   When coalesce(i.DueDate, sb.DueDate, ao.BillDueDate) Is Not Null
                   Then Greatest(Asof.D - coalesce(i.DueDate, sb.DueDate, ao.BillDueDate),0)
              End DaysOd
         From VoucherDetail d
         Join Voucher v On v.Tno = d.Tno
         Left Join Al al On al.Tno = d.Tno And al.Sno = d.Sno
         Left Join Invoice     i  On v.ModuleCode = 'INVOICE'     And i.Tno  = v.ModuleTno
         Left Join ServiceBill sb On v.ModuleCode = 'SERVICEBILL' And sb.Tno = v.ModuleTno
         Left Join AccountOpening ao On v.VoucherNo = 'OPENING","'   And ao.Tno = d.ModuleTno
         Cross Join Asof
        Where d.AccountCode In (Select PartyCode From Sd)
          And d.VoucherDate <= Asof.D
          And (cast(null as varchar2(100)) Is Null
               Or cast(null as varchar2(100)) = cast(null as varchar2(100)))
          And (null    Is Null Or cast(null as varchar2(100))        = null)
          And (:P908_COMPANY  Is Null Or d.CompanyCode  = :P908_COMPANY)
          And (:P908_LOCATION Is Null Or d.LocationCode = :P908_LOCATION)),
     Rc As (
       /* Receipts are a FLOW, bounded by From/To - not by the As-of
          Date - and are aggregated to the party BEFORE they join, so
          they cannot fan out the open-item grain. */
       Select d.AccountCode Pty, Sum(d.Amount) Amt, Max(d.VoucherDate) Last
         From VoucherDetail d Join Voucher v On v.Tno = d.Tno
        Where d.AccountCode In (Select PartyCode From Sd)
          And v.DocTypeCode = 'RECEIPT'
          And d.VoucherDate >= to_date(:P908_FROMDATE,'DD-MM-RRRR')
          And d.VoucherDate <  to_date(:P908_TODATE,'DD-MM-RRRR') + 1
          And (cast(null as varchar2(100)) Is Null
               Or cast(null as varchar2(100)) = cast(null as varchar2(100)))
          And (null    Is Null Or cast(null as varchar2(100))        = null)
          And (:P908_COMPANY  Is Null Or d.CompanyCode  = :P908_COMPANY)
          And (:P908_LOCATION Is Null Or d.LocationCode = :P908_LOCATION)
        Group By d.AccountCode),
     LastRc As (
       /* Last receipt EVER, not just in the period - a collections
          reader needs ""when did this customer last pay us"", which the
          period-bounded figure cannot answer. */
       Select d.AccountCode Pty, Max(d.VoucherDate) Last
         From VoucherDetail d Join Voucher v On v.Tno = d.Tno
         Cross Join Asof
        Where d.AccountCode In (Select PartyCode From Sd)
          And v.DocTypeCode = 'RECEIPT' And d.VoucherDate <= Asof.D
        Group By d.AccountCode),
     Agt As (
       /* Salesperson is on the INVOICE, not on the customer master
          (Party.AgentCode is null on all 954 debtors). A customer may
          have been billed by more than one agent, so the agent with the
          largest billed value is shown and the column is labelled
          ""Agent (by value)"" rather than implying an exclusive owner. */
       Select PartyCode Pty, AgentCode Agent From (
         Select i.PartyCode, i.AgentCode,
                Row_Number() Over (Partition By i.PartyCode
                                   Order By Sum(nvl(i.InvoiceAmount,0)) Desc) Rn
           From Invoice i Where i.AgentCode Is Not Null
          Group By i.PartyCode, i.AgentCode)
        Where Rn = 1),
     Exc As (
       /* Exception count per customer, using the same predicates as
          page 696 so the number a reader sees here and the rows they
          get there are the same finding set. */
       Select Pty, Count(*) N From (
         Select Pty From Aged Where Recv > 0.005 And DueDate Is Null
         Union All
         Select a2.Pty From Aged a2 Cross Join Asof
          Where a2.Dtc = 'RECEIPT' And a2.Recv < -0.005 And Asof.D - a2.Vdt > 90
         Union All
         Select Pty From Aged Where Vno = 'OPENING' And AoBillDate Is Null And Abs(Recv) > 0.005
         Union All
         Select a3.Pty From Aged a3 Join Location l On l.LocationCode = a3.Loc
          Where upper(l.LocationName) Like '%DO NOT USE%' And Abs(a3.Recv) > 0.005
       ) Group By Pty),
     G As (
       Select Pty,
              Max(Cmp) Cmp, Max(Loc) Loc, Max(Pnl) Pnl,
              Sum(Case When Recv > 0 Then Recv Else 0 End) Gross,
              Sum(Case When Recv < 0 Then -Recv Else 0 End) Cred,
              Sum(Recv) Net,
              Sum(Case When Recv > 0 And Bkt = 0 Then Recv Else 0 End) B0,
              Sum(Case When Recv > 0 And Bkt = 1 Then Recv Else 0 End) B1,
              Sum(","Case When Recv > 0 And Bkt = 2 Then Recv Else 0 End) B2,
              Sum(Case When Recv > 0 And Bkt = 3 Then Recv Else 0 End) B3,
              Sum(Case When Recv > 0 And Bkt = 4 Then Recv Else 0 End) B4,
              Sum(Case When Recv > 0 And Bkt = 5 Then Recv Else 0 End) B5,
              Sum(Case When Recv > 0 And Bkt = 6 Then Recv Else 0 End) B6,
              Sum(Case When Recv > 0 And Bkt = 7 Then Recv Else 0 End) B7,
              Sum(Case When Recv > 0 And Bkt Between 1 And 6 Then Recv Else 0 End) Overdue,
              Count(Case When Recv > 0 Then 1 End) OpenItems,
              Min(Case When Recv > 0 Then DueDate End) OldestDue,
              Max(Case When Recv > 0 Then DaysOd End) MaxDaysOd,
              Sum(Case When Recv > 0 And DaysOd Is Not Null Then Recv * DaysOd End) WSum,
              Sum(Case When Recv > 0 And DaysOd Is Not Null Then Recv End) WBase
         From Aged Group By Pty)
Select g.Pty                                             As PARTY_CODE,
       nvl(p.PartyName, g.Pty)         As PARTY_NAME,
       apex_escape.html(nvl(pg.PartyName,'&mdash;'))     As CUSTOMER_GROUP,
       Case When 1=0 Then 'Internal' Else 'Trade' End As CATEGORY,
       nvl(c.CompanyName, g.Cmp)       As COMPANY,
       nvl(l.LocationName, g.Loc)      As LOCATION,
       g.Pnl                                             As PANEL,
       Round(g.Gross,2)                                  As RECEIVABLE,
       Round(g.Cred,2)                                   As CREDIT_HELD,
       Round(g.Net,2)                                    As NET_EXPOSURE,
       Round(g.B0,2)                                     As NOT_DUE,
       Round(g.B1,2)                                     As D1_30,
       Round(g.B2,2)                                     As D31_60,
       Round(g.B3,2)                                     As D61_90,
       Round(g.B4,2)                                     As D91_180,
       Round(g.B5,2)                                     As D181_365,
       Round(g.B6,2)                                     As D365_PLUS,
       Round(g.B7,2)                                     As CANNOT_AGE,
       Round(g.Overdue,2)                                As TOTAL_OVERDUE,
       g.OpenItems                                       As OPEN_ITEMS,
       /* The immediately-adjustable figure: how much of this
          customer's receivable could be cleared by allocating credit
          the company already holds, with no collection effort at all. */
       Round(Least(g.Gross, g.Cred),2)                   As ADJUSTABLE_NOW,
       Round(Greatest(g.Gross - g.Cred,0),2)             As COLLECTION_NEEDED,
       Round(nvl(rc.Amt,0),2)                            As RECEIPTS_IN_PERIOD,
       lr.Last                                           As LAST_RECEIPT,
       g.OldestDue                                       As OLDEST_DUE_DATE,
       g.MaxDaysOd                                       As MAX_DAYS_OVERDUE,
       Round(g.WSum / Nullif(g.WBase,0),0)               As WEIGHTED_DAYS_OVERDUE,
       nvl(ag.PartyName, agt.Agent)    As SALESPERSON,
       nvl(ex.N,0)                                       As EXCEPTION_COUNT,
       Case When g.Gross > 0.005 And g.Cred > 0.005
                 Then '<span class=""ds-archip ds-archip--warn"">AR + Credit</span>'
            When g.Net < -0.005
                 Then '<span class=""ds-archip ds-archip--cred"">Net Credit</span>'
            When g.B7 > 0.005 And g.B7 >= g.Gross * 0.5
                 Then '<span class=""ds-archip ds-archip--nodata"">Mostly Unaged</span>'
            When g.Overdue > 0.005
                 Then '<span class=""ds-archip ds-archip--fail"">Overdue</span>'
            Else '<span class=""ds-archip ds-archip--pass"">Current</span>' End As POSITION
  From G g
  Left Join Party p  On p.PartyCode  = g.Pty
  Left Join Party pg On pg.PartyCode = p.ParentCode
  Left Join Company c On c.Comp","anyCode = g.Cmp
  Left Join Location l On l.LocationCode = g.Loc
  Left Join Rc rc On rc.Pty = g.Pty
  Left Join LastRc lr On lr.Pty = g.Pty
  Left Join Agt agt On agt.Pty = g.Pty
  Left Join Party ag On ag.PartyCode = agt.Agent
  Left Join Exc ex On ex.Pty = g.Pty
 /* Both predicates are parenthesised. Without the brackets AND binds
    tighter than OR and the focus filter would silently apply to only
    the last of the three balance tests. */
 Where (Abs(g.Net) > 0.005 Or g.Gross > 0.005 Or g.Cred > 0.005)
   And (:P908_FOCUS Is Null Or :P908_FOCUS = 'ALL'
        Or (:P908_FOCUS = 'OVERDUE' And g.Overdue > 0.005)
        Or (:P908_FOCUS = 'BOTH'    And g.Gross > 0.005 And g.Cred > 0.005)
        Or (:P908_FOCUS = 'INTERNAL' And 1=0))"
908,"Party-wise Outstanding","AR-PARTY-OUTSTANDING",900,"Go to","quick-links","NATIVE_SQL_REPORT","","/* The quick-links strip: one card per sibling page in this section.
   One report ROW per card, so the report's own tbody becomes the
   grid (see `.ds-kpiwrap` in design-system.css) and the number of
   cards can vary with the reader's privileges without the layout
   caring.

   AUTHORISATION. The menu gates each entry on
   GetApexReportPrivilege, but that function returns a PL/SQL
   BOOLEAN and therefore cannot be called from SQL. Its logic is
   reproduced below against the same three tables, INCLUDING the
   hard-coded 'BOSS' bypass it carries, so a card appears only
   where the menu entry would. A reader never sees a card for a
   page they cannot open. If that function's rule changes, this
   predicate has to change with it - that duplication is the price
   of the boolean return type.

   Page 698 (Bill Detail) is deliberately absent: it is keyed on a
   specific (Tno, Sno) and is meaningless without one, so it is
   reached by clicking a bill, never from a menu. */
With Pg As (
  Select 907 Id, 'AR Command Centre'          Nm, 'Exposure, ageing, collections and the exceptions behind every number' Sub, 'fa-dashboard'              Ic From dual Union All
  Select 908,    'Party-wise Outstanding',        'One row per customer, with ageing and the contact position',           'fa-users'                  From dual Union All
  Select 909,    'Bill-wise Outstanding',         'Every open item at line level, with its source document',              'fa-list-alt'               From dual Union All
  Select 910,    'Debtor 360',                    'One customer from every angle - bills, receipts, credits, statement',  'fa-user'                   From dual Union All
  Select 911,    'Receipts and Collections',      'Cash actually received, which bank took it, how much is applied',      'fa-download'               From dual Union All
  Select 912,    'Advances and Unapplied Cash',   'Customer money already held, and the receivable it could clear',       'fa-hand-o-up'              From dual Union All
  Select 913,    'Exceptions and Controls',       'Every control, what it tests, and the records that fail it',           'fa-exclamation-triangle'   From dual Union All
  Select 914,    'Reconciliation and Data Health','The open-item register against the general-ledger control account',    'fa-balance-scale'          From dual Union All
  Select 916,    'Trend Analysis',                'How the position moved, month by month',                               'fa-line-chart'             From dual Union All
  Select 917,    'Daily Collection MIS',          'One day: position, movement, and what remains unexplained',            'fa-calendar-o'             From dual Union All
  Select 918,    'Weekly AR Review',              'Opening against closing, and the controls that failed in the week',    'fa-calendar'               From dual Union All
  Select 919,    'Monthly Management MIS',        'The nine-section management pack',                                     'fa-file-text-o'            From dual)
Select '<a class=""ds-kpi ds-kpi--link ds-kpi--teal"" href=""'
    || apex_page.get_url(
         p_page        => Pg.Id,
         p_clear_cache => to_char(Pg.Id),
         /* Page 700 is a single-day report and has no From/To pair -
            naming an item that does not exist on the target page
            fails at run time, so its filter list is built separately. */
         p_items  => Case When Pg.Id = 917
                          Then 'P917_DAY,P917_COMPANY,P917_LOCATION'
                          Else 'P'||Pg.Id||'_FROMDATE,P'||Pg.Id||'_TODATE,P'
                               ||Pg.Id||'_COMPANY,P'||Pg.Id||'_LOCATION' End,
         p_values => Case When Pg.Id = 917
                          Then :P908_TODATE ||','|| :P908_COMPANY ||','|| :P908_LOCATION
                          Else :P908_FROMDATE ||','|| :P908_TODATE ||','|| :P908_COMPA","NY ||','|| :P908_LOCATION End)
    || '""><span class=""ds-kpi-ic fa ' || Pg.Ic || '""></span>'
    || '<div class=""ds-kpi-body""><div class=""ds-kpi-t"">' || Pg.Nm || '</div>'
    || '<div class=""ds-kpi-sub"">' || Pg.Sub || '</div></div></a>' As CARD
  From Pg
 Where Pg.Id <> 908
 Order By Pg.Id","",""
909,"Bill-wise Outstanding","AR-OPEN-ITEMS",5,"Bill-wise Outstanding","command-header","NATIVE_SQL_REPORT","","Select '<div class=""ds-ar-head"">'
    || '<div class=""ds-ar-eyebrow"">Receivables &middot; Open Items</div>'
    || '<h1 class=""ds-ar-title"">Bill-wise Outstanding</h1>'
    || '<div class=""ds-ar-sub"">Every open receivable and customer credit at line level, with its source document, ageing and full traceability into the general ledger</div>'
    || '<div class=""ds-ar-context"">'
    || '<span class=""ds-ar-chip""><span class=""fa fa-crosshairs""></span>Open as at <b>' || :P909_TODATE || '</b></span>'
    || '<span class=""ds-ar-chip""><span class=""fa fa-hourglass-half""></span>Ageing basis <b>'
       || Case When :P909_AGEBASIS = 'DOC' Then 'Document date (age)' Else 'Due date (lateness)' End || '</b></span>'
    || Case When nvl(:P909_BUCKET,'ALL') <> 'ALL' Then
            '<span class=""ds-ar-chip ds-ar-chip--warn""><span class=""fa fa-filter""></span>Showing <b>'
            || Case :P909_BUCKET When '0' Then 'Not Due' When '1' Then '1-30 days'
                                 When '2' Then '31-60 days' When '3' Then '61-90 days'
                                 When '4' Then '91-180 days' When '5' Then '181-365 days'
                                 When '6' Then 'over 365 days' When '7' Then 'Cannot Age - no due date'
                                 When '90' Then '90+ days' When 'OD' Then 'all overdue'
                                 When 'D7'  Then 'due within the next 7 days'
                                 When 'D30' Then 'due within the next 30 days'
                                 When 'WTD' Then 'aged items - those carrying a due date'
                                 When 'CR' Then 'customer credits only' Else :P909_BUCKET End
            || '</b> only</span>' End
    || '<span class=""ds-ar-chip""><span class=""fa fa-building-o""></span>Company <b>'
       || apex_escape.html(nvl((Select c.CompanyName From Company c Where c.CompanyCode = :P909_COMPANY),'All companies')) || '</b></span>'
    || '<span class=""ds-ar-chip""><span class=""fa fa-map-marker""></span>Location <b>'
       || apex_escape.html(nvl((Select l.LocationName From Location l Where l.LocationCode = :P909_LOCATION),'All locations')) || '</b></span>'
    || '</div></div>' As HEAD
  From dual","","",""
909,"Bill-wise Outstanding","AR-OPEN-ITEMS",10,"Filters","filter-bar","NATIVE_STATIC","","","","",""
909,"Bill-wise Outstanding","AR-OPEN-ITEMS",30,"Open Items","items","NATIVE_IR","","/* CANONICAL AR PROLOGUE - identical to pages 690 and 691.
   docs/ar-dashboard/AR_KPI_DEFINITION.md section 1. */
With Sd As (
       Select PartyCode From Party
        Start With PartyCode = 'SUNDRYDEBTORS'
        Connect By Prior PartyCode = ParentCode),
     Asof As (Select to_date(:P909_TODATE,'DD-MM-RRRR') D From dual),
     Alc As (
       Select a.DrVoucherTno Tno, a.DrVoucherSno Sno, -Sum(a.Amount) Amt
         From DrCrAllocation a, Voucher dv, Voucher cv, Asof
        Where dv.Tno = a.DrVoucherTno And cv.Tno = a.CrVoucherTno
          And dv.VoucherDate <= Asof.D And cv.VoucherDate <= Asof.D
        Group By a.DrVoucherTno, a.DrVoucherSno
       Union All
       Select a.CrVoucherTno, a.CrVoucherSno, Sum(a.Amount)
         From DrCrAllocation a, Voucher dv, Voucher cv, Asof
        Where dv.Tno = a.DrVoucherTno And cv.Tno = a.CrVoucherTno
          And dv.VoucherDate <= Asof.D And cv.VoucherDate <= Asof.D
        Group By a.CrVoucherTno, a.CrVoucherSno),
     Al As (Select Tno, Sno, Sum(Amt) Amt From Alc Group By Tno, Sno),
     Nr As (
       /* Number of receipts allocated to this item, and the date of the
          latest one. Aggregated to (Tno,Sno) BEFORE it is joined - a
          bill is settled by many receipts, so joining the bridge raw
          would duplicate the outstanding amount on every row. */
       Select a.DrVoucherTno Tno, a.DrVoucherSno Sno,
              Count(*) N, Max(cv.VoucherDate) Last
         From DrCrAllocation a, Voucher dv, Voucher cv, Asof
        Where dv.Tno = a.DrVoucherTno And cv.Tno = a.CrVoucherTno
          And dv.VoucherDate <= Asof.D And cv.VoucherDate <= Asof.D
        Group By a.DrVoucherTno, a.DrVoucherSno),
     Adj As (
       /* Debit and Credit Adjustment, split by what was on the OTHER
          side of each allocation. This ERP has no bill-level link from
          a credit note to the invoice it adjusts - the allocation
          bridge is the only place that relationship is recorded - so
          the split is derived from the counterpart voucher's DocTypeCode
          rather than invented. An allocation against a RECEIPT is a
          collection, not an adjustment, and is excluded from both. */
       Select a.DrVoucherTno Tno, a.DrVoucherSno Sno,
              Sum(Case When cv.DocTypeCode = 'CREDITNOTE' Then a.Amount Else 0 End) CrAdj,
              Sum(Case When cv.DocTypeCode = 'DEBITNOTE'  Then a.Amount Else 0 End) DrAdj
         From DrCrAllocation a, Voucher dv, Voucher cv, Asof
        Where dv.Tno = a.DrVoucherTno And cv.Tno = a.CrVoucherTno
          And dv.VoucherDate <= Asof.D And cv.VoucherDate <= Asof.D
          And cv.DocTypeCode In ('CREDITNOTE','DEBITNOTE')
        Group By a.DrVoucherTno, a.DrVoucherSno),
     Aged As (
       Select d.Tno, d.Sno, d.AccountCode Pty, d.CompanyCode Cmp,
              d.LocationCode Loc, cast(null as varchar2(100)) Pnl, d.VoucherDate Vdt, d.Narration Nrt,
              v.VoucherNo Vno, v.DocTypeCode Dtc, v.ModuleCode Mc,
              d.Amount Amt, nvl(al.Amt,0) Alloc,
              -(d.Amount - nvl(al.Amt,0)) Recv,
              coalesce(i.InvoiceDate, ao.BillDate, d.VoucherDate) DocDate,
              coalesce(i.DueDate, sb.DueDate, ao.BillDueDate) DueDate,
              coalesce(i.InvoiceNo, sb.ServiceBillNo, cn.CreditNoteNo, ao.BillNo, v.VoucherNo) BillRef,
              ao.BillDate AoBillDate,
              i.AgentCode Agent,
              Case When v.VoucherNo = 'OPENING'      Then 'Opening Carry-forward'
                   When v.ModuleCode = 'INVOICE'     Then 'Trade Invoice'
                   When v.ModuleCode = 'SERVICEBILL' Then 'Service Bill'
                   When v.ModuleCode = 'CREDITNOTE'  Then 'Credit Note'
                   When v.ModuleCode = 'DEBITNOTE'   Then 'Debit Note'
                   When v.ModuleCode = 'PBPASS'      Then 'Contra Purchase'
                   When v.DocTypeCode = 'R","ECEIPT'    Then 'Receipt / On-account'
                   When v.DocTypeCode In ('PAYMENT','CASHPAYMENT','BANKPAYMENT')
                                                     Then 'Payment to Customer'
                   Else 'Journal' End Cls,
              Case When nvl(:P909_AGEBASIS,'DUE') = 'DUE'
                        And coalesce(i.DueDate, sb.DueDate, ao.BillDueDate) Is Null Then 7
                   When nvl(:P909_AGEBASIS,'DUE') = 'DUE'
                        And coalesce(i.DueDate, sb.DueDate, ao.BillDueDate) >= Asof.D Then 0
                   When (Case When :P909_AGEBASIS = 'DOC'
                              Then Asof.D - coalesce(i.InvoiceDate, ao.BillDate, d.VoucherDate)
                              Else Greatest(Asof.D - coalesce(i.DueDate, sb.DueDate, ao.BillDueDate),0) End) <=  30 Then 1
                   When (Case When :P909_AGEBASIS = 'DOC'
                              Then Asof.D - coalesce(i.InvoiceDate, ao.BillDate, d.VoucherDate)
                              Else Greatest(Asof.D - coalesce(i.DueDate, sb.DueDate, ao.BillDueDate),0) End) <=  60 Then 2
                   When (Case When :P909_AGEBASIS = 'DOC'
                              Then Asof.D - coalesce(i.InvoiceDate, ao.BillDate, d.VoucherDate)
                              Else Greatest(Asof.D - coalesce(i.DueDate, sb.DueDate, ao.BillDueDate),0) End) <=  90 Then 3
                   When (Case When :P909_AGEBASIS = 'DOC'
                              Then Asof.D - coalesce(i.InvoiceDate, ao.BillDate, d.VoucherDate)
                              Else Greatest(Asof.D - coalesce(i.DueDate, sb.DueDate, ao.BillDueDate),0) End) <= 180 Then 4
                   When (Case When :P909_AGEBASIS = 'DOC'
                              Then Asof.D - coalesce(i.InvoiceDate, ao.BillDate, d.VoucherDate)
                              Else Greatest(Asof.D - coalesce(i.DueDate, sb.DueDate, ao.BillDueDate),0) End) <= 365 Then 5
                   Else 6 End Bkt,
              Case When :P909_AGEBASIS = 'DOC'
                   Then Asof.D - coalesce(i.InvoiceDate, ao.BillDate, d.VoucherDate)
                   When coalesce(i.DueDate, sb.DueDate, ao.BillDueDate) Is Not Null
                   Then Greatest(Asof.D - coalesce(i.DueDate, sb.DueDate, ao.BillDueDate),0)
              End DaysOd
         From VoucherDetail d
         Join Voucher v On v.Tno = d.Tno
         Left Join Al al On al.Tno = d.Tno And al.Sno = d.Sno
         Left Join Invoice     i  On v.ModuleCode = 'INVOICE'     And i.Tno  = v.ModuleTno
         Left Join ServiceBill sb On v.ModuleCode = 'SERVICEBILL' And sb.Tno = v.ModuleTno
         Left Join CreditNote  cn On v.ModuleCode = 'CREDITNOTE'  And cn.Tno = v.ModuleTno
         Left Join AccountOpening ao On v.VoucherNo = 'OPENING'   And ao.Tno = d.ModuleTno
         Cross Join Asof
        Where d.AccountCode In (Select PartyCode From Sd)
          And d.VoucherDate <= Asof.D
          And (cast(null as varchar2(100)) Is Null
               Or cast(null as varchar2(100)) = cast(null as varchar2(100)))
          And (null    Is Null Or cast(null as varchar2(100))        = null)
          And (:P909_COMPANY  Is Null Or d.CompanyCode  = :P909_COMPANY)
          And (:P909_LOCATION Is Null Or d.LocationCode = :P909_LOCATION))
Select a.Tno                                             As VOUCHER_TNO,
       a.Sno                                             As VOUCHER_SNO,
       a.Vno                                             As VOUCHER_NO,
       nvl(p.PartyName, a.Pty)         As CUSTOMER,
       a.Pty                                             As PARTY_CODE,
       '<span class=""ds-arclass"">' || a.Cls || '</span>' As ITEM_CLASS,
       a.BillRef                       As BILL_REFERENCE,
       nvl(a.Mc, a.Dtc)                                  As SOURCE_MODULE,
       a.DocDate                                         As DOCUMENT_DATE,
       a.V","dt                                             As POSTING_DATE,
       a.DueDate                                         As DUE_DATE,
       Round(Abs(a.Amt),2)                               As ORIGINAL_AMOUNT,
       Round(Abs(a.Alloc),2)                             As ALLOCATED,
       Round(nvl(adj.DrAdj,0),2)                         As DEBIT_ADJUSTMENT,
       Round(nvl(adj.CrAdj,0),2)                         As CREDIT_ADJUSTMENT,
       /* Per-item exception count, using the same predicates as page
          696 so this number and that report's rows are one finding set. */
       (Case When a.Recv > 0.005 And a.DueDate Is Null Then 1 Else 0 End
      + Case When a.Dtc = 'RECEIPT' And a.Recv < -0.005
                  And (Select D From Asof) - a.Vdt > 90 Then 1 Else 0 End
      + Case When a.Vno = 'OPENING' And a.AoBillDate Is Null
                  And Abs(a.Recv) > 0.005 Then 1 Else 0 End
      + Case When a.Pnl Is Null Then 1 Else 0 End)       As EXCEPTION_COUNT,
       Round(Case When a.Recv > 0 Then a.Recv Else 0 End,2)  As OUTSTANDING,
       Round(Case When a.Recv < 0 Then -a.Recv Else 0 End,2) As CREDIT_OPEN,
       a.DaysOd                                          As DAYS_OVERDUE,
       Case a.Bkt When 0 Then 'Not Due' When 1 Then '1-30' When 2 Then '31-60'
                  When 3 Then '61-90' When 4 Then '91-180' When 5 Then '181-365'
                  When 6 Then '>365'
                  Else '<span class=""ds-archip ds-archip--nodata"">Cannot Age</span>' End As AGEING_BUCKET,
       nvl(nr.N,0)                                       As SETTLEMENTS,
       nr.Last                                           As LAST_SETTLEMENT,
       nvl(ag.PartyName, a.Agent)      As AGENT,
       nvl(c.CompanyName, a.Cmp)       As COMPANY,
       nvl(l.LocationName, a.Loc)      As LOCATION,
       a.Pnl                                             As PANEL,
       substr(a.Nrt,1,300)             As NARRATION
  From Aged a
  Left Join Party p On p.PartyCode = a.Pty
  Left Join Party ag On ag.PartyCode = a.Agent
  Left Join Company c On c.CompanyCode = a.Cmp
  Left Join Location l On l.LocationCode = a.Loc
  Left Join Nr nr On nr.Tno = a.Tno And nr.Sno = a.Sno
  Left Join Adj adj On adj.Tno = a.Tno And adj.Sno = a.Sno
 Where Round(a.Recv,2) <> 0
   /* The bucket filter is what makes every KPI on page 690 land on
      exactly its own rows. Each branch mirrors one card's predicate. */
   And (nvl(:P909_BUCKET,'ALL') = 'ALL'
        Or (:P909_BUCKET = 'OD' And a.Recv > 0 And a.Bkt Between 1 And 6)
        Or (:P909_BUCKET = '90' And a.Recv > 0 And a.Bkt Between 4 And 6)
        Or (:P909_BUCKET = 'CR' And a.Recv < 0)
        /* D7 / D30 / WTD exist so the three forward-looking cards on
           page 690 can drill. Bucket 0 (Not Due) is far wider than
           either window, so it cannot stand in for them. The windows
           are open at the lower bound - an item due exactly on the
           As-of Date is already overdue, not ""due next 7 days"" - which
           is what the card sums, so the two must agree. */
        Or (:P909_BUCKET = 'D7'  And a.Recv > 0
            And a.DueDate >  (Select D From Asof)
            And a.DueDate <= (Select D From Asof) + 7)
        Or (:P909_BUCKET = 'D30' And a.Recv > 0
            And a.DueDate >  (Select D From Asof)
            And a.DueDate <= (Select D From Asof) + 30)
        /* WTD is the population the Weighted Days Overdue average runs
           over - every open receivable that HAS a due date, due and
           overdue alike. Items with no due date are excluded from both
           the numerator and the denominator, so they are excluded here. */
        Or (:P909_BUCKET = 'WTD' And a.Recv > 0 And a.DueDate Is Not Null)
        Or (:P909_BUCKET In ('0','1','2','3','4','5','6','7')
            And a.Recv > 0 And a.Bkt = to_number(:P909_BUCKET)))",""
909,"Bill-wise Outstanding","AR-OPEN-ITEMS",900,"Go to","quick-links","NATIVE_SQL_REPORT","","/* The quick-links strip: one card per sibling page in this section.
   One report ROW per card, so the report's own tbody becomes the
   grid (see `.ds-kpiwrap` in design-system.css) and the number of
   cards can vary with the reader's privileges without the layout
   caring.

   AUTHORISATION. The menu gates each entry on
   GetApexReportPrivilege, but that function returns a PL/SQL
   BOOLEAN and therefore cannot be called from SQL. Its logic is
   reproduced below against the same three tables, INCLUDING the
   hard-coded 'BOSS' bypass it carries, so a card appears only
   where the menu entry would. A reader never sees a card for a
   page they cannot open. If that function's rule changes, this
   predicate has to change with it - that duplication is the price
   of the boolean return type.

   Page 698 (Bill Detail) is deliberately absent: it is keyed on a
   specific (Tno, Sno) and is meaningless without one, so it is
   reached by clicking a bill, never from a menu. */
With Pg As (
  Select 907 Id, 'AR Command Centre'          Nm, 'Exposure, ageing, collections and the exceptions behind every number' Sub, 'fa-dashboard'              Ic From dual Union All
  Select 908,    'Party-wise Outstanding',        'One row per customer, with ageing and the contact position',           'fa-users'                  From dual Union All
  Select 909,    'Bill-wise Outstanding',         'Every open item at line level, with its source document',              'fa-list-alt'               From dual Union All
  Select 910,    'Debtor 360',                    'One customer from every angle - bills, receipts, credits, statement',  'fa-user'                   From dual Union All
  Select 911,    'Receipts and Collections',      'Cash actually received, which bank took it, how much is applied',      'fa-download'               From dual Union All
  Select 912,    'Advances and Unapplied Cash',   'Customer money already held, and the receivable it could clear',       'fa-hand-o-up'              From dual Union All
  Select 913,    'Exceptions and Controls',       'Every control, what it tests, and the records that fail it',           'fa-exclamation-triangle'   From dual Union All
  Select 914,    'Reconciliation and Data Health','The open-item register against the general-ledger control account',    'fa-balance-scale'          From dual Union All
  Select 916,    'Trend Analysis',                'How the position moved, month by month',                               'fa-line-chart'             From dual Union All
  Select 917,    'Daily Collection MIS',          'One day: position, movement, and what remains unexplained',            'fa-calendar-o'             From dual Union All
  Select 918,    'Weekly AR Review',              'Opening against closing, and the controls that failed in the week',    'fa-calendar'               From dual Union All
  Select 919,    'Monthly Management MIS',        'The nine-section management pack',                                     'fa-file-text-o'            From dual)
Select '<a class=""ds-kpi ds-kpi--link ds-kpi--teal"" href=""'
    || apex_page.get_url(
         p_page        => Pg.Id,
         p_clear_cache => to_char(Pg.Id),
         /* Page 700 is a single-day report and has no From/To pair -
            naming an item that does not exist on the target page
            fails at run time, so its filter list is built separately. */
         p_items  => Case When Pg.Id = 917
                          Then 'P917_DAY,P917_COMPANY,P917_LOCATION'
                          Else 'P'||Pg.Id||'_FROMDATE,P'||Pg.Id||'_TODATE,P'
                               ||Pg.Id||'_COMPANY,P'||Pg.Id||'_LOCATION' End,
         p_values => Case When Pg.Id = 917
                          Then :P909_TODATE ||','|| :P909_COMPANY ||','|| :P909_LOCATION
                          Else :P909_FROMDATE ||','|| :P909_TODATE ||','|| :P909_COMPA","NY ||','|| :P909_LOCATION End)
    || '""><span class=""ds-kpi-ic fa ' || Pg.Ic || '""></span>'
    || '<div class=""ds-kpi-body""><div class=""ds-kpi-t"">' || Pg.Nm || '</div>'
    || '<div class=""ds-kpi-sub"">' || Pg.Sub || '</div></div></a>' As CARD
  From Pg
 Where Pg.Id <> 909
 Order By Pg.Id","",""
921,"Vendor-wise Payable","AP-VENDOR-OUTSTANDING",5,"Vendor-wise Payable","command-header","NATIVE_SQL_REPORT","","Select '<div class=""ds-ap-head"">'
    || '<div class=""ds-ap-eyebrow"">Payables &middot; Vendor Summary</div>'
    || '<h1 class=""ds-ap-title"">Vendor-wise Payable</h1>'
    || '<div class=""ds-ap-sub"">Every vendor''s payable, debits held, net liability and ageing profile as at the As-of Date. Click a vendor for Creditor 360.</div>'
    || '<div class=""ds-ap-context"">'
    || '<span class=""ds-ap-chip""><span class=""fa fa-crosshairs""></span>Outstanding as at <b>' || :P921_TODATE || '</b></span>'
    || '<span class=""ds-ap-chip""><span class=""fa fa-hourglass-half""></span>Ageing basis <b>'
       || Case When :P921_AGEBASIS = 'DOC' Then 'Document date (age)' Else 'Due date (lateness)' End || '</b></span>'
    || '<span class=""ds-ap-chip""><span class=""fa fa-building-o""></span>Company <b>'
       || apex_escape.html(nvl((Select c.CompanyName From Company c Where c.CompanyCode = :P921_COMPANY),'All companies')) || '</b></span>'
    || '<span class=""ds-ap-chip""><span class=""fa fa-map-marker""></span>Location <b>'
       || apex_escape.html(nvl((Select l.LocationName From Location l Where l.LocationCode = :P921_LOCATION),'All locations')) || '</b></span>'
    || '</div></div>' As HEAD
  From dual","","",""
921,"Vendor-wise Payable","AP-VENDOR-OUTSTANDING",10,"Filters","filter-bar","NATIVE_STATIC","","","","",""
921,"Vendor-wise Payable","AP-VENDOR-OUTSTANDING",30,"Vendor Outstanding","party-report","NATIVE_IR","","/* CANONICAL AP PROLOGUE - identical to page 708. See
   docs/ap-dashboard/AP_KPI_DEFINITION.md section 1. */
With Sd As (
       Select PartyCode From Party
        Start With PartyCode = 'SUNDRYCREDITORS'
        Connect By Prior PartyCode = ParentCode),
     Asof As (Select to_date(:P921_TODATE,'DD-MM-RRRR') D From dual),
     Alc As (
       Select a.DrVoucherTno Tno, a.DrVoucherSno Sno, -Sum(a.Amount) Amt
         From DrCrAllocation a, Voucher dv, Voucher cv, Asof
        Where dv.Tno = a.DrVoucherTno And cv.Tno = a.CrVoucherTno
          And dv.VoucherDate <= Asof.D And cv.VoucherDate <= Asof.D
        Group By a.DrVoucherTno, a.DrVoucherSno
       Union All
       Select a.CrVoucherTno, a.CrVoucherSno, Sum(a.Amount)
         From DrCrAllocation a, Voucher dv, Voucher cv, Asof
        Where dv.Tno = a.DrVoucherTno And cv.Tno = a.CrVoucherTno
          And dv.VoucherDate <= Asof.D And cv.VoucherDate <= Asof.D
        Group By a.CrVoucherTno, a.CrVoucherSno),
     Al As (Select Tno, Sno, Sum(Amt) Amt From Alc Group By Tno, Sno),
     Aged As (
       Select d.AccountCode Pty, d.CompanyCode Cmp, d.LocationCode Loc, cast(null as varchar2(100)) Pnl,
              (d.Amount - nvl(al.Amt,0)) Pay,
              d.VoucherDate Vdt, v.VoucherNo Vno, v.DocTypeCode Dtc,
              ao.BillDate AoBillDate,
              coalesce(pt.DueDt, jt.DueDt, ao.BillDueDate) DueDate,
              coalesce(pt.DocDt, jt.DocDt, ao.BillDate, d.VoucherDate) DocDate,
              Case When nvl(:P921_AGEBASIS,'DUE') = 'DUE'
                        And coalesce(pt.DueDt, jt.DueDt, ao.BillDueDate) Is Null Then 7
                   When nvl(:P921_AGEBASIS,'DUE') = 'DUE'
                        And coalesce(pt.DueDt, jt.DueDt, ao.BillDueDate) >= Asof.D Then 0
                   When (Case When :P921_AGEBASIS = 'DOC'
                              Then Asof.D - coalesce(pt.DocDt, jt.DocDt, ao.BillDate, d.VoucherDate)
                              Else Greatest(Asof.D - coalesce(pt.DueDt, jt.DueDt, ao.BillDueDate),0) End) <=  30 Then 1
                   When (Case When :P921_AGEBASIS = 'DOC'
                              Then Asof.D - coalesce(pt.DocDt, jt.DocDt, ao.BillDate, d.VoucherDate)
                              Else Greatest(Asof.D - coalesce(pt.DueDt, jt.DueDt, ao.BillDueDate),0) End) <=  60 Then 2
                   When (Case When :P921_AGEBASIS = 'DOC'
                              Then Asof.D - coalesce(pt.DocDt, jt.DocDt, ao.BillDate, d.VoucherDate)
                              Else Greatest(Asof.D - coalesce(pt.DueDt, jt.DueDt, ao.BillDueDate),0) End) <=  90 Then 3
                   When (Case When :P921_AGEBASIS = 'DOC'
                              Then Asof.D - coalesce(pt.DocDt, jt.DocDt, ao.BillDate, d.VoucherDate)
                              Else Greatest(Asof.D - coalesce(pt.DueDt, jt.DueDt, ao.BillDueDate),0) End) <= 180 Then 4
                   When (Case When :P921_AGEBASIS = 'DOC'
                              Then Asof.D - coalesce(pt.DocDt, jt.DocDt, ao.BillDate, d.VoucherDate)
                              Else Greatest(Asof.D - coalesce(pt.DueDt, jt.DueDt, ao.BillDueDate),0) End) <= 365 Then 5
                   Else 6 End Bkt,
              Case When :P921_AGEBASIS = 'DOC'
                   Then Asof.D - coalesce(pt.DocDt, jt.DocDt, ao.BillDate, d.VoucherDate)
                   When coalesce(pt.DueDt, jt.DueDt, ao.BillDueDate) Is Not Null
                   Then Greatest(Asof.D - coalesce(pt.DueDt, jt.DueDt, ao.BillDueDate),0)
              End DaysOd
         From VoucherDetail d
         Join Voucher v On v.Tno = d.Tno
         Left Join Al al On al.Tno = d.Tno And al.Sno = d.Sno
         Left Join (Select pp.Tno Tno,
                           coalesce(Max(pb.PartyBillDate), Max(pb.PurchaseBillDate)) DocDt,
                           Max(pb.PurchaseBillDate)
                             + coalesce(Max(po.CreditDay","s), Max(pty.CreditDays)) DueDt
                      From PBPass pp
                      Join PurchaseBill pb On pb.Tno = pp.PurchaseBillTno
                      Left Join PurchaseBillDetail pbd On pbd.Tno = pb.Tno
                      Left Join PurchaseOrder po On po.Tno = pbd.PurchaseOrderTno
                      Left Join Party pty On pty.PartyCode = pb.PartyCode
                     Group By pp.Tno) pt On v.ModuleCode = 'PBPASS' And pt.Tno = v.ModuleTno
         Left Join (Select jp.Tno Tno,
                           coalesce(Max(jb.PartyBillDate), Max(jb.JobBillDate)) DocDt,
                           Max(jb.JobBillDate) + nvl(Max(jo.CreditDays),0) DueDt
                      From JBPass jp
                      Join JobBill jb On jb.Tno = jp.JobBillTno
                      Left Join JobOrder jo On jo.Tno = jb.JobOrderTno
                     Group By jp.Tno) jt On v.ModuleCode = 'JBPASS' And jt.Tno = v.ModuleTno
         Left Join AccountOpening ao On v.VoucherNo = 'OPENING'   And ao.Tno = d.ModuleTno
         Cross Join Asof
        Where d.AccountCode In (Select PartyCode From Sd)
          And d.VoucherDate <= Asof.D
          And (cast(null as varchar2(100)) Is Null
               Or cast(null as varchar2(100)) = cast(null as varchar2(100)))
          And (null    Is Null Or cast(null as varchar2(100))        = null)
          And (:P921_COMPANY  Is Null Or d.CompanyCode  = :P921_COMPANY)
          And (:P921_LOCATION Is Null Or d.LocationCode = :P921_LOCATION)),
     Rc As (
       /* Payments are a FLOW, bounded by From/To - not by the As-of
          Date - and are aggregated to the party BEFORE they join, so
          they cannot fan out the open-item grain. Every channel counts:
          advices, bank-statement uploads and direct vouchers alike. */
       Select d.AccountCode Pty, Sum(-d.Amount) Amt, Max(d.VoucherDate) Last
         From VoucherDetail d Join Voucher v On v.Tno = d.Tno
        Where d.AccountCode In (Select PartyCode From Sd)
          And v.DocTypeCode In ('PAYMENT','CASHPAYMENT','BANKPAYMENT')
          And d.Amount < 0
          And d.VoucherDate >= to_date(:P921_FROMDATE,'DD-MM-RRRR')
          And d.VoucherDate <  to_date(:P921_TODATE,'DD-MM-RRRR') + 1
          And (cast(null as varchar2(100)) Is Null
               Or cast(null as varchar2(100)) = cast(null as varchar2(100)))
          And (null    Is Null Or cast(null as varchar2(100))        = null)
          And (:P921_COMPANY  Is Null Or d.CompanyCode  = :P921_COMPANY)
          And (:P921_LOCATION Is Null Or d.LocationCode = :P921_LOCATION)
        Group By d.AccountCode),
     LastRc As (
       /* Last payment EVER, not just in the period - a treasury
          reader needs ""when did we last pay this vendor"", which the
          period-bounded figure cannot answer. */
       Select d.AccountCode Pty, Max(d.VoucherDate) Last
         From VoucherDetail d Join Voucher v On v.Tno = d.Tno
         Cross Join Asof
        Where d.AccountCode In (Select PartyCode From Sd)
          And v.DocTypeCode In ('PAYMENT','CASHPAYMENT','BANKPAYMENT')
          And d.Amount < 0 And d.VoucherDate <= Asof.D
        Group By d.AccountCode),
     Agt As (
       /* Broker/agent is on the PURCHASE ORDER, not on the vendor
          master (Party.AgentCode is empty on creditors). A vendor may
          buy through more than one broker, so the one with the most
          orders is shown and the column is labelled ""Broker / Agent""
          rather than implying an exclusive owner. */
       Select PartyCode Pty, AgentCode Agent From (
         Select po.PartyCode, po.AgentCode,
                Row_Number() Over (Partition By po.PartyCode
                                   Order By Count(*) Desc) Rn
           From PurchaseOrder po Where po.AgentCode Is Not Null
          Group By po.PartyCode, po.AgentCode)
        Where Rn = 1),
     Exc As (
       ","/* Exception count per vendor, using the same predicates as
          page 715 so the number a reader sees here and the rows they
          get there are the same finding set. */
       Select Pty, Count(*) N From (
         Select Pty From Aged Where Pay > 0.005 And DueDate Is Null
         Union All
         Select a2.Pty From Aged a2 Cross Join Asof
          Where a2.Dtc In ('PAYMENT','CASHPAYMENT','BANKPAYMENT')
            And a2.Pay < -0.005 And Asof.D - a2.Vdt > 90
         Union All
         Select Pty From Aged Where Vno = 'OPENING' And AoBillDate Is Null And Abs(Pay) > 0.005
         Union All
         Select a3.Pty From Aged a3 Join Location l On l.LocationCode = a3.Loc
          Where upper(l.LocationName) Like '%DO NOT USE%' And Abs(a3.Pay) > 0.005
       ) Group By Pty),
     G As (
       Select Pty,
              Max(Cmp) Cmp, Max(Loc) Loc, Max(Pnl) Pnl,
              Sum(Case When Pay > 0 Then Pay Else 0 End) Gross,
              Sum(Case When Pay < 0 Then -Pay Else 0 End) Cred,
              Sum(Pay) Net,
              Sum(Case When Pay > 0 And Bkt = 0 Then Pay Else 0 End) B0,
              Sum(Case When Pay > 0 And Bkt = 1 Then Pay Else 0 End) B1,
              Sum(Case When Pay > 0 And Bkt = 2 Then Pay Else 0 End) B2,
              Sum(Case When Pay > 0 And Bkt = 3 Then Pay Else 0 End) B3,
              Sum(Case When Pay > 0 And Bkt = 4 Then Pay Else 0 End) B4,
              Sum(Case When Pay > 0 And Bkt = 5 Then Pay Else 0 End) B5,
              Sum(Case When Pay > 0 And Bkt = 6 Then Pay Else 0 End) B6,
              Sum(Case When Pay > 0 And Bkt = 7 Then Pay Else 0 End) B7,
              Sum(Case When Pay > 0 And Bkt Between 1 And 6 Then Pay Else 0 End) Overdue,
              Count(Case When Pay > 0 Then 1 End) OpenItems,
              Min(Case When Pay > 0 Then DueDate End) OldestDue,
              Max(Case When Pay > 0 Then DaysOd End) MaxDaysOd,
              Sum(Case When Pay > 0 And DaysOd Is Not Null Then Pay * DaysOd End) WSum,
              Sum(Case When Pay > 0 And DaysOd Is Not Null Then Pay End) WBase
         From Aged Group By Pty)
Select g.Pty                                             As PARTY_CODE,
       nvl(p.PartyName, g.Pty)         As PARTY_NAME,
       apex_escape.html(nvl(pg.PartyName,'&mdash;'))     As CUSTOMER_GROUP,
       Case When 1=0 Then 'Internal' Else 'Trade' End As CATEGORY,
       nvl(c.CompanyName, g.Cmp)       As COMPANY,
       nvl(l.LocationName, g.Loc)      As LOCATION,
       g.Pnl                                             As PANEL,
       Round(g.Gross,2)                                  As RECEIVABLE,
       Round(g.Cred,2)                                   As CREDIT_HELD,
       Round(g.Net,2)                                    As NET_EXPOSURE,
       Round(g.B0,2)                                     As NOT_DUE,
       Round(g.B1,2)                                     As D1_30,
       Round(g.B2,2)                                     As D31_60,
       Round(g.B3,2)                                     As D61_90,
       Round(g.B4,2)                                     As D91_180,
       Round(g.B5,2)                                     As D181_365,
       Round(g.B6,2)                                     As D365_PLUS,
       Round(g.B7,2)                                     As CANNOT_AGE,
       Round(g.Overdue,2)                                As TOTAL_OVERDUE,
       g.OpenItems                                       As OPEN_ITEMS,
       /* The immediately-adjustable figure: how much of this
          vendor's payable could be cleared by allocating the debits
          the company already holds, with no cash outflow at all. */
       Round(Least(g.Gross, g.Cred),2)                   As ADJUSTABLE_NOW,
       Round(Greatest(g.Gross - g.Cred,0),2)             As COLLECTION_NEEDED,
       Round(nvl(rc.Amt,0),2)                            As RECEIPTS_IN_PERIOD,
  ","     lr.Last                                           As LAST_RECEIPT,
       g.OldestDue                                       As OLDEST_DUE_DATE,
       g.MaxDaysOd                                       As MAX_DAYS_OVERDUE,
       Round(g.WSum / Nullif(g.WBase,0),0)               As WEIGHTED_DAYS_OVERDUE,
       nvl(ag.PartyName, agt.Agent)    As SALESPERSON,
       nvl(ex.N,0)                                       As EXCEPTION_COUNT,
       Case When g.Gross > 0.005 And g.Cred > 0.005
                 Then '<span class=""ds-apchip ds-apchip--warn"">Payable + Advance</span>'
            When g.Net < -0.005
                 Then '<span class=""ds-apchip ds-apchip--dr"">Net Debit</span>'
            When g.B7 > 0.005 And g.B7 >= g.Gross * 0.5
                 Then '<span class=""ds-apchip ds-apchip--nodata"">Mostly Unaged</span>'
            When g.Overdue > 0.005
                 Then '<span class=""ds-apchip ds-apchip--fail"">Overdue</span>'
            Else '<span class=""ds-apchip ds-apchip--pass"">Current</span>' End As POSITION
  From G g
  Left Join Party p  On p.PartyCode  = g.Pty
  Left Join Party pg On pg.PartyCode = p.ParentCode
  Left Join Company c On c.CompanyCode = g.Cmp
  Left Join Location l On l.LocationCode = g.Loc
  Left Join Rc rc On rc.Pty = g.Pty
  Left Join LastRc lr On lr.Pty = g.Pty
  Left Join Agt agt On agt.Pty = g.Pty
  Left Join Party ag On ag.PartyCode = agt.Agent
  Left Join Exc ex On ex.Pty = g.Pty
 /* Both predicates are parenthesised. Without the brackets AND binds
    tighter than OR and the focus filter would silently apply to only
    the last of the three balance tests. */
 Where (Abs(g.Net) > 0.005 Or g.Gross > 0.005 Or g.Cred > 0.005)
   And (:P921_FOCUS Is Null Or :P921_FOCUS = 'ALL'
        Or (:P921_FOCUS = 'OVERDUE' And g.Overdue > 0.005)
        Or (:P921_FOCUS = 'BOTH'    And g.Gross > 0.005 And g.Cred > 0.005)
        Or (:P921_FOCUS = 'INTERNAL' And 1=0))"
921,"Vendor-wise Payable","AP-VENDOR-OUTSTANDING",900,"Go to","quick-links","NATIVE_SQL_REPORT","","/* The quick-links strip: one card per sibling page in this section.
   One report ROW per card, so the report's own tbody becomes the
   grid (see `.ds-kpiwrap` in design-system.css) and the number of
   cards can vary with the reader's privileges without the layout
   caring.

   AUTHORISATION. The menu gates each entry on
   GetApexReportPrivilege, but that function returns a PL/SQL
   BOOLEAN and therefore cannot be called from SQL. Its logic is
   reproduced below against the same three tables, INCLUDING the
   hard-coded 'BOSS' bypass it carries, so a card appears only
   where the menu entry would. A reader never sees a card for a
   page they cannot open. If that function's rule changes, this
   predicate has to change with it - that duplication is the price
   of the boolean return type.

   Page 698 (Bill Detail) is deliberately absent: it is keyed on a
   specific (Tno, Sno) and is meaningless without one, so it is
   reached by clicking a bill, never from a menu. */
With Pg As (
  Select 920 Id, 'AP Command Centre'          Nm, 'Payable, due and overdue, payments, advances and the exceptions behind every number' Sub, 'fa-dashboard'              Ic From dual Union All
  Select 921,    'Vendor-wise Payable',           'One row per vendor, with ageing and the netting position',             'fa-users'                  From dual Union All
  Select 922,    'Bill-wise Payable',             'Every open item at line level, with its source document',              'fa-list-alt'               From dual Union All
  Select 923,    'Creditor 360',                  'One vendor from every angle - bills, payments, advances, statement',   'fa-user'                   From dual Union All
  Select 924,    'Payments and Settlement',       'Cash actually paid, which bank paid it, how much is applied',          'fa-upload'                 From dual Union All
  Select 925,    'Advances and Unapplied Payments','Money already with vendors, and the payable it could clear',          'fa-hand-o-up'              From dual Union All
  Select 926,    'Unbilled Liability (GRNI)',     'Goods received, no supplier bill yet - tied to the GR/IR account',     'fa-truck'                  From dual Union All
  Select 927,    'Exceptions and Controls',       'Every control, what it tests, and the records that fail it',           'fa-exclamation-triangle'   From dual Union All
  Select 928,    'Reconciliation and Data Health','The open-item register against the general-ledger control account',    'fa-balance-scale'          From dual Union All
  Select 930,    'Trends and Cash Forecast',      'How the position moved, and the cash the due dates demand',            'fa-line-chart'             From dual Union All
  Select 931,    'Daily Payment MIS',             'One day: position, movement, dues and what remains unexplained',       'fa-calendar-o'             From dual Union All
  Select 932,    'Weekly AP Review',              'Opening against closing, and the controls that failed in the week',    'fa-calendar'               From dual Union All
  Select 933,    'Monthly Management MIS',        'The management pack, reconciled to the GL at the foot',                'fa-file-text-o'            From dual)
Select '<a class=""ds-kpi ds-kpi--link ds-kpi--teal"" href=""'
    || apex_page.get_url(
         p_page        => Pg.Id,
         p_clear_cache => to_char(Pg.Id),
         /* Page 700 is a single-day report and has no From/To pair -
            naming an item that does not exist on the target page
            fails at run time, so its filter list is built separately. */
         p_items  => Case When Pg.Id = 931
                          Then 'P931_DAY,P931_COMPANY,P931_LOCATION'
                          Else 'P'||Pg.Id||'_FROMDATE,P'||Pg.Id||'_TODATE,P'
                               ||Pg.Id||'_COMPANY,P'||Pg.Id||'_LOCATION' End,
         p_values => Case When Pg",".Id = 931
                          Then :P921_TODATE ||','|| :P921_COMPANY ||','|| :P921_LOCATION
                          Else :P921_FROMDATE ||','|| :P921_TODATE ||','|| :P921_COMPANY ||','|| :P921_LOCATION End)
    || '""><span class=""ds-kpi-ic fa ' || Pg.Ic || '""></span>'
    || '<div class=""ds-kpi-body""><div class=""ds-kpi-t"">' || Pg.Nm || '</div>'
    || '<div class=""ds-kpi-sub"">' || Pg.Sub || '</div></div></a>' As CARD
  From Pg
 Where Pg.Id <> 921
 Order By Pg.Id","",""
922,"Bill-wise Payable","AP-OPEN-ITEMS",5,"Bill-wise Payable","command-header","NATIVE_SQL_REPORT","","Select '<div class=""ds-ap-head"">'
    || '<div class=""ds-ap-eyebrow"">Payables &middot; Open Items</div>'
    || '<h1 class=""ds-ap-title"">Bill-wise Payable</h1>'
    || '<div class=""ds-ap-sub"">Every open payable and vendor debit at line level, with its source document, ageing and full traceability into the general ledger</div>'
    || '<div class=""ds-ap-context"">'
    || '<span class=""ds-ap-chip""><span class=""fa fa-crosshairs""></span>Open as at <b>' || :P922_TODATE || '</b></span>'
    || '<span class=""ds-ap-chip""><span class=""fa fa-hourglass-half""></span>Ageing basis <b>'
       || Case When :P922_AGEBASIS = 'DOC' Then 'Document date (age)' Else 'Due date (lateness)' End || '</b></span>'
    || Case When nvl(:P922_BUCKET,'ALL') <> 'ALL' Then
            '<span class=""ds-ap-chip ds-ap-chip--warn""><span class=""fa fa-filter""></span>Showing <b>'
            || Case :P922_BUCKET When '0' Then 'Not Due' When '1' Then '1-30 days'
                                 When '2' Then '31-60 days' When '3' Then '61-90 days'
                                 When '4' Then '91-180 days' When '5' Then '181-365 days'
                                 When '6' Then 'over 365 days' When '7' Then 'Cannot Age - no due date'
                                 When '90' Then '90+ days' When 'OD' Then 'all overdue'
                                 When 'D7'  Then 'due within the next 7 days'
                                 When 'D30' Then 'due within the next 30 days'
                                 When 'WTD' Then 'aged items - those carrying a due date'
                                 When 'CR' Then 'vendor credits only' Else :P922_BUCKET End
            || '</b> only</span>' End
    || '<span class=""ds-ap-chip""><span class=""fa fa-building-o""></span>Company <b>'
       || apex_escape.html(nvl((Select c.CompanyName From Company c Where c.CompanyCode = :P922_COMPANY),'All companies')) || '</b></span>'
    || '<span class=""ds-ap-chip""><span class=""fa fa-map-marker""></span>Location <b>'
       || apex_escape.html(nvl((Select l.LocationName From Location l Where l.LocationCode = :P922_LOCATION),'All locations')) || '</b></span>'
    || '</div></div>' As HEAD
  From dual","","",""
922,"Bill-wise Payable","AP-OPEN-ITEMS",10,"Filters","filter-bar","NATIVE_STATIC","","","","",""
922,"Bill-wise Payable","AP-OPEN-ITEMS",30,"Open Items","items","NATIVE_IR","","/* CANONICAL AP PROLOGUE - identical to pages 708 and 709.
   docs/ap-dashboard/AP_KPI_DEFINITION.md section 1. */
With Sd As (
       Select PartyCode From Party
        Start With PartyCode = 'SUNDRYCREDITORS'
        Connect By Prior PartyCode = ParentCode),
     Asof As (Select to_date(:P922_TODATE,'DD-MM-RRRR') D From dual),
     Alc As (
       Select a.DrVoucherTno Tno, a.DrVoucherSno Sno, -Sum(a.Amount) Amt
         From DrCrAllocation a, Voucher dv, Voucher cv, Asof
        Where dv.Tno = a.DrVoucherTno And cv.Tno = a.CrVoucherTno
          And dv.VoucherDate <= Asof.D And cv.VoucherDate <= Asof.D
        Group By a.DrVoucherTno, a.DrVoucherSno
       Union All
       Select a.CrVoucherTno, a.CrVoucherSno, Sum(a.Amount)
         From DrCrAllocation a, Voucher dv, Voucher cv, Asof
        Where dv.Tno = a.DrVoucherTno And cv.Tno = a.CrVoucherTno
          And dv.VoucherDate <= Asof.D And cv.VoucherDate <= Asof.D
        Group By a.CrVoucherTno, a.CrVoucherSno),
     Al As (Select Tno, Sno, Sum(Amt) Amt From Alc Group By Tno, Sno),
     Nr As (
       /* Number of settlements allocated to this item, and the date of
          the latest one. Aggregated to (Tno,Sno) BEFORE it is joined - a
          bill is settled by many payments, so joining the bridge raw
          would duplicate the outstanding amount on every row. */
       Select a.DrVoucherTno Tno, a.DrVoucherSno Sno,
              Count(*) N, Max(cv.VoucherDate) Last
         From DrCrAllocation a, Voucher dv, Voucher cv, Asof
        Where dv.Tno = a.DrVoucherTno And cv.Tno = a.CrVoucherTno
          And dv.VoucherDate <= Asof.D And cv.VoucherDate <= Asof.D
        Group By a.DrVoucherTno, a.DrVoucherSno),
     Adj As (
       /* Debit and Credit Adjustment, split by what was on the OTHER
          side of each allocation. This ERP has no bill-level link from
          a credit note to the invoice it adjusts - the allocation
          bridge is the only place that relationship is recorded - so
          the split is derived from the counterpart voucher's DocTypeCode
          rather than invented. An allocation against a PAYMENT is a
          settlement, not an adjustment, and is excluded from both. */
       Select a.DrVoucherTno Tno, a.DrVoucherSno Sno,
              Sum(Case When cv.DocTypeCode = 'CREDITNOTE' Then a.Amount Else 0 End) CrAdj,
              Sum(Case When cv.DocTypeCode = 'DEBITNOTE'  Then a.Amount Else 0 End) DrAdj
         From DrCrAllocation a, Voucher dv, Voucher cv, Asof
        Where dv.Tno = a.DrVoucherTno And cv.Tno = a.CrVoucherTno
          And dv.VoucherDate <= Asof.D And cv.VoucherDate <= Asof.D
          And cv.DocTypeCode In ('CREDITNOTE','DEBITNOTE')
        Group By a.DrVoucherTno, a.DrVoucherSno),
     Aged As (
       Select d.Tno, d.Sno, d.AccountCode Pty, d.CompanyCode Cmp,
              d.LocationCode Loc, cast(null as varchar2(100)) Pnl, d.VoucherDate Vdt, d.Narration Nrt,
              v.VoucherNo Vno, v.DocTypeCode Dtc, v.ModuleCode Mc,
              d.Amount Amt, nvl(al.Amt,0) Alloc,
              (d.Amount - nvl(al.Amt,0)) Pay,
              coalesce(pt.DocDt, jt.DocDt, ao.BillDate, d.VoucherDate) DocDate,
              coalesce(pt.DueDt, jt.DueDt, ao.BillDueDate) DueDate,
              coalesce(pt.Pbn, jt.Pbn, fa.PartyBillNo,
                       ese.BillNo, dn.DebitNoteNo, ao.BillNo, v.VoucherNo) BillRef,
              ao.BillDate AoBillDate,
              pt.Agt Agent,
              Case When v.VoucherNo = 'OPENING'          Then 'Opening Carry-forward'
                   When v.ModuleCode = 'PBPASS'          Then 'Purchase Bill'
                   When v.ModuleCode = 'JBPASS'          Then 'Job Bill'
                   When v.ModuleCode = 'FREIGHTADVICE'   Then 'Freight Bill'
                   When v.ModuleCode = 'CASHPURCHASE'    Then 'Cash Purchase'
                   When v.ModuleCode In ('NECESSITYCOMPLETION',","'NECESSITYSLIP')
                                                         Then 'Necessity Expense'
                   When v.ModuleCode = 'EXTERNALSERVICESENTRY'
                     Or v.DocTypeCode = 'SERVICEBILL'    Then 'Service Bill'
                   When v.ModuleCode = 'DEBITNOTE'
                     Or v.DocTypeCode = 'DEBITNOTE'      Then 'Debit Note'
                   When v.ModuleCode = 'BILLDISCOUNTINGVOUCHER'
                                                         Then 'Bill Discounting'
                   When v.ModuleCode In ('INVOICE','CCINVOICE')
                     Or v.DocTypeCode = 'SALE'           Then 'Contra Sale'
                   When v.DocTypeCode In ('PAYMENT','CASHPAYMENT','BANKPAYMENT')
                                                         Then 'Payment to Vendor'
                   When v.DocTypeCode = 'RECEIPT'        Then 'Receipt / Credit-in'
                   Else 'Journal' End Cls,
              Case When nvl(:P922_AGEBASIS,'DUE') = 'DUE'
                        And coalesce(pt.DueDt, jt.DueDt, ao.BillDueDate) Is Null Then 7
                   When nvl(:P922_AGEBASIS,'DUE') = 'DUE'
                        And coalesce(pt.DueDt, jt.DueDt, ao.BillDueDate) >= Asof.D Then 0
                   When (Case When :P922_AGEBASIS = 'DOC'
                              Then Asof.D - coalesce(pt.DocDt, jt.DocDt, ao.BillDate, d.VoucherDate)
                              Else Greatest(Asof.D - coalesce(pt.DueDt, jt.DueDt, ao.BillDueDate),0) End) <=  30 Then 1
                   When (Case When :P922_AGEBASIS = 'DOC'
                              Then Asof.D - coalesce(pt.DocDt, jt.DocDt, ao.BillDate, d.VoucherDate)
                              Else Greatest(Asof.D - coalesce(pt.DueDt, jt.DueDt, ao.BillDueDate),0) End) <=  60 Then 2
                   When (Case When :P922_AGEBASIS = 'DOC'
                              Then Asof.D - coalesce(pt.DocDt, jt.DocDt, ao.BillDate, d.VoucherDate)
                              Else Greatest(Asof.D - coalesce(pt.DueDt, jt.DueDt, ao.BillDueDate),0) End) <=  90 Then 3
                   When (Case When :P922_AGEBASIS = 'DOC'
                              Then Asof.D - coalesce(pt.DocDt, jt.DocDt, ao.BillDate, d.VoucherDate)
                              Else Greatest(Asof.D - coalesce(pt.DueDt, jt.DueDt, ao.BillDueDate),0) End) <= 180 Then 4
                   When (Case When :P922_AGEBASIS = 'DOC'
                              Then Asof.D - coalesce(pt.DocDt, jt.DocDt, ao.BillDate, d.VoucherDate)
                              Else Greatest(Asof.D - coalesce(pt.DueDt, jt.DueDt, ao.BillDueDate),0) End) <= 365 Then 5
                   Else 6 End Bkt,
              Case When :P922_AGEBASIS = 'DOC'
                   Then Asof.D - coalesce(pt.DocDt, jt.DocDt, ao.BillDate, d.VoucherDate)
                   When coalesce(pt.DueDt, jt.DueDt, ao.BillDueDate) Is Not Null
                   Then Greatest(Asof.D - coalesce(pt.DueDt, jt.DueDt, ao.BillDueDate),0)
              End DaysOd
         From VoucherDetail d
         Join Voucher v On v.Tno = d.Tno
         Left Join Al al On al.Tno = d.Tno And al.Sno = d.Sno
         Left Join (Select pp.Tno Tno,
                           Max(pb.PartyBillNo) Pbn,
                           Max(po.AgentCode) Agt,
                           coalesce(Max(pb.PartyBillDate), Max(pb.PurchaseBillDate)) DocDt,
                           Max(pb.PurchaseBillDate)
                             + coalesce(Max(po.CreditDays), Max(pty.CreditDays)) DueDt
                      From PBPass pp
                      Join PurchaseBill pb On pb.Tno = pp.PurchaseBillTno
                      Left Join PurchaseBillDetail pbd On pbd.Tno = pb.Tno
                      Left Join PurchaseOrder po On po.Tno = pbd.PurchaseOrderTno
                      Left Join Party pty On pty.PartyCode = pb.PartyCode
                     Group By pp.Tno) pt On v.ModuleCode"," = 'PBPASS' And pt.Tno = v.ModuleTno
         Left Join (Select jp.Tno Tno,
                           Max(jb.PartyBillNo) Pbn,
                           coalesce(Max(jb.PartyBillDate), Max(jb.JobBillDate)) DocDt,
                           Max(jb.JobBillDate) + nvl(Max(jo.CreditDays),0) DueDt
                      From JBPass jp
                      Join JobBill jb On jb.Tno = jp.JobBillTno
                      Left Join JobOrder jo On jo.Tno = jb.JobOrderTno
                     Group By jp.Tno) jt On v.ModuleCode = 'JBPASS' And jt.Tno = v.ModuleTno
         Left Join FreightAdvice fa On v.ModuleCode = 'FREIGHTADVICE' And fa.Tno = v.ModuleTno
         /* HSPL has CASHPURCHASE as a module code but no CashPurchase
            source table. For those vouchers BillRef therefore falls
            through to Voucher.VoucherNo instead of failing the page. */
         Left Join ExternalServicesEntry ese
                On v.ModuleCode = 'EXTERNALSERVICESENTRY' And ese.Tno = v.ModuleTno
         Left Join DebitNote dn On v.ModuleCode = 'DEBITNOTE' And dn.Tno = v.ModuleTno
         Left Join AccountOpening ao On v.VoucherNo = 'OPENING'   And ao.Tno = d.ModuleTno
         Cross Join Asof
        Where d.AccountCode In (Select PartyCode From Sd)
          And d.VoucherDate <= Asof.D
          And (cast(null as varchar2(100)) Is Null
               Or cast(null as varchar2(100)) = cast(null as varchar2(100)))
          And (null    Is Null Or cast(null as varchar2(100))        = null)
          And (:P922_COMPANY  Is Null Or d.CompanyCode  = :P922_COMPANY)
          And (:P922_LOCATION Is Null Or d.LocationCode = :P922_LOCATION))
Select a.Tno                                             As VOUCHER_TNO,
       a.Sno                                             As VOUCHER_SNO,
       a.Vno                                             As VOUCHER_NO,
       nvl(p.PartyName, a.Pty)         As CUSTOMER,
       a.Pty                                             As PARTY_CODE,
       '<span class=""ds-apclass"">' || a.Cls || '</span>' As ITEM_CLASS,
       a.BillRef                       As BILL_REFERENCE,
       nvl(a.Mc, a.Dtc)                                  As SOURCE_MODULE,
       a.DocDate                                         As DOCUMENT_DATE,
       a.Vdt                                             As POSTING_DATE,
       a.DueDate                                         As DUE_DATE,
       Round(Abs(a.Amt),2)                               As ORIGINAL_AMOUNT,
       Round(Abs(a.Alloc),2)                             As ALLOCATED,
       Round(nvl(adj.DrAdj,0),2)                         As DEBIT_ADJUSTMENT,
       Round(nvl(adj.CrAdj,0),2)                         As CREDIT_ADJUSTMENT,
       /* Per-item exception count, using the same predicates as page
          696 so this number and that report's rows are one finding set. */
       (Case When a.Pay > 0.005 And a.DueDate Is Null Then 1 Else 0 End
      + Case When a.Dtc In ('PAYMENT','CASHPAYMENT','BANKPAYMENT') And a.Pay < -0.005
                  And (Select D From Asof) - a.Vdt > 90 Then 1 Else 0 End
      + Case When a.Vno = 'OPENING' And a.AoBillDate Is Null
                  And Abs(a.Pay) > 0.005 Then 1 Else 0 End
      + Case When a.Pnl Is Null Then 1 Else 0 End)       As EXCEPTION_COUNT,
       Round(Case When a.Pay > 0 Then a.Pay Else 0 End,2)  As OUTSTANDING,
       Round(Case When a.Pay < 0 Then -a.Pay Else 0 End,2) As CREDIT_OPEN,
       a.DaysOd                                          As DAYS_OVERDUE,
       Case a.Bkt When 0 Then 'Not Due' When 1 Then '1-30' When 2 Then '31-60'
                  When 3 Then '61-90' When 4 Then '91-180' When 5 Then '181-365'
                  When 6 Then '>365'
                  Else '<span class=""ds-apchip ds-apchip--nodata"">Cannot Age</span>' End As AGEING_BUCKET,
       nvl(nr.N,0)                                       As SETTLEMENTS,
   ","    nr.Last                                           As LAST_SETTLEMENT,
       nvl(ag.PartyName, a.Agent)      As AGENT,
       nvl(c.CompanyName, a.Cmp)       As COMPANY,
       nvl(l.LocationName, a.Loc)      As LOCATION,
       a.Pnl                                             As PANEL,
       substr(a.Nrt,1,300)             As NARRATION
  From Aged a
  Left Join Party p On p.PartyCode = a.Pty
  Left Join Party ag On ag.PartyCode = a.Agent
  Left Join Company c On c.CompanyCode = a.Cmp
  Left Join Location l On l.LocationCode = a.Loc
  Left Join Nr nr On nr.Tno = a.Tno And nr.Sno = a.Sno
  Left Join Adj adj On adj.Tno = a.Tno And adj.Sno = a.Sno
 Where Round(a.Pay,2) <> 0
   /* The bucket filter is what makes every KPI on page 708 land on
      exactly its own rows. Each branch mirrors one card's predicate. */
   And (nvl(:P922_BUCKET,'ALL') = 'ALL'
        Or (:P922_BUCKET = 'OD' And a.Pay > 0 And a.Bkt Between 1 And 6)
        Or (:P922_BUCKET = '90' And a.Pay > 0 And a.Bkt Between 4 And 6)
        Or (:P922_BUCKET = 'CR' And a.Pay < 0)
        /* DT / D7 / D30 / WTD exist so the forward-looking cards on
           page 708 can drill. Bucket 0 (Not Due) is far wider than
           any of these windows, so it cannot stand in for them. The
           7/30-day windows are open at the lower bound - an item due
           exactly on the As-of Date belongs to Due Today (DT), not to
           ""due next 7 days"" - which is what each card sums, so card
           and drill-down must agree. */
        Or (:P922_BUCKET = 'DT'  And a.Pay > 0
            And a.DueDate = (Select D From Asof))
        Or (:P922_BUCKET = 'D7'  And a.Pay > 0
            And a.DueDate >  (Select D From Asof)
            And a.DueDate <= (Select D From Asof) + 7)
        Or (:P922_BUCKET = 'D30' And a.Pay > 0
            And a.DueDate >  (Select D From Asof)
            And a.DueDate <= (Select D From Asof) + 30)
        /* Band windows for the cash-requirement strip on page 718 -
           bands, not cumulative windows, so the six cells add up to
           the 90-day requirement without double counting. */
        Or (:P922_BUCKET = 'B815' And a.Pay > 0
            And a.DueDate >  (Select D From Asof) + 7
            And a.DueDate <= (Select D From Asof) + 15)
        Or (:P922_BUCKET = 'B1630' And a.Pay > 0
            And a.DueDate >  (Select D From Asof) + 15
            And a.DueDate <= (Select D From Asof) + 30)
        Or (:P922_BUCKET = 'B3160' And a.Pay > 0
            And a.DueDate >  (Select D From Asof) + 30
            And a.DueDate <= (Select D From Asof) + 60)
        Or (:P922_BUCKET = 'B6190' And a.Pay > 0
            And a.DueDate >  (Select D From Asof) + 60
            And a.DueDate <= (Select D From Asof) + 90)
        /* WTD is the population the Weighted Days Overdue average runs
           over - every open payable that HAS a due date, due and
           overdue alike. Items with no due date are excluded from both
           the numerator and the denominator, so they are excluded here. */
        Or (:P922_BUCKET = 'WTD' And a.Pay > 0 And a.DueDate Is Not Null)
        Or (:P922_BUCKET In ('0','1','2','3','4','5','6','7')
            And a.Pay > 0 And a.Bkt = to_number(:P922_BUCKET)))"
922,"Bill-wise Payable","AP-OPEN-ITEMS",900,"Go to","quick-links","NATIVE_SQL_REPORT","","/* The quick-links strip: one card per sibling page in this section.
   One report ROW per card, so the report's own tbody becomes the
   grid (see `.ds-kpiwrap` in design-system.css) and the number of
   cards can vary with the reader's privileges without the layout
   caring.

   AUTHORISATION. The menu gates each entry on
   GetApexReportPrivilege, but that function returns a PL/SQL
   BOOLEAN and therefore cannot be called from SQL. Its logic is
   reproduced below against the same three tables, INCLUDING the
   hard-coded 'BOSS' bypass it carries, so a card appears only
   where the menu entry would. A reader never sees a card for a
   page they cannot open. If that function's rule changes, this
   predicate has to change with it - that duplication is the price
   of the boolean return type.

   Page 698 (Bill Detail) is deliberately absent: it is keyed on a
   specific (Tno, Sno) and is meaningless without one, so it is
   reached by clicking a bill, never from a menu. */
With Pg As (
  Select 920 Id, 'AP Command Centre'          Nm, 'Payable, due and overdue, payments, advances and the exceptions behind every number' Sub, 'fa-dashboard'              Ic From dual Union All
  Select 921,    'Vendor-wise Payable',           'One row per vendor, with ageing and the netting position',             'fa-users'                  From dual Union All
  Select 922,    'Bill-wise Payable',             'Every open item at line level, with its source document',              'fa-list-alt'               From dual Union All
  Select 923,    'Creditor 360',                  'One vendor from every angle - bills, payments, advances, statement',   'fa-user'                   From dual Union All
  Select 924,    'Payments and Settlement',       'Cash actually paid, which bank paid it, how much is applied',          'fa-upload'                 From dual Union All
  Select 925,    'Advances and Unapplied Payments','Money already with vendors, and the payable it could clear',          'fa-hand-o-up'              From dual Union All
  Select 926,    'Unbilled Liability (GRNI)',     'Goods received, no supplier bill yet - tied to the GR/IR account',     'fa-truck'                  From dual Union All
  Select 927,    'Exceptions and Controls',       'Every control, what it tests, and the records that fail it',           'fa-exclamation-triangle'   From dual Union All
  Select 928,    'Reconciliation and Data Health','The open-item register against the general-ledger control account',    'fa-balance-scale'          From dual Union All
  Select 930,    'Trends and Cash Forecast',      'How the position moved, and the cash the due dates demand',            'fa-line-chart'             From dual Union All
  Select 931,    'Daily Payment MIS',             'One day: position, movement, dues and what remains unexplained',       'fa-calendar-o'             From dual Union All
  Select 932,    'Weekly AP Review',              'Opening against closing, and the controls that failed in the week',    'fa-calendar'               From dual Union All
  Select 933,    'Monthly Management MIS',        'The management pack, reconciled to the GL at the foot',                'fa-file-text-o'            From dual)
Select '<a class=""ds-kpi ds-kpi--link ds-kpi--teal"" href=""'
    || apex_page.get_url(
         p_page        => Pg.Id,
         p_clear_cache => to_char(Pg.Id),
         /* Page 700 is a single-day report and has no From/To pair -
            naming an item that does not exist on the target page
            fails at run time, so its filter list is built separately. */
         p_items  => Case When Pg.Id = 931
                          Then 'P931_DAY,P931_COMPANY,P931_LOCATION'
                          Else 'P'||Pg.Id||'_FROMDATE,P'||Pg.Id||'_TODATE,P'
                               ||Pg.Id||'_COMPANY,P'||Pg.Id||'_LOCATION' End,
         p_values => Case When Pg",".Id = 931
                          Then :P922_TODATE ||','|| :P922_COMPANY ||','|| :P922_LOCATION
                          Else :P922_FROMDATE ||','|| :P922_TODATE ||','|| :P922_COMPANY ||','|| :P922_LOCATION End)
    || '""><span class=""ds-kpi-ic fa ' || Pg.Ic || '""></span>'
    || '<div class=""ds-kpi-body""><div class=""ds-kpi-t"">' || Pg.Nm || '</div>'
    || '<div class=""ds-kpi-sub"">' || Pg.Sub || '</div></div></a>' As CARD
  From Pg
 Where Pg.Id <> 922
 Order By Pg.Id","",""
923,"Creditor 360","CREDITOR-360",5,"Creditor 360","command-header","NATIVE_SQL_REPORT","","Select '<div class=""ds-ap-head"">'
    || '<div class=""ds-ap-eyebrow"">Payables &middot; Creditor 360</div>'
    || '<h1 class=""ds-ap-title"">'
       || apex_escape.html(nvl((Select p.PartyName From Party p Where p.PartyCode = :P923_PARTY),
                               nvl(:P923_PARTY,'No vendor selected'))) || '</h1>'
    || '<div class=""ds-ap-sub"">'
       || Case When :P923_PARTY Is Null Then 'Open this page from Party-wise Outstanding, Bill-wise Outstanding or a chart to load a vendor.'
               Else 'Complete payable position, debits held, open bills and payment history as at the As-of Date' End
    || '</div>'
    || '<div class=""ds-ap-context"">'
    || Case When :P923_PARTY Is Not Null Then
            '<span class=""ds-ap-chip""><span class=""fa fa-user""></span>Code <b>' || apex_escape.html(:P923_PARTY) || '</b></span>'
         || nvl('<span class=""ds-ap-chip""><span class=""fa fa-sitemap""></span>Group <b>'
            || apex_escape.html((Select g.PartyName From Party p Join Party g On g.PartyCode = p.ParentCode
                                  Where p.PartyCode = :P923_PARTY)) || '</b></span>','') End
    || '<span class=""ds-ap-chip""><span class=""fa fa-crosshairs""></span>Position as at <b>' || :P923_TODATE || '</b></span>'
    || '<span class=""ds-ap-chip""><span class=""fa fa-calendar""></span>Flows <b>'
       || :P923_FROMDATE || ' &rarr; ' || :P923_TODATE || '</b></span>'
    || '<span class=""ds-ap-chip""><span class=""fa fa-hourglass-half""></span>Ageing basis <b>'
       || Case When :P923_AGEBASIS = 'DOC' Then 'Document date (age)' Else 'Due date (lateness)' End || '</b></span>'
    || '</div></div>' As HEAD
  From dual","","",""
923,"Creditor 360","CREDITOR-360",10,"Filters","filter-bar","NATIVE_STATIC","","","","",""
923,"Creditor 360","CREDITOR-360",18,"Select a vendor","no-party","NATIVE_STATIC","","<div class=""ds-apnote""><span class=""fa fa-user-o""></span><div>
  <b>No vendor is selected.</b> Pick one from the Vendor list above, or arrive here by clicking a vendor
  on Vendor-wise Payable, Bill-wise Payable, Advances, the Payment Register, or the Top Vendors chart
  on the command centre &mdash; each of those carries the full filter context across.
</div></div>","","",""
923,"Creditor 360","CREDITOR-360",20,"Vendor Position","kpi-strip","NATIVE_SQL_REPORT","","With Asof As (Select to_date(:P923_TODATE,'DD-MM-RRRR') D From dual),
     Alc As (
       Select a.DrVoucherTno Tno, a.DrVoucherSno Sno, -Sum(a.Amount) Amt
         From DrCrAllocation a, Voucher dv, Voucher cv, Asof
        Where dv.Tno = a.DrVoucherTno And cv.Tno = a.CrVoucherTno
          And dv.VoucherDate <= Asof.D And cv.VoucherDate <= Asof.D
        Group By a.DrVoucherTno, a.DrVoucherSno
       Union All
       Select a.CrVoucherTno, a.CrVoucherSno, Sum(a.Amount)
         From DrCrAllocation a, Voucher dv, Voucher cv, Asof
        Where dv.Tno = a.DrVoucherTno And cv.Tno = a.CrVoucherTno
          And dv.VoucherDate <= Asof.D And cv.VoucherDate <= Asof.D
        Group By a.CrVoucherTno, a.CrVoucherSno),
     Al As (Select Tno, Sno, Sum(Amt) Amt From Alc Group By Tno, Sno),
     Aged As (
       Select (d.Amount - nvl(al.Amt,0)) Pay, d.VoucherDate Vdt,
              Case When v.DocTypeCode In ('PAYMENT','CASHPAYMENT','BANKPAYMENT')
                   Then 'Cash' Else 'Other' End Cls,
              Case When nvl(:P923_AGEBASIS,'DUE') = 'DUE'
                        And coalesce(pt.DueDt, jt.DueDt, ao.BillDueDate) Is Null Then 7
                   When nvl(:P923_AGEBASIS,'DUE') = 'DUE'
                        And coalesce(pt.DueDt, jt.DueDt, ao.BillDueDate) >= Asof.D Then 0
                   When (Case When :P923_AGEBASIS = 'DOC'
                              Then Asof.D - coalesce(pt.DocDt, jt.DocDt, ao.BillDate, d.VoucherDate)
                              Else Greatest(Asof.D - coalesce(pt.DueDt, jt.DueDt, ao.BillDueDate),0) End) <=  30 Then 1
                   When (Case When :P923_AGEBASIS = 'DOC'
                              Then Asof.D - coalesce(pt.DocDt, jt.DocDt, ao.BillDate, d.VoucherDate)
                              Else Greatest(Asof.D - coalesce(pt.DueDt, jt.DueDt, ao.BillDueDate),0) End) <=  60 Then 2
                   When (Case When :P923_AGEBASIS = 'DOC'
                              Then Asof.D - coalesce(pt.DocDt, jt.DocDt, ao.BillDate, d.VoucherDate)
                              Else Greatest(Asof.D - coalesce(pt.DueDt, jt.DueDt, ao.BillDueDate),0) End) <=  90 Then 3
                   When (Case When :P923_AGEBASIS = 'DOC'
                              Then Asof.D - coalesce(pt.DocDt, jt.DocDt, ao.BillDate, d.VoucherDate)
                              Else Greatest(Asof.D - coalesce(pt.DueDt, jt.DueDt, ao.BillDueDate),0) End) <= 180 Then 4
                   When (Case When :P923_AGEBASIS = 'DOC'
                              Then Asof.D - coalesce(pt.DocDt, jt.DocDt, ao.BillDate, d.VoucherDate)
                              Else Greatest(Asof.D - coalesce(pt.DueDt, jt.DueDt, ao.BillDueDate),0) End) <= 365 Then 5
                   Else 6 End Bkt,
              Case When :P923_AGEBASIS = 'DOC'
                   Then Asof.D - coalesce(pt.DocDt, jt.DocDt, ao.BillDate, d.VoucherDate)
                   When coalesce(pt.DueDt, jt.DueDt, ao.BillDueDate) Is Not Null
                   Then Greatest(Asof.D - coalesce(pt.DueDt, jt.DueDt, ao.BillDueDate),0)
              End DaysOd,
              coalesce(pt.DueDt, jt.DueDt, ao.BillDueDate) DueDate
         From VoucherDetail d
         Join Voucher v On v.Tno = d.Tno
         Left Join Al al On al.Tno = d.Tno And al.Sno = d.Sno
         Left Join (Select pp.Tno Tno,
                           coalesce(Max(pb.PartyBillDate), Max(pb.PurchaseBillDate)) DocDt,
                           Max(pb.PurchaseBillDate)
                             + coalesce(Max(po.CreditDays), Max(pty.CreditDays)) DueDt
                      From PBPass pp
                      Join PurchaseBill pb On pb.Tno = pp.PurchaseBillTno
                      Left Join PurchaseBillDetail pbd On pbd.Tno = pb.Tno
                      Left Join PurchaseOrder po On po.Tno = pbd.PurchaseOrderTno
                      Left Join Party pty On pty.PartyCode = pb.PartyCode
                     Gr","oup By pp.Tno) pt On v.ModuleCode = 'PBPASS' And pt.Tno = v.ModuleTno
         Left Join (Select jp.Tno Tno,
                           coalesce(Max(jb.PartyBillDate), Max(jb.JobBillDate)) DocDt,
                           Max(jb.JobBillDate) + nvl(Max(jo.CreditDays),0) DueDt
                      From JBPass jp
                      Join JobBill jb On jb.Tno = jp.JobBillTno
                      Left Join JobOrder jo On jo.Tno = jb.JobOrderTno
                     Group By jp.Tno) jt On v.ModuleCode = 'JBPASS' And jt.Tno = v.ModuleTno
         Left Join AccountOpening ao On v.VoucherNo = 'OPENING'   And ao.Tno = d.ModuleTno
         Cross Join Asof
        Where d.AccountCode = :P923_PARTY
          And d.VoucherDate <= Asof.D
          And (cast(null as varchar2(100)) Is Null
               Or cast(null as varchar2(100)) = cast(null as varchar2(100)))
          And (null    Is Null Or cast(null as varchar2(100))        = null)
          And (:P923_COMPANY  Is Null Or d.CompanyCode  = :P923_COMPANY)
          And (:P923_LOCATION Is Null Or d.LocationCode = :P923_LOCATION)),
     Lr As (
       Select Max(d.VoucherDate) Last, Count(*) N
         From VoucherDetail d Join Voucher v On v.Tno = d.Tno Cross Join Asof
        Where d.AccountCode = :P923_PARTY
          And v.DocTypeCode In ('PAYMENT','CASHPAYMENT','BANKPAYMENT')
          And d.Amount < 0
          And d.VoucherDate <= Asof.D),
     Rp As (
       Select nvl(Sum(-d.Amount),0) Amt
         From VoucherDetail d Join Voucher v On v.Tno = d.Tno
        Where d.AccountCode = :P923_PARTY
          And v.DocTypeCode In ('PAYMENT','CASHPAYMENT','BANKPAYMENT')
          And d.Amount < 0
          And d.VoucherDate >= to_date(:P923_FROMDATE,'DD-MM-RRRR')
          And d.VoucherDate <  to_date(:P923_TODATE,'DD-MM-RRRR') + 1),
     T As (
       Select nvl(Sum(Case When Pay > 0 Then Pay Else 0 End),0) Gross,
              nvl(Sum(Case When Pay < 0 Then -Pay Else 0 End),0) Cred,
              nvl(Sum(Pay),0) Net,
              nvl(Sum(Case When Pay > 0 And Bkt Between 1 And 6 Then Pay Else 0 End),0) Overdue,
              nvl(Sum(Case When Pay > 0 And Bkt Between 4 And 6 Then Pay Else 0 End),0) D90,
              nvl(Sum(Case When Pay > 0 And Bkt = 7 Then Pay Else 0 End),0) NoAge,
              nvl(Sum(Case When Pay < 0 And Cls = 'Cash' Then -Pay Else 0 End),0) Unapp,
              Count(Case When Pay > 0 Then 1 End) OpenItems,
              Max(Case When Pay > 0 Then DaysOd End) MaxOd,
              nvl(Sum(Case When Pay > 0 And DaysOd Is Not Null Then Pay * DaysOd End),0) WSum,
              nvl(Sum(Case When Pay > 0 And DaysOd Is Not Null Then Pay End),0) WBase,
              Min(Case When Pay > 0 And Bkt Between 1 And 6 Then DueDate End) OldestDue
         From Aged)
Select '<div class=""ds-kpi ds-kpi--gold"" title=""Open debit items on this vendor as at the As-of Date."">'
    || '<span class=""ds-kpi-ic fa fa-inbox""></span><div class=""ds-kpi-body"">'
    || '<div class=""ds-kpi-t"">Payable</div><div class=""ds-kpi-n"">&#8377;'
    || Case When t.Gross >= 10000000 Then to_char(Round(t.Gross/10000000,2),'FM999G990D00') || ' Cr'
            Else to_char(Round(t.Gross/100000,2),'FM999G990D00') || ' Lac' End
    || '</div><div class=""ds-kpi-sub"">' || to_char(t.OpenItems,'FM999G990') || ' open items</div></div></div>' As K1,
       '<div class=""ds-kpi ds-kpi--violet"" title=""Open debit items - advances, unapplied payments, debit notes and contra sales."">'
    || '<span class=""ds-kpi-ic fa fa-hand-o-up""></span><div class=""ds-kpi-body"">'
    || '<div class=""ds-kpi-t"">Credit Held</div><div class=""ds-kpi-n"">&#8377;'
    || Case When t.Cred >= 10000000 Then to_char(Round(t.Cred/10000000,2),'FM999G990D00') || ' Cr'
            Else to_char(Round(t.Cred/100000,2),'FM999G990D00') || ' Lac' End
    || '</div><div class=""ds-kpi-sub"">of which unapplied cash &#8377;'
    || Case When t.Unapp >= 1000000","0 Then to_char(Round(t.Unapp/10000000,2),'FM999G990D00') || ' Cr'
            Else to_char(Round(t.Unapp/100000,2),'FM999G990D00') || ' Lac' End
    || '</div></div></div>' As K2,
       '<div class=""ds-kpi ds-kpi--' || Case When t.Net < 0 Then 'ok' Else 'struct' End
    || '"" title=""Payable less credit held. Negative means the company holds more of this vendor''s money than the vendor owes."">'
    || '<span class=""ds-kpi-ic fa fa-balance-scale""></span><div class=""ds-kpi-body"">'
    || '<div class=""ds-kpi-t"">Net Exposure</div><div class=""ds-kpi-n"">&#8377;'
    || Case When Abs(t.Net) >= 10000000 Then to_char(Round(t.Net/10000000,2),'FM999G990D00') || ' Cr'
            Else to_char(Round(t.Net/100000,2),'FM999G990D00') || ' Lac' End
    || '</div><div class=""ds-kpi-sub"">'
    || Case When t.Gross > 0.005 And t.Cred > 0.005
            Then '&#8377;' || Case When Least(t.Gross,t.Cred) >= 10000000
                                   Then to_char(Round(Least(t.Gross,t.Cred)/10000000,2),'FM999G990D00') || ' Cr'
                                   Else to_char(Round(Least(t.Gross,t.Cred)/100000,2),'FM999G990D00') || ' Lac' End
                 || ' clearable by allocation'
            Else 'no offsetting position' End
    || '</div></div></div>' As K3,
       '<div class=""ds-kpi ds-kpi--amber"" title=""Open payable past its due date or aged beyond zero days, depending on the ageing basis."">'
    || '<span class=""ds-kpi-ic fa fa-exclamation-circle""></span><div class=""ds-kpi-body"">'
    || '<div class=""ds-kpi-t"">Overdue</div><div class=""ds-kpi-n"">&#8377;'
    || Case When t.Overdue >= 10000000 Then to_char(Round(t.Overdue/10000000,2),'FM999G990D00') || ' Cr'
            Else to_char(Round(t.Overdue/100000,2),'FM999G990D00') || ' Lac' End
    || '</div><div class=""ds-kpi-sub"">90+ &#8377;'
    || Case When t.D90 >= 10000000 Then to_char(Round(t.D90/10000000,2),'FM999G990D00') || ' Cr'
            Else to_char(Round(t.D90/100000,2),'FM999G990D00') || ' Lac' End
    || ' &middot; oldest due ' || nvl(to_char(t.OldestDue,'DD-MM-RRRR'),'&mdash;') || '</div></div></div>' As K4,
       '<div class=""ds-kpi ds-kpi--struct"" title=""Open payable with no due date on its source document. Counted here, never spread across the other buckets."">'
    || '<span class=""ds-kpi-ic fa fa-question-circle""></span><div class=""ds-kpi-body"">'
    || '<div class=""ds-kpi-t"">Cannot Age</div><div class=""ds-kpi-n"">&#8377;'
    || Case When t.NoAge >= 10000000 Then to_char(Round(t.NoAge/10000000,2),'FM999G990D00') || ' Cr'
            Else to_char(Round(t.NoAge/100000,2),'FM999G990D00') || ' Lac' End
    || '</div><div class=""ds-kpi-sub"">weighted '
    || nvl(to_char(Round(t.WSum / Nullif(t.WBase,0),0),'FM999G990'),'&mdash;')
    || ' days overdue &middot; max ' || nvl(to_char(t.MaxOd,'FM999G990'),'&mdash;') || '</div></div></div>' As K5,
       '<div class=""ds-kpi ds-kpi--teal"" title=""Payments to this vendor inside the flow window, and the date of the most recent payment ever."">'
    || '<span class=""ds-kpi-ic fa fa-download""></span><div class=""ds-kpi-body"">'
    || '<div class=""ds-kpi-t"">Payments in Period</div><div class=""ds-kpi-n"">&#8377;'
    || Case When rp.Amt >= 10000000 Then to_char(Round(rp.Amt/10000000,2),'FM999G990D00') || ' Cr'
            Else to_char(Round(rp.Amt/100000,2),'FM999G990D00') || ' Lac' End
    || '</div><div class=""ds-kpi-sub"">last payment '
    || nvl(to_char(lr.Last,'DD-MM-RRRR'),'never') || ' &middot; '
    || to_char(lr.N,'FM999G990') || ' to date</div></div></div>' As K6
  From T t Cross Join Lr lr Cross Join Rp rp",""
923,"Creditor 360","CREDITOR-360",22,"Ageing","ageing","NATIVE_SQL_REPORT","","/* The same bucket expression and the same stacked scale as page 708,
   narrowed to one vendor - so a reader comparing this page against
   the command centre sees the same shape, not a second opinion. */
With Asof As (Select to_date(:P923_TODATE,'DD-MM-RRRR') D From dual),
     Alc As (
       Select a.DrVoucherTno Tno, a.DrVoucherSno Sno, -Sum(a.Amount) Amt
         From DrCrAllocation a, Voucher dv, Voucher cv, Asof
        Where dv.Tno = a.DrVoucherTno And cv.Tno = a.CrVoucherTno
          And dv.VoucherDate <= Asof.D And cv.VoucherDate <= Asof.D
        Group By a.DrVoucherTno, a.DrVoucherSno
       Union All
       Select a.CrVoucherTno, a.CrVoucherSno, Sum(a.Amount)
         From DrCrAllocation a, Voucher dv, Voucher cv, Asof
        Where dv.Tno = a.DrVoucherTno And cv.Tno = a.CrVoucherTno
          And dv.VoucherDate <= Asof.D And cv.VoucherDate <= Asof.D
        Group By a.CrVoucherTno, a.CrVoucherSno),
     Al As (Select Tno, Sno, Sum(Amt) Amt From Alc Group By Tno, Sno),
     Aged As (
       Select (d.Amount - nvl(al.Amt,0)) Pay,
              Case When nvl(:P923_AGEBASIS,'DUE') = 'DUE'
                        And coalesce(pt.DueDt, jt.DueDt, ao.BillDueDate) Is Null Then 7
                   When nvl(:P923_AGEBASIS,'DUE') = 'DUE'
                        And coalesce(pt.DueDt, jt.DueDt, ao.BillDueDate) >= Asof.D Then 0
                   When (Case When :P923_AGEBASIS = 'DOC'
                              Then Asof.D - coalesce(pt.DocDt, jt.DocDt, ao.BillDate, d.VoucherDate)
                              Else Greatest(Asof.D - coalesce(pt.DueDt, jt.DueDt, ao.BillDueDate),0) End) <=  30 Then 1
                   When (Case When :P923_AGEBASIS = 'DOC'
                              Then Asof.D - coalesce(pt.DocDt, jt.DocDt, ao.BillDate, d.VoucherDate)
                              Else Greatest(Asof.D - coalesce(pt.DueDt, jt.DueDt, ao.BillDueDate),0) End) <=  60 Then 2
                   When (Case When :P923_AGEBASIS = 'DOC'
                              Then Asof.D - coalesce(pt.DocDt, jt.DocDt, ao.BillDate, d.VoucherDate)
                              Else Greatest(Asof.D - coalesce(pt.DueDt, jt.DueDt, ao.BillDueDate),0) End) <=  90 Then 3
                   When (Case When :P923_AGEBASIS = 'DOC'
                              Then Asof.D - coalesce(pt.DocDt, jt.DocDt, ao.BillDate, d.VoucherDate)
                              Else Greatest(Asof.D - coalesce(pt.DueDt, jt.DueDt, ao.BillDueDate),0) End) <= 180 Then 4
                   When (Case When :P923_AGEBASIS = 'DOC'
                              Then Asof.D - coalesce(pt.DocDt, jt.DocDt, ao.BillDate, d.VoucherDate)
                              Else Greatest(Asof.D - coalesce(pt.DueDt, jt.DueDt, ao.BillDueDate),0) End) <= 365 Then 5
                   Else 6 End Bkt
         From VoucherDetail d
         Join Voucher v On v.Tno = d.Tno
         Left Join Al al On al.Tno = d.Tno And al.Sno = d.Sno
         Left Join (Select pp.Tno Tno,
                           coalesce(Max(pb.PartyBillDate), Max(pb.PurchaseBillDate)) DocDt,
                           Max(pb.PurchaseBillDate)
                             + coalesce(Max(po.CreditDays), Max(pty.CreditDays)) DueDt
                      From PBPass pp
                      Join PurchaseBill pb On pb.Tno = pp.PurchaseBillTno
                      Left Join PurchaseBillDetail pbd On pbd.Tno = pb.Tno
                      Left Join PurchaseOrder po On po.Tno = pbd.PurchaseOrderTno
                      Left Join Party pty On pty.PartyCode = pb.PartyCode
                     Group By pp.Tno) pt On v.ModuleCode = 'PBPASS' And pt.Tno = v.ModuleTno
         Left Join (Select jp.Tno Tno,
                           coalesce(Max(jb.PartyBillDate), Max(jb.JobBillDate)) DocDt,
                           Max(jb.JobBillDate) + nvl(Max(jo.CreditDays),0) DueDt
                      From JBPass jp
                      Join JobBill ","jb On jb.Tno = jp.JobBillTno
                      Left Join JobOrder jo On jo.Tno = jb.JobOrderTno
                     Group By jp.Tno) jt On v.ModuleCode = 'JBPASS' And jt.Tno = v.ModuleTno
         Left Join AccountOpening ao On v.VoucherNo = 'OPENING'   And ao.Tno = d.ModuleTno
         Cross Join Asof
        Where d.AccountCode = :P923_PARTY
          And d.VoucherDate <= Asof.D
          And (cast(null as varchar2(100)) Is Null
               Or cast(null as varchar2(100)) = cast(null as varchar2(100)))
          And (null    Is Null Or cast(null as varchar2(100))        = null)
          And (:P923_COMPANY  Is Null Or d.CompanyCode  = :P923_COMPANY)
          And (:P923_LOCATION Is Null Or d.LocationCode = :P923_LOCATION)),
     G As (Select Bkt, Sum(Pay) Amt From Aged Where Pay > 0 Group By Bkt),
     Tot As (Select nvl(Sum(Amt),0) T From G)
Select '<div class=""ds-apage""><div class=""ds-apage-bar"">'
    || nvl(ListAgg(
         Case When g.Amt / Nullif(tot.T,0) >= 0.0005 Then
           '<div class=""ds-apage-seg ds-apage-seg--b' || g.Bkt || '"" style=""width:'
           || to_char(Round(100 * g.Amt / tot.T,3),'FM990D000') || '%"" title=""'
           || Case g.Bkt When 0 Then 'Not Due' When 1 Then '1-30 days' When 2 Then '31-60 days'
                         When 3 Then '61-90 days' When 4 Then '91-180 days' When 5 Then '181-365 days'
                         When 6 Then 'Over 365 days' Else 'Cannot Age - no due date' End
           || ': &#8377;' || to_char(Round(g.Amt,0),'FM999G99G99G990') || '"">'
           || Case When g.Amt / tot.T >= 0.08
                   Then to_char(Round(100 * g.Amt / tot.T,0),'FM990') || '%' End
           || '</div>'
         End, '') Within Group (Order By g.Bkt), '')
    || '</div><div class=""ds-apage-legend"">'
    || nvl(ListAgg(
         '<span class=""ds-apage-key ds-apage-key--b' || g.Bkt || '""><i></i>'
         || Case g.Bkt When 0 Then 'Not Due' When 1 Then '1-30' When 2 Then '31-60'
                       When 3 Then '61-90' When 4 Then '91-180' When 5 Then '181-365'
                       When 6 Then '&gt;365' Else 'Cannot Age' End
         || ' <b>&#8377;' || to_char(Round(g.Amt,0),'FM999G99G99G990') || '</b></span>', '')
         Within Group (Order By g.Bkt), '')
    || '</div></div>' As SCALE
  From G g Cross Join Tot tot","",""
923,"Creditor 360","CREDITOR-360",24,"Trend and Behaviour","rule-trend","NATIVE_STATIC","","<div class=""ds-dash-section"">
  <h2>Trend and Behaviour</h2>
  <p>How this vendor's exposure has moved, and how they actually pay</p>
</div>","","",""
923,"Creditor 360","CREDITOR-360",25,"Net Exposure Trend","outstanding-trend","NATIVE_JET_CHART","","/* Month-end NET exposure, computed as the running total of -Amount.
   No allocation logic is needed here and none is used: allocations net
   to zero WITHIN a vendor account, so the running ledger total is
   already the net position. That is the same identity the Reconciliation
   page proves at 0.00, which is why this shortcut is safe rather than
   convenient - and it makes the trend cheap instead of re-deriving the
   whole open-item layer once per month-end. */
With Mv As (
       Select trunc(d.VoucherDate,'MM') Mth, Sum(d.Amount) Net
         From VoucherDetail d
        Where d.AccountCode = :P923_PARTY
          And d.VoucherDate <= to_date(:P923_TODATE,'DD-MM-RRRR')
          And (cast(null as varchar2(100)) Is Null
               Or cast(null as varchar2(100)) = cast(null as varchar2(100)))
          And (null    Is Null Or cast(null as varchar2(100))        = null)
          And (:P923_COMPANY  Is Null Or d.CompanyCode  = :P923_COMPANY)
          And (:P923_LOCATION Is Null Or d.LocationCode = :P923_LOCATION)
        Group By trunc(d.VoucherDate,'MM'))
Select to_char(Mth,'Mon-RR')                              As LABEL,
       Round(Sum(Net) Over (Order By Mth)/100000,2)       As NET_EXPOSURE_LAC
  From Mv Order By Mth","","",""
923,"Creditor 360","CREDITOR-360",26,"Purchases vs Payments","billing-collection","NATIVE_JET_CHART","","With Mv As (
       Select trunc(d.VoucherDate,'MM') Mth,
              Sum(Case When d.Amount > 0
                        And (v.ModuleCode In ('PBPASS','JBPASS','FREIGHTADVICE','CASHPURCHASE',
                                              'NECESSITYCOMPLETION','NECESSITYSLIP','EXTERNALSERVICESENTRY')
                             Or v.DocTypeCode = 'SERVICEBILL')
                       Then d.Amount Else 0 End) Billing,
              Sum(Case When v.DocTypeCode In ('PAYMENT','CASHPAYMENT','BANKPAYMENT') And d.Amount < 0
                       Then -d.Amount Else 0 End) Collection
         From VoucherDetail d Join Voucher v On v.Tno = d.Tno
        Where d.AccountCode = :P923_PARTY
          And d.VoucherDate >= to_date(:P923_FROMDATE,'DD-MM-RRRR')
          And d.VoucherDate <  to_date(:P923_TODATE,'DD-MM-RRRR') + 1
          And (cast(null as varchar2(100)) Is Null
               Or cast(null as varchar2(100)) = cast(null as varchar2(100)))
          And (null    Is Null Or cast(null as varchar2(100))        = null)
          And (:P923_COMPANY  Is Null Or d.CompanyCode  = :P923_COMPANY)
          And (:P923_LOCATION Is Null Or d.LocationCode = :P923_LOCATION)
        Group By trunc(d.VoucherDate,'MM'))
Select to_char(Mth,'Mon-RR')          As LABEL,
       Round(Billing/100000,2)        As BILLING_LAC,
       Round(Collection/100000,2)     As COLLECTION_LAC
  From Mv Order By Mth","","",""
923,"Creditor 360","CREDITOR-360",27,"Payment Behaviour","payment-behaviour","NATIVE_SQL_REPORT","","/* Behaviour is measured from ALLOCATIONS, because only an allocation
   records which bill a payment actually settled. Where a vendor's
   payments are unallocated - the normal state in this ledger - the
   measure says so rather than inventing a lag from payment dates.
   On the AP side the bill is the Cr line and the payment the Dr. */
With Asof As (Select to_date(:P923_TODATE,'DD-MM-RRRR') D From dual),
     Pay As (
       Select cv.VoucherDate BillDate, dv.VoucherDate PayDate,
              dv.VoucherDate - cv.VoucherDate Lag, a.Amount Amt
         From DrCrAllocation a
         Join Voucher dv On dv.Tno = a.DrVoucherTno
         Join Voucher cv On cv.Tno = a.CrVoucherTno
         Join VoucherDetail cd On cd.Tno = a.CrVoucherTno And cd.Sno = a.CrVoucherSno
         Cross Join Asof
        Where cd.AccountCode = :P923_PARTY
          And dv.VoucherDate <= Asof.D And cv.VoucherDate <= Asof.D),
     R As (
       Select Count(*) N, nvl(Sum(-d.Amount),0) Amt,
              Count(Case When Not Exists (
                     Select 1 From DrCrAllocation a
                      Where a.DrVoucherTno = d.Tno And a.DrVoucherSno = d.Sno) Then 1 End) Unalloc
         From VoucherDetail d Join Voucher v On v.Tno = d.Tno Cross Join Asof
        Where d.AccountCode = :P923_PARTY
          And v.DocTypeCode In ('PAYMENT','CASHPAYMENT','BANKPAYMENT')
          And d.Amount < 0
          And d.VoucherDate <= Asof.D)
Select Ord, Metric, Val, Note From (
  Select 10 Ord, 'Settlements observed' Metric, to_char(Count(*),'FM999G990') Val,
         'allocation rows linking a payment to a bill' Note From Pay
  Union All
  Select 20, 'Average days to settle',
         nvl(to_char(Round(Avg(Lag),0),'FM999G990'),'&mdash;'),
         'bill date to the date of the payment that settled it' From Pay
  Union All
  Select 30, 'Weighted days to settle',
         nvl(to_char(Round(Sum(Lag * Amt) / Nullif(Sum(Amt),0),0),'FM999G990'),'&mdash;'),
         'weighted by amount, so a large late bill counts more than a small prompt one' From Pay
  Union All
  Select 40, 'Fastest / slowest settlement',
         nvl(to_char(Min(Lag),'FM999G990'),'&mdash;') || ' / ' || nvl(to_char(Max(Lag),'FM999G990'),'&mdash;'),
         'days' From Pay
  Union All
  Select 50, 'Payments made', to_char(r.N,'FM999G990'),
         'total payment lines to this vendor up to the As-of Date' From R r
  Union All
  Select 60, 'Payments never allocated',
         to_char(r.Unalloc,'FM999G990')
         || Case When r.N > 0 Then ' (' || to_char(Round(100 * r.Unalloc / r.N,0),'FM990') || '%)' End,
         'cash paid but never applied to a bill - behaviour cannot be measured for these' From R r
) Order By Ord","","",""
923,"Creditor 360","CREDITOR-360",28,"Open Items","rule-items","NATIVE_STATIC","","<div class=""ds-dash-section"">
  <h2>Open Items</h2>
  <p>Every unsettled line on this vendor, with its source document and ageing</p>
</div>","","",""
923,"Creditor 360","CREDITOR-360",30,"Open Items","open-items","NATIVE_IR","","With Asof As (Select to_date(:P923_TODATE,'DD-MM-RRRR') D From dual),
     Alc As (
       Select a.DrVoucherTno Tno, a.DrVoucherSno Sno, -Sum(a.Amount) Amt
         From DrCrAllocation a, Voucher dv, Voucher cv, Asof
        Where dv.Tno = a.DrVoucherTno And cv.Tno = a.CrVoucherTno
          And dv.VoucherDate <= Asof.D And cv.VoucherDate <= Asof.D
        Group By a.DrVoucherTno, a.DrVoucherSno
       Union All
       Select a.CrVoucherTno, a.CrVoucherSno, Sum(a.Amount)
         From DrCrAllocation a, Voucher dv, Voucher cv, Asof
        Where dv.Tno = a.DrVoucherTno And cv.Tno = a.CrVoucherTno
          And dv.VoucherDate <= Asof.D And cv.VoucherDate <= Asof.D
        Group By a.CrVoucherTno, a.CrVoucherSno),
     Al As (Select Tno, Sno, Sum(Amt) Amt From Alc Group By Tno, Sno)
Select d.Tno                                          As VOUCHER_TNO,
       /* Sno is what makes a bill addressable. A voucher can carry many
          vendor lines, so page 717 is keyed on (Tno, Sno) - Tno alone
          would open the wrong line on a multi-line voucher. */
       d.Sno                                          As VOUCHER_SNO,
       v.VoucherNo                                    As VOUCHER_NO,
       '<span class=""ds-apclass"">'
       || Case When v.VoucherNo = 'OPENING'          Then 'Opening Carry-forward'
               When v.ModuleCode = 'PBPASS'          Then 'Purchase Bill'
               When v.ModuleCode = 'JBPASS'          Then 'Job Bill'
               When v.ModuleCode = 'FREIGHTADVICE'   Then 'Freight Bill'
               When v.ModuleCode = 'CASHPURCHASE'    Then 'Cash Purchase'
               When v.ModuleCode In ('NECESSITYCOMPLETION','NECESSITYSLIP')
                                                     Then 'Necessity Expense'
               When v.ModuleCode = 'EXTERNALSERVICESENTRY'
                 Or v.DocTypeCode = 'SERVICEBILL'    Then 'Service Bill'
               When v.ModuleCode = 'DEBITNOTE'
                 Or v.DocTypeCode = 'DEBITNOTE'      Then 'Debit Note'
               When v.ModuleCode In ('INVOICE','CCINVOICE')
                 Or v.DocTypeCode = 'SALE'           Then 'Contra Sale'
               When v.DocTypeCode = 'RECEIPT'        Then 'Receipt / Credit-in'
               When v.DocTypeCode In ('PAYMENT','CASHPAYMENT','BANKPAYMENT')
                                                 Then 'Payment to Vendor'
               Else 'Journal' End || '</span>'       As ITEM_CLASS,
       coalesce((Select Max(pb2.PartyBillNo)
                   From PBPass pp2
                   Join PurchaseBill pb2 On pb2.Tno = pp2.PurchaseBillTno
                  Where v.ModuleCode = 'PBPASS' And pp2.Tno = v.ModuleTno),
                ao.BillNo, v.VoucherNo)              As BILL_REFERENCE,
       coalesce(pt.DocDt, jt.DocDt, ao.BillDate, d.VoucherDate) As DOCUMENT_DATE,
       coalesce(pt.DueDt, jt.DueDt, ao.BillDueDate)     As DUE_DATE,
       Round(Abs(d.Amount),2)                         As ORIGINAL_AMOUNT,
       Round(Abs(nvl(al.Amt,0)),2)                     As ALLOCATED,
       Round(Case When (d.Amount - nvl(al.Amt,0)) > 0
                  Then (d.Amount - nvl(al.Amt,0)) Else 0 End,2) As OUTSTANDING,
       Round(Case When (d.Amount - nvl(al.Amt,0)) < 0
                  Then  (d.Amount - nvl(al.Amt,0)) Else 0 End,2) As CREDIT_OPEN,
       Case When coalesce(pt.DueDt, jt.DueDt, ao.BillDueDate) Is Not Null
            Then Greatest((Select D From Asof) - coalesce(pt.DueDt, jt.DueDt, ao.BillDueDate),0)
       End                                            As DAYS_OVERDUE,
       nvl(l.LocationName, d.LocationCode) As LOCATION,
       substr(d.Narration,1,300)    As NARRATION
  From VoucherDetail d
  Join Voucher v On v.Tno = d.Tno
  Left Join Al al On al.Tno = d.Tno And al.Sno = d.Sno
  Left Join (Select pp.Tno Tno,
                           coalesce(Max(pb.PartyBillDate), Max(pb.PurchaseBillDate)) DocDt,
 ","                          Max(pb.PurchaseBillDate)
                             + coalesce(Max(po.CreditDays), Max(pty.CreditDays)) DueDt
                      From PBPass pp
                      Join PurchaseBill pb On pb.Tno = pp.PurchaseBillTno
                      Left Join PurchaseBillDetail pbd On pbd.Tno = pb.Tno
                      Left Join PurchaseOrder po On po.Tno = pbd.PurchaseOrderTno
                      Left Join Party pty On pty.PartyCode = pb.PartyCode
                     Group By pp.Tno) pt On v.ModuleCode = 'PBPASS' And pt.Tno = v.ModuleTno
         Left Join (Select jp.Tno Tno,
                           coalesce(Max(jb.PartyBillDate), Max(jb.JobBillDate)) DocDt,
                           Max(jb.JobBillDate) + nvl(Max(jo.CreditDays),0) DueDt
                      From JBPass jp
                      Join JobBill jb On jb.Tno = jp.JobBillTno
                      Left Join JobOrder jo On jo.Tno = jb.JobOrderTno
                     Group By jp.Tno) jt On v.ModuleCode = 'JBPASS' And jt.Tno = v.ModuleTno
         Left Join AccountOpening ao On v.VoucherNo = 'OPENING'   And ao.Tno = d.ModuleTno
  Left Join Location l On l.LocationCode = d.LocationCode
  Cross Join Asof
 Where d.AccountCode = :P923_PARTY
   And d.VoucherDate <= Asof.D
   And Round(d.Amount - nvl(al.Amt,0),2) <> 0
   And (cast(null as varchar2(100)) Is Null
        Or cast(null as varchar2(100)) = cast(null as varchar2(100)))
   And (null    Is Null Or cast(null as varchar2(100))        = null)
   And (:P923_COMPANY  Is Null Or d.CompanyCode  = :P923_COMPANY)
   And (:P923_LOCATION Is Null Or d.LocationCode = :P923_LOCATION)","",""
923,"Creditor 360","CREDITOR-360",32,"Debits Held","rule-credits","NATIVE_STATIC","","<div class=""ds-dash-section"">
  <h2>Debits Held</h2>
  <p>Advances, unapplied payments, debit notes and contra sales on this vendor's account</p>
</div>","","",""
923,"Creditor 360","CREDITOR-360",33,"Advances and Debits Held","advances","NATIVE_SQL_REPORT","","With Asof As (Select to_date(:P923_TODATE,'DD-MM-RRRR') D From dual),
     Alc As (
       Select a.DrVoucherTno Tno, a.DrVoucherSno Sno, -Sum(a.Amount) Amt
         From DrCrAllocation a, Voucher dv, Voucher cv, Asof
        Where dv.Tno = a.DrVoucherTno And cv.Tno = a.CrVoucherTno
          And dv.VoucherDate <= Asof.D And cv.VoucherDate <= Asof.D
        Group By a.DrVoucherTno, a.DrVoucherSno
       Union All
       Select a.CrVoucherTno, a.CrVoucherSno, Sum(a.Amount)
         From DrCrAllocation a, Voucher dv, Voucher cv, Asof
        Where dv.Tno = a.DrVoucherTno And cv.Tno = a.CrVoucherTno
          And dv.VoucherDate <= Asof.D And cv.VoucherDate <= Asof.D
        Group By a.CrVoucherTno, a.CrVoucherSno),
     Al As (Select Tno, Sno, Sum(Amt) Amt From Alc Group By Tno, Sno),
     Oi As (
       Select (d.Amount - nvl(al.Amt,0)) Pay, d.VoucherDate Vdt,
              Case When v.VoucherNo = 'OPENING'     Then 'Opening Debit'
                   When v.DocTypeCode In ('PAYMENT','CASHPAYMENT','BANKPAYMENT')
                                                    Then 'Unapplied Payment'
                   When v.ModuleCode In ('INVOICE','CCINVOICE')
                     Or v.DocTypeCode = 'SALE'      Then 'Contra Sale'
                   When v.ModuleCode = 'DEBITNOTE'
                     Or v.DocTypeCode = 'DEBITNOTE' Then 'Debit Note'
                   Else 'Other Debit' End Cls
         From VoucherDetail d
         Join Voucher v On v.Tno = d.Tno
         Left Join Al al On al.Tno = d.Tno And al.Sno = d.Sno
         Cross Join Asof
        Where d.AccountCode = :P923_PARTY
          And d.VoucherDate <= Asof.D
          And (cast(null as varchar2(100)) Is Null
               Or cast(null as varchar2(100)) = cast(null as varchar2(100)))
          And (null    Is Null Or cast(null as varchar2(100))        = null)
          And (:P923_COMPANY  Is Null Or d.CompanyCode  = :P923_COMPANY)
          And (:P923_LOCATION Is Null Or d.LocationCode = :P923_LOCATION))
Select Cls                                     As CREDIT_TYPE,
       Count(*)                                As ITEMS,
       Round(Sum(-Pay),2)                     As AMOUNT,
       to_char(Min(Vdt),'DD-MM-RRRR')          As OLDEST,
       Round(Sum(Case When (Select D From Asof) - Vdt > 90 Then -Pay Else 0 End),2) As OVER_90_DAYS
  From Oi Where Pay < -0.005
 Group By Cls Order By Sum(-Pay) Desc","","",""
923,"Creditor 360","CREDITOR-360",34,"Credit and Debit Notes","credit-debit-notes","NATIVE_SQL_REPORT","","Select v.VoucherNo                                 As VOUCHER_NO,
       v.Tno                                       As VOUCHER_TNO,
       Case When v.DocTypeCode = 'CREDITNOTE' Then 'Credit Note' Else 'Debit Note' End As NOTE_TYPE,
       cn.CreditNoteNo           As NOTE_NO,
       d.VoucherDate                               As NOTE_DATE,
       Round(Abs(d.Amount),2)                      As AMOUNT,
       Case When d.Amount > 0 Then 'Reduces the payable'
            Else 'Increases the payable' End    As EFFECT,
       substr(d.Narration,1,200) As NARRATION
  From VoucherDetail d
  Join Voucher v On v.Tno = d.Tno
  Left Join CreditNote cn On v.ModuleCode = 'CREDITNOTE' And cn.Tno = v.ModuleTno
 Where d.AccountCode = :P923_PARTY
   And v.DocTypeCode In ('CREDITNOTE','DEBITNOTE')
   And d.VoucherDate <= to_date(:P923_TODATE,'DD-MM-RRRR')
   And (cast(null as varchar2(100)) Is Null
        Or cast(null as varchar2(100)) = cast(null as varchar2(100)))
   And (null    Is Null Or cast(null as varchar2(100))        = null)
   And (:P923_COMPANY  Is Null Or d.CompanyCode  = :P923_COMPANY)
   And (:P923_LOCATION Is Null Or d.LocationCode = :P923_LOCATION)
 Order By d.VoucherDate Desc","","",""
923,"Creditor 360","CREDITOR-360",38,"Payment History","rule-receipts","NATIVE_STATIC","","<div class=""ds-dash-section"">
  <h2>Payment History</h2>
  <p>Every payment to this vendor in the flow window, and how much of each was applied to a bill</p>
</div>","","",""
923,"Creditor 360","CREDITOR-360",40,"Payment History","receipts","NATIVE_IR","","/* A payment line is a DEBIT - its settlements sit on the Dr side of
   the bridge, the mirror of the receivables page. */
With Asof As (Select to_date(:P923_TODATE,'DD-MM-RRRR') D From dual),
     Alc As (
       Select a.DrVoucherTno Tno, a.DrVoucherSno Sno,
              Sum(a.Amount) Amt, Count(*) N
         From DrCrAllocation a, Voucher dv, Voucher cv, Asof
        Where dv.Tno = a.DrVoucherTno And cv.Tno = a.CrVoucherTno
          And dv.VoucherDate <= Asof.D And cv.VoucherDate <= Asof.D
        Group By a.DrVoucherTno, a.DrVoucherSno)
Select d.Tno                                          As VOUCHER_TNO,
       v.VoucherNo                                    As RECEIPT_NO,
       d.VoucherDate                                  As RECEIPT_DATE,
       Round(-d.Amount,2)                             As RECEIPT_AMOUNT,
       Round(nvl(al.Amt,0),2)                         As APPLIED,
       Round(-d.Amount - nvl(al.Amt,0),2)             As UNAPPLIED,
       nvl(al.N,0)                                    As BILLS_SETTLED,
       Case When nvl(al.N,0) = 0
                 Then '<span class=""ds-apchip ds-apchip--fail"">Unapplied</span>'
            When -d.Amount - nvl(al.Amt,0) > 0.005
                 Then '<span class=""ds-apchip ds-apchip--warn"">Partly applied</span>'
            Else '<span class=""ds-apchip ds-apchip--pass"">Fully applied</span>' End As STATUS,
       v.MoneyTransferReferenceNo   As BANK_REFERENCE,
       nvl(l.LocationName, d.LocationCode) As LOCATION,
       substr(d.Narration,1,300)    As NARRATION
  From VoucherDetail d
  Join Voucher v On v.Tno = d.Tno
  Left Join Alc al On al.Tno = d.Tno And al.Sno = d.Sno
  Left Join Location l On l.LocationCode = d.LocationCode
 Where d.AccountCode = :P923_PARTY
   And v.DocTypeCode In ('PAYMENT','CASHPAYMENT','BANKPAYMENT')
   And d.Amount < 0
   And d.VoucherDate >= to_date(:P923_FROMDATE,'DD-MM-RRRR')
   And d.VoucherDate <  to_date(:P923_TODATE,'DD-MM-RRRR') + 1
   And (cast(null as varchar2(100)) Is Null
        Or cast(null as varchar2(100)) = cast(null as varchar2(100)))
   And (null    Is Null Or cast(null as varchar2(100))        = null)
   And (:P923_COMPANY  Is Null Or d.CompanyCode  = :P923_COMPANY)
   And (:P923_LOCATION Is Null Or d.LocationCode = :P923_LOCATION)","","",""
923,"Creditor 360","CREDITOR-360",42,"Payment Allocation","allocations","NATIVE_IR","","/* The bridge itself, one row per payment x bill. This is the only place
   in the dashboard where the many-to-many relationship is shown at its
   own grain - everywhere else it is pre-aggregated before joining, or
   the outstanding figure would duplicate. On the AP side the BILL is
   the credit line (cv) and the PAYMENT is the debit line (dv) - the
   exact mirror of the receivables page. */
With Asof As (Select to_date(:P923_TODATE,'DD-MM-RRRR') D From dual)
Select cv.VoucherNo                                 As BILL_VOUCHER,
       cv.Tno                                       As BILL_TNO,
       coalesce(pb.PartyBillNo, ao.BillNo, cv.VoucherNo) As BILL_REFERENCE,
       cv.VoucherDate                                As BILL_DATE,
       dv.VoucherNo                                  As RECEIPT_VOUCHER,
       dv.Tno                                        As RECEIPT_TNO,
       dv.VoucherDate                                As RECEIPT_DATE,
       Round(a.Amount,2)                             As ALLOCATED,
       dv.VoucherDate - cv.VoucherDate               As DAYS_TO_SETTLE,
       nvl(cl.LocationName, cd.LocationCode) As BILL_LOCATION,
       nvl(dl.LocationName, dd.LocationCode) As RECEIPT_LOCATION,
       Case When dd.LocationCode <> cd.LocationCode
                 Then '<span class=""ds-apchip ds-apchip--warn"">Cross-location</span>'
            Else '<span class=""ds-apchip ds-apchip--pass"">Same location</span>' End As SETTLEMENT_TYPE
  From DrCrAllocation a
  Join Voucher dv On dv.Tno = a.DrVoucherTno
  Join Voucher cv On cv.Tno = a.CrVoucherTno
  Join VoucherDetail cd On cd.Tno = a.CrVoucherTno And cd.Sno = a.CrVoucherSno
  Left Join VoucherDetail dd On dd.Tno = a.DrVoucherTno And dd.Sno = a.DrVoucherSno
  Left Join PBPass pp On cv.ModuleCode = 'PBPASS' And pp.Tno = cv.ModuleTno
  Left Join PurchaseBill pb On pb.Tno = pp.PurchaseBillTno
  Left Join AccountOpening ao On cv.VoucherNo = 'OPENING' And ao.Tno = cd.ModuleTno
  Left Join Location dl On dl.LocationCode = dd.LocationCode
  Left Join Location cl On cl.LocationCode = cd.LocationCode
  Cross Join Asof
 Where cd.AccountCode = :P923_PARTY
   And dv.VoucherDate <= Asof.D And cv.VoucherDate <= Asof.D","","",""
923,"Creditor 360","CREDITOR-360",44,"Statement","rule-statement","NATIVE_STATIC","","<div class=""ds-dash-section"">
  <h2>Vendor Statement</h2>
  <p>Every ledger movement on this account, with a running balance</p>
</div>","","",""
923,"Creditor 360","CREDITOR-360",45,"Vendor Statement","statement","NATIVE_IR","","/* A true statement of account: every line on the vendor, in date
   order, with the running balance carried down. The running total is a
   window function over the SAME rows the reader sees, so the closing
   figure at the bottom equals the Net Exposure KPI at the top by
   construction rather than by coincidence. */
Select d.VoucherDate                                As TRANSACTION_DATE,
       v.VoucherNo                                  As VOUCHER_NO,
       d.Tno                                        As VOUCHER_TNO,
       v.DocTypeCode                                As VOUCHER_TYPE,
       coalesce(pb.PartyBillNo, ao.BillNo, v.VoucherNo) As REFERENCE,
       Round(Case When d.Amount < 0 Then -d.Amount End,2) As DEBIT,
       Round(Case When d.Amount > 0 Then  d.Amount End,2) As CREDIT,
       Round(Sum(d.Amount) Over (Order By d.VoucherDate, d.Tno, d.Sno
                                  Rows Between Unbounded Preceding And Current Row),2) As RUNNING_BALANCE,
       nvl(l.LocationName, d.LocationCode) As LOCATION,
       substr(d.Narration,1,250)  As NARRATION
  From VoucherDetail d
  Join Voucher v On v.Tno = d.Tno
  Left Join PBPass pp On v.ModuleCode = 'PBPASS' And pp.Tno = v.ModuleTno
  Left Join PurchaseBill pb On pb.Tno = pp.PurchaseBillTno
  Left Join AccountOpening ao On v.VoucherNo = 'OPENING' And ao.Tno = d.ModuleTno
  Left Join Location l On l.LocationCode = d.LocationCode
 Where d.AccountCode = :P923_PARTY
   And d.VoucherDate <= to_date(:P923_TODATE,'DD-MM-RRRR')
   And (cast(null as varchar2(100)) Is Null
        Or cast(null as varchar2(100)) = cast(null as varchar2(100)))
   And (null    Is Null Or cast(null as varchar2(100))        = null)
   And (:P923_COMPANY  Is Null Or d.CompanyCode  = :P923_COMPANY)
   And (:P923_LOCATION Is Null Or d.LocationCode = :P923_LOCATION)","","",""
923,"Creditor 360","CREDITOR-360",48,"Control","rule-control","NATIVE_STATIC","","<div class=""ds-dash-section"">
  <h2>Control and Reconciliation</h2>
  <p>Does this vendor tie to the ledger, and what exceptions do they carry?</p>
</div>","","",""
923,"Creditor 360","CREDITOR-360",50,"Reconciliation","reconciliation","NATIVE_SQL_REPORT","","/* The same two-way test as page 716, narrowed to one vendor and
   computed inside one statement so both sides see one snapshot. */
With Asof As (Select to_date(:P923_TODATE,'DD-MM-RRRR') D From dual),
     Alc As (
       Select a.DrVoucherTno Tno, a.DrVoucherSno Sno, -Sum(a.Amount) Amt
         From DrCrAllocation a, Voucher dv, Voucher cv, Asof
        Where dv.Tno = a.DrVoucherTno And cv.Tno = a.CrVoucherTno
          And dv.VoucherDate <= Asof.D And cv.VoucherDate <= Asof.D
        Group By a.DrVoucherTno, a.DrVoucherSno
       Union All
       Select a.CrVoucherTno, a.CrVoucherSno, Sum(a.Amount)
         From DrCrAllocation a, Voucher dv, Voucher cv, Asof
        Where dv.Tno = a.DrVoucherTno And cv.Tno = a.CrVoucherTno
          And dv.VoucherDate <= Asof.D And cv.VoucherDate <= Asof.D
        Group By a.CrVoucherTno, a.CrVoucherSno),
     Al As (Select Tno, Sno, Sum(Amt) Amt From Alc Group By Tno, Sno),
     B As (
       Select Sum((d.Amount - nvl(al.Amt,0))) Anl, Sum(d.Amount) Gl
         From VoucherDetail d
         Left Join Al al On al.Tno = d.Tno And al.Sno = d.Sno
         Cross Join Asof
        Where d.AccountCode = :P923_PARTY
          And d.VoucherDate <= Asof.D
          And (cast(null as varchar2(100)) Is Null
               Or cast(null as varchar2(100)) = cast(null as varchar2(100)))
          And (null    Is Null Or cast(null as varchar2(100))        = null)
          And (:P923_COMPANY  Is Null Or d.CompanyCode  = :P923_COMPANY)
          And (:P923_LOCATION Is Null Or d.LocationCode = :P923_LOCATION))
Select 'AP Analytical (open-item register)'   As MEASURE,
       Round(b.Anl,2)                          As AMOUNT,
       'allocation logic applied'              As BASIS From B b
Union All
Select 'Ledger balance (no allocation logic)', Round(b.Gl,2),
       'signed VoucherDetail sum' From B b
Union All
Select 'Difference', Round(b.Anl - b.Gl,2),
       Case When Abs(b.Anl - b.Gl) < 0.005 Then 'Reconciled'
            Else 'OUT OF BALANCE - allocations on this account do not net to zero' End
  From B b","","",""
923,"Creditor 360","CREDITOR-360",52,"Exceptions and Controls","exceptions","NATIVE_SQL_REPORT","","/* The same control predicates as page 715, narrowed to this vendor.
   Counts here and counts there are produced from the same expressions,
   so a reader can move between the two pages without reconciling them. */
With Asof As (Select to_date(:P923_TODATE,'DD-MM-RRRR') D From dual),
     Alc As (
       Select a.DrVoucherTno Tno, a.DrVoucherSno Sno, -Sum(a.Amount) Amt
         From DrCrAllocation a, Voucher dv, Voucher cv, Asof
        Where dv.Tno = a.DrVoucherTno And cv.Tno = a.CrVoucherTno
          And dv.VoucherDate <= Asof.D And cv.VoucherDate <= Asof.D
        Group By a.DrVoucherTno, a.DrVoucherSno
       Union All
       Select a.CrVoucherTno, a.CrVoucherSno, Sum(a.Amount)
         From DrCrAllocation a, Voucher dv, Voucher cv, Asof
        Where dv.Tno = a.DrVoucherTno And cv.Tno = a.CrVoucherTno
          And dv.VoucherDate <= Asof.D And cv.VoucherDate <= Asof.D
        Group By a.CrVoucherTno, a.CrVoucherSno),
     Al As (Select Tno, Sno, Sum(Amt) Amt From Alc Group By Tno, Sno),
     Oi As (
       Select d.CompanyCode Cmp, cast(null as varchar2(100)) Pnl, d.LocationCode Loc, d.VoucherDate Vdt,
              v.VoucherNo Vno, v.DocTypeCode Dtc,
              (d.Amount - nvl(al.Amt,0)) Pay,
              coalesce(pt.DueDt, jt.DueDt, ao.BillDueDate) DueDate,
              ao.BillDate AoBillDate, ao.BillDueDate AoBillDue
         From VoucherDetail d
         Join Voucher v On v.Tno = d.Tno
         Left Join Al al On al.Tno = d.Tno And al.Sno = d.Sno
         Left Join (Select pp.Tno Tno,
                           coalesce(Max(pb.PartyBillDate), Max(pb.PurchaseBillDate)) DocDt,
                           Max(pb.PurchaseBillDate)
                             + coalesce(Max(po.CreditDays), Max(pty.CreditDays)) DueDt
                      From PBPass pp
                      Join PurchaseBill pb On pb.Tno = pp.PurchaseBillTno
                      Left Join PurchaseBillDetail pbd On pbd.Tno = pb.Tno
                      Left Join PurchaseOrder po On po.Tno = pbd.PurchaseOrderTno
                      Left Join Party pty On pty.PartyCode = pb.PartyCode
                     Group By pp.Tno) pt On v.ModuleCode = 'PBPASS' And pt.Tno = v.ModuleTno
         Left Join (Select jp.Tno Tno,
                           coalesce(Max(jb.PartyBillDate), Max(jb.JobBillDate)) DocDt,
                           Max(jb.JobBillDate) + nvl(Max(jo.CreditDays),0) DueDt
                      From JBPass jp
                      Join JobBill jb On jb.Tno = jp.JobBillTno
                      Left Join JobOrder jo On jo.Tno = jb.JobOrderTno
                     Group By jp.Tno) jt On v.ModuleCode = 'JBPASS' And jt.Tno = v.ModuleTno
         Left Join AccountOpening ao On v.VoucherNo = 'OPENING'   And ao.Tno = d.ModuleTno
         Cross Join Asof
        Where d.AccountCode = :P923_PARTY
          And d.VoucherDate <= Asof.D
          And (cast(null as varchar2(100)) Is Null
               Or cast(null as varchar2(100)) = cast(null as varchar2(100)))
          And (null    Is Null Or cast(null as varchar2(100))        = null)
          And (:P923_COMPANY  Is Null Or d.CompanyCode  = :P923_COMPANY)
          And (:P923_LOCATION Is Null Or d.LocationCode = :P923_LOCATION))
Select Code, Nm, Items, Round(Expo,2) Expo From (
  Select 'AP-B02' Code, 'Open payable that cannot be aged' Nm,
         Count(*) Items, Sum(Abs(Pay)) Expo
    From Oi Where Pay > 0.005 And DueDate Is Null Having Count(*) > 0
  Union All
  Select 'AP-O01','Opening item, original bill date lost', Count(*), Sum(Abs(Pay))
    From Oi Where Vno = 'OPENING' And AoBillDate Is Null And Abs(Pay) > 0.005 Having Count(*) > 0
  Union All
  Select 'AP-O02','Opening item, original due date lost', Count(*), Sum(Abs(Pay))
    From Oi Where Vno = 'OPENING' And AoBillDue Is Null And Pay > 0.005 Having Count(*) > 0
  Union All
  Select 'AP-P03','Payment cash unapplied over 90 days', Count(*), Su","m(-Pay)
    From Oi Cross Join Asof
   Where Dtc In ('PAYMENT','CASHPAYMENT','BANKPAYMENT')
     And Pay < -0.005 And Asof.D - Vdt > 90 Having Count(*) > 0
  Union All
  Select 'AP-M01','Posted with incomplete business scope', Count(*), Sum(Abs(Pay))
    From Oi Where Cmp Is Null Or Loc Is Null Having Count(*) > 0
  Union All
  Select 'AP-M02','Posted to a location marked DO NOT USE', Count(*), Sum(Abs(o.Pay))
    From Oi o Join Location l On l.LocationCode = o.Loc
   Where upper(l.LocationName) Like '%DO NOT USE%' And Abs(o.Pay) > 0.005 Having Count(*) > 0
) Order By Code","",""
923,"Creditor 360","CREDITOR-360",54,"Timeline","timeline","NATIVE_SQL_REPORT","","/* The vendor's last 60 events in plain chronological order. Deliberately
   capped: a timeline is read from the top and an uncapped one on a busy
   account is a scrolling exercise, not a narrative. The cap is stated in
   the region title rather than applied silently. */
Select * From (
  Select d.VoucherDate                             As EVENT_DATE,
         Case When v.VoucherNo = 'OPENING'      Then 'Opening carry-forward'
              When v.ModuleCode = 'INVOICE'     Then 'Invoice raised'
              When v.ModuleCode = 'SERVICEBILL' Then 'Service bill raised'
              When v.ModuleCode = 'CREDITNOTE'  Then 'Credit note issued'
              When v.ModuleCode = 'DEBITNOTE'   Then 'Debit note issued'
              When v.ModuleCode = 'PBPASS'      Then 'Purchase from this party (contra)'
              When v.DocTypeCode = 'RECEIPT'    Then 'Receipt received'
              When v.DocTypeCode In ('PAYMENT','CASHPAYMENT','BANKPAYMENT')
                                                Then 'Payment made to this party'
              Else 'Journal posting' End         As EVENT,
         v.VoucherNo                             As VOUCHER_NO,
         d.Tno                                   As VOUCHER_TNO,
         Round(Abs(d.Amount),2)                  As AMOUNT,
         Case When d.Amount < 0 Then 'Increases payable'
              Else 'Reduces payable' End      As EFFECT,
         nvl(l.LocationName, d.LocationCode) As LOCATION
    From VoucherDetail d
    Join Voucher v On v.Tno = d.Tno
    Left Join Location l On l.LocationCode = d.LocationCode
   Where d.AccountCode = :P923_PARTY
     And d.VoucherDate <= to_date(:P923_TODATE,'DD-MM-RRRR')
     And (cast(null as varchar2(100)) Is Null
          Or cast(null as varchar2(100)) = cast(null as varchar2(100)))
     And (null    Is Null Or cast(null as varchar2(100))        = null)
     And (:P923_COMPANY  Is Null Or d.CompanyCode  = :P923_COMPANY)
     And (:P923_LOCATION Is Null Or d.LocationCode = :P923_LOCATION)
   Order By d.VoucherDate Desc, d.Tno Desc)
 Where rownum <= 60","","",""
923,"Creditor 360","CREDITOR-360",900,"Go to","quick-links","NATIVE_SQL_REPORT","","/* The quick-links strip: one card per sibling page in this section.
   One report ROW per card, so the report's own tbody becomes the
   grid (see `.ds-kpiwrap` in design-system.css) and the number of
   cards can vary with the reader's privileges without the layout
   caring.

   AUTHORISATION. The menu gates each entry on
   GetApexReportPrivilege, but that function returns a PL/SQL
   BOOLEAN and therefore cannot be called from SQL. Its logic is
   reproduced below against the same three tables, INCLUDING the
   hard-coded 'BOSS' bypass it carries, so a card appears only
   where the menu entry would. A reader never sees a card for a
   page they cannot open. If that function's rule changes, this
   predicate has to change with it - that duplication is the price
   of the boolean return type.

   Page 698 (Bill Detail) is deliberately absent: it is keyed on a
   specific (Tno, Sno) and is meaningless without one, so it is
   reached by clicking a bill, never from a menu. */
With Pg As (
  Select 920 Id, 'AP Command Centre'          Nm, 'Payable, due and overdue, payments, advances and the exceptions behind every number' Sub, 'fa-dashboard'              Ic From dual Union All
  Select 921,    'Vendor-wise Payable',           'One row per vendor, with ageing and the netting position',             'fa-users'                  From dual Union All
  Select 922,    'Bill-wise Payable',             'Every open item at line level, with its source document',              'fa-list-alt'               From dual Union All
  Select 923,    'Creditor 360',                  'One vendor from every angle - bills, payments, advances, statement',   'fa-user'                   From dual Union All
  Select 924,    'Payments and Settlement',       'Cash actually paid, which bank paid it, how much is applied',          'fa-upload'                 From dual Union All
  Select 925,    'Advances and Unapplied Payments','Money already with vendors, and the payable it could clear',          'fa-hand-o-up'              From dual Union All
  Select 926,    'Unbilled Liability (GRNI)',     'Goods received, no supplier bill yet - tied to the GR/IR account',     'fa-truck'                  From dual Union All
  Select 927,    'Exceptions and Controls',       'Every control, what it tests, and the records that fail it',           'fa-exclamation-triangle'   From dual Union All
  Select 928,    'Reconciliation and Data Health','The open-item register against the general-ledger control account',    'fa-balance-scale'          From dual Union All
  Select 930,    'Trends and Cash Forecast',      'How the position moved, and the cash the due dates demand',            'fa-line-chart'             From dual Union All
  Select 931,    'Daily Payment MIS',             'One day: position, movement, dues and what remains unexplained',       'fa-calendar-o'             From dual Union All
  Select 932,    'Weekly AP Review',              'Opening against closing, and the controls that failed in the week',    'fa-calendar'               From dual Union All
  Select 933,    'Monthly Management MIS',        'The management pack, reconciled to the GL at the foot',                'fa-file-text-o'            From dual)
Select '<a class=""ds-kpi ds-kpi--link ds-kpi--teal"" href=""'
    || apex_page.get_url(
         p_page        => Pg.Id,
         p_clear_cache => to_char(Pg.Id),
         /* Page 700 is a single-day report and has no From/To pair -
            naming an item that does not exist on the target page
            fails at run time, so its filter list is built separately. */
         p_items  => Case When Pg.Id = 931
                          Then 'P931_DAY,P931_COMPANY,P931_LOCATION'
                          Else 'P'||Pg.Id||'_FROMDATE,P'||Pg.Id||'_TODATE,P'
                               ||Pg.Id||'_COMPANY,P'||Pg.Id||'_LOCATION' End,
         p_values => Case When Pg",".Id = 931
                          Then :P923_TODATE ||','|| :P923_COMPANY ||','|| :P923_LOCATION
                          Else :P923_FROMDATE ||','|| :P923_TODATE ||','|| :P923_COMPANY ||','|| :P923_LOCATION End)
    || '""><span class=""ds-kpi-ic fa ' || Pg.Ic || '""></span>'
    || '<div class=""ds-kpi-body""><div class=""ds-kpi-t"">' || Pg.Nm || '</div>'
    || '<div class=""ds-kpi-sub"">' || Pg.Sub || '</div></div></a>' As CARD
  From Pg
 Where Pg.Id <> 923
 Order By Pg.Id","",""
935,"Supplier 360","SUPPLIER-360",5,"Supplier 360","command-header","NATIVE_SQL_REPORT","","select HEAD from (select HEAD,0 ds360_priority from (Select
  '<div class=""ds-purchase-head"">'
  || '<div class=""ds-purchase-head-eyebrow"">Supplier 360</div>'
  || '<h1 class=""ds-purchase-head-title"">'
     || apex_escape.html(nvl(GetPartyName(:P935_SUPPLIER),
                             'No supplier selected'))
     || '</h1>'
  || '<p class=""ds-purchase-head-sub"">Everything this application records '
  || 'about one supplier for the chosen period &mdash; what was ordered, '
  || 'received, billed, passed and settled.</p>'
  || '<div class=""ds-purchase-head-context"">'
  || '<span class=""ds-purchase-head-chip"">Period <b>'
     || apex_escape.html(:P935_FROMDATE) || ' &rarr; '
     || apex_escape.html(:P935_TODATE) || '</b></span>'
  || '<span class=""ds-purchase-head-chip"">Company <b>'
     || apex_escape.html(nvl(GetCompanyName(:P935_COMPANY),'All companies'))
     || '</b></span>'
  || '<span class=""ds-purchase-head-chip"">Location <b>'
     || apex_escape.html(nvl(GetLocationName(:P935_LOCATION),'All locations'))
     || '</b></span>'
  -- Last bill from THIS supplier, read through the authorised data scope. Says
  -- ""never"" rather than showing an empty chip.
  || '<span class=""ds-purchase-head-chip ds-purchase-head-chip--live"">Last bill <b>'
     || apex_escape.html(nvl(to_char(
          (Select Max(h.PurchaseBillDate) From PCC_PurchaseBill h
            Where h.PartyCode = :P935_SUPPLIER
              And ((Select SAGAR.GetUserPanelAB_apex() From dual) Is Null
                   Or h.Panel = (Select SAGAR.GetUserPanelAB_apex() From dual))),
          'DD-Mon-RRRR'),'never'))
     || '</b></span>'
  || '</div></div>' As HEAD
From dual) union all select '<div class=""ds360-placeholder""><h2>Supplier 360</h2><p>Select a record below and click Apply to view its master details, totals and line registers.</p></div>' HEAD,1 ds360_priority from dual where :P935_SUPPLIER is null) order by ds360_priority fetch first 1 rows only","","",""
935,"Supplier 360","SUPPLIER-360",6,"Filters","filter-bar","NATIVE_STATIC","","","","",""
935,"Supplier 360","SUPPLIER-360",15,"Supplier Position","rule-position","NATIVE_STATIC","","<div class=""ds-purchase-section"">
  <h2>Position With This Supplier</h2>
  <p>The chain from order to settlement. Billed here must equal this
     supplier's row on the Command Centre supplier table for the same period
     and scope. Paid is the <em>Payment&nbsp;Advice</em> basis on this page
     &mdash; the group cards on 668 read the ledger, so the two can differ
     for a supplier that settles by direct voucher.</p>
</div>","","",""
935,"Supplier 360","SUPPLIER-360",20,"Supplier KPIs","kpi-strip","NATIVE_SQL_REPORT","","With Win As (
       Select to_date(:P935_FROMDATE,'DD-MM-RRRR') F,
              to_date(:P935_TODATE,'DD-MM-RRRR')   T
         From dual),
Ord As (
  Select Sum(od.Amount) Ordered, Count(Distinct o.TNo) Orders
    From PCC_PurchaseOrder o
    Join PurchaseOrderDetail od On od.TNo = o.TNo
   Cross Join Win w
   Where o.PartyCode = :P935_SUPPLIER
     And o.PurchaseOrderDate Between w.F And w.T
     And ((Select SAGAR.GetUserPanelAB_apex() From dual) Is Null
          Or o.Panel = (Select SAGAR.GetUserPanelAB_apex() From dual))
     And (:P935_PANEL Is Null Or o.Panel = :P935_PANEL)
     And (:P935_COMPANY  Is Null Or o.CompanyCode  = :P935_COMPANY)
     And (:P935_LOCATION Is Null Or o.LocationCode = :P935_LOCATION)),
Rec As (
  Select Count(Distinct g.TNo) Grns
    From PCC_Grn g Cross Join Win w
   Where g.PartyCode = :P935_SUPPLIER
     And g.GrnDate Between w.F And w.T
     And ((Select SAGAR.GetUserPanelAB_apex() From dual) Is Null
          Or g.Panel = (Select SAGAR.GetUserPanelAB_apex() From dual))
     And (:P935_PANEL Is Null Or g.Panel = :P935_PANEL)
     And (:P935_COMPANY  Is Null Or g.CompanyCode  = :P935_COMPANY)
     And (:P935_LOCATION Is Null Or g.LocationCode = :P935_LOCATION)),
Bil As (
  Select Sum(d.Amount) Billed,
         Count(Distinct h.TNo) Bills,
         Count(Distinct d.ItemCode) Items
    From PCC_PurchaseBill h
    Join PurchaseBillDetail d On d.TNo = h.TNo
   Cross Join Win w
   Where h.PartyCode = :P935_SUPPLIER
     And h.PurchaseBillDate Between w.F And w.T
     And ((Select SAGAR.GetUserPanelAB_apex() From dual) Is Null
          Or h.Panel = (Select SAGAR.GetUserPanelAB_apex() From dual))
     And (:P935_PANEL Is Null Or h.Panel = :P935_PANEL)
     And (:P935_COMPANY  Is Null Or h.CompanyCode  = :P935_COMPANY)
     And (:P935_LOCATION Is Null Or h.LocationCode = :P935_LOCATION)),
Pss As (
  Select Sum(p.PBPassAmount) Passed,
         Sum(p.PaidAmount) PaidAdv,
         Count(*) Passes
    From PCC_PBPass p
    Join PCC_PurchaseBill h On h.TNo = p.PurchaseBillTNo
   Cross Join Win w
   Where h.PartyCode = :P935_SUPPLIER
     And h.PurchaseBillDate Between w.F And w.T
     And ((Select SAGAR.GetUserPanelAB_apex() From dual) Is Null
          Or h.Panel = (Select SAGAR.GetUserPanelAB_apex() From dual))
     And (:P935_PANEL Is Null Or h.Panel = :P935_PANEL)
     And (:P935_COMPANY  Is Null Or h.CompanyCode  = :P935_COMPANY)
     And (:P935_LOCATION Is Null Or h.LocationCode = :P935_LOCATION)),
NoPass As (
  Select Count(Distinct h.TNo) Cnt, Sum(d.Amount) Val
    From PCC_PurchaseBill h
    Join PurchaseBillDetail d On d.TNo = h.TNo
   Cross Join Win w
   Where h.PartyCode = :P935_SUPPLIER
     And h.PurchaseBillDate Between w.F And w.T
     And Not Exists (Select 1 From PCC_PBPass p Where p.PurchaseBillTNo = h.TNo)
     And ((Select SAGAR.GetUserPanelAB_apex() From dual) Is Null
          Or h.Panel = (Select SAGAR.GetUserPanelAB_apex() From dual))
     And (:P935_PANEL Is Null Or h.Panel = :P935_PANEL)
     And (:P935_COMPANY  Is Null Or h.CompanyCode  = :P935_COMPANY)
     And (:P935_LOCATION Is Null Or h.LocationCode = :P935_LOCATION))
Select
  '<div class=""ds-kpi ds-kpi--struct"" title=""SUM(PurchaseOrderDetail.Amount) '
  || 'on orders raised on this supplier in the period."">'
  || '<span class=""ds-kpi-ic""><span class=""fa fa-shopping-cart""></span></span>'
  || '<span class=""ds-kpi-body"">'
  || '<span class=""ds-kpi-t"">Ordered</span>'
  || '<span class=""ds-kpi-n"">'
     || Case When nvl(o.Ordered,0) >= 10000000
             Then 'Rs ' || to_char(Round(o.Ordered/10000000,2),'FM99G990D00') || ' Cr'
             When nvl(o.Ordered,0) >= 100000
             Then 'Rs ' || to_char(Round(o.Ordered/100000,2),'FM99G990D00') || ' L'
             Else 'Rs ' || to_char(nvl(o.Ordered,0),'FM99G99G990D00') End
     || '</span>'
  || '<span class=""ds-kpi-sub"">' || to_char(nvl(o.Orders,0),'FM999G999')
     |","| ' purchase orders</span>'
  || '</span></div>' As KPI1,
  '<div class=""ds-kpi ds-kpi--input"" title=""COUNT(DISTINCT Grn.TNo) for this '
  || 'supplier. Receipts carry QUANTITY ONLY in this ERP — GrnDetail holds no '
  || 'usable rate or amount — so no value is shown here."">'
  || '<span class=""ds-kpi-ic""><span class=""fa fa-truck""></span></span>'
  || '<span class=""ds-kpi-body"">'
  || '<span class=""ds-kpi-t"">Receipts</span>'
  || '<span class=""ds-kpi-n"">' || to_char(nvl(r.Grns,0),'FM999G999') || '</span>'
  || '<span class=""ds-kpi-sub"">GRNs booked &middot; '
  || '<span class=""ds-muted"">receipts carry no value here</span></span>'
  || '</span></div>' As KPI2,
  '<div class=""ds-kpi ds-kpi--value"" title=""SUM(PurchaseBillDetail.Amount) — '
  || 'the value grain. This must equal this supplier''s row on the Command '
  || 'Centre supplier table for the same period and scope."">'
  || '<span class=""ds-kpi-ic""><span class=""fa fa-inr""></span></span>'
  || '<span class=""ds-kpi-body"">'
  || '<span class=""ds-kpi-t"">Billed</span>'
  || '<span class=""ds-kpi-n"">'
     || Case When nvl(b.Billed,0) >= 10000000
             Then 'Rs ' || to_char(Round(b.Billed/10000000,2),'FM99G990D00') || ' Cr'
             When nvl(b.Billed,0) >= 100000
             Then 'Rs ' || to_char(Round(b.Billed/100000,2),'FM99G990D00') || ' L'
             Else 'Rs ' || to_char(nvl(b.Billed,0),'FM99G99G990D00') End
     || '</span>'
  || '<span class=""ds-kpi-sub"">' || to_char(nvl(b.Bills,0),'FM999G999')
     || ' bills &middot; ' || to_char(nvl(b.Items,0),'FM999G999')
     || ' distinct items</span>'
  || '</span></div>' As KPI3,
  '<div class=""ds-kpi ds-kpi--ok"" title=""SUM(PBPass.PBPassAmount). PBPass is '
  || 'one-to-one with the bill, so the join cannot multiply the grain."">'
  || '<span class=""ds-kpi-ic""><span class=""fa fa-check-square-o""></span></span>'
  || '<span class=""ds-kpi-body"">'
  || '<span class=""ds-kpi-t"">Passed</span>'
  || '<span class=""ds-kpi-n"">'
     || Case When nvl(p.Passed,0) >= 10000000
             Then 'Rs ' || to_char(Round(p.Passed/10000000,2),'FM99G990D00') || ' Cr'
             When nvl(p.Passed,0) >= 100000
             Then 'Rs ' || to_char(Round(p.Passed/100000,2),'FM99G990D00') || ' L'
             Else 'Rs ' || to_char(nvl(p.Passed,0),'FM99G99G990D00') End
     || '</span>'
  || '<span class=""ds-kpi-sub"">' || to_char(nvl(p.Passes,0),'FM999G999')
     || ' bills approved for payment</span>'
  || '</span></div>' As KPI4,
  -- BASIS DISCLOSED ON THE CARD. This is PBPass.PaidAmount, not the ledger.
  '<div class=""ds-kpi ds-kpi--suppl"" title=""SUM(PBPass.PaidAmount) — the '
  || 'Payment Advice basis. This column is only written when settlement runs '
  || 'through Payment Advice, so it can understate badly for a supplier that '
  || 'settles by direct voucher. Pages 668 and 683 read the ledger instead. '
  || 'Use the Supplier Ledger button for the ledger-side position."">'
  || '<span class=""ds-kpi-ic""><span class=""fa fa-credit-card""></span></span>'
  || '<span class=""ds-kpi-body"">'
  || '<span class=""ds-kpi-t"">Paid (via advice)</span>'
  || '<span class=""ds-kpi-n"">'
     || Case When nvl(p.PaidAdv,0) >= 10000000
             Then 'Rs ' || to_char(Round(p.PaidAdv/10000000,2),'FM99G990D00') || ' Cr'
             When nvl(p.PaidAdv,0) >= 100000
             Then 'Rs ' || to_char(Round(p.PaidAdv/100000,2),'FM99G990D00') || ' L'
             Else 'Rs ' || to_char(nvl(p.PaidAdv,0),'FM99G99G990D00') End
     || '</span>'
  || '<span class=""ds-kpi-sub"">'
     || Case When nvl(p.Passed,0) > 0
             Then to_char(Round(100 * nvl(p.PaidAdv,0) / p.Passed,1),'FM99999990D0')
                  || '% of passed'
             Else 'nothing passed in period' End
     || ' &middot; <span class=""ds-muted"">advice route only</span></span>'
  || '</span></div>' As KPI5,
  '<div class=""ds-kpi ds-kpi--risk"" title=""Bills from this supplier in the '
  || 'peri","od with no PBPass row — booked as a liability but not yet approved, '
  || 'and therefore not yet in the ledger."">'
  || '<span class=""ds-kpi-ic""><span class=""fa fa-hourglass-half""></span></span>'
  || '<span class=""ds-kpi-body"">'
  || '<span class=""ds-kpi-t"">Awaiting Pass</span>'
  || '<span class=""ds-kpi-n"">'
     || Case When nvl(np.Val,0) >= 10000000
             Then 'Rs ' || to_char(Round(np.Val/10000000,2),'FM99G990D00') || ' Cr'
             When nvl(np.Val,0) >= 100000
             Then 'Rs ' || to_char(Round(np.Val/100000,2),'FM99G990D00') || ' L'
             Else 'Rs ' || to_char(nvl(np.Val,0),'FM99G99G990D00') End
     || '</span>'
  || '<span class=""ds-kpi-sub"">' || to_char(nvl(np.Cnt,0),'FM999G999')
     || ' bills booked, not yet passed</span>'
  || '</span></div>' As KPI6
From Ord o
Cross Join Rec r
Cross Join Bil b
Cross Join Pss p
Cross Join NoPass np",""
935,"Supplier 360","SUPPLIER-360",25,"Flow Over Time","rule-flow","NATIVE_STATIC","","<div class=""ds-purchase-section"">
  <h2>Flow and Material Mix</h2>
  <p>Monthly billed value from this supplier, and what is actually being
     bought from them. Both read the bill line, so they tie to the Billed
     card above.</p>
</div>","","",""
935,"Supplier 360","SUPPLIER-360",30,"Monthly Billed Value","trend-chart","NATIVE_SQL_REPORT","","With ds_chart_ordered As (
  Select to_char(Trunc(h.PurchaseBillDate,'MM'),'Mon-RR') MONTH_LABEL,
         Round(Sum(d.Amount) / 100000, 2) VALUE_LAC,
         Trunc(h.PurchaseBillDate,'MM') SORT_KEY
    From PCC_PurchaseBill h
    Join PurchaseBillDetail d On d.TNo = h.TNo
   Where h.PartyCode = :P935_SUPPLIER
     And h.PurchaseBillDate
         Between to_date(:P935_FROMDATE,'DD-MM-RRRR')
             And to_date(:P935_TODATE,'DD-MM-RRRR')
     And ((Select SAGAR.GetUserPanelAB_apex() From dual) Is Null
          Or h.Panel = (Select SAGAR.GetUserPanelAB_apex() From dual))
     And (:P935_PANEL Is Null Or h.Panel = :P935_PANEL)
     And (:P935_COMPANY  Is Null Or h.CompanyCode  = :P935_COMPANY)
     And (:P935_LOCATION Is Null Or h.LocationCode = :P935_LOCATION)
   Group By Trunc(h.PurchaseBillDate,'MM')
   Order By SORT_KEY
),
ds_chart_q As (
  Select ordered_q.*, rownum ds_ord
    From ds_chart_ordered ordered_q
)
Select
  '<div class=""ds-fast-chart"" data-chart-type=""hbar"" aria-label=""Monthly Billed Value""><script type=""application/json"" class=""ds-fast-chart-data"">' ||
  replace(
    json_object(
      'unit' value 'Rs Lac',
      'series' value json_array('Billed (Rs Lac)' returning clob) format json,
      'rows' value json_arrayagg(
        json_object('l' value to_char(q.MONTH_LABEL),
                    'values' value json_array(q.VALUE_LAC returning clob) format json,
                    'u' value null
                    returning clob)
        order by q.ds_ord returning clob) format json
      returning clob),
    '<', '\\u003c'
  ) || '</script></div>' As CHART_ROW
From ds_chart_q q","","",""
935,"Supplier 360","SUPPLIER-360",32,"What We Buy From Them","item-mix","NATIVE_SQL_REPORT","","With ds_chart_ordered As (
  Select * From (
    Select nvl(i.ItemName, d.ItemCode) ITEM,
           Round(Sum(d.Amount) / 100000, 2) VALUE_LAC
      From PCC_PurchaseBill h
      Join PurchaseBillDetail d On d.TNo = h.TNo
      Left Join Item i On i.ItemCode = d.ItemCode
     Where h.PartyCode = :P935_SUPPLIER
       And h.PurchaseBillDate
           Between to_date(:P935_FROMDATE,'DD-MM-RRRR')
               And to_date(:P935_TODATE,'DD-MM-RRRR')
       And ((Select SAGAR.GetUserPanelAB_apex() From dual) Is Null
            Or h.Panel = (Select SAGAR.GetUserPanelAB_apex() From dual))
       And (:P935_PANEL Is Null Or h.Panel = :P935_PANEL)
       And (:P935_COMPANY  Is Null Or h.CompanyCode  = :P935_COMPANY)
       And (:P935_LOCATION Is Null Or h.LocationCode = :P935_LOCATION)
     Group By nvl(i.ItemName, d.ItemCode)
     Order By Sum(d.Amount) Desc)
   Where rownum <= 8
),
ds_chart_q As (
  Select ordered_q.*, rownum ds_ord
    From ds_chart_ordered ordered_q
)
Select
  '<div class=""ds-fast-chart"" data-chart-type=""donut"" aria-label=""What We Buy From Them""><script type=""application/json"" class=""ds-fast-chart-data"">' ||
  replace(
    json_object(
      'unit' value 'Rs Lac',
      'series' value json_array('Billed (Rs Lac)' returning clob) format json,
      'rows' value json_arrayagg(
        json_object('l' value to_char(q.ITEM),
                    'values' value json_array(q.VALUE_LAC returning clob) format json,
                    'u' value null
                    returning clob)
        order by q.ds_ord returning clob) format json
      returning clob),
    '<', '\\u003c'
  ) || '</script></div>' As CHART_ROW
From ds_chart_q q","","",""
935,"Supplier 360","SUPPLIER-360",40,"Orders","rule-orders","NATIVE_STATIC","","<div class=""ds-purchase-section"">
  <h2>Purchase Orders</h2>
  <p>Every order raised on this supplier in the period, with its receipt
     progress. Progress is read from the order line itself
     (<code>ReceivedQuantity1</code> against <code>Quantity1</code>), never
     inferred from a join &mdash; one order can feed several receipts, and a
     join would double-count.</p>
</div>","","",""
935,"Supplier 360","SUPPLIER-360",45,"Purchase Orders","orders","NATIVE_IR","","Select
  o.PurchaseOrderNo As PO_NO,
  o.PurchaseOrderDate As PO_DATE,
  GetLocationName(o.LocationCode) As LOCATION,
  o.DeliveryDate As DELIVERY_DUE,
  Count(*) As LINES,
  Sum(od.Amount) As ORDER_VALUE,
  -- Received % is shown ONLY where every line shares one unit. Summing
  -- quantities across incompatible units to make a ratio is meaningless.
  Case When Count(Distinct od.RateMeasuringUnitCode) <= 1
            And Sum(od.Quantity1) > 0
       Then Round(100 * Sum(Least(nvl(od.ReceivedQuantity1,0), od.Quantity1))
                      / Sum(od.Quantity1), 1)
  End As RECEIVED_PCT,
  Case
    When Sum(Least(nvl(od.ReceivedQuantity1,0), od.Quantity1))
         >= Sum(od.Quantity1) And Sum(od.Quantity1) > 0 Then 'Fully received'
    When Sum(nvl(od.ReceivedQuantity1,0)) > 0 Then 'Part received'
    Else 'Awaiting material'
  End As STATUS,
  o.PartyCode As PARTYCODE,
  -- Drill key to Purchase Order 360. The link travels on TNo rather than the
  -- order number, so it works whatever the numbering scheme looks like.
  o.TNo As PO_TNO
From PCC_PurchaseOrder o
Join PurchaseOrderDetail od On od.TNo = o.TNo
Where o.PartyCode = :P935_SUPPLIER
  And o.PurchaseOrderDate
      Between to_date(:P935_FROMDATE,'DD-MM-RRRR')
          And to_date(:P935_TODATE,'DD-MM-RRRR')
  And ((Select SAGAR.GetUserPanelAB_apex() From dual) Is Null
       Or o.Panel = (Select SAGAR.GetUserPanelAB_apex() From dual))
  And (:P935_PANEL Is Null Or o.Panel = :P935_PANEL)
  And (:P935_COMPANY  Is Null Or o.CompanyCode  = :P935_COMPANY)
  And (:P935_LOCATION Is Null Or o.LocationCode = :P935_LOCATION)
Group By o.PurchaseOrderNo, o.PurchaseOrderDate, o.LocationCode,
         o.DeliveryDate, o.PartyCode, o.TNo
Order By o.PurchaseOrderDate Desc, o.PurchaseOrderNo","","",""
935,"Supplier 360","SUPPLIER-360",50,"Bills","rule-bills","NATIVE_STATIC","","<div class=""ds-purchase-section"">
  <h2>Purchase Bills</h2>
  <p>Every bill from this supplier with its pass and settlement position.
     Summing Line Value here reproduces the Billed card at the top of the
     page. The supplier's <em>own</em> bill number is shown &mdash; internal
     document keys are never displayed.</p>
</div>","","",""
935,"Supplier 360","SUPPLIER-360",55,"Purchase Bills","bills","NATIVE_IR","","With Lines As (
  Select h.TNo, h.PurchaseBillDate, h.PartyBillNo, h.PartyBillDate,
         h.LocationCode, h.Panel,
         Sum(d.Amount) LineVal,
         Count(*) Lines,
         Count(Distinct d.ItemCode) Items
    From PCC_PurchaseBill h
    Join PurchaseBillDetail d On d.TNo = h.TNo
   Where h.PartyCode = :P935_SUPPLIER
     And h.PurchaseBillDate
         Between to_date(:P935_FROMDATE,'DD-MM-RRRR')
             And to_date(:P935_TODATE,'DD-MM-RRRR')
     And ((Select SAGAR.GetUserPanelAB_apex() From dual) Is Null
          Or h.Panel = (Select SAGAR.GetUserPanelAB_apex() From dual))
     And (:P935_PANEL Is Null Or h.Panel = :P935_PANEL)
     And (:P935_COMPANY  Is Null Or h.CompanyCode  = :P935_COMPANY)
     And (:P935_LOCATION Is Null Or h.LocationCode = :P935_LOCATION)
   Group By h.TNo, h.PurchaseBillDate, h.PartyBillNo, h.PartyBillDate,
            h.LocationCode, h.Panel)
Select
  l.TNo As BILL_TNO,
  l.PartyBillNo As SUPPLIER_BILL_NO,
  l.PartyBillDate As SUPPLIER_BILL_DATE,
  l.PurchaseBillDate As BOOKED_ON,
  GetLocationName(l.LocationCode) As LOCATION,
  l.Lines As LINES,
  l.Items As ITEMS,
  l.LineVal As LINE_VALUE,
  p.PBPassNo As PASS_NO,
  p.PBPassDate As PASS_DATE,
  p.PBPassAmount As PASSED,
  p.PaidAmount As PAID_VIA_ADVICE,
  Case When p.PurchaseBillTNo Is Not Null
       Then nvl(p.PBPassAmount,0) - nvl(p.PaidAmount,0) End As UNSETTLED,
  -- The middle branch is ""No advice settlement"", NOT ""Unpaid"": PaidAmount
  -- covers only one settlement route, so calling it unpaid would assert
  -- more than the column can support.
  Case When p.PurchaseBillTNo Is Null                    Then 'Not passed'
       When nvl(p.PaidAmount,0) = 0                      Then 'No advice settlement'
       When nvl(p.PaidAmount,0) >= nvl(p.PBPassAmount,0) Then 'Settled'
       Else 'Part settled' End As POSITION,
  l.Panel As PANEL
From Lines l
Left Join PCC_PBPass p On p.PurchaseBillTNo = l.TNo
Order By l.PurchaseBillDate Desc, l.PartyBillNo","","",""
936,"Item 360","ITEM-360",5,"Item 360","command-header","NATIVE_SQL_REPORT","","select HEAD from (select HEAD,0 ds360_priority from (Select
  '<div class=""ds-purchase-head"">'
  || '<div class=""ds-purchase-head-eyebrow"">Item 360</div>'
  || '<h1 class=""ds-purchase-head-title"">'
     || apex_escape.html(nvl((Select i.ItemName From Item i
                               Where i.ItemCode = :P936_ITEMCODE),
                             nvl(:P936_ITEMCODE,'No item selected')))
     || '</h1>'
  || '<p class=""ds-purchase-head-sub"">What this item cost, from whom, and '
  || 'against which specification. Every rate here is money booked divided '
  || 'by quantity booked, within this one unit of measure.</p>'
  || '<div class=""ds-purchase-head-context"">'
  -- The unit is part of the SUBJECT, not a filter, so it is stated first.
  || '<span class=""ds-purchase-head-chip"">Unit <b>'
     || apex_escape.html(
          Case When :P936_UOM = '~NONE~' Then 'No unit recorded'
               Else nvl((Select m.MeasuringUnitName From MeasuringUnit m
                          Where m.MeasuringUnitCode = :P936_UOM),
                        nvl(:P936_UOM,'All units')) End)
     || '</b></span>'
  || Case When :P936_SPEC Is Not Null
          Then '<span class=""ds-purchase-head-chip"">Specification <b>'
               || apex_escape.html(
                    Case When :P936_SPEC = '~NONE~' Then 'No specification recorded'
                         Else nvl((Select s.ItemSpecificationName
                                     From ItemSpecification s
                                    Where s.ItemSpecificationCode = :P936_SPEC),
                                  :P936_SPEC) End)
               || '</b></span>'
          Else '' End
  || '<span class=""ds-purchase-head-chip"">Period <b>'
     || apex_escape.html(:P936_FROMDATE) || ' &rarr; '
     || apex_escape.html(:P936_TODATE) || '</b></span>'
  || '<span class=""ds-purchase-head-chip"">Company <b>'
     || apex_escape.html(nvl(GetCompanyName(:P936_COMPANY),'All companies'))
     || '</b></span>'
  || '<span class=""ds-purchase-head-chip"">Location <b>'
     || apex_escape.html(nvl(GetLocationName(:P936_LOCATION),'All locations'))
     || '</b></span>'
  || '<span class=""ds-purchase-head-chip ds-purchase-head-chip--live"">Last buy <b>'
     || apex_escape.html(nvl(to_char(
          (Select Max(h.PurchaseBillDate)
             From PCC_PurchaseBill h
             Join PurchaseBillDetail d On d.TNo = h.TNo
            Where d.ItemCode = :P936_ITEMCODE
              And (:P936_UOM Is Null
                   Or nvl(d.RateMeasuringUnitCode,'~NONE~') = :P936_UOM)
              And ((Select SAGAR.GetUserPanelAB_apex() From dual) Is Null
                   Or h.Panel = (Select SAGAR.GetUserPanelAB_apex() From dual))),
          'DD-Mon-RRRR'),'never bought'))
     || '</b></span>'
  || '</div></div>' As HEAD
From dual) union all select '<div class=""ds360-placeholder""><h2>Item 360</h2><p>Select a record below and click Apply to view its master details, totals and line registers.</p></div>' HEAD,1 ds360_priority from dual where :P936_ITEMCODE is null) order by ds360_priority fetch first 1 rows only","","",""
936,"Item 360","ITEM-360",6,"Filters","filter-bar","NATIVE_STATIC","","","","",""
936,"Item 360","ITEM-360",15,"Item Position","rule-pulse","NATIVE_STATIC","","<div class=""ds-purchase-section"">
  <h2>What This Item Cost</h2>
  <p>Headline position for this item in this unit of measure. Average
     realised rate is total money divided by total quantity &mdash; a
     value-weighted mean, <em>not</em> an average of per-bill rates, which
     would weight a one-kilogram bill like a forty-tonne one.</p>
</div>","","",""
936,"Item 360","ITEM-360",20,"Item KPIs","item-kpi","NATIVE_SQL_REPORT","","With L As (
  -- Level 1: filtered bill LINES. The guards matter — a line with zero
  -- quantity or zero value would divide to nonsense or drag the mean.
  Select h.TNo BillTno, h.PurchaseBillDate BillDate, h.PartyCode,
         d.Amount Amt, d.Quantity1 Qty
    From PCC_PurchaseBill h
    Join PurchaseBillDetail d On d.TNo = h.TNo
   Where d.ItemCode = :P936_ITEMCODE
     And (:P936_UOM  Is Null
          Or nvl(d.RateMeasuringUnitCode,'~NONE~') = :P936_UOM)
     And (:P936_SPEC Is Null
          Or nvl(d.ItemSpecificationCode,'~NONE~') = :P936_SPEC)
     And h.PurchaseBillDate
         Between to_date(:P936_FROMDATE,'DD-MM-RRRR')
             And to_date(:P936_TODATE,'DD-MM-RRRR')
     And nvl(d.Quantity1,0) > 0
     And nvl(d.Amount,0)    > 0
     And ((Select SAGAR.GetUserPanelAB_apex() From dual) Is Null
          Or h.Panel = (Select SAGAR.GetUserPanelAB_apex() From dual))
     And (:P936_PANEL Is Null Or h.Panel = :P936_PANEL)
     And (:P936_COMPANY  Is Null Or h.CompanyCode  = :P936_COMPANY)
     And (:P936_LOCATION Is Null Or h.LocationCode = :P936_LOCATION)
     And (:P936_SUPPLIER Is Null Or h.PartyCode    = :P936_SUPPLIER)),
B As (
  -- Level 2: one realised rate per BILL.
  Select BillTno, BillDate,
         Sum(Amt) Amt, Sum(Qty) Qty,
         Sum(Amt) / Sum(Qty) BillRate
    From L
   Group By BillTno, BillDate),
A As (
  -- Level 3: the aggregate. AvgRate is value-weighted; Min/Max/Last are
  -- per-BILL rates.
  Select Count(*) Bills,
         Sum(Amt) Spend,
         Sum(Qty) Qty,
         Sum(Amt) / Sum(Qty) AvgRate,
         Min(BillRate) MinRate,
         Max(BillRate) MaxRate,
         Max(BillRate) KEEP (DENSE_RANK LAST
                             Order By BillDate, BillTno) LastRate,
         Max(BillDate) LastBuy
    From B),
V As (Select Count(Distinct PartyCode) Vendors From L)
Select
  '<div class=""ds-kpi ds-kpi--value"" title=""SUM(PurchaseBillDetail.Amount) '
  || 'for this item in this unit. Must equal the Spend column on the Item '
  || 'Procurement report that drilled here."">'
  || '<span class=""ds-kpi-ic""><span class=""fa fa-inr""></span></span>'
  || '<span class=""ds-kpi-body"">'
  || '<span class=""ds-kpi-t"">Purchase Value</span>'
  || '<span class=""ds-kpi-n"">'
     || Case When nvl(a.Spend,0) >= 10000000
             Then 'Rs ' || to_char(Round(a.Spend/10000000,2),'FM99G990D00') || ' Cr'
             When nvl(a.Spend,0) >= 100000
             Then 'Rs ' || to_char(Round(a.Spend/100000,2),'FM99G990D00') || ' L'
             Else 'Rs ' || to_char(nvl(a.Spend,0),'FM99G99G990D00') End
     || '</span>'
  || '<span class=""ds-kpi-sub"">' || to_char(nvl(v.Vendors,0),'FM999G999')
     || ' suppliers used</span>'
  || '</span></div>' As KPI1,
  '<div class=""ds-kpi ds-kpi--bill"" title=""Number of bills carrying this item '
  || 'in this unit — how often it is actually bought."">'
  || '<span class=""ds-kpi-ic""><span class=""fa fa-repeat""></span></span>'
  || '<span class=""ds-kpi-body"">'
  || '<span class=""ds-kpi-t"">Purchase Frequency</span>'
  || '<span class=""ds-kpi-n"">' || to_char(nvl(a.Bills,0),'FM999G999') || '</span>'
  || '<span class=""ds-kpi-sub"">bills carrying this item</span>'
  || '</span></div>' As KPI2,
  '<div class=""ds-kpi ds-kpi--input"" title=""SUM(Quantity1) IN THIS UNIT ONLY. '
  || 'This figure is meaningful only within the unit named in the header — it '
  || 'is never added to a quantity in another unit."">'
  || '<span class=""ds-kpi-ic""><span class=""fa fa-cubes""></span></span>'
  || '<span class=""ds-kpi-body"">'
  || '<span class=""ds-kpi-t"">Quantity Purchased</span>'
  || '<span class=""ds-kpi-n"">'
     || to_char(nvl(a.Qty,0),'FM999G999G990D000') || '</span>'
  || '<span class=""ds-kpi-sub"">in '
     || apex_escape.html(
          Case When :P936_UOM = '~NONE~' Then 'lines with no unit recorded'
               Else nvl((Select m.MeasuringUnitName From MeasuringUnit m
                          ","Where m.MeasuringUnitCode = :P936_UOM),
                        'the selected unit') End)
     || '</span>'
  || '</span></div>' As KPI3,
  '<div class=""ds-kpi ds-kpi--move"" title=""SUM(Amount)/SUM(Quantity1) — total '
  || 'money divided by total quantity. A VALUE-WEIGHTED mean, deliberately '
  || 'not an average of per-bill rates."">'
  || '<span class=""ds-kpi-ic""><span class=""fa fa-balance-scale""></span></span>'
  || '<span class=""ds-kpi-body"">'
  || '<span class=""ds-kpi-t"">Avg Realised Rate</span>'
  || '<span class=""ds-kpi-n"">Rs '
     || to_char(Round(a.AvgRate,2),'FM99G99G990D00') || '</span>'
  || '<span class=""ds-kpi-sub"">money booked / quantity booked</span>'
  || '</span></div>' As KPI4,
  '<div class=""ds-kpi ds-kpi--struct"" title=""The realised rate on the most '
  || 'recent bill, resolved with KEEP DENSE_RANK LAST on bill date then bill '
  || 'key so it is deterministic when several bills share a date."">'
  || '<span class=""ds-kpi-ic""><span class=""fa fa-tag""></span></span>'
  || '<span class=""ds-kpi-body"">'
  || '<span class=""ds-kpi-t"">Last Purchase Rate</span>'
  || '<span class=""ds-kpi-n"">Rs '
     || to_char(Round(a.LastRate,2),'FM99G99G990D00') || '</span>'
  || '<span class=""ds-kpi-sub"">'
     || nvl(to_char(a.LastBuy,'DD-Mon-RRRR'),'no purchase in period')
     || '</span>'
  || '</span></div>' As KPI5,
  -- A WIDE SPREAD IS ADVERSE, so this card takes the risk accent.
  '<div class=""ds-kpi ds-kpi--risk"" title=""100 * (dearest - cheapest) / '
  || 'cheapest, on per-BILL realised rates. A wide spread on a high-spend '
  || 'item is worth investigating — it may be timing, grade or supplier."">'
  || '<span class=""ds-kpi-ic""><span class=""fa fa-arrows-h""></span></span>'
  || '<span class=""ds-kpi-body"">'
  || '<span class=""ds-kpi-t"">Price Spread</span>'
  || '<span class=""ds-kpi-n"">'
     || Case When nvl(a.MinRate,0) > 0
             Then to_char(Round(100*(a.MaxRate-a.MinRate)/a.MinRate,1),'FM99999990D0')
                  || '%'
             Else '<span class=""ds-muted"">not measurable</span>' End
     || '</span>'
  || '<span class=""ds-kpi-sub"">Rs '
     || to_char(Round(a.MinRate,2),'FM99G99G990D00') || ' &rarr; Rs '
     || to_char(Round(a.MaxRate,2),'FM99G99G990D00') || '</span>'
  || '</span></div>' As KPI6
From A a Cross Join V v","",""
936,"Item 360","ITEM-360",30,"Item Master and Specifications","rule-master","NATIVE_STATIC","","<div class=""ds-purchase-section"">
  <h2>Master Record &amp; Specification Mix</h2>
  <p>What the item master records, and how spend splits across the
     specifications actually bought. Fields this ERP does not populate are
     omitted rather than shown blank &mdash; a blank reads as missing data,
     an absence reads as ""not recorded here"". Each specification drills to
     Specification 360.</p>
</div>","","",""
936,"Item 360","ITEM-360",35,"Item Master","item-master","NATIVE_IR","","Select 10 Seq, 'Item name' As ATTRIBUTE,
       apex_escape.html(i.ItemName) As VALUE
  From Item i Where i.ItemCode = :P936_ITEMCODE
Union All
Select 20, 'Item code', apex_escape.html(i.ItemCode)
  From Item i Where i.ItemCode = :P936_ITEMCODE
Union All
Select 30, 'Parent group',
       nvl((Select apex_escape.html(p.ItemName) From Item p
             Where p.ItemCode = i.ParentCode),
           '<span class=""ds-muted"">top of the hierarchy</span>')
  From Item i Where i.ItemCode = :P936_ITEMCODE
Union All
Select 35, 'Item category',
       nvl((Select apex_escape.html(c.ItemCategoryName) From ItemCategory c
             Where c.ItemCategoryCode = i.ItemCategoryCode),
           '<span class=""ds-muted"">not categorised</span>')
  From Item i Where i.ItemCode = :P936_ITEMCODE
Union All
Select 40, 'Stock unit',
       nvl((Select apex_escape.html(m.MeasuringUnitName) From MeasuringUnit m
             Where m.MeasuringUnitCode = i.MeasuringUnitCode1),
           '<span class=""ds-muted"">not recorded</span>')
  From Item i Where i.ItemCode = :P936_ITEMCODE
Union All
Select 50, 'Alternate unit',
       nvl((Select apex_escape.html(m.MeasuringUnitName) From MeasuringUnit m
             Where m.MeasuringUnitCode = i.MeasuringUnitCode2),
           '<span class=""ds-muted"">not recorded</span>')
  From Item i Where i.ItemCode = :P936_ITEMCODE
Union All
Select 60, 'Specifications on file',
       to_char((Select Count(*) From ItemSpecification s
                 Where s.ItemSpecificationCode In
                       (Select Distinct d.ItemSpecificationCode
                          From PurchaseBillDetail d
                         Where d.ItemCode = :P936_ITEMCODE)))
  From dual
Union All
Select 70, 'HSN codes seen',
       nvl((Select listagg(x.HsnCode, ', ') Within Group (Order By x.HsnCode)
              From (Select Distinct s.HsnCode
                      From ItemSpecification s
                      Join PurchaseBillDetail d
                        On d.ItemSpecificationCode = s.ItemSpecificationCode
                     Where d.ItemCode = :P936_ITEMCODE
                       And s.HsnCode Is Not Null) x),
           '<span class=""ds-muted"">not recorded</span>')
  From dual
Order By 1","","",""
936,"Item 360","ITEM-360",36,"Specification Mix","item-specs","NATIVE_IR","","With L As (
  Select h.TNo BillTno, h.PurchaseBillDate BillDate, h.PartyCode,
         nvl(d.ItemSpecificationCode,'~NONE~') Spec,
         d.Amount Amt, d.Quantity1 Qty
    From PCC_PurchaseBill h
    Join PurchaseBillDetail d On d.TNo = h.TNo
   Where d.ItemCode = :P936_ITEMCODE
     And (:P936_UOM Is Null
          Or nvl(d.RateMeasuringUnitCode,'~NONE~') = :P936_UOM)
     And h.PurchaseBillDate
         Between to_date(:P936_FROMDATE,'DD-MM-RRRR')
             And to_date(:P936_TODATE,'DD-MM-RRRR')
     And nvl(d.Quantity1,0) > 0
     And nvl(d.Amount,0)    > 0
     And ((Select SAGAR.GetUserPanelAB_apex() From dual) Is Null
          Or h.Panel = (Select SAGAR.GetUserPanelAB_apex() From dual))
     And (:P936_PANEL Is Null Or h.Panel = :P936_PANEL)
     And (:P936_COMPANY  Is Null Or h.CompanyCode  = :P936_COMPANY)
     And (:P936_LOCATION Is Null Or h.LocationCode = :P936_LOCATION)),
B As (
  Select Spec, BillTno, BillDate,
         Sum(Amt) Amt, Sum(Qty) Qty,
         Sum(Amt) / Sum(Qty) BillRate
    From L
   Group By Spec, BillTno, BillDate),
A As (
  Select Spec,
         Count(*) Bills,
         Sum(Amt) Spend,
         Sum(Qty) Qty,
         Sum(Amt) / Sum(Qty) AvgRate,
         Min(BillRate) MinRate,
         Max(BillRate) MaxRate,
         Max(BillDate) LastBuy
    From B
   Group By Spec),
V As (Select Spec, Count(Distinct PartyCode) Vendors From L Group By Spec)
Select
  a.Spec As SPECCODE,
  Case When a.Spec = '~NONE~'
       Then '<span class=""ds-muted"">No specification recorded</span>'
       Else apex_escape.html(
              nvl((Select s.ItemSpecificationName From ItemSpecification s
                    Where s.ItemSpecificationCode = a.Spec), a.Spec))
  End As SPECIFICATION,
  v.Vendors As VENDORS,
  a.Bills As BILLS,
  a.Qty As QUANTITY,
  a.Spend As SPEND,
  Round(a.AvgRate,2) As AVG_RATE,
  Round(a.MinRate,2) As MIN_RATE,
  Round(a.MaxRate,2) As MAX_RATE,
  a.LastBuy As LAST_BUY,
  '<span class=""ds-sharecell""><span class=""ds-bar ds-bar--gold""><i style=""width:'
  || to_char(Round(100 * a.Spend / Nullif(Sum(a.Spend) Over (),0),1),'FM99999990D0')
  || '%""></i></span><b>'
  || to_char(Round(100 * a.Spend / Nullif(Sum(a.Spend) Over (),0),1),'FM99999990D0')
  || '%</b></span>' As SHARE_OF_ITEM
From A a
Join V v On v.Spec = a.Spec
Order By a.Spend Desc","","",""
936,"Item 360","ITEM-360",40,"Vendor Comparison","rule-vendor","NATIVE_STATIC","","<div class=""ds-purchase-section"">
  <h2>Who Supplies It, and at What Rate</h2>
  <p>Every supplier of this item ranked cheapest first, with the premium each
     carries over the best source. This is an <em>arithmetic</em> comparison
     of what was actually paid &mdash; it is <strong>not</strong>
     quality-adjusted, because this ERP holds no quality or service rating to
     adjust with. The table deliberately ignores the Supplier filter so every
     vendor stays visible.</p>
</div>","","",""
936,"Item 360","ITEM-360",45,"Vendor Comparison","vendor-compare","NATIVE_IR","","With L As (
  Select h.TNo BillTno, h.PurchaseBillDate BillDate, h.PartyCode,
         d.Amount Amt, d.Quantity1 Qty
    From PCC_PurchaseBill h
    Join PurchaseBillDetail d On d.TNo = h.TNo
   Where d.ItemCode = :P936_ITEMCODE
     And (:P936_UOM  Is Null
          Or nvl(d.RateMeasuringUnitCode,'~NONE~') = :P936_UOM)
     And (:P936_SPEC Is Null
          Or nvl(d.ItemSpecificationCode,'~NONE~') = :P936_SPEC)
     And h.PurchaseBillDate
         Between to_date(:P936_FROMDATE,'DD-MM-RRRR')
             And to_date(:P936_TODATE,'DD-MM-RRRR')
     And nvl(d.Quantity1,0) > 0
     And nvl(d.Amount,0)    > 0
     And ((Select SAGAR.GetUserPanelAB_apex() From dual) Is Null
          Or h.Panel = (Select SAGAR.GetUserPanelAB_apex() From dual))
     And (:P936_PANEL Is Null Or h.Panel = :P936_PANEL)
     And (:P936_COMPANY  Is Null Or h.CompanyCode  = :P936_COMPANY)
     And (:P936_LOCATION Is Null Or h.LocationCode = :P936_LOCATION)),
B As (
  Select PartyCode, BillTno, BillDate,
         Sum(Amt) Amt, Sum(Qty) Qty,
         Sum(Amt) / Sum(Qty) BillRate
    From L
   Group By PartyCode, BillTno, BillDate),
A As (
  Select PartyCode,
         Count(*) Bills,
         Sum(Amt) Spend,
         Sum(Qty) Qty,
         Sum(Amt) / Sum(Qty) AvgRate,
         Min(BillRate) MinRate,
         Max(BillRate) MaxRate,
         Max(BillRate) KEEP (DENSE_RANK LAST
                             Order By BillDate, BillTno) LastRate,
         Min(BillDate) FirstBuy,
         Max(BillDate) LastBuy
    From B
   Group By PartyCode)
Select
  a.PartyCode As PARTYCODE,
  GetPartyName(a.PartyCode) As SUPPLIER,
  a.Bills As BILLS,
  a.Qty As QUANTITY,
  a.Spend As SPEND,
  Round(a.AvgRate,2)  As AVG_RATE,
  Round(a.MinRate,2)  As MIN_RATE,
  Round(a.MaxRate,2)  As MAX_RATE,
  Round(a.LastRate,2) As LAST_RATE,
  -- Premium over the CHEAPEST source for this item. Arithmetic only.
  Round(100 * (a.AvgRate - Min(a.AvgRate) Over ())
            / Nullif(Min(a.AvgRate) Over (),0), 1) As PREMIUM_PCT,
  a.FirstBuy As FIRST_BUY,
  a.LastBuy  As LAST_BUY
From A a
Order By a.AvgRate","","",""
936,"Item 360","ITEM-360",50,"Rate Over Time","rule-trend","NATIVE_STATIC","","<div class=""ds-purchase-section"">
  <h2>Realised Rate by Month</h2>
  <p>The rate actually achieved each month, on the same money-over-quantity
     basis as the cards above. A rising line is adverse.</p>
</div>","","",""
936,"Item 360","ITEM-360",55,"Realised Rate by Month","price-trend","NATIVE_SQL_REPORT","","With ds_chart_ordered As (
  Select to_char(Trunc(h.PurchaseBillDate,'MM'),'Mon-RR') MONTH_LABEL,
         Round(Sum(d.Amount) / Nullif(Sum(d.Quantity1),0), 2) RATE,
         Trunc(h.PurchaseBillDate,'MM') SORT_KEY
    From PCC_PurchaseBill h
    Join PurchaseBillDetail d On d.TNo = h.TNo
   Where d.ItemCode = :P936_ITEMCODE
     And (:P936_UOM  Is Null
          Or nvl(d.RateMeasuringUnitCode,'~NONE~') = :P936_UOM)
     And (:P936_SPEC Is Null
          Or nvl(d.ItemSpecificationCode,'~NONE~') = :P936_SPEC)
     And h.PurchaseBillDate
         Between to_date(:P936_FROMDATE,'DD-MM-RRRR')
             And to_date(:P936_TODATE,'DD-MM-RRRR')
     And nvl(d.Quantity1,0) > 0
     And nvl(d.Amount,0)    > 0
     And ((Select SAGAR.GetUserPanelAB_apex() From dual) Is Null
          Or h.Panel = (Select SAGAR.GetUserPanelAB_apex() From dual))
     And (:P936_PANEL Is Null Or h.Panel = :P936_PANEL)
     And (:P936_COMPANY  Is Null Or h.CompanyCode  = :P936_COMPANY)
     And (:P936_LOCATION Is Null Or h.LocationCode = :P936_LOCATION)
     And (:P936_SUPPLIER Is Null Or h.PartyCode    = :P936_SUPPLIER)
   Group By Trunc(h.PurchaseBillDate,'MM')
   Order By SORT_KEY
),
ds_chart_q As (
  Select ordered_q.*, rownum ds_ord
    From ds_chart_ordered ordered_q
)
Select
  '<div class=""ds-fast-chart"" data-chart-type=""line"" aria-label=""Realised Rate by Month""><script type=""application/json"" class=""ds-fast-chart-data"">' ||
  replace(
    json_object(
      'unit' value '',
      'series' value json_array('Realised Rate' returning clob) format json,
      'rows' value json_arrayagg(
        json_object('l' value to_char(q.MONTH_LABEL),
                    'values' value json_array(q.RATE returning clob) format json,
                    'u' value null
                    returning clob)
        order by q.ds_ord returning clob) format json
      returning clob),
    '<', '\\u003c'
  ) || '</script></div>' As CHART_ROW
From ds_chart_q q","","",""
937,"Purchase Bill 360","PURCHASE-BILL-360",5,"Purchase Bill 360","command-header","NATIVE_SQL_REPORT","","select HEAD from (select HEAD,0 ds360_priority from (Select
  '<div class=""ds-purchase-head"">'
  || '<div class=""ds-purchase-head-eyebrow"">Purchase Bill 360</div>'
  || '<h1 class=""ds-purchase-head-title"">Bill '
     || apex_escape.html(nvl(h.PartyBillNo, h.PurchaseBillNo)) || '</h1>'
  || '<p class=""ds-purchase-head-sub"">One supplier invoice &mdash; what was '
  || 'billed, what was approved, what has settled, and the receipts it was '
  || 'raised against.</p>'
  || '<div class=""ds-purchase-head-context"">'
  || '<span class=""ds-purchase-head-chip"">Supplier <b>'
     || apex_escape.html(nvl(GetPartyName(h.PartyCode),'not recorded'))
     || '</b></span>'
  || '<span class=""ds-purchase-head-chip"">Supplier bill date <b>'
     || apex_escape.html(nvl(to_char(h.PartyBillDate,'DD-Mon-RRRR'),
                             'not recorded'))
     || '</b></span>'
  || '<span class=""ds-purchase-head-chip"">Booked on <b>'
     || apex_escape.html(to_char(h.PurchaseBillDate,'DD-Mon-RRRR'))
     || '</b></span>'
  || '<span class=""ds-purchase-head-chip"">Our bill no <b>'
     || apex_escape.html(h.PurchaseBillNo) || '</b></span>'
  || '<span class=""ds-purchase-head-chip"">Company <b>'
     || apex_escape.html(nvl(GetCompanyName(h.CompanyCode),'not recorded'))
     || '</b></span>'
  || '<span class=""ds-purchase-head-chip"">Location <b>'
     || apex_escape.html(nvl(GetLocationName(h.LocationCode),'not recorded'))
     || '</b></span>'
  || '<span class=""ds-purchase-head-chip"">Doc type <b>'
     || apex_escape.html(
          nvl((Select dt.DocTypeName From DocType dt
                Where dt.DocTypeCode = h.DocTypeCode), h.DocTypeCode))
     || '</b></span>'
  || '<span class=""ds-purchase-head-chip"">GSTIN <b>'
     || apex_escape.html(nvl(GetPartyAttributeValue(h.PartyCode,'GSTINNO'),
                             'Not on file'))
     || '</b></span>'
  -- Whether the bill traces to an order at all. A bill with no order is not
  -- wrong — direct and service purchases exist — but it cannot be reconciled
  -- against committed spend, so the reader is told.
  || '<span class=""ds-purchase-head-chip"">Against order <b>'
     || Case When h.PurchaseOrderTNo Is Null Then 'No order linked'
             Else apex_escape.html(
                    nvl((Select o.PurchaseOrderNo From PCC_PurchaseOrder o
                          Where o.TNo = h.PurchaseOrderTNo),'linked')) End
     || '</b></span>'
  || '<span class=""ds-purchase-head-chip ds-purchase-head-chip--live"">Position <b>'
     || Case When p.PurchaseBillTNo Is Null Then 'Not passed'
             When nvl(p.PaidAmount,0) = 0 Then 'Passed, no advice settlement'
             When nvl(p.PaidAmount,0) >= nvl(p.PBPassAmount,0) Then 'Settled'
             Else 'Part settled' End
     || '</b></span>'
  || '</div></div>' As HEAD
From PCC_PurchaseBill h
Left Join PCC_PBPass p On p.PurchaseBillTNo = h.TNo
Where h.TNo = :P937_TNO
  And ((Select SAGAR.GetUserPanelAB_apex() From dual) Is Null
       Or h.Panel = (Select SAGAR.GetUserPanelAB_apex() From dual))) union all select '<div class=""ds360-placeholder""><h2>Purchase Bill 360</h2><p>Select a record below and click Apply to view its master details, totals and line registers.</p></div>' HEAD,1 ds360_priority from dual where :P937_TNO is null) order by ds360_priority fetch first 1 rows only","","",""
937,"Purchase Bill 360","PURCHASE-BILL-360",6,"Standalone Filters","filter-bar","NATIVE_STATIC","","","","",""
937,"Purchase Bill 360","PURCHASE-BILL-360",10,"Bill Position","kpi-strip","NATIVE_SQL_REPORT","","With Ln As (
  Select Sum(d.Amount) LineVal,
         Sum(d.TotalAmount) TotalVal,
         Count(*) Lines,
         Count(Distinct d.ItemCode) Items
    From PurchaseBillDetail d
    Join PCC_PurchaseBill h On h.TNo = d.TNo
   Where h.TNo = :P937_TNO
     And ((Select SAGAR.GetUserPanelAB_apex() From dual) Is Null
          Or h.Panel = (Select SAGAR.GetUserPanelAB_apex() From dual))),
Ps As (
  Select p.PBPassAmount Passed, p.PaidAmount PaidAdv,
         p.PBPassNo, p.PBPassDate, p.PurchaseBillTNo,
         (Select Max(v.VoucherNo) From PCC_Voucher v
           Where v.ModuleCode = 'PBPASS' And v.ModuleTNo = p.TNo) VoucherNo
    From PCC_PBPass p
    Join PCC_PurchaseBill h On h.TNo = p.PurchaseBillTNo
   Where h.TNo = :P937_TNO
     And ((Select SAGAR.GetUserPanelAB_apex() From dual) Is Null
          Or h.Panel = (Select SAGAR.GetUserPanelAB_apex() From dual))),
Rc As (
  Select Count(Distinct bg.GRNTno) Grns
    From PurchaseBillGRNDetail bg
   Where bg.TNo = :P937_TNO)
Select
  '<div class=""ds-kpi ds-kpi--value"" title=""SUM(PurchaseBillDetail.Amount) — '
  || 'the TAXABLE line value. This is the figure every other page in the '
  || 'suite sums, and the one that reconciles to the Purchase Bill Register."">'
  || '<span class=""ds-kpi-ic""><span class=""fa fa-inr""></span></span>'
  || '<span class=""ds-kpi-body"">'
  || '<span class=""ds-kpi-t"">Line Value (taxable)</span>'
  || '<span class=""ds-kpi-n"">Rs '
     || to_char(nvl(l.LineVal,0),'FM99G99G99G990D00') || '</span>'
  || '<span class=""ds-kpi-sub"">' || to_char(nvl(l.Lines,0),'FM999G990')
     || ' lines &middot; ' || to_char(nvl(l.Items,0),'FM999G990')
     || ' distinct items</span>'
  || '</span></div>' As KPI1,
  -- Shown BESIDE the line value, with the gap named, so the two can never be
  -- mistaken for one another.
  '<div class=""ds-kpi ds-kpi--bill"" title=""The line total including footer '
  || 'tax. Larger than the taxable line value; the difference is the tax and '
  || 'other footer heads. Do NOT sum this column across bills expecting it to '
  || 'match the register — the register totals the taxable value."">'
  || '<span class=""ds-kpi-ic""><span class=""fa fa-file-text-o""></span></span>'
  || '<span class=""ds-kpi-body"">'
  || '<span class=""ds-kpi-t"">Bill Amount (with tax)</span>'
  || '<span class=""ds-kpi-n"">Rs '
     || to_char(nvl(l.TotalVal,0),'FM99G99G99G990D00') || '</span>'
  || '<span class=""ds-kpi-sub"">Rs '
     || to_char(nvl(l.TotalVal,0) - nvl(l.LineVal,0),'FM99G99G99G990D00')
     || ' of tax and footer heads</span>'
  || '</span></div>' As KPI2,
  '<div class=""ds-kpi ds-kpi--ok"" title=""PBPass.PBPassAmount — the amount '
  || 'approved for payment. One pass per bill."">'
  || '<span class=""ds-kpi-ic""><span class=""fa fa-check-square-o""></span></span>'
  || '<span class=""ds-kpi-body"">'
  || '<span class=""ds-kpi-t"">Passed</span>'
  || '<span class=""ds-kpi-n"">'
     || Case When p.PurchaseBillTNo Is Null
             Then '<span class=""ds-muted"">not passed</span>'
             Else 'Rs ' || to_char(nvl(p.Passed,0),'FM99G99G99G990D00') End
     || '</span>'
  || '<span class=""ds-kpi-sub"">'
     || Case When p.PBPassNo Is Null
             Then 'no pass raised against this bill'
             Else 'Pass ' || apex_escape.html(p.PBPassNo) || ' on '
                  || to_char(p.PBPassDate,'DD-Mon-RRRR') End
     || '</span>'
  || '</span></div>' As KPI3,
  '<div class=""ds-kpi ds-kpi--suppl"" title=""PBPass.PaidAmount — the Payment '
  || 'Advice basis ONLY. A blank does not prove the bill is unpaid: it may '
  || 'have been settled by direct voucher, which this column never records."">'
  || '<span class=""ds-kpi-ic""><span class=""fa fa-credit-card""></span></span>'
  || '<span class=""ds-kpi-body"">'
  || '<span class=""ds-kpi-t"">Settled (via advice)</span>'
  || '<span class=""ds-kpi-n"">Rs '
     || to_char(nvl(p.PaidAdv,0),'FM99G99G99G990D00') || '</span>'
  || '<span cla","ss=""ds-kpi-sub"">'
     || Case When nvl(p.PaidAdv,0) = 0
             Then '<span class=""ds-muted"">may still be paid by direct '
                  || 'voucher</span>'
             Else 'advice route only' End
     || '</span>'
  || '</span></div>' As KPI4,
  '<div class=""ds-kpi ds-kpi--risk"" title=""Passed less settled, on the advice '
  || 'basis. Null rather than zero where the bill has not been passed — an '
  || 'unpassed bill is not a settled one."">'
  || '<span class=""ds-kpi-ic""><span class=""fa fa-hourglass-half""></span></span>'
  || '<span class=""ds-kpi-body"">'
  || '<span class=""ds-kpi-t"">Unsettled</span>'
  || '<span class=""ds-kpi-n"">'
     || Case When p.PurchaseBillTNo Is Null
             Then '<span class=""ds-muted"">not passed</span>'
             Else 'Rs ' || to_char(nvl(p.Passed,0) - nvl(p.PaidAdv,0),
                                   'FM99G99G99G990D00') End
     || '</span>'
  || '<span class=""ds-kpi-sub"">'
     || Case When p.VoucherNo Is Not Null
             Then 'Ledger voucher ' || apex_escape.html(p.VoucherNo)
             Else '<span class=""ds-muted"">no ledger voucher posted</span>' End
     || '</span>'
  || '</span></div>' As KPI5,
  '<div class=""ds-kpi ds-kpi--input"" title=""Distinct GRNs tied to this bill '
  || 'through PurchaseBillGRNDetail. A bill with no linked receipt is not '
  || 'necessarily wrong — a service or freight bill has nothing to receive."">'
  || '<span class=""ds-kpi-ic""><span class=""fa fa-truck""></span></span>'
  || '<span class=""ds-kpi-body"">'
  || '<span class=""ds-kpi-t"">Receipts Behind It</span>'
  || '<span class=""ds-kpi-n"">' || to_char(nvl(r.Grns,0),'FM999G990') || '</span>'
  || '<span class=""ds-kpi-sub"">'
     || Case When nvl(r.Grns,0) = 0
             Then '<span class=""ds-muted"">none linked — normal for a service '
                  || 'bill</span>'
             Else 'GRNs this bill was raised against' End
     || '</span>'
  || '</span></div>' As KPI6
From Ln l
Cross Join Rc r
Left Join Ps p On 1 = 1","",""
937,"Purchase Bill 360","PURCHASE-BILL-360",20,"Bill Lines","rule-lines","NATIVE_STATIC","","<div class=""ds-purchase-section"">
  <h2>What Was Billed</h2>
  <p>The item lines on this invoice. <em>Amount</em> is the taxable line
     value that sums to the headline card; <em>Total</em> adds the footer tax
     for that line.</p>
</div>","","",""
937,"Purchase Bill 360","PURCHASE-BILL-360",25,"Bill Lines","bill-lines","NATIVE_IR","","Select
  d.SNo As LINE_NO,
  nvl((Select i.ItemName From Item i Where i.ItemCode = d.ItemCode),
      d.ItemCode) As ITEM,
  nvl((Select s.ItemSpecificationName From ItemSpecification s
        Where s.ItemSpecificationCode = d.ItemSpecificationCode),
      '<span class=""ds-muted"">no specification</span>') As SPECIFICATION,
  d.Quantity1 As QUANTITY,
  nvl((Select m.MeasuringUnitName From MeasuringUnit m
        Where m.MeasuringUnitCode = d.RateMeasuringUnitCode),
      '<span class=""ds-muted"">no unit</span>') As UOM,
  d.Rate As RATE,
  d.Amount As AMOUNT,
  d.TotalAmount As TOTAL_WITH_TAX,
  -- The rate actually realised on this line, which can differ from the
  -- stored Rate when the quantity or amount was adjusted after entry.
  Case When nvl(d.Quantity1,0) > 0
       Then Round(d.Amount / d.Quantity1, 2) End As REALISED_RATE
From PurchaseBillDetail d
Join PCC_PurchaseBill h On h.TNo = d.TNo
Where h.TNo = :P937_TNO
  And ((Select SAGAR.GetUserPanelAB_apex() From dual) Is Null
       Or h.Panel = (Select SAGAR.GetUserPanelAB_apex() From dual))
Order By d.SNo","","",""
937,"Purchase Bill 360","PURCHASE-BILL-360",30,"Receipts Behind This Bill","rule-linked","NATIVE_STATIC","","<div class=""ds-purchase-section"">
  <h2>Receipts Behind This Bill</h2>
  <p>The goods receipts this invoice was raised against, via
     <code>PurchaseBillGRNDetail</code>. An empty list is not automatically a
     fault &mdash; a service, freight or direct-purchase bill has nothing to
     receive.</p>
</div>","","",""
937,"Purchase Bill 360","PURCHASE-BILL-360",35,"Receipts Against This Bill","linked-grn","NATIVE_IR","","Select
  g.GrnNo As GRN_NO,
  g.GrnDate As GRN_DATE,
  GetLocationName(g.LocationCode) As LOCATION,
  nvl((Select o.PurchaseOrderNo From PCC_PurchaseOrder o
        Where o.TNo = g.PurchaseOrderTNo),
      '<span class=""ds-muted"">no order linked</span>') As AGAINST_ORDER,
  (Select Sum(nvl(gd.ReceivedQuantity1,0)) From GrnDetail gd
    Where gd.TNo = g.TNo) As RECEIVED_QTY,
  (Select Sum(nvl(gd.RejectedQuantity1,0)) From GrnDetail gd
    Where gd.TNo = g.TNo) As REJECTED_QTY,
  Case When (Select Sum(nvl(gd.RejectedQuantity1,0)) From GrnDetail gd
              Where gd.TNo = g.TNo) > 0
       Then '<span class=""ds-pill ds-pill--bad"">Rejection recorded</span>'
       Else '<span class=""ds-pill ds-pill--good"">Accepted</span>'
  End As STATUS
From PurchaseBillGRNDetail bg
Join PCC_Grn g On g.TNo = bg.GRNTno
Join PCC_PurchaseBill h On h.TNo = bg.TNo
Where bg.TNo = :P937_TNO
  And ((Select SAGAR.GetUserPanelAB_apex() From dual) Is Null
       Or h.Panel = (Select SAGAR.GetUserPanelAB_apex() From dual))
Order By g.GrnDate, g.GrnNo","","",""
939,"Purchase Order 360","PURCHASE-ORDER-360",5,"Purchase Order 360","command-header","NATIVE_SQL_REPORT","","Select
  '<div class=""ds-purchase-head"">'
  || '<div class=""ds-purchase-head-eyebrow"">Purchase Order 360</div>'
  || '<h1 class=""ds-purchase-head-title"">Order '
     || apex_escape.html(o.PurchaseOrderNo) || '</h1>'
  || '<p class=""ds-purchase-head-sub"">The complete record of one order &mdash; '
  || 'what was ordered, how much has arrived, and what has been billed '
  || 'against it.</p>'
  || '<div class=""ds-purchase-head-context"">'
  || '<span class=""ds-purchase-head-chip"">Order date <b>'
     || apex_escape.html(to_char(o.PurchaseOrderDate,'DD-Mon-RRRR'))
     || '</b></span>'
  || '<span class=""ds-purchase-head-chip"">Supplier <b>'
     || apex_escape.html(nvl(GetPartyName(o.PartyCode),'not recorded'))
     || '</b></span>'
  || '<span class=""ds-purchase-head-chip"">GSTIN <b>'
     || apex_escape.html(nvl(GetPartyAttributeValue(o.PartyCode,'GSTINNO'),
                             'Not on file'))
     || '</b></span>'
  || '<span class=""ds-purchase-head-chip"">PAN <b>'
     || apex_escape.html(nvl(GetPartyAttributeValue(o.PartyCode,'PANNO'),
                             'Not on file'))
     || '</b></span>'
  || '<span class=""ds-purchase-head-chip"">Company <b>'
     || apex_escape.html(nvl(GetCompanyName(o.CompanyCode),'not recorded'))
     || '</b></span>'
  || '<span class=""ds-purchase-head-chip"">Location <b>'
     || apex_escape.html(nvl(GetLocationName(o.LocationCode),'not recorded'))
     || '</b></span>'
  || '<span class=""ds-purchase-head-chip"">Doc type <b>'
     || apex_escape.html(
          nvl((Select dt.DocTypeName From DocType dt
                Where dt.DocTypeCode = o.DocTypeCode), o.DocTypeCode))
     || '</b></span>'
  || '<span class=""ds-purchase-head-chip"">Delivery due <b>'
     || apex_escape.html(nvl(to_char(o.DeliveryDate,'DD-Mon-RRRR'),
                             'none recorded'))
     || '</b></span>'
  -- Shown as linked / not linked: the Tno columns are confirmed, the
  -- corresponding document-number columns are not.
  || '<span class=""ds-purchase-head-chip"">Indent <b>'
     || Case When o.IndentTno Is Not Null Then 'Linked'
             Else 'Not linked' End || '</b></span>'
  || '<span class=""ds-purchase-head-chip"">Quotation <b>'
     || Case When o.QuotationTno Is Not Null Then 'Linked'
             Else 'Not linked' End || '</b></span>'
  || '<span class=""ds-purchase-head-chip"">Sourcing route <b>'
     || Case When o.QuotationTno Is Not Null Then 'Tender'
             When o.IndentTno    Is Not Null Then 'Direct indent'
             Else 'Ad hoc' End || '</b></span>'
  -- Existence of a PurchaseOrderClose row means the order was short-closed.
  || '<span class=""ds-purchase-head-chip"">Status <b>'
     || Case When Exists (Select 1 From PurchaseOrderClose poc
                           Where poc.PurchaseOrderTNo = o.TNo)
             Then 'Short-closed' Else 'Open' End || '</b></span>'
  || '</div></div>' As HEAD
From PCC_PurchaseOrder o
Where o.TNo = :P939_TNO
  -- Enforcement lives HERE. An out-of-panel order returns no row and the
  -- region renders its ""not found"" message.
  And ((Select SAGAR.GetUserPanelAB_apex() From dual) Is Null
       Or o.Panel = (Select SAGAR.GetUserPanelAB_apex() From dual))","","",""
939,"Purchase Order 360","PURCHASE-ORDER-360",10,"Order Position","kpi-strip","NATIVE_SQL_REPORT","","With Lines As (
  Select od.Quantity1 Qty,
         nvl(od.ReceivedQuantity1,0) Recd,
         od.Amount Amt
    From PurchaseOrderDetail od
    Join PCC_PurchaseOrder o On o.TNo = od.TNo
   Where o.TNo = :P939_TNO
     And ((Select SAGAR.GetUserPanelAB_apex() From dual) Is Null
          Or o.Panel = (Select SAGAR.GetUserPanelAB_apex() From dual))),
Agg As (
  Select Count(*) Lines,
         Sum(Amt) OrderValue,
         -- Unit-free: proportion of LINES fully received. A quantity ratio
         -- would add incompatible units across a mixed-unit order.
         Sum(Case When Qty > 0 And Recd >= Qty Then 1 Else 0 End) LinesFull,
         -- LEAST guards over-receipt so pending cannot go negative.
         Sum(Case When nvl(Qty,0) > 0
                  Then Amt * (Qty - Least(Recd, Qty)) / Qty
                  Else 0 End) PendingValue
    From Lines),
Rec As (
  -- Context only. This does NOT drive the progress figures above.
  Select Count(Distinct g.TNo) Grns, Max(g.GrnDate) LastGrn
    From PCC_Grn g
   Where g.PurchaseOrderTNo = :P939_TNO
     And ((Select SAGAR.GetUserPanelAB_apex() From dual) Is Null
          Or g.Panel = (Select SAGAR.GetUserPanelAB_apex() From dual))),
Bil As (
  Select Count(Distinct h.TNo) Bills, Sum(d.Amount) Billed
    From PCC_PurchaseBill h
    Join PurchaseBillDetail d On d.TNo = h.TNo
   Where h.PurchaseOrderTNo = :P939_TNO
     And ((Select SAGAR.GetUserPanelAB_apex() From dual) Is Null
          Or h.Panel = (Select SAGAR.GetUserPanelAB_apex() From dual))),
Pss As (
  Select Sum(p.PBPassAmount) Passed, Sum(p.PaidAmount) PaidAdv
    From PCC_PBPass p
    Join PCC_PurchaseBill h On h.TNo = p.PurchaseBillTNo
   Where h.PurchaseOrderTNo = :P939_TNO
     And ((Select SAGAR.GetUserPanelAB_apex() From dual) Is Null
          Or h.Panel = (Select SAGAR.GetUserPanelAB_apex() From dual)))
Select
  '<div class=""ds-kpi ds-kpi--value"" title=""SUM(PurchaseOrderDetail.Amount). '
  || 'Committed value, excluding footer tax carried on the order header."">'
  || '<span class=""ds-kpi-ic""><span class=""fa fa-inr""></span></span>'
  || '<span class=""ds-kpi-body"">'
  || '<span class=""ds-kpi-t"">Order Value</span>'
  || '<span class=""ds-kpi-n"">'
     || Case When nvl(a.OrderValue,0) >= 10000000
             Then 'Rs ' || to_char(Round(a.OrderValue/10000000,2),'FM99G990D00') || ' Cr'
             When nvl(a.OrderValue,0) >= 100000
             Then 'Rs ' || to_char(Round(a.OrderValue/100000,2),'FM99G990D00') || ' L'
             Else 'Rs ' || to_char(nvl(a.OrderValue,0),'FM99G99G990D00') End
     || '</span>'
  || '<span class=""ds-kpi-sub"">' || to_char(nvl(a.Lines,0),'FM999G999')
     || ' order lines</span>'
  || '</span></div>' As KPI1,
  '<div class=""ds-kpi ds-kpi--ok"" title=""Proportion of order LINES fully '
  || 'received, read from PurchaseOrderDetail.ReceivedQuantity1. Deliberately '
  || 'unit-free — a quantity ratio would add incompatible units across the '
  || 'lines of a mixed-unit order."">'
  || '<span class=""ds-kpi-ic""><span class=""fa fa-truck""></span></span>'
  || '<span class=""ds-kpi-body"">'
  || '<span class=""ds-kpi-t"">Lines Fully Received</span>'
  || '<span class=""ds-kpi-n"">'
     || Case When nvl(a.Lines,0) > 0
             Then to_char(Round(100 * a.LinesFull / a.Lines,1),'FM99999990D0') || '%'
             Else 'n/a' End || '</span>'
  || '<span class=""ds-kpi-sub"">' || to_char(nvl(a.LinesFull,0),'FM999G999')
     || ' of ' || to_char(nvl(a.Lines,0),'FM999G999')
     || ' lines complete</span>'
  || '</span></div>' As KPI2,
  '<div class=""ds-kpi ds-kpi--risk"" title=""Amount * (Quantity1 - LEAST('
  || 'ReceivedQuantity1, Quantity1)) / Quantity1, summed over the lines. '
  || 'PRO-RATED ARITHMETIC — this ERP stores no pending-value column, so this '
  || 'is derived from the line, not a figure the ERP holds."">'
  || '<span class=""ds-kpi-ic""><span class=""fa fa-hourglass-half""></span></span>'
  || '<span"," class=""ds-kpi-body"">'
  || '<span class=""ds-kpi-t"">Pending Value</span>'
  || '<span class=""ds-kpi-n"">'
     || Case When nvl(a.PendingValue,0) >= 10000000
             Then 'Rs ' || to_char(Round(a.PendingValue/10000000,2),'FM99G990D00') || ' Cr'
             When nvl(a.PendingValue,0) >= 100000
             Then 'Rs ' || to_char(Round(a.PendingValue/100000,2),'FM99G990D00') || ' L'
             Else 'Rs ' || to_char(nvl(a.PendingValue,0),'FM99G99G990D00') End
     || '</span>'
  || '<span class=""ds-kpi-sub"">pro-rated within the line, not stored</span>'
  || '</span></div>' As KPI3,
  '<div class=""ds-kpi ds-kpi--input"" title=""COUNT(DISTINCT Grn.TNo) where '
  || 'Grn.PurchaseOrderTNo is this order. Context only — the progress figures '
  || 'come from the order line, because one order can feed several receipts '
  || 'and a join would double-count."">'
  || '<span class=""ds-kpi-ic""><span class=""fa fa-sign-in""></span></span>'
  || '<span class=""ds-kpi-body"">'
  || '<span class=""ds-kpi-t"">Receipts</span>'
  || '<span class=""ds-kpi-n"">' || to_char(nvl(r.Grns,0),'FM999G999') || '</span>'
  || '<span class=""ds-kpi-sub"">'
     || nvl('last on ' || to_char(r.LastGrn,'DD-Mon-RRRR'),
            'nothing received yet') || '</span>'
  || '</span></div>' As KPI4,
  -- The blueprint's Billed % is absent: PurchaseBillQuantity1 is not
  -- corroborated in this application, so billing is reported as count and
  -- value rather than as a percentage of ordered quantity.
  '<div class=""ds-kpi ds-kpi--bill"" title=""Bills carrying PurchaseOrderTNo = '
  || 'this order, valued at SUM(PurchaseBillDetail.Amount). Reported as count '
  || 'and value rather than as a percentage of ordered quantity, because '
  || 'PurchaseOrderDetail.PurchaseBillQuantity1 is not present in this '
  || 'application."">'
  || '<span class=""ds-kpi-ic""><span class=""fa fa-file-text-o""></span></span>'
  || '<span class=""ds-kpi-body"">'
  || '<span class=""ds-kpi-t"">Billed Against Order</span>'
  || '<span class=""ds-kpi-n"">'
     || Case When nvl(b.Billed,0) >= 10000000
             Then 'Rs ' || to_char(Round(b.Billed/10000000,2),'FM99G990D00') || ' Cr'
             When nvl(b.Billed,0) >= 100000
             Then 'Rs ' || to_char(Round(b.Billed/100000,2),'FM99G990D00') || ' L'
             Else 'Rs ' || to_char(nvl(b.Billed,0),'FM99G99G990D00') End
     || '</span>'
  || '<span class=""ds-kpi-sub"">' || to_char(nvl(b.Bills,0),'FM999G999')
     || ' bills booked against this order</span>'
  || '</span></div>' As KPI5,
  '<div class=""ds-kpi ds-kpi--suppl"" title=""SUM(PBPass.PBPassAmount) on the '
  || 'bills against this order. Paid is the Payment Advice basis only, as '
  || 'everywhere this column is used."">'
  || '<span class=""ds-kpi-ic""><span class=""fa fa-check-square-o""></span></span>'
  || '<span class=""ds-kpi-body"">'
  || '<span class=""ds-kpi-t"">Passed</span>'
  || '<span class=""ds-kpi-n"">'
     || Case When nvl(p.Passed,0) >= 10000000
             Then 'Rs ' || to_char(Round(p.Passed/10000000,2),'FM99G990D00') || ' Cr'
             When nvl(p.Passed,0) >= 100000
             Then 'Rs ' || to_char(Round(p.Passed/100000,2),'FM99G990D00') || ' L'
             Else 'Rs ' || to_char(nvl(p.Passed,0),'FM99G99G990D00') End
     || '</span>'
  || '<span class=""ds-kpi-sub"">Rs '
     || to_char(nvl(p.PaidAdv,0),'FM99G99G99G990D00')
     || ' settled <span class=""ds-muted"">(advice basis)</span></span>'
  || '</span></div>' As KPI6
From Agg a Cross Join Rec r Cross Join Bil b Cross Join Pss p","",""
939,"Purchase Order 360","PURCHASE-ORDER-360",20,"Order Lines","rule-lines","NATIVE_STATIC","","<div class=""ds-purchase-section"">
  <h2>Order Lines</h2>
  <p>What was ordered and how much of each line has arrived. Pending quantity
     is capped at the ordered quantity, so an over-receipt shows as complete
     rather than as a negative outstanding.</p>
</div>","","",""
939,"Purchase Order 360","PURCHASE-ORDER-360",25,"Order Lines","order-lines","NATIVE_SQL_REPORT","","Select
  od.SNo As LINE_NO,
  nvl((Select i.ItemName From Item i Where i.ItemCode = od.ItemCode),
      od.ItemCode) As ITEM,
  nvl((Select s.ItemSpecificationName From ItemSpecification s
        Where s.ItemSpecificationCode = od.ItemSpecificationCode),
      '<span class=""ds-muted"">no specification</span>') As SPECIFICATION,
  od.Quantity1 As ORDERED,
  nvl(od.ReceivedQuantity1,0) As RECEIVED,
  -- GREATEST(...,0) so an over-receipt reads as nothing outstanding, never
  -- as a negative pending quantity.
  Greatest(od.Quantity1 - nvl(od.ReceivedQuantity1,0), 0) As PENDING,
  od.Rate As RATE,
  od.DiscountRate As DISCOUNT_RATE,
  od.Amount As AMOUNT,
  '<span class=""ds-pill ds-pill--'
  || Case
       When nvl(od.Quantity1,0) = 0 Then 'muted'
       When nvl(od.ReceivedQuantity1,0) >= od.Quantity1 Then 'good'
       When nvl(od.ReceivedQuantity1,0) > 0 Then 'warn'
       Else 'bad'
     End
  || '"">'
  || Case
       When nvl(od.Quantity1,0) = 0 Then 'No quantity'
       When nvl(od.ReceivedQuantity1,0) >= od.Quantity1 Then 'Complete'
       When nvl(od.ReceivedQuantity1,0) > 0 Then 'Part received'
       Else 'Awaited'
     End
  || '</span>' As STATUS
From PurchaseOrderDetail od
Join PCC_PurchaseOrder o On o.TNo = od.TNo
Where o.TNo = :P939_TNO
  And ((Select SAGAR.GetUserPanelAB_apex() From dual) Is Null
       Or o.Panel = (Select SAGAR.GetUserPanelAB_apex() From dual))
Order By od.SNo","","",""
939,"Purchase Order 360","PURCHASE-ORDER-360",30,"Linked Documents","rule-linked","NATIVE_STATIC","","<div class=""ds-purchase-section"">
  <h2>Documents Against This Order</h2>
  <p>The receipts and bills booked against this order. These are shown for
     traceability &mdash; they are <em>not</em> what drives the progress
     figures above, which come from the order line itself.</p>
</div>","","",""
939,"Purchase Order 360","PURCHASE-ORDER-360",35,"Receipts Against This Order","linked-grn","NATIVE_SQL_REPORT","","Select
  g.GrnNo As GRN_NO,
  g.GrnDate As GRN_DATE,
  GetLocationName(g.LocationCode) As LOCATION,
  Count(gd.SNo) As LINES,
  Sum(nvl(gd.ReceivedQuantity1,0)) As RECEIVED_QTY,
  Sum(nvl(gd.RejectedQuantity1,0)) As REJECTED_QTY,
  Case When Sum(nvl(gd.RejectedQuantity1,0)) > 0
       Then '<span class=""ds-pill ds-pill--bad"">Rejection recorded</span>'
       Else '<span class=""ds-pill ds-pill--good"">Accepted</span>'
  End As STATUS
From PCC_Grn g
Join GrnDetail gd On gd.TNo = g.TNo
Where g.PurchaseOrderTNo = :P939_TNO
  And ((Select SAGAR.GetUserPanelAB_apex() From dual) Is Null
       Or g.Panel = (Select SAGAR.GetUserPanelAB_apex() From dual))
Group By g.GrnNo, g.GrnDate, g.LocationCode
Order By g.GrnDate, g.GrnNo","","",""
939,"Purchase Order 360","PURCHASE-ORDER-360",36,"Bills Against This Order","linked-bills","NATIVE_SQL_REPORT","","Select
  h.PartyBillNo As SUPPLIER_BILL_NO,
  h.PartyBillDate As SUPPLIER_BILL_DATE,
  h.PurchaseBillDate As BOOKED_ON,
  Count(d.SNo) As LINES,
  Sum(d.Amount) As LINE_VALUE,
  p.PBPassAmount As PASSED,
  p.PaidAmount As PAID_VIA_ADVICE,
  '<span class=""ds-pill ds-pill--'
  || Case
       When p.PurchaseBillTNo Is Null Then 'warn'
       When nvl(p.PaidAmount,0) = 0 Then 'info'
       When nvl(p.PaidAmount,0) >= nvl(p.PBPassAmount,0) Then 'good'
       Else 'accent'
     End
  || '"">'
  || Case
       When p.PurchaseBillTNo Is Null Then 'Not passed'
       When nvl(p.PaidAmount,0) = 0 Then 'No advice settlement'
       When nvl(p.PaidAmount,0) >= nvl(p.PBPassAmount,0) Then 'Settled'
       Else 'Part settled'
     End
  || '</span>' As POSITION
From PCC_PurchaseBill h
Join PurchaseBillDetail d On d.TNo = h.TNo
Left Join PCC_PBPass p On p.PurchaseBillTNo = h.TNo
Where h.PurchaseOrderTNo = :P939_TNO
  And ((Select SAGAR.GetUserPanelAB_apex() From dual) Is Null
       Or h.Panel = (Select SAGAR.GetUserPanelAB_apex() From dual))
Group By h.PartyBillNo, h.PartyBillDate, h.PurchaseBillDate,
         p.PurchaseBillTNo, p.PBPassAmount, p.PaidAmount
Order By h.PurchaseBillDate, h.PartyBillNo","","",""
