"MODULECODE","MODULENAME","MASTERTABLENAME","LABELCOLUMNNAME","PAGENO","ENTRYPAGENO","ISACTIVE","COLUMN_NAME","DATA_TYPE","COLUMN_ID"
"ASSET","Asset","ASSET","ASSETNO","674","675","YES","TNO","NUMBER",1
"ASSET","Asset","ASSET","ASSETNO","674","675","YES","COMPANYCODE","VARCHAR2",2
"ASSET","Asset","ASSET","ASSETNO","674","675","YES","FINANCIALYEARCODE","VARCHAR2",3
"ASSET","Asset","ASSET","ASSETNO","674","675","YES","LOCATIONCODE","VARCHAR2",4
"ASSET","Asset","ASSET","ASSETNO","674","675","YES","DOCTYPECODE","VARCHAR2",5
"ASSET","Asset","ASSET","ASSETNO","674","675","YES","ASSETDATE","DATE",6
"ASSET","Asset","ASSET","ASSETNO","674","675","YES","ITEMCODE","VARCHAR2",7
"ASSET","Asset","ASSET","ASSETNO","674","675","YES","ITEMSPECIFICATIONCODE","VARCHAR2",8
"ASSET","Asset","ASSET","ASSETNO","674","675","YES","DESCRIPTION","VARCHAR2",9
"ASSET","Asset","ASSET","ASSETNO","674","675","YES","QUANTITY1","NUMBER",10
"ASSET","Asset","ASSET","ASSETNO","674","675","YES","QUANTITY2","NUMBER",11
"ASSET","Asset","ASSET","ASSETNO","674","675","YES","ASSETVALUE","NUMBER",12
"ASSET","Asset","ASSET","ASSETNO","674","675","YES","CADEPRICIATEDVALUE","NUMBER",13
"ASSET","Asset","ASSET","ASSETNO","674","675","YES","ITDEPRICIATEDVALUE","NUMBER",14
"ASSET","Asset","ASSET","ASSETNO","674","675","YES","ASSETCOMPONENTSNO","NUMBER",15
"ASSET","Asset","ASSET","ASSETNO","674","675","YES","REMARK","VARCHAR2",16
"ASSET","Asset","ASSET","ASSETNO","674","675","YES","WORKCENTRECODE","VARCHAR2",17
"ASSET","Asset","ASSET","ASSETNO","674","675","YES","ASSETCODEPREFIX","VARCHAR2",18
"ASSET","Asset","ASSET","ASSETNO","674","675","YES","ASSETCODESTARTNO","NUMBER",19
"ASSET","Asset","ASSET","ASSETNO","674","675","YES","ASSETNO","VARCHAR2",20
"ASSET","Asset","ASSET","ASSETNO","674","675","YES","ACCOUNTCODE","VARCHAR2",21
"ASSET","Asset","ASSET","ASSETNO","674","675","YES","DEPRECIATEDAMOUNT","NUMBER",22
"ASSET","Asset","ASSET","ASSETNO","674","675","YES","CREATOR","VARCHAR2",23
"ASSET","Asset","ASSET","ASSETNO","674","675","YES","CREDITACCOUNTCODE","VARCHAR2",24
"ASSET","Asset","ASSET","ASSETNO","674","675","YES","MODULECODE","VARCHAR2",25
"ASSET","Asset","ASSET","ASSETNO","674","675","YES","MODULETNO","NUMBER",26
"ASSET","Asset","ASSET","ASSETNO","674","675","YES","OPENINGREVISED","VARCHAR2",27
"ASSET","Asset","ASSET","ASSETNO","674","675","YES","REMAININGUSEFULLIFEINMONTHS","NUMBER",28
"ASSET","Asset","ASSET","ASSETNO","674","675","YES","RESIDUALVALUE","NUMBER",29
"ASSET","Asset","ASSET","ASSETNO","674","675","YES","CREATIONTIME","DATE",30
"ASSET","Asset","ASSET","ASSETNO","674","675","YES","EQUIPMENTTNO","NUMBER",31
"ASSET","Asset","ASSET","ASSETNO","674","675","YES","ORIGINALPURCHASEDATE","DATE",32
"ASSET","Asset","ASSET","ASSETNO","674","675","YES","COSTCENTRECODE","VARCHAR2",33
"ASSET","Asset","ASSET","ASSETNO","674","675","YES","PHYSICALSTATUS","VARCHAR2",34
"ASSET","Asset","ASSET","ASSETNO","674","675","YES","TAXCODE","VARCHAR2",35
"ASSET","Asset","ASSET","ASSETNO","674","675","YES","DEACTIVATEDATE","DATE",36
"ASSET","Asset","ASSET","ASSETNO","674","675","YES","DEACTIVATEMODULECODE","VARCHAR2",37
"ASSET","Asset","ASSET","ASSETNO","674","675","YES","DEACTIVATEMODULETNO","NUMBER",38
"ASSET","Asset","ASSET","ASSETNO","674","675","YES","READYTOUSE","VARCHAR2",39
"ASSET","Asset","ASSET","ASSETNO","674","675","YES","ITCAVAILEDAMOUNT","NUMBER",40
"ASSET","Asset","ASSET","ASSETNO","674","675","YES","ITCAVAILED","VARCHAR2",41
"ASSET","Asset","ASSET","ASSETNO","674","675","YES","PURCHASEDATE","DATE",42
"ASSET","Asset","ASSET","ASSETNO","674","675","YES","ASSETCATEGORYCODE","VARCHAR2",43
"ASSET","Asset","ASSET","ASSETNO","674","675","YES","OLDCOSTCENTRECODE","VARCHAR2",44
"ASSET","Asset","ASSET","ASSETNO","674","675","YES","NARRATION","VARCHAR2",45
"ASSETCATEGORY","Asset Category","ASSETCATEGORY","","667","668","YES","TNO","NUMBER",1
"ASSETCATEGORY","Asset Category","ASSETCATEGORY","","667","668","YES","ASSETCATEGORYCODE","VARCHAR2",2
"ASSETCATEGORY","Asset Category","ASSETCATEGORY","","667","668","YES","ASSETCATEGORYNAME","VARCHAR2",3
"ASSETCATEGORY","Asset Category","ASSETCATEGORY","","667","668","YES","PARENTCODE","VARCHAR2",4
"ASSETCATEGORY","Asset Category","ASSETCATEGORY","","667","668","YES","REMARK","VARCHAR2",5
"ASSETCATEGORY","Asset Category","ASSETCATEGORY","","667","668","YES","CREATOR","VARCHAR2",6
"ASSETCATEGORY","Asset Category","ASSETCATEGORY","","667","668","YES","CREATIONTIME","DATE",7
"ASSETCATEGORYDEPRATE","Asset Category Depriciation Rate","ASSETCATEGORYDEPRATE","","678","679","YES","TNO","NUMBER",1
"ASSETCATEGORYDEPRATE","Asset Category Depriciation Rate","ASSETCATEGORYDEPRATE","","678","679","YES","COMPANYCODE","VARCHAR2",2
"ASSETCATEGORYDEPRATE","Asset Category Depriciation Rate","ASSETCATEGORYDEPRATE","","678","679","YES","FINANCIALYEARCODE","VARCHAR2",3
"ASSETCATEGORYDEPRATE","Asset Category Depriciation Rate","ASSETCATEGORYDEPRATE","","678","679","YES","LOCATIONCODE","VARCHAR2",4
"ASSETCATEGORYDEPRATE","Asset Category Depriciation Rate","ASSETCATEGORYDEPRATE","","678","679","YES","DOCTYPECODE","VARCHAR2",5
"ASSETCATEGORYDEPRATE","Asset Category Depriciation Rate","ASSETCATEGORYDEPRATE","","678","679","YES","ASSETCATEGORYDEPRATENO","VARCHAR2",6
"ASSETCATEGORYDEPRATE","Asset Category Depriciation Rate","ASSETCATEGORYDEPRATE","","678","679","YES","ASSETCATEGORYDEPRATEDATE","VARCHAR2",7
"ASSETCATEGORYDEPRATE","Asset Category Depriciation Rate","ASSETCATEGORYDEPRATE","","678","679","YES","EFFECTIVEDATE","DATE",8
"ASSETCATEGORYDEPRATE","Asset Category Depriciation Rate","ASSETCATEGORYDEPRATE","","678","679","YES","REMARK","VARCHAR2",9
"ASSETCATEGORYDEPRATE","Asset Category Depriciation Rate","ASSETCATEGORYDEPRATE","","678","679","YES","CREATOR","VARCHAR2",10
"ASSETCATEGORYDEPRATE","Asset Category Depriciation Rate","ASSETCATEGORYDEPRATE","","678","679","YES","CREATIONTIME","DATE",11
"ATTENDENCEHEAD","Attendence Head","ATTENDENCEHEAD","ATTENDENCEHEAD","615","616","YES","TNO","NUMBER",1
"ATTENDENCEHEAD","Attendence Head","ATTENDENCEHEAD","ATTENDENCEHEAD","615","616","YES","ATTENDENCEHEADCODE","VARCHAR2",2
"ATTENDENCEHEAD","Attendence Head","ATTENDENCEHEAD","ATTENDENCEHEAD","615","616","YES","ATTENDENCEHEADNAME","VARCHAR2",3
"ATTENDENCEHEAD","Attendence Head","ATTENDENCEHEAD","ATTENDENCEHEAD","615","616","YES","ATTENDENCEHEADSHORTNAME","VARCHAR2",4
"ATTENDENCEHEAD","Attendence Head","ATTENDENCEHEAD","ATTENDENCEHEAD","615","616","YES","SALARYHEADCODE","VARCHAR2",5
"ATTENDENCEHEAD","Attendence Head","ATTENDENCEHEAD","ATTENDENCEHEAD","615","616","YES","DATECREATED","DATE",6
"ATTENDENCEHEAD","Attendence Head","ATTENDENCEHEAD","ATTENDENCEHEAD","615","616","YES","DATEMODIFIED","DATE",7
"ATTENDENCEHEAD","Attendence Head","ATTENDENCEHEAD","ATTENDENCEHEAD","615","616","YES","ATTENDENCEUNIT","VARCHAR2",8
"ATTENDENCEHEAD","Attendence Head","ATTENDENCEHEAD","ATTENDENCEHEAD","615","616","YES","CREATOR","VARCHAR2",9
"ATTENDENCEHEAD","Attendence Head","ATTENDENCEHEAD","ATTENDENCEHEAD","615","616","YES","CREATIONTIME","DATE",10
"BANK","Bank","BANK","","123","124","YES","TNO","NUMBER",1
"BANK","Bank","BANK","","123","124","YES","BANKCODE","VARCHAR2",2
"BANK","Bank","BANK","","123","124","YES","BANKNAME","VARCHAR2",3
"BANK","Bank","BANK","","123","124","YES","ADDRESS1","VARCHAR2",4
"BANK","Bank","BANK","","123","124","YES","ADDRESS2","VARCHAR2",5
"BANK","Bank","BANK","","123","124","YES","ADDRESS3","VARCHAR2",6
"BANK","Bank","BANK","","123","124","YES","CITYCODE","VARCHAR2",7
"BANK","Bank","BANK","","123","124","YES","STATECODE","VARCHAR2",8
"BANK","Bank","BANK","","123","124","YES","PINCODE","VARCHAR2",9
"BANK","Bank","BANK","","123","124","YES","REMARK","VARCHAR2",10
"BANK","Bank","BANK","","123","124","YES","BRANCHCODE","VARCHAR2",11
"BANK","Bank","BANK","","123","124","YES","BSRCODE","VARCHAR2",12
"BANK","Bank","BANK","","123","124","YES","CREATOR","VARCHAR2",13
"BANK","Bank","BANK","","123","124","YES","CREATIONTIME","DATE",14
"BOSSUSER","Boss User","BOSSUSER","","80","81","YES","TNO","NUMBER",1
"BOSSUSER","Boss User","BOSSUSER","","80","81","YES","BOSSUSERCODE","VARCHAR2",2
"BOSSUSER","Boss User","BOSSUSER","","80","81","YES","BOSSUSERNAME","VARCHAR2",3
"BOSSUSER","Boss User","BOSSUSER","","80","81","YES","BOSSUSERTYPE","VARCHAR2",4
"BOSSUSER","Boss User","BOSSUSER","","80","81","YES","LOGINNAME","VARCHAR2",5
"BOSSUSER","Boss User","BOSSUSER","","80","81","YES","ICONNAME","VARCHAR2",6
"BOSSUSER","Boss User","BOSSUSER","","80","81","YES","CREATOR","VARCHAR2",7
"BOSSUSER","Boss User","BOSSUSER","","80","81","YES","REMARK","VARCHAR2",8
"BOSSUSER","Boss User","BOSSUSER","","80","81","YES","LOGINPASSWORD","VARCHAR2",9
"BOSSUSER","Boss User","BOSSUSER","","80","81","YES","EMPLOYEECODE","VARCHAR2",10
"BOSSUSER","Boss User","BOSSUSER","","80","81","YES","EMAILADDRESS","VARCHAR2",11
"BOSSUSER","Boss User","BOSSUSER","","80","81","YES","BOSSPASSWORD","VARCHAR2",12
"BOSSUSER","Boss User","BOSSUSER","","80","81","YES","BOSSGROUPCODE","VARCHAR2",13
"BOSSUSER","Boss User","BOSSUSER","","80","81","YES","MAXISSUEDCHEQUEBOOK","NUMBER",14
"BOSSUSER","Boss User","BOSSUSER","","80","81","YES","IMPRESTACCOUNTCODE","VARCHAR2",15
"BOSSUSER","Boss User","BOSSUSER","","80","81","YES","MOBILENO","VARCHAR2",16
"BOSSUSER","Boss User","BOSSUSER","","80","81","YES","EMAILPASSWORD","VARCHAR2",17
"BOSSUSER","Boss User","BOSSUSER","","80","81","YES","CITYCODE","VARCHAR2",18
"BOSSUSER","Boss User","BOSSUSER","","80","81","YES","DEVICEID","VARCHAR2",19
"BOSSUSER","Boss User","BOSSUSER","","80","81","YES","CREATIONTIME","DATE",20
"CATEGORY","Employee Category","CATEGORY","","339","340","YES","TNO","NUMBER",1
"CATEGORY","Employee Category","CATEGORY","","339","340","YES","CATEGORYCODE","VARCHAR2",2
"CATEGORY","Employee Category","CATEGORY","","339","340","YES","CATEGORYNAME","VARCHAR2",3
"CATEGORY","Employee Category","CATEGORY","","339","340","YES","ALLOWEDLATECOMINGTIME","NUMBER",4
"CATEGORY","Employee Category","CATEGORY","","339","340","YES","ALLOWEDLATEGOINGTIME","NUMBER",5
"CATEGORY","Employee Category","CATEGORY","","339","340","YES","OVERTIMETERM","NUMBER",6
"CATEGORY","Employee Category","CATEGORY","","339","340","YES","OVERTIMEMETHOD","VARCHAR2",7
"CATEGORY","Employee Category","CATEGORY","","339","340","YES","REMARK","VARCHAR2",8
"CATEGORY","Employee Category","CATEGORY","","339","340","YES","CREATOR","VARCHAR2",9
"CATEGORY","Employee Category","CATEGORY","","339","340","YES","SERIALNO","NUMBER",10
"CATEGORY","Employee Category","CATEGORY","","339","340","YES","ISGROUP","VARCHAR2",11
"CATEGORY","Employee Category","CATEGORY","","339","340","YES","GROUPCODE","VARCHAR2",12
"CATEGORY","Employee Category","CATEGORY","","339","340","YES","CREATIONTIME","DATE",13
"CITY","City","CITY","","7","8","YES","TNO","NUMBER",1
"CITY","City","CITY","","7","8","YES","CITYCODE","VARCHAR2",2
"CITY","City","CITY","","7","8","YES","CITYNAME","VARCHAR2",3
"CITY","City","CITY","","7","8","YES","STATECODE","VARCHAR2",4
"CITY","City","CITY","","7","8","YES","STDCODE","VARCHAR2",5
"CITY","City","CITY","","7","8","YES","PINCODE","VARCHAR2",6
"CITY","City","CITY","","7","8","YES","REMARK","VARCHAR2",7
"CITY","City","CITY","","7","8","YES","CREATOR","VARCHAR2",8
"CITY","City","CITY","","7","8","YES","DISTANCE","NUMBER",9
"CITY","City","CITY","","7","8","YES","CLASSOFCITYCODE","VARCHAR2",10
"CITY","City","CITY","","7","8","YES","REGIONCODE","VARCHAR2",11
"CITY","City","CITY","","7","8","YES","CREATIONTIME","DATE",12
"CITY","City","CITY","","7","8","YES","LEADTIME","NUMBER",13
"CITY","City","CITY","","7","8","YES","MODULECODE","VARCHAR2",14
"CITY","City","CITY","","7","8","YES","MODULETNO","NUMBER",15
"CODESCHEME","Code Scheme","CODESCHEME","","40","40","YES","COMPANYCODE","VARCHAR2",1
"CODESCHEME","Code Scheme","CODESCHEME","","40","40","YES","FINANCIALYEARCODE","VARCHAR2",2
"CODESCHEME","Code Scheme","CODESCHEME","","40","40","YES","MODULECODE","VARCHAR2",3
"CODESCHEME","Code Scheme","CODESCHEME","","40","40","YES","INCLUDECOMPANYSHORTNAME","VARCHAR2",4
"CODESCHEME","Code Scheme","CODESCHEME","","40","40","YES","INCLUDEMODULESHORTNAME","VARCHAR2",5
"CODESCHEME","Code Scheme","CODESCHEME","","40","40","YES","INCLUDELOCATIONSHORTNAME","VARCHAR2",6
"CODESCHEME","Code Scheme","CODESCHEME","","40","40","YES","INCLUDETRANSACTIONYEAR","VARCHAR2",7
"CODESCHEME","Code Scheme","CODESCHEME","","40","40","YES","INCLUDETRANSACTIONMONTH","VARCHAR2",8
"CODESCHEME","Code Scheme","CODESCHEME","","40","40","YES","INCLUDETRANSACTIONDAY","VARCHAR2",9
"CODESCHEME","Code Scheme","CODESCHEME","","40","40","YES","COMPANYSHORTNAMEPOSITION","VARCHAR2",10
"CODESCHEME","Code Scheme","CODESCHEME","","40","40","YES","MODULESHORTNAMEPOSITION","VARCHAR2",11
"CODESCHEME","Code Scheme","CODESCHEME","","40","40","YES","LOCATIONSHORTNAMEPOSITION","VARCHAR2",12
"CODESCHEME","Code Scheme","CODESCHEME","","40","40","YES","TRANSACTIONYEARPOSITION","VARCHAR2",13
"CODESCHEME","Code Scheme","CODESCHEME","","40","40","YES","TRANSACTIONMONTHPOSITION","VARCHAR2",14
"CODESCHEME","Code Scheme","CODESCHEME","","40","40","YES","TRANSACTIONDAYPOSITION","VARCHAR2",15
"CODESCHEME","Code Scheme","CODESCHEME","","40","40","YES","SEPARATORCHARACTER","VARCHAR2",16
"CODESCHEME","Code Scheme","CODESCHEME","","40","40","YES","INITIALIZATIONPERIOD","VARCHAR2",17
"CODESCHEME","Code Scheme","CODESCHEME","","40","40","YES","STARTNO","NUMBER",18
"CODESCHEME","Code Scheme","CODESCHEME","","40","40","YES","CODESCHEME","VARCHAR2",19
"CODESCHEME","Code Scheme","CODESCHEME","","40","40","YES","MONTHLYINITIALIZATIONDAY","NUMBER",20
"CODESCHEME","Code Scheme","CODESCHEME","","40","40","YES","DAILYINITIALIZATIONDAY","NUMBER",21
"CODESCHEME","Code Scheme","CODESCHEME","","40","40","YES","INCLUDEDOCTYPESHORTNAME","VARCHAR2",22
"CODESCHEME","Code Scheme","CODESCHEME","","40","40","YES","INCLUDEOTHERSHORTNAME","VARCHAR2",23
"CODESCHEME","Code Scheme","CODESCHEME","","40","40","YES","DOCTYPESHORTNAMEPOSITION","VARCHAR2",24
"CODESCHEME","Code Scheme","CODESCHEME","","40","40","YES","OTHERSHORTNAMEPOSITION","VARCHAR2",25
"CODESCHEME","Code Scheme","CODESCHEME","","40","40","YES","OTHERTABLENAME","VARCHAR2",26
"CODESCHEME","Code Scheme","CODESCHEME","","40","40","YES","OTHERCOLUMNNAME","VARCHAR2",27
"CODESCHEME","Code Scheme","CODESCHEME","","40","40","YES","OTHERCOLUMNNAMEINTHEMODULE","VARCHAR2",28
"CODESCHEME","Code Scheme","CODESCHEME","","40","40","YES","OTHERCODECOLUMNNAME","VARCHAR2",29
"CODESCHEME","Code Scheme","CODESCHEME","","40","40","YES","CREATOR","VARCHAR2",30
"CODESCHEME","Code Scheme","CODESCHEME","","40","40","YES","NOFORMAT","VARCHAR2",31
"CODESCHEME","Code Scheme","CODESCHEME","","40","40","YES","CREATIONTIME","DATE",32
"CODESCHEME","Code Scheme","CODESCHEME","","40","40","YES","TNO","NUMBER",33
"CODESCHEMEMASTER","Code Scheme For Master Module","CODESCHEMEMASTER","","41","42","YES","MODULECODE","VARCHAR2",1
"CODESCHEMEMASTER","Code Scheme For Master Module","CODESCHEMEMASTER","","41","42","YES","CODESCHEME","VARCHAR2",2
"CODESCHEMEMASTER","Code Scheme For Master Module","CODESCHEMEMASTER","","41","42","YES","STARTNO","NUMBER",3
"CODESCHEMEMASTER","Code Scheme For Master Module","CODESCHEMEMASTER","","41","42","YES","LASTNO","NUMBER",4
"CODESCHEMEMASTER","Code Scheme For Master Module","CODESCHEMEMASTER","","41","42","YES","CREATOR","VARCHAR2",5
"CODESCHEMEMASTER","Code Scheme For Master Module","CODESCHEMEMASTER","","41","42","YES","CREATIONTIME","DATE",6
"COMPANY","Company","COMPANY","COMPANYNAME","3","4","YES","COMPANYCODE","VARCHAR2",1
"COMPANY","Company","COMPANY","COMPANYNAME","3","4","YES","COMPANYNAME","VARCHAR2",2
"COMPANY","Company","COMPANY","COMPANYNAME","3","4","YES","COMPANYTYPECODE","VARCHAR2",3
"COMPANY","Company","COMPANY","COMPANYNAME","3","4","YES","PARENTCODE","VARCHAR2",4
"COMPANY","Company","COMPANY","COMPANYNAME","3","4","YES","OWNERNAME","VARCHAR2",5
"COMPANY","Company","COMPANY","COMPANYNAME","3","4","YES","CGSTNO","VARCHAR2",6
"COMPANY","Company","COMPANY","COMPANYNAME","3","4","YES","CSTNO","VARCHAR2",7
"COMPANY","Company","COMPANY","COMPANYNAME","3","4","YES","NEWREGISTRATIONNO","VARCHAR2",8
"COMPANY","Company","COMPANY","COMPANYNAME","3","4","YES","TINNO","VARCHAR2",9
"COMPANY","Company","COMPANY","COMPANYNAME","3","4","YES","ECCNO","VARCHAR2",10
"COMPANY","Company","COMPANY","COMPANYNAME","3","4","YES","COMMISSIONER","VARCHAR2",11
"COMPANY","Company","COMPANY","COMPANYNAME","3","4","YES","DIVISION","VARCHAR2",12
"COMPANY","Company","COMPANY","COMPANYNAME","3","4","YES","RANGE","VARCHAR2",13
"COMPANY","Company","COMPANY","COMPANYNAME","3","4","YES","OFFICEADDRESS","VARCHAR2",14
"COMPANY","Company","COMPANY","COMPANYNAME","3","4","YES","OFFICECITYCODE","VARCHAR2",15
"COMPANY","Company","COMPANY","COMPANYNAME","3","4","YES","OFFICESTATECODE","VARCHAR2",16
"COMPANY","Company","COMPANY","COMPANYNAME","3","4","YES","OFFICEPINCODE","VARCHAR2",17
"COMPANY","Company","COMPANY","COMPANYNAME","3","4","YES","OFFICEPHONENO","VARCHAR2",18
"COMPANY","Company","COMPANY","COMPANYNAME","3","4","YES","OFFICEFAXNO","VARCHAR2",19
"COMPANY","Company","COMPANY","COMPANYNAME","3","4","YES","OFFICEEMAIL","VARCHAR2",20
"COMPANY","Company","COMPANY","COMPANYNAME","3","4","YES","WORKSADDRESS","VARCHAR2",21
"COMPANY","Company","COMPANY","COMPANYNAME","3","4","YES","WORKSCITYCODE","VARCHAR2",22
"COMPANY","Company","COMPANY","COMPANYNAME","3","4","YES","WORKSSTATECODE","VARCHAR2",23
"COMPANY","Company","COMPANY","COMPANYNAME","3","4","YES","WORKSPINCODE","VARCHAR2",24
"COMPANY","Company","COMPANY","COMPANYNAME","3","4","YES","WORKSPHONENO","VARCHAR2",25
"COMPANY","Company","COMPANY","COMPANYNAME","3","4","YES","WORKSFAXNO","VARCHAR2",26
"COMPANY","Company","COMPANY","COMPANYNAME","3","4","YES","WORKSEMAIL","VARCHAR2",27
"COMPANY","Company","COMPANY","COMPANYNAME","3","4","YES","REMARK","VARCHAR2",28
"COMPANY","Company","COMPANY","COMPANYNAME","3","4","YES","COMPANYSHORTNAME","VARCHAR2",29
"COMPANY","Company","COMPANY","COMPANYNAME","3","4","YES","TNO","NUMBER",30
"COMPANY","Company","COMPANY","COMPANYNAME","3","4","YES","SELFCODE","VARCHAR2",31
"COMPANY","Company","COMPANY","COMPANYNAME","3","4","YES","OFFICEADDRESS1","VARCHAR2",32
"COMPANY","Company","COMPANY","COMPANYNAME","3","4","YES","OFFICEADDRESS2","VARCHAR2",33
"COMPANY","Company","COMPANY","COMPANYNAME","3","4","YES","OFFICEADDRESS3","VARCHAR2",34
"COMPANY","Company","COMPANY","COMPANYNAME","3","4","YES","OFFICEADDRESS4","VARCHAR2",35
"COMPANY","Company","COMPANY","COMPANYNAME","3","4","YES","WORKSADDRESS4","VARCHAR2",36
"COMPANY","Company","COMPANY","COMPANYNAME","3","4","YES","WORKSADDRESS3","VARCHAR2",37
"COMPANY","Company","COMPANY","COMPANYNAME","3","4","YES","WORKSADDRESS2","VARCHAR2",38
"COMPANY","Company","COMPANY","COMPANYNAME","3","4","YES","WORKSADDRESS1","VARCHAR2",39
"COMPANY","Company","COMPANY","COMPANYNAME","3","4","YES","CREATOR","VARCHAR2",40
"COMPANY","Company","COMPANY","COMPANYNAME","3","4","YES","TMP","VARCHAR2",41
"COMPANY","Company","COMPANY","COMPANYNAME","3","4","YES","CREATIONTIME","DATE",42
"COMPANY","Company","COMPANY","COMPANYNAME","3","4","YES","EMPLOYEECODERESPONSIBLEFORTDS","VARCHAR2",43
"COMPANY","Company","COMPANY","COMPANYNAME","3","4","YES","NAMERESPONSIBLEFORTDS","VARCHAR2",44
"COMPANY","Company","COMPANY","COMPANYNAME","3","4","YES","DESIGNATIONRESPONSIBLEFORTDS","VARCHAR2",45
"COMPANY","Company","COMPANY","COMPANYNAME","3","4","YES","ADDRESS1RESPONSIBLEFORTDS","VARCHAR2",46
"COMPANY","Company","COMPANY","COMPANYNAME","3","4","YES","ADDRESS2RESPONSIBLEFORTDS","VARCHAR2",47
"COMPANY","Company","COMPANY","COMPANYNAME","3","4","YES","ADDRESS3RESPONSIBLEFORTDS","VARCHAR2",48
"COMPANY","Company","COMPANY","COMPANYNAME","3","4","YES","ADDRESS4RESPONSIBLEFORTDS","VARCHAR2",49
"COMPANY","Company","COMPANY","COMPANYNAME","3","4","YES","CITYRESPONSIBLEFORTDS","VARCHAR2",50
"COMPANY","Company","COMPANY","COMPANYNAME","3","4","YES","STATERESPONSIBLEFORTDS","VARCHAR2",51
"COMPANY","Company","COMPANY","COMPANYNAME","3","4","YES","PINCODERESPONSIBLEFORTDS","VARCHAR2",52
"COMPANY","Company","COMPANY","COMPANYNAME","3","4","YES","PHONENORESPONSIBLEFORTDS","VARCHAR2",53
"COMPANY","Company","COMPANY","COMPANYNAME","3","4","YES","EMAILRESPONSIBLEFORTDS","VARCHAR2",54
"COMPANY","Company","COMPANY","COMPANYNAME","3","4","YES","TAXREGISTRATIONTYPECODE","VARCHAR2",55
"COMPANY","Company","COMPANY","COMPANYNAME","3","4","YES","PRINTNAME","VARCHAR2",56
"COMPANYVEHICLE","Vehicle","COMPANYVEHICLE","","90","91","NO","TNO","NUMBER",1
"COMPANYVEHICLE","Vehicle","COMPANYVEHICLE","","90","91","NO","COMPANYVEHICLECODE","VARCHAR2",2
"COMPANYVEHICLE","Vehicle","COMPANYVEHICLE","","90","91","NO","COMPANYVEHICLENAME","VARCHAR2",3
"COMPANYVEHICLE","Vehicle","COMPANYVEHICLE","","90","91","NO","COMPANYVEHICLESHORTNAME","VARCHAR2",4
"COMPANYVEHICLE","Vehicle","COMPANYVEHICLE","","90","91","NO","COMPANYVEHICLENO","VARCHAR2",5
"COMPANYVEHICLE","Vehicle","COMPANYVEHICLE","","90","91","NO","VEHICLETYPECODE","VARCHAR2",6
"COMPANYVEHICLE","Vehicle","COMPANYVEHICLE","","90","91","NO","PARTYCODE","VARCHAR2",7
"COMPANYVEHICLE","Vehicle","COMPANYVEHICLE","","90","91","NO","TAREWEIGHT","NUMBER",8
"COMPANYVEHICLE","Vehicle","COMPANYVEHICLE","","90","91","NO","CREATOR","VARCHAR2",9
"COMPANYVEHICLE","Vehicle","COMPANYVEHICLE","","90","91","NO","CREATIONTIME","DATE",10
"COMPANYVEHICLE","Vehicle","COMPANYVEHICLE","","90","91","NO","REMARK","VARCHAR2",11
"COMPANYVEHICLE","Vehicle","COMPANYVEHICLE","","90","91","NO","VEHICLEGROUPCODE","VARCHAR2",12
"COMPANYVEHICLE","Vehicle","COMPANYVEHICLE","","90","91","NO","VEHICLEOWNERCODE","VARCHAR2",13
"COMPANYVEHICLE","Vehicle","COMPANYVEHICLE","","90","91","NO","TRANSPORTERCODE","VARCHAR2",14
"COMPANYVEHICLE","Vehicle","COMPANYVEHICLE","","90","91","NO","ENGINENO","VARCHAR2",15
"COMPANYVEHICLE","Vehicle","COMPANYVEHICLE","","90","91","NO","CHASISNO","VARCHAR2",16
"COMPANYVEHICLE","Vehicle","COMPANYVEHICLE","","90","91","NO","MANUFACTURINGYEAR","VARCHAR2",17
"COMPANYVEHICLE","Vehicle","COMPANYVEHICLE","","90","91","NO","MODELNO","VARCHAR2",18
"COMPANYVEHICLE","Vehicle","COMPANYVEHICLE","","90","91","NO","TANKSIZE","VARCHAR2",19
"CONVEYANCESCHEME","Reimbursement Policy","CONVEYANCESCHEME","CONVEYANCESCHEMENO","648","649","YES","TNO","NUMBER",1
"CONVEYANCESCHEME","Reimbursement Policy","CONVEYANCESCHEME","CONVEYANCESCHEMENO","648","649","YES","COMPANYCODE","VARCHAR2",2
"CONVEYANCESCHEME","Reimbursement Policy","CONVEYANCESCHEME","CONVEYANCESCHEMENO","648","649","YES","FINANCIALYEARCODE","VARCHAR2",3
"CONVEYANCESCHEME","Reimbursement Policy","CONVEYANCESCHEME","CONVEYANCESCHEMENO","648","649","YES","LOCATIONCODE","VARCHAR2",4
"CONVEYANCESCHEME","Reimbursement Policy","CONVEYANCESCHEME","CONVEYANCESCHEMENO","648","649","YES","DOCTYPECODE","VARCHAR2",5
"CONVEYANCESCHEME","Reimbursement Policy","CONVEYANCESCHEME","CONVEYANCESCHEMENO","648","649","YES","CONVEYANCESCHEMEDATE","DATE",6
"CONVEYANCESCHEME","Reimbursement Policy","CONVEYANCESCHEME","CONVEYANCESCHEMENO","648","649","YES","CONVEYANCESCHEMENO","VARCHAR2",7
"CONVEYANCESCHEME","Reimbursement Policy","CONVEYANCESCHEME","CONVEYANCESCHEMENO","648","649","YES","CONVEYANCESCHEMENAME","VARCHAR2",8
"CONVEYANCESCHEME","Reimbursement Policy","CONVEYANCESCHEME","CONVEYANCESCHEMENO","648","649","YES","DATEONWARD","DATE",9
"CONVEYANCESCHEME","Reimbursement Policy","CONVEYANCESCHEME","CONVEYANCESCHEMENO","648","649","YES","REMARK","VARCHAR2",10
"CONVEYANCESCHEME","Reimbursement Policy","CONVEYANCESCHEME","CONVEYANCESCHEMENO","648","649","YES","CREATOR","VARCHAR2",11
"CONVEYANCESCHEME","Reimbursement Policy","CONVEYANCESCHEME","CONVEYANCESCHEMENO","648","649","YES","CREATIONTIME","DATE",12
"CONVEYANCESCHEME","Reimbursement Policy","CONVEYANCESCHEME","CONVEYANCESCHEMENO","648","649","YES","POLICYFORCODE","VARCHAR2",13
"CONVEYANCESCHEME","Reimbursement Policy","CONVEYANCESCHEME","CONVEYANCESCHEMENO","648","649","YES","EMPLOYEEGRADE","VARCHAR2",14
"CONVEYANCESCHEME","Reimbursement Policy","CONVEYANCESCHEME","CONVEYANCESCHEMENO","648","649","YES","EMPLOYEEGRADECODE","VARCHAR2",15
"CONVEYANCETYPE","Conveyance Type","CONVEYANCETYPE","","661","662","YES","TNO","NUMBER",1
"CONVEYANCETYPE","Conveyance Type","CONVEYANCETYPE","","661","662","YES","CONVEYANCETYPECODE","VARCHAR2",2
"CONVEYANCETYPE","Conveyance Type","CONVEYANCETYPE","","661","662","YES","CONVEYANCETYPENAME","VARCHAR2",3
"CONVEYANCETYPE","Conveyance Type","CONVEYANCETYPE","","661","662","YES","REMARK","VARCHAR2",4
"CONVEYANCETYPE","Conveyance Type","CONVEYANCETYPE","","661","662","YES","CREATOR","VARCHAR2",5
"CONVEYANCETYPE","Conveyance Type","CONVEYANCETYPE","","661","662","YES","CREATIONTIME","DATE",6
"COSTCENTRE","Cost Centre","COSTCENTRE","","119","120","YES","TNO","NUMBER",1
"COSTCENTRE","Cost Centre","COSTCENTRE","","119","120","YES","COSTCENTRECODE","VARCHAR2",2
"COSTCENTRE","Cost Centre","COSTCENTRE","","119","120","YES","COSTCENTRENAME","VARCHAR2",3
"COSTCENTRE","Cost Centre","COSTCENTRE","","119","120","YES","PARENTCODE","VARCHAR2",4
"COSTCENTRE","Cost Centre","COSTCENTRE","","119","120","YES","COMPANYCODE","VARCHAR2",5
"COSTCENTRE","Cost Centre","COSTCENTRE","","119","120","YES","REMARK","VARCHAR2",6
"COSTCENTRE","Cost Centre","COSTCENTRE","","119","120","YES","CREATOR","VARCHAR2",7
"COSTCENTRE","Cost Centre","COSTCENTRE","","119","120","YES","CREATIONTIME","DATE",8
"COSTCENTRE","Cost Centre","COSTCENTRE","","119","120","YES","MODULETNO","NUMBER",9
"COSTCENTRE","Cost Centre","COSTCENTRE","","119","120","YES","MODULECODE","VARCHAR2",10
"DEPARTMENT","Department","DEPARTMENT","","82","83","YES","TNO","NUMBER",1
"DEPARTMENT","Department","DEPARTMENT","","82","83","YES","DEPARTMENTCODE","VARCHAR2",2
"DEPARTMENT","Department","DEPARTMENT","","82","83","YES","DEPARTMENTNAME","VARCHAR2",3
"DEPARTMENT","Department","DEPARTMENT","","82","83","YES","DEPARTMENTSHORTNAME","VARCHAR2",4
"DEPARTMENT","Department","DEPARTMENT","","82","83","YES","PARENTCODE","VARCHAR2",5
"DEPARTMENT","Department","DEPARTMENT","","82","83","YES","REMARK","VARCHAR2",6
"DEPARTMENT","Department","DEPARTMENT","","82","83","YES","DATECREATED","DATE",7
"DEPARTMENT","Department","DEPARTMENT","","82","83","YES","DATEMODIFY","DATE",8
"DEPARTMENT","Department","DEPARTMENT","","82","83","YES","CREATOR","VARCHAR2",9
"DEPARTMENT","Department","DEPARTMENT","","82","83","YES","CREATIONTIME","DATE",10
"DEPARTMENT","Department","DEPARTMENT","","82","83","YES","DEPARTMENTGRADECODE","VARCHAR2",11
"DESIGNATION","Designation","DESIGNATION","","86","87","YES","TNO","NUMBER",1
"DESIGNATION","Designation","DESIGNATION","","86","87","YES","DESIGNATIONCODE","VARCHAR2",2
"DESIGNATION","Designation","DESIGNATION","","86","87","YES","DESIGNATIONNAME","VARCHAR2",3
"DESIGNATION","Designation","DESIGNATION","","86","87","YES","DESIGNATIONSHORTNAME","VARCHAR2",4
"DESIGNATION","Designation","DESIGNATION","","86","87","YES","CREATOR","VARCHAR2",5
"DESIGNATION","Designation","DESIGNATION","","86","87","YES","CREATIONTIME","DATE",6
"DESIGNATION","Designation","DESIGNATION","","86","87","YES","REMARK","VARCHAR2",7
"DOCTYPE","Doctype","DOCTYPE","DOCTYPECODE","21","22","YES","TNO","NUMBER",1
"DOCTYPE","Doctype","DOCTYPE","DOCTYPECODE","21","22","YES","DOCTYPECODE","VARCHAR2",2
"DOCTYPE","Doctype","DOCTYPE","DOCTYPECODE","21","22","YES","DOCTYPENAME","VARCHAR2",3
"DOCTYPE","Doctype","DOCTYPE","DOCTYPECODE","21","22","YES","DOCTYPESHORTNAME","VARCHAR2",4
"DOCTYPE","Doctype","DOCTYPE","DOCTYPECODE","21","22","YES","REMARK","VARCHAR2",5
"DOCTYPE","Doctype","DOCTYPE","DOCTYPECODE","21","22","YES","ISUSEDASREFDOCTYPE","VARCHAR2",6
"DOCTYPE","Doctype","DOCTYPE","DOCTYPECODE","21","22","YES","DATECREATED","DATE",7
"DOCTYPE","Doctype","DOCTYPE","DOCTYPECODE","21","22","YES","DATEMODIFIED","DATE",8
"DOCTYPE","Doctype","DOCTYPE","DOCTYPECODE","21","22","YES","CREATOR","VARCHAR2",9
"DOCTYPE","Doctype","DOCTYPE","DOCTYPECODE","21","22","YES","CREATIONTIME","DATE",10
"DOCTYPE","Doctype","DOCTYPE","DOCTYPECODE","21","22","YES","INCLUDEDRCRNOTEINGSTR1","VARCHAR2",11
"EMPLOYEE","Employee Master","EMPLOYEE","EMPLOYEECODE","84","85","YES","TNO","NUMBER",1
"EMPLOYEE","Employee Master","EMPLOYEE","EMPLOYEECODE","84","85","YES","EMPLOYEECODE","VARCHAR2",2
"EMPLOYEE","Employee Master","EMPLOYEE","EMPLOYEECODE","84","85","YES","EMPLOYEENAME","VARCHAR2",3
"EMPLOYEE","Employee Master","EMPLOYEE","EMPLOYEECODE","84","85","YES","EMPLOYEESHORTNAME","VARCHAR2",4
"EMPLOYEE","Employee Master","EMPLOYEE","EMPLOYEECODE","84","85","YES","DESIGNATIONCODE","VARCHAR2",5
"EMPLOYEE","Employee Master","EMPLOYEE","EMPLOYEECODE","84","85","YES","DEPARTMENTCODE","VARCHAR2",6
"EMPLOYEE","Employee Master","EMPLOYEE","EMPLOYEECODE","84","85","YES","EMPLOYEETYPECODE","VARCHAR2",7
"EMPLOYEE","Employee Master","EMPLOYEE","EMPLOYEECODE","84","85","YES","CONTRACTORCODE","VARCHAR2",8
"EMPLOYEE","Employee Master","EMPLOYEE","EMPLOYEECODE","84","85","YES","PAYMENTTERM","VARCHAR2",9
"EMPLOYEE","Employee Master","EMPLOYEE","EMPLOYEECODE","84","85","YES","FATHERNAME","VARCHAR2",10
"EMPLOYEE","Employee Master","EMPLOYEE","EMPLOYEECODE","84","85","YES","SEX","VARCHAR2",11
"EMPLOYEE","Employee Master","EMPLOYEE","EMPLOYEECODE","84","85","YES","OTATTENDENCEHEADCODE","VARCHAR2",12
"EMPLOYEE","Employee Master","EMPLOYEE","EMPLOYEECODE","84","85","YES","MARITALSTATUS","VARCHAR2",13
"EMPLOYEE","Employee Master","EMPLOYEE","EMPLOYEECODE","84","85","YES","CATEGORYCODE","VARCHAR2",14
"EMPLOYEE","Employee Master","EMPLOYEE","EMPLOYEECODE","84","85","YES","DATEOFBIRTH","DATE",15
"EMPLOYEE","Employee Master","EMPLOYEE","EMPLOYEECODE","84","85","YES","DATEOFAPPOINTMENT","DATE",16
"EMPLOYEE","Employee Master","EMPLOYEE","EMPLOYEECODE","84","85","YES","DATEOFJOINING","DATE",17
"EMPLOYEE","Employee Master","EMPLOYEE","EMPLOYEECODE","84","85","YES","PUNCHCARDNO","VARCHAR2",18
"EMPLOYEE","Employee Master","EMPLOYEE","EMPLOYEECODE","84","85","YES","PERMANENTAFTERDAY","NUMBER",19
"EMPLOYEE","Employee Master","EMPLOYEE","EMPLOYEECODE","84","85","YES","PRESENTADDRESS","VARCHAR2",20
"EMPLOYEE","Employee Master","EMPLOYEE","EMPLOYEECODE","84","85","YES","PRESENTCITYCODE","VARCHAR2",21
"EMPLOYEE","Employee Master","EMPLOYEE","EMPLOYEECODE","84","85","YES","PRESENTSTATECODE","VARCHAR2",22
"EMPLOYEE","Employee Master","EMPLOYEE","EMPLOYEECODE","84","85","YES","PRESENTPHONENO","VARCHAR2",23
"EMPLOYEE","Employee Master","EMPLOYEE","EMPLOYEECODE","84","85","YES","PERMANENTADDRESS","VARCHAR2",24
"EMPLOYEE","Employee Master","EMPLOYEE","EMPLOYEECODE","84","85","YES","PERMANENTCITYCODE","VARCHAR2",25
"EMPLOYEE","Employee Master","EMPLOYEE","EMPLOYEECODE","84","85","YES","PERMANENTSTATECODE","VARCHAR2",26
"EMPLOYEE","Employee Master","EMPLOYEE","EMPLOYEECODE","84","85","YES","PERMANENTPHONENO","VARCHAR2",27
"EMPLOYEE","Employee Master","EMPLOYEE","EMPLOYEECODE","84","85","YES","OFFDAY","VARCHAR2",28
"EMPLOYEE","Employee Master","EMPLOYEE","EMPLOYEECODE","84","85","YES","GROSSSALARY","NUMBER",29
"EMPLOYEE","Employee Master","EMPLOYEE","EMPLOYEECODE","84","85","YES","PFDEDUCTIONON","VARCHAR2",30
"EMPLOYEE","Employee Master","EMPLOYEE","EMPLOYEECODE","84","85","YES","PFACCOUNTNO","VARCHAR2",31
"EMPLOYEE","Employee Master","EMPLOYEE","EMPLOYEECODE","84","85","YES","NOOFNOMINEE","NUMBER",32
"EMPLOYEE","Employee Master","EMPLOYEE","EMPLOYEECODE","84","85","YES","ESICACCOUNTNO","VARCHAR2",33
"EMPLOYEE","Employee Master","EMPLOYEE","EMPLOYEECODE","84","85","YES","NOOFDEPENDENCE","NUMBER",34
"EMPLOYEE","Employee Master","EMPLOYEE","EMPLOYEECODE","84","85","YES","HOSPITALCODE","VARCHAR2",35
"EMPLOYEE","Employee Master","EMPLOYEE","EMPLOYEECODE","84","85","YES","PAYMENTMODE","VARCHAR2",36
"EMPLOYEE","Employee Master","EMPLOYEE","EMPLOYEECODE","84","85","YES","BANKACCOUNTNO","VARCHAR2",37
"EMPLOYEE","Employee Master","EMPLOYEE","EMPLOYEECODE","84","85","YES","BANKCODE","VARCHAR2",38
"EMPLOYEE","Employee Master","EMPLOYEE","EMPLOYEECODE","84","85","YES","SHIFTCODE","VARCHAR2",39
"EMPLOYEE","Employee Master","EMPLOYEE","EMPLOYEECODE","84","85","YES","EMPLOYEENATURECODE","VARCHAR2",40
"EMPLOYEE","Employee Master","EMPLOYEE","EMPLOYEECODE","84","85","YES","STAFFTYPECODE","VARCHAR2",41
"EMPLOYEE","Employee Master","EMPLOYEE","EMPLOYEECODE","84","85","YES","REMARK","VARCHAR2",42
"EMPLOYEE","Employee Master","EMPLOYEE","EMPLOYEECODE","84","85","YES","DATECREATED","DATE",43
"EMPLOYEE","Employee Master","EMPLOYEE","EMPLOYEECODE","84","85","YES","DATEMODIFY","DATE",44
"EMPLOYEE","Employee Master","EMPLOYEE","EMPLOYEECODE","84","85","YES","COMPANYCODE","VARCHAR2",45
"EMPLOYEE","Employee Master","EMPLOYEE","EMPLOYEECODE","84","85","YES","EMPLOYEENATURE","VARCHAR2",46
"EMPLOYEE","Employee Master","EMPLOYEE","EMPLOYEECODE","84","85","YES","EMPLOYMENTTYPECODE","VARCHAR2",47
"EMPLOYEE","Employee Master","EMPLOYEE","EMPLOYEECODE","84","85","YES","MONEYTRANSFERMODECODE","VARCHAR2",48
"EMPLOYEE","Employee Master","EMPLOYEE","EMPLOYEECODE","84","85","YES","NOOFDEPENDENTS","NUMBER",49
"EMPLOYEE","Employee Master","EMPLOYEE","EMPLOYEECODE","84","85","YES","SALARYSCHEMECODE","VARCHAR2",50
"EMPLOYEE","Employee Master","EMPLOYEE","EMPLOYEECODE","84","85","YES","STAFFTYPE","VARCHAR2",51
"EMPLOYEE","Employee Master","EMPLOYEE","EMPLOYEECODE","84","85","YES","EMPLOYEEACCOUNTCODE","VARCHAR2",52
"EMPLOYEE","Employee Master","EMPLOYEE","EMPLOYEECODE","84","85","YES","GENDER","VARCHAR2",53
"EMPLOYEE","Employee Master","EMPLOYEE","EMPLOYEECODE","84","85","YES","LOANACCOUNTCODE","VARCHAR2",54
"EMPLOYEE","Employee Master","EMPLOYEE","EMPLOYEECODE","84","85","YES","SALARYACCOUNTCODE","VARCHAR2",55
"EMPLOYEE","Employee Master","EMPLOYEE","EMPLOYEECODE","84","85","YES","CREATOR","VARCHAR2",56
"EMPLOYEE","Employee Master","EMPLOYEE","EMPLOYEECODE","84","85","YES","LOCATIONCODE","VARCHAR2",57
"EMPLOYEE","Employee Master","EMPLOYEE","EMPLOYEECODE","84","85","YES","EMPLOYEEID","VARCHAR2",58
"EMPLOYEE","Employee Master","EMPLOYEE","EMPLOYEECODE","84","85","YES","DATEOFRETIREMENT","DATE",59
"EMPLOYEE","Employee Master","EMPLOYEE","EMPLOYEECODE","84","85","YES","DATEOFCONFIRMATION","DATE",60
"EMPLOYEE","Employee Master","EMPLOYEE","EMPLOYEECODE","84","85","YES","PRODUCTIONCENTRECODE","VARCHAR2",61
"EMPLOYEE","Employee Master","EMPLOYEE","EMPLOYEECODE","84","85","YES","REPORTTOEMPLOYEECODE","VARCHAR2",62
"EMPLOYEE","Employee Master","EMPLOYEE","EMPLOYEECODE","84","85","YES","INCENTIVESCHEMECODE","VARCHAR2",63
"EMPLOYEE","Employee Master","EMPLOYEE","EMPLOYEECODE","84","85","YES","VEHICLENO","VARCHAR2",64
"EMPLOYEE","Employee Master","EMPLOYEE","EMPLOYEECODE","84","85","YES","DESIGNATIONNAME","VARCHAR2",65
"EMPLOYEE","Employee Master","EMPLOYEE","EMPLOYEECODE","84","85","YES","DEPARTMENTNAME","VARCHAR2",66
"EMPLOYEE","Employee Master","EMPLOYEE","EMPLOYEECODE","84","85","YES","CREATIONTIME","DATE",67
"EMPLOYEE","Employee Master","EMPLOYEE","EMPLOYEECODE","84","85","YES","PRESENTPOLICESTATION","VARCHAR2",68
"EMPLOYEE","Employee Master","EMPLOYEE","EMPLOYEECODE","84","85","YES","PERMANENTPOLICESTATION","VARCHAR2",69
"EMPLOYEE","Employee Master","EMPLOYEE","EMPLOYEECODE","84","85","YES","BLOODGROUP","VARCHAR2",70
"EMPLOYEE","Employee Master","EMPLOYEE","EMPLOYEECODE","84","85","YES","PANNO","VARCHAR2",71
"EMPLOYEE","Employee Master","EMPLOYEE","EMPLOYEECODE","84","85","YES","DRIVINGLICENSENO","VARCHAR2",72
"EMPLOYEE","Employee Master","EMPLOYEE","EMPLOYEECODE","84","85","YES","DRIVINGLICENSEEXPIRYDATE","VARCHAR2",73
"EMPLOYEE","Employee Master","EMPLOYEE","EMPLOYEECODE","84","85","YES","OFFICEMOBILENO","VARCHAR2",74
"EMPLOYEE","Employee Master","EMPLOYEE","EMPLOYEECODE","84","85","YES","OFFICEEMAILID","VARCHAR2",75
"EMPLOYEE","Employee Master","EMPLOYEE","EMPLOYEECODE","84","85","YES","PLACEOFBIRTH","VARCHAR2",76
"EMPLOYEE","Employee Master","EMPLOYEE","EMPLOYEECODE","84","85","YES","DATEOFRESIGNATION","DATE",77
"EMPLOYEE","Employee Master","EMPLOYEE","EMPLOYEECODE","84","85","YES","SITECODE","VARCHAR2",78
"EMPLOYEE","Employee Master","EMPLOYEE","EMPLOYEECODE","84","85","YES","SITENAME","VARCHAR2",79
"EMPLOYEE","Employee Master","EMPLOYEE","EMPLOYEECODE","84","85","YES","BRANCHCODE","VARCHAR2",80
"EMPLOYEE","Employee Master","EMPLOYEE","EMPLOYEECODE","84","85","YES","PERIODOFPREVIOUSSERVICEINMONTH","NUMBER",81
"EMPLOYEE","Employee Master","EMPLOYEE","EMPLOYEECODE","84","85","YES","BONUSPERCENT","NUMBER",82
"EMPLOYEE","Employee Master","EMPLOYEE","EMPLOYEECODE","84","85","YES","PRESENTPINCODE","VARCHAR2",83
"EMPLOYEE","Employee Master","EMPLOYEE","EMPLOYEECODE","84","85","YES","ATTACHEDVEHICLENO","VARCHAR2",84
"EMPLOYEE","Employee Master","EMPLOYEE","EMPLOYEECODE","84","85","YES","VEHICLEDESIGNATIONCODE","VARCHAR2",85
"EMPLOYEE","Employee Master","EMPLOYEE","EMPLOYEECODE","84","85","YES","ESICESTABLISHMENTCODENO","VARCHAR2",86
"EMPLOYEE","Employee Master","EMPLOYEE","EMPLOYEECODE","84","85","YES","INCENTIVESTARTDATE","DATE",87
"EMPLOYEE","Employee Master","EMPLOYEE","EMPLOYEECODE","84","85","YES","UAN","VARCHAR2",88
"EMPLOYEE","Employee Master","EMPLOYEE","EMPLOYEECODE","84","85","YES","ZONECODE","VARCHAR2",89
"EMPLOYEE","Employee Master","EMPLOYEE","EMPLOYEECODE","84","85","YES","PERSONALEMAILID","VARCHAR2",90
"EMPLOYEE","Employee Master","EMPLOYEE","EMPLOYEECODE","84","85","YES","PRESENTDISTRICTCODE","VARCHAR2",91
"EMPLOYEE","Employee Master","EMPLOYEE","EMPLOYEECODE","84","85","YES","PERMANENTDISTRICTCODE","VARCHAR2",92
"EMPLOYEE","Employee Master","EMPLOYEE","EMPLOYEECODE","84","85","YES","IFSCCODE","VARCHAR2",93
"EMPLOYEE","Employee Master","EMPLOYEE","EMPLOYEECODE","84","85","YES","BANKBRANCHNAME","VARCHAR2",94
"EMPLOYEE","Employee Master","EMPLOYEE","EMPLOYEECODE","84","85","YES","APPOINTMENTLETTERISSUEDATE","DATE",95
"EMPLOYEE","Employee Master","EMPLOYEE","EMPLOYEECODE","84","85","YES","APPOINTMENTLETTERISSUENO","VARCHAR2",96
"EMPLOYEE","Employee Master","EMPLOYEE","EMPLOYEECODE","84","85","YES","HUSBANDNAME","VARCHAR2",97
"EMPLOYEE","Employee Master","EMPLOYEE","EMPLOYEECODE","84","85","YES","ADHARNO","VARCHAR2",98
"EMPLOYEE","Employee Master","EMPLOYEE","EMPLOYEECODE","84","85","YES","OVERTIMESCHEMECODE","VARCHAR2",99
"EMPLOYEE","Employee Master","EMPLOYEE","EMPLOYEECODE","84","85","YES","CATEGORY","VARCHAR2",100
"EMPLOYEE","Employee Master","EMPLOYEE","EMPLOYEECODE","84","85","YES","MINORITY","VARCHAR2",101
"EMPLOYEE","Employee Master","EMPLOYEE","EMPLOYEECODE","84","85","YES","OLDEMPLOYEECODE","VARCHAR2",102
"EMPLOYEE","Employee Master","EMPLOYEE","EMPLOYEECODE","84","85","YES","EMPLOYEEIDTEMP","VARCHAR2",103
"EMPLOYEE","Employee Master","EMPLOYEE","EMPLOYEECODE","84","85","YES","CANALLOWVISITOR","VARCHAR2",104
"EMPLOYEE","Employee Master","EMPLOYEE","EMPLOYEECODE","84","85","YES","ISESICAPPLICABLE","VARCHAR2",105
"EMPLOYEE","Employee Master","EMPLOYEE","EMPLOYEECODE","84","85","YES","OTTYPECODE","VARCHAR2",106
"EMPLOYEE","Employee Master","EMPLOYEE","EMPLOYEECODE","84","85","YES","OTALLOWED","VARCHAR2",107
"EXPENSETYPE","Expense Type","EXPENSETYPE","","655","656","YES","TNO","NUMBER",1
"EXPENSETYPE","Expense Type","EXPENSETYPE","","655","656","YES","EXPENSETYPECODE","VARCHAR2",2
"EXPENSETYPE","Expense Type","EXPENSETYPE","","655","656","YES","EXPENSETYPENAME","VARCHAR2",3
"EXPENSETYPE","Expense Type","EXPENSETYPE","","655","656","YES","REMARK","VARCHAR2",4
"EXPENSETYPE","Expense Type","EXPENSETYPE","","655","656","YES","CREATOR","VARCHAR2",5
"EXPENSETYPE","Expense Type","EXPENSETYPE","","655","656","YES","CREATIONTIME","DATE",6
"FINANCIALYEAR","Financialyear","FINANCIALYEAR","FINANCIALYEARCODE","27","28","YES","FINANCIALYEARCODE","VARCHAR2",1
"FINANCIALYEAR","Financialyear","FINANCIALYEAR","FINANCIALYEARCODE","27","28","YES","FINANCIALYEARBEGIN","DATE",2
"FINANCIALYEAR","Financialyear","FINANCIALYEAR","FINANCIALYEARCODE","27","28","YES","FINANCIALYEAREND","DATE",3
"FINANCIALYEAR","Financialyear","FINANCIALYEAR","FINANCIALYEARCODE","27","28","YES","REMARK","VARCHAR2",4
"FINANCIALYEAR","Financialyear","FINANCIALYEAR","FINANCIALYEARCODE","27","28","YES","TNO","NUMBER",5
"FINANCIALYEAR","Financialyear","FINANCIALYEAR","FINANCIALYEARCODE","27","28","YES","CREATOR","VARCHAR2",6
"FINANCIALYEAR","Financialyear","FINANCIALYEAR","FINANCIALYEARCODE","27","28","YES","CREATIONTIME","DATE",7
"FOOTERACCOUNT","Footer Account","FOOTERACCOUNT","FOOTERACCOUNTCODE","92","93","YES","TNO","NUMBER",1
"FOOTERACCOUNT","Footer Account","FOOTERACCOUNT","FOOTERACCOUNTCODE","92","93","YES","MODULECODE","VARCHAR2",2
"FOOTERACCOUNT","Footer Account","FOOTERACCOUNT","FOOTERACCOUNTCODE","92","93","YES","FOOTERHEADCODE","VARCHAR2",3
"FOOTERACCOUNT","Footer Account","FOOTERACCOUNT","FOOTERACCOUNTCODE","92","93","YES","ACCOUNTCODE","VARCHAR2",4
"FOOTERACCOUNT","Footer Account","FOOTERACCOUNT","FOOTERACCOUNTCODE","92","93","YES","REMARK","VARCHAR2",5
"FOOTERACCOUNT","Footer Account","FOOTERACCOUNT","FOOTERACCOUNTCODE","92","93","YES","FOOTERACCOUNTCODE","VARCHAR2",6
"FOOTERACCOUNT","Footer Account","FOOTERACCOUNT","FOOTERACCOUNTCODE","92","93","YES","COMPANYCODE","VARCHAR2",7
"FOOTERACCOUNT","Footer Account","FOOTERACCOUNT","FOOTERACCOUNTCODE","92","93","YES","PARTYCODE","VARCHAR2",8
"FOOTERACCOUNT","Footer Account","FOOTERACCOUNT","FOOTERACCOUNTCODE","92","93","YES","ITEMCODE","VARCHAR2",9
"FOOTERACCOUNT","Footer Account","FOOTERACCOUNT","FOOTERACCOUNTCODE","92","93","YES","DOCTYPECODE","VARCHAR2",10
"FOOTERACCOUNT","Footer Account","FOOTERACCOUNT","FOOTERACCOUNTCODE","92","93","YES","LOCATIONCODE","VARCHAR2",11
"FOOTERACCOUNT","Footer Account","FOOTERACCOUNT","FOOTERACCOUNTCODE","92","93","YES","FOOTERNATURECODE","VARCHAR2",12
"FOOTERACCOUNT","Footer Account","FOOTERACCOUNT","FOOTERACCOUNTCODE","92","93","YES","AMOUNTPERCENT","NUMBER",13
"FOOTERACCOUNT","Footer Account","FOOTERACCOUNT","FOOTERACCOUNTCODE","92","93","YES","ACCOUNTCODESECOND","VARCHAR2",14
"FOOTERACCOUNT","Footer Account","FOOTERACCOUNT","FOOTERACCOUNTCODE","92","93","YES","FOOTERPERCENT","NUMBER",15
"FOOTERACCOUNT","Footer Account","FOOTERACCOUNT","FOOTERACCOUNTCODE","92","93","YES","DESPATCHCATEGORYCODE","VARCHAR2",16
"FOOTERACCOUNT","Footer Account","FOOTERACCOUNT","FOOTERACCOUNTCODE","92","93","YES","OTHERCODE","VARCHAR2",17
"FOOTERACCOUNT","Footer Account","FOOTERACCOUNT","FOOTERACCOUNTCODE","92","93","YES","ACCOUNTCODETHIRD","VARCHAR2",18
"FOOTERACCOUNT","Footer Account","FOOTERACCOUNT","FOOTERACCOUNTCODE","92","93","YES","TDSMASTERCODE","VARCHAR2",19
"FOOTERACCOUNT","Footer Account","FOOTERACCOUNT","FOOTERACCOUNTCODE","92","93","YES","NATUREOFSUPPLYCODE","VARCHAR2",20
"FOOTERACCOUNT","Footer Account","FOOTERACCOUNT","FOOTERACCOUNTCODE","92","93","YES","TRANSACTIONTYPECODE","VARCHAR2",21
"FOOTERACCOUNT","Footer Account","FOOTERACCOUNT","FOOTERACCOUNTCODE","92","93","YES","CREATOR","VARCHAR2",22
"FOOTERACCOUNT","Footer Account","FOOTERACCOUNT","FOOTERACCOUNTCODE","92","93","YES","CREATIONTIME","DATE",23
"FOOTERHEAD","Footer Head","FOOTERHEAD","","101","102","YES","TNO","NUMBER",1
"FOOTERHEAD","Footer Head","FOOTERHEAD","","101","102","YES","FOOTERHEADCODE","VARCHAR2",2
"FOOTERHEAD","Footer Head","FOOTERHEAD","","101","102","YES","FOOTERHEADNAME","VARCHAR2",3
"FOOTERHEAD","Footer Head","FOOTERHEAD","","101","102","YES","POSTFIX","VARCHAR2",4
"FOOTERHEAD","Footer Head","FOOTERHEAD","","101","102","YES","REMARK","VARCHAR2",5
"FOOTERHEAD","Footer Head","FOOTERHEAD","","101","102","YES","FOOTERPOSTFIX","VARCHAR2",6
"FOOTERHEAD","Footer Head","FOOTERHEAD","","101","102","YES","FOOTERHEADTYPECODE","VARCHAR2",7
"FOOTERHEAD","Footer Head","FOOTERHEAD","","101","102","YES","PARENTCODE","VARCHAR2",8
"FOOTERHEAD","Footer Head","FOOTERHEAD","","101","102","YES","INCLUDEDWITHRATE","VARCHAR2",9
"FOOTERHEAD","Footer Head","FOOTERHEAD","","101","102","YES","CREATOR","VARCHAR2",10
"FOOTERHEAD","Footer Head","FOOTERHEAD","","101","102","YES","FOOTERGROUP","VARCHAR2",11
"FOOTERHEAD","Footer Head","FOOTERHEAD","","101","102","YES","INCLUDEWITHTAXABLEAMOUNT","VARCHAR2",12
"FOOTERHEAD","Footer Head","FOOTERHEAD","","101","102","YES","LESSFROMBILLAMOUNTFORTAXABLE","VARCHAR2",13
"FOOTERHEAD","Footer Head","FOOTERHEAD","","101","102","YES","CREATIONTIME","DATE",14
"FOOTERHEAD","Footer Head","FOOTERHEAD","","101","102","YES","ISTAXCODE","VARCHAR2",15
"FREIGHTTYPE","Freight Type","FREIGHTTYPE","","78","79","YES","TNO","NUMBER",1
"FREIGHTTYPE","Freight Type","FREIGHTTYPE","","78","79","YES","FREIGHTTYPECODE","VARCHAR2",2
"FREIGHTTYPE","Freight Type","FREIGHTTYPE","","78","79","YES","FREIGHTTYPENAME","VARCHAR2",3
"FREIGHTTYPE","Freight Type","FREIGHTTYPE","","78","79","YES","ISFREIGHTREQUIRED","VARCHAR2",4
"FREIGHTTYPE","Freight Type","FREIGHTTYPE","","78","79","YES","ISBILLREQUIRED","VARCHAR2",5
"FREIGHTTYPE","Freight Type","FREIGHTTYPE","","78","79","YES","REMARK","VARCHAR2",6
"FREIGHTTYPE","Freight Type","FREIGHTTYPE","","78","79","YES","DEBITPARTYACCOUNT","VARCHAR2",7
"FREIGHTTYPE","Freight Type","FREIGHTTYPE","","78","79","YES","MODULECODE","VARCHAR2",8
"GROUPOFPARTY","Group Of Party","GROUPOFPARTY","GROUPOFPARTYCODE","96","97","YES","TNO","NUMBER",1
"GROUPOFPARTY","Group Of Party","GROUPOFPARTY","GROUPOFPARTYCODE","96","97","YES","GROUPOFPARTYCODE","VARCHAR2",2
"GROUPOFPARTY","Group Of Party","GROUPOFPARTY","GROUPOFPARTYCODE","96","97","YES","GROUPOFPARTYNAME","VARCHAR2",3
"GROUPOFPARTY","Group Of Party","GROUPOFPARTY","GROUPOFPARTYCODE","96","97","YES","CREATOR","VARCHAR2",4
"GROUPOFPARTY","Group Of Party","GROUPOFPARTY","GROUPOFPARTYCODE","96","97","YES","CREATIONTIME","DATE",5
"GROUPOFPARTY","Group Of Party","GROUPOFPARTY","GROUPOFPARTYCODE","96","97","YES","REMARK","VARCHAR2",6
"HSN","HSN","HSN","","46","47","YES","TNO","NUMBER",1
"HSN","HSN","HSN","","46","47","YES","HSNCODE","VARCHAR2",2
"HSN","HSN","HSN","","46","47","YES","HSNNAME","VARCHAR2",3
"HSN","HSN","HSN","","46","47","YES","REMARK","VARCHAR2",4
"HSN","HSN","HSN","","46","47","YES","TAXMECHANISM","VARCHAR2",5
"HSN","HSN","HSN","","46","47","YES","CREATOR","VARCHAR2",6
"HSN","HSN","HSN","","46","47","YES","CREATIONTIME","DATE",7
"HSN","HSN","HSN","","46","47","YES","TAXPERCENT","NUMBER",8
"INDUSTRYSECTOR","Industry Sector","INDUSTRYSECTOR","","56","57","YES","TNO","NUMBER",1
"INDUSTRYSECTOR","Industry Sector","INDUSTRYSECTOR","","56","57","YES","INDUSTRYSECTORCODE","VARCHAR2",2
"INDUSTRYSECTOR","Industry Sector","INDUSTRYSECTOR","","56","57","YES","INDUSTRYSECTORNAME","VARCHAR2",3
"INDUSTRYSECTOR","Industry Sector","INDUSTRYSECTOR","","56","57","YES","REMARK","VARCHAR2",4
"INDUSTRYSECTOR","Industry Sector","INDUSTRYSECTOR","","56","57","YES","CREATOR","VARCHAR2",5
"INDUSTRYSECTOR","Industry Sector","INDUSTRYSECTOR","","56","57","YES","CREATIONTIME","DATE",6
"ITEM","Item Master","ITEM","ITEMNAME","58","59","YES","TNO","NUMBER",1
"ITEM","Item Master","ITEM","ITEMNAME","58","59","YES","ITEMTYPE","VARCHAR2",2
"ITEM","Item Master","ITEM","ITEMNAME","58","59","YES","ITEMCODE","VARCHAR2",3
"ITEM","Item Master","ITEM","ITEMNAME","58","59","YES","ITEMNAME","VARCHAR2",4
"ITEM","Item Master","ITEM","ITEMNAME","58","59","YES","PARENTCODE","VARCHAR2",5
"ITEM","Item Master","ITEM","ITEMNAME","58","59","YES","DEALSINCODE","VARCHAR2",6
"ITEM","Item Master","ITEM","ITEMNAME","58","59","YES","MEASURINGUNITCODE1","VARCHAR2",7
"ITEM","Item Master","ITEM","ITEMNAME","58","59","YES","MEASURINGUNITCODE2","VARCHAR2",8
"ITEM","Item Master","ITEM","ITEMNAME","58","59","YES","REMARK","VARCHAR2",9
"ITEM","Item Master","ITEM","ITEMNAME","58","59","YES","ISWEIGHMENTREQUIRED","VARCHAR2",10
"ITEM","Item Master","ITEM","ITEMNAME","58","59","YES","SHORTAGEDEDUCTIONRATE","NUMBER",11
"ITEM","Item Master","ITEM","ITEMNAME","58","59","YES","SHORTAGETOLERANCEPERCENT","NUMBER",12
"ITEM","Item Master","ITEM","ITEMNAME","58","59","YES","CETSH","VARCHAR2",13
"ITEM","Item Master","ITEM","ITEMNAME","58","59","YES","STOCKACCOUNTCODE","VARCHAR2",14
"ITEM","Item Master","ITEM","ITEMNAME","58","59","YES","CONSUMPTIONACCOUNTCODE","VARCHAR2",15
"ITEM","Item Master","ITEM","ITEMNAME","58","59","YES","ITEMCLASSCODE","VARCHAR2",16
"ITEM","Item Master","ITEM","ITEMNAME","58","59","YES","CREATOR","VARCHAR2",17
"ITEM","Item Master","ITEM","ITEMNAME","58","59","YES","ITEMCATEGORYCODE","VARCHAR2",18
"ITEM","Item Master","ITEM","ITEMNAME","58","59","YES","ITEMREQUESTTNO","NUMBER",19
"ITEM","Item Master","ITEM","ITEMNAME","58","59","YES","BEFOREINSPECTIONSLCODE","VARCHAR2",20
"ITEM","Item Master","ITEM","ITEMNAME","58","59","YES","AFTERINSPECTIONSLCODE","VARCHAR2",21
"ITEM","Item Master","ITEM","ITEMNAME","58","59","YES","ITEMNATURECODE","VARCHAR2",22
"ITEM","Item Master","ITEM","ITEMNAME","58","59","YES","LOCATIONCODE","VARCHAR2",23
"ITEM","Item Master","ITEM","ITEMNAME","58","59","YES","DEPARTMENTCODE","VARCHAR2",24
"ITEM","Item Master","ITEM","ITEMNAME","58","59","YES","CETSHCODE","VARCHAR2",25
"ITEM","Item Master","ITEM","ITEMNAME","58","59","YES","RG1","VARCHAR2",26
"ITEM","Item Master","ITEM","ITEMNAME","58","59","YES","OPENINGACCOUNTCODE","VARCHAR2",27
"ITEM","Item Master","ITEM","ITEMNAME","58","59","YES","COILNOREQUIRED","VARCHAR2",28
"ITEM","Item Master","ITEM","ITEMNAME","58","59","YES","HEATNOREQUIRED","VARCHAR2",29
"ITEM","Item Master","ITEM","ITEMNAME","58","59","YES","GRADEREQUIRED","VARCHAR2",30
"ITEM","Item Master","ITEM","ITEMNAME","58","59","YES","COLORCODEREQUIRED","VARCHAR2",31
"ITEM","Item Master","ITEM","ITEMNAME","58","59","YES","SOURCEREQUIRED","VARCHAR2",32
"ITEM","Item Master","ITEM","ITEMNAME","58","59","YES","LENGTHREQUIRED","VARCHAR2",33
"ITEM","Item Master","ITEM","ITEMNAME","58","59","YES","MODEOFCASTREQUIRED","VARCHAR2",34
"ITEM","Item Master","ITEM","ITEMNAME","58","59","YES","CWIPACCOUNTCODE","VARCHAR2",35
"ITEM","Item Master","ITEM","ITEMNAME","58","59","YES","IMPORTTNO","NUMBER",36
"ITEM","Item Master","ITEM","ITEMNAME","58","59","YES","SIZEREQUIRED","VARCHAR2",37
"ITEM","Item Master","ITEM","ITEMNAME","58","59","YES","STOCKATITEMLEVEL","VARCHAR2",38
"ITEM","Item Master","ITEM","ITEMNAME","58","59","YES","STOCKITEMSPECIFICATIONCODE","VARCHAR2",39
"ITEM","Item Master","ITEM","ITEMNAME","58","59","YES","ITEMLEVEL","NUMBER",40
"ITEM","Item Master","ITEM","ITEMNAME","58","59","YES","ITEMLEVELNAME","VARCHAR2",41
"ITEM","Item Master","ITEM","ITEMNAME","58","59","YES","ISEQUIPMENT","VARCHAR2",42
"ITEM","Item Master","ITEM","ITEMNAME","58","59","YES","PROCUREMENTSTRATEGY","VARCHAR2",43
"ITEM","Item Master","ITEM","ITEMNAME","58","59","YES","ORDERINGPOLICY","VARCHAR2",44
"ITEM","Item Master","ITEM","ITEMNAME","58","59","YES","PURCHASEPRIFRENCELOCATIONCODE","VARCHAR2",45
"ITEM","Item Master","ITEM","ITEMNAME","58","59","YES","SERIALNOREQUIRED","VARCHAR2",46
"ITEM","Item Master","ITEM","ITEMNAME","58","59","YES","CREATIONTIME","DATE",47
"ITEM","Item Master","ITEM","ITEMNAME","58","59","YES","COMPANYCODE","VARCHAR2",48
"ITEM","Item Master","ITEM","ITEMNAME","58","59","YES","ITEMCLASSIFICATIONCODE","VARCHAR2",49
"ITEM","Item Master","ITEM","ITEMNAME","58","59","YES","LOTNOREQUIRED","VARCHAR2",50
"ITEM","Item Master","ITEM","ITEMNAME","58","59","YES","BULKDENSITY","NUMBER",51
"ITEM","Item Master","ITEM","ITEMNAME","58","59","YES","ACESSRECEIVEDALLOWED","VARCHAR2",52
"ITEM","Item Master","ITEM","ITEMNAME","58","59","YES","RATEPERUNITOFACCESSRECEIVED","NUMBER",53
"ITEM","Item Master","ITEM","ITEMNAME","58","59","YES","CHARTSERIALNO","VARCHAR2",54
"ITEM","Item Master","ITEM","ITEMNAME","58","59","YES","SALEACCOUNTCODE","VARCHAR2",55
"ITEMACCOUNT","Item Account","ITEMACCOUNT","","209","211","YES","TNO","NUMBER",1
"ITEMACCOUNT","Item Account","ITEMACCOUNT","","209","211","YES","MODULECODE","VARCHAR2",2
"ITEMACCOUNT","Item Account","ITEMACCOUNT","","209","211","YES","ITEMCODE","VARCHAR2",3
"ITEMACCOUNT","Item Account","ITEMACCOUNT","","209","211","YES","ACCOUNTCODE","VARCHAR2",4
"ITEMACCOUNT","Item Account","ITEMACCOUNT","","209","211","YES","REMARK","VARCHAR2",5
"ITEMACCOUNT","Item Account","ITEMACCOUNT","","209","211","YES","ITEMACCOUNTCODE","VARCHAR2",6
"ITEMACCOUNT","Item Account","ITEMACCOUNT","","209","211","YES","ITEMSPECIFICATIONCODE","VARCHAR2",7
"ITEMACCOUNT","Item Account","ITEMACCOUNT","","209","211","YES","COMPANYCODE","VARCHAR2",8
"ITEMACCOUNT","Item Account","ITEMACCOUNT","","209","211","YES","PARTYCODE","VARCHAR2",9
"ITEMACCOUNT","Item Account","ITEMACCOUNT","","209","211","YES","CREATOR","VARCHAR2",10
"ITEMACCOUNT","Item Account","ITEMACCOUNT","","209","211","YES","DESPATCHCATEGORYCODE","VARCHAR2",11
"ITEMACCOUNT","Item Account","ITEMACCOUNT","","209","211","YES","LOCATIONCODE","VARCHAR2",12
"ITEMACCOUNT","Item Account","ITEMACCOUNT","","209","211","YES","DOCTYPECODE","VARCHAR2",13
"ITEMACCOUNT","Item Account","ITEMACCOUNT","","209","211","YES","PANDLACCOUNTCODE","VARCHAR2",14
"ITEMACCOUNT","Item Account","ITEMACCOUNT","","209","211","YES","INCOMEACCOUNTCODE","VARCHAR2",15
"ITEMACCOUNT","Item Account","ITEMACCOUNT","","209","211","YES","TRANSACTIONTYPECODE","VARCHAR2",16
"ITEMACCOUNT","Item Account","ITEMACCOUNT","","209","211","YES","NATUREOFSUPPLYCODE","VARCHAR2",17
"ITEMACCOUNT","Item Account","ITEMACCOUNT","","209","211","YES","CREATIONTIME","DATE",18
"ITEMCATEGORY","Item Category Master","ITEMCATEGORY","","54","55","YES","TNO","NUMBER",1
"ITEMCATEGORY","Item Category Master","ITEMCATEGORY","","54","55","YES","ITEMCATEGORYCODE","VARCHAR2",2
"ITEMCATEGORY","Item Category Master","ITEMCATEGORY","","54","55","YES","ITEMCATEGORYNAME","VARCHAR2",3
"ITEMCATEGORY","Item Category Master","ITEMCATEGORY","","54","55","YES","REMARK","VARCHAR2",4
"ITEMCATEGORY","Item Category Master","ITEMCATEGORY","","54","55","YES","CREATIONTIME","DATE",5
"ITEMCATEGORY","Item Category Master","ITEMCATEGORY","","54","55","YES","CREATOR","VARCHAR2",6
"ITEMCHARACTERISTICS","Item Characteristics","ITEMCHARACTERISTICS","","52","53","YES","TNO","NUMBER",1
"ITEMCHARACTERISTICS","Item Characteristics","ITEMCHARACTERISTICS","","52","53","YES","ITEMCHARACTERISTICSCODE","VARCHAR2",2
"ITEMCHARACTERISTICS","Item Characteristics","ITEMCHARACTERISTICS","","52","53","YES","ITEMCHARACTERISTICSNAME","VARCHAR2",3
"ITEMCHARACTERISTICS","Item Characteristics","ITEMCHARACTERISTICS","","52","53","YES","MEASURINGUNITCODE","VARCHAR2",4
"ITEMCHARACTERISTICS","Item Characteristics","ITEMCHARACTERISTICS","","52","53","YES","DATATYPE","VARCHAR2",5
"ITEMCHARACTERISTICS","Item Characteristics","ITEMCHARACTERISTICS","","52","53","YES","CREATOR","VARCHAR2",6
"ITEMCHARACTERISTICS","Item Characteristics","ITEMCHARACTERISTICS","","52","53","YES","CREATIONTIME","DATE",7
"ITEMCHARACTERISTICS","Item Characteristics","ITEMCHARACTERISTICS","","52","53","YES","REMARK","VARCHAR2",8
"ITEMCLASS","Item Class Master","ITEMCLASS","","60","61","YES","TNO","NUMBER",1
"ITEMCLASS","Item Class Master","ITEMCLASS","","60","61","YES","ITEMCLASSCODE","VARCHAR2",2
"ITEMCLASS","Item Class Master","ITEMCLASS","","60","61","YES","ITEMCLASSNAME","VARCHAR2",3
"ITEMCLASS","Item Class Master","ITEMCLASS","","60","61","YES","REMARK","VARCHAR2",4
"ITEMCLASS","Item Class Master","ITEMCLASS","","60","61","YES","HASSERIALNO","VARCHAR2",5
"ITEMCLASS","Item Class Master","ITEMCLASS","","60","61","YES","CREATIONTIME","DATE",6
"ITEMCLASS","Item Class Master","ITEMCLASS","","60","61","YES","CREATOR","VARCHAR2",7
"ITEMCLASS","Item Class Master","ITEMCLASS","","60","61","YES","ISACCESSORY","VARCHAR2",8
"ITEMCLASS","Item Class Master","ITEMCLASS","","60","61","YES","HASSCRAPONDISCARD","VARCHAR2",9
"ITEMCLASS","Item Class Master","ITEMCLASS","","60","61","YES","DISTANCEBASEDRENEWAL","VARCHAR2",10
"ITEMCLASS","Item Class Master","ITEMCLASS","","60","61","YES","TIMEBASEDRENEWAL","VARCHAR2",11
"ITEMGRADE","Item Grade","ITEMGRADE","","366","367","YES","TNO","NUMBER",1
"ITEMGRADE","Item Grade","ITEMGRADE","","366","367","YES","ITEMGRADECODE","VARCHAR2",2
"ITEMGRADE","Item Grade","ITEMGRADE","","366","367","YES","ITEMGRADENAME","VARCHAR2",3
"ITEMGRADE","Item Grade","ITEMGRADE","","366","367","YES","REMARK","VARCHAR2",4
"ITEMGRADE","Item Grade","ITEMGRADE","","366","367","YES","CREATOR","VARCHAR2",5
"ITEMGRADE","Item Grade","ITEMGRADE","","366","367","YES","CREATIONTIME","DATE",6
"ITEMLENGTH","Item Length","ITEMLENGTH","","368","369","YES","TNO","NUMBER",1
"ITEMLENGTH","Item Length","ITEMLENGTH","","368","369","YES","ITEMLENGTHCODE","VARCHAR2",2
"ITEMLENGTH","Item Length","ITEMLENGTH","","368","369","YES","ITEMLENGTHNAME","VARCHAR2",3
"ITEMLENGTH","Item Length","ITEMLENGTH","","368","369","YES","REMARK","VARCHAR2",4
"ITEMLENGTH","Item Length","ITEMLENGTH","","368","369","YES","CREATOR","VARCHAR2",5
"ITEMLENGTH","Item Length","ITEMLENGTH","","368","369","YES","CREATIONTIME","DATE",6
"ITEMMAKE","Item Make","ITEMMAKE","","105","106","YES","TNO","NUMBER",1
"ITEMMAKE","Item Make","ITEMMAKE","","105","106","YES","ITEMMAKECODE","VARCHAR2",2
"ITEMMAKE","Item Make","ITEMMAKE","","105","106","YES","ITEMMAKENAME","VARCHAR2",3
"ITEMMAKE","Item Make","ITEMMAKE","","105","106","YES","REMARK","VARCHAR2",4
"ITEMMAKE","Item Make","ITEMMAKE","","105","106","YES","CREATIONTIME","DATE",5
"ITEMMAKE","Item Make","ITEMMAKE","","105","106","YES","CREATOR","VARCHAR2",6
"ITEMNATURE","Item Nature Master","ITEMNATURE","","64","65","YES","TNO","NUMBER",1
"ITEMNATURE","Item Nature Master","ITEMNATURE","","64","65","YES","ITEMNATURECODE","VARCHAR2",2
"ITEMNATURE","Item Nature Master","ITEMNATURE","","64","65","YES","ITEMNATURENAME","VARCHAR2",3
"ITEMNATURE","Item Nature Master","ITEMNATURE","","64","65","YES","REMARK","VARCHAR2",4
"ITEMNATURE","Item Nature Master","ITEMNATURE","","64","65","YES","STOCKACCOUNTCODE","VARCHAR2",5
"ITEMNATURE","Item Nature Master","ITEMNATURE","","64","65","YES","CONSUMPTIONACCOUNTCODE","VARCHAR2",6
"ITEMNATURE","Item Nature Master","ITEMNATURE","","64","65","YES","CWIPACCOUNTCODE","VARCHAR2",7
"ITEMNATURE","Item Nature Master","ITEMNATURE","","64","65","YES","PROCUREMENTSTRATEGY","VARCHAR2",8
"ITEMNATURE","Item Nature Master","ITEMNATURE","","64","65","YES","ORDERINGPOLICY","VARCHAR2",9
"ITEMNATURE","Item Nature Master","ITEMNATURE","","64","65","YES","PURCHASEPRIFRENCELOCATIONCODE","VARCHAR2",10
"ITEMNATURE","Item Nature Master","ITEMNATURE","","64","65","YES","CREATIONTIME","DATE",11
"ITEMNATURE","Item Nature Master","ITEMNATURE","","64","65","YES","CREATOR","VARCHAR2",12
"ITEMNATURE","Item Nature Master","ITEMNATURE","","64","65","YES","CODEPREFIX","VARCHAR2",13
"ITEMNATURE","Item Nature Master","ITEMNATURE","","64","65","YES","CODERANGEFROM","NUMBER",14
"ITEMNATURE","Item Nature Master","ITEMNATURE","","64","65","YES","CODERANGETO","NUMBER",15
"ITEMNATURE","Item Nature Master","ITEMNATURE","","64","65","YES","LASTNO","NUMBER",16
"ITEMSPECIFICATION","Item Specification","ITEMSPECIFICATIONDETAIL","","20","13","YES","TNO","NUMBER",1
"ITEMSPECIFICATION","Item Specification","ITEMSPECIFICATIONDETAIL","","20","13","YES","SNO","NUMBER",2
"ITEMSPECIFICATION","Item Specification","ITEMSPECIFICATIONDETAIL","","20","13","YES","ITEMCHARACTERISTICSCODE","VARCHAR2",3
"ITEMSPECIFICATION","Item Specification","ITEMSPECIFICATIONDETAIL","","20","13","YES","MCVALUESNO","NUMBER",4
"ITEMSPECIFICATION","Item Specification","ITEMSPECIFICATIONDETAIL","","20","13","YES","VALUE","VARCHAR2",5
"ITEMSPECIFICATION","Item Specification","ITEMSPECIFICATIONDETAIL","","20","13","YES","SN","NUMBER",6
"ITEMSPECIFICATION","Item Specification","ITEMSPECIFICATIONDETAIL","","20","13","YES","ISCHARACTERISTICSINCLUDE","VARCHAR2",7
"ITEMTHICKNESS","Item Thickness","ITEMTHICKNESS","","372","373","YES","TNO","NUMBER",1
"ITEMTHICKNESS","Item Thickness","ITEMTHICKNESS","","372","373","YES","ITEMTHICKNESSCODE","VARCHAR2",2
"ITEMTHICKNESS","Item Thickness","ITEMTHICKNESS","","372","373","YES","ITEMTHICKNESSNAME","VARCHAR2",3
"ITEMTHICKNESS","Item Thickness","ITEMTHICKNESS","","372","373","YES","REMARK","VARCHAR2",4
"ITEMTHICKNESS","Item Thickness","ITEMTHICKNESS","","372","373","YES","CREATOR","VARCHAR2",5
"ITEMTHICKNESS","Item Thickness","ITEMTHICKNESS","","372","373","YES","CREATIONTIME","DATE",6
"ITEMTYPE","Item Group","ITEMTYPE","","36","37","YES","TNO","NUMBER",1
"ITEMTYPE","Item Group","ITEMTYPE","","36","37","YES","ITEMTYPECODE","VARCHAR2",2
"ITEMTYPE","Item Group","ITEMTYPE","","36","37","YES","ITEMTYPENAME","VARCHAR2",3
"ITEMTYPE","Item Group","ITEMTYPE","","36","37","YES","ITEMTYPESHORTNAME","VARCHAR2",4
"ITEMTYPE","Item Group","ITEMTYPE","","36","37","YES","REMARK","VARCHAR2",5
"ITEMTYPE","Item Group","ITEMTYPE","","36","37","YES","CREATOR","VARCHAR2",6
"ITEMTYPE","Item Group","ITEMTYPE","","36","37","YES","CREATIONTIME","DATE",7
"ITEMTYPE","Item Group","ITEMTYPE","","36","37","YES","PARENTCODE","VARCHAR2",8
"ITEMWIDTH","Item Width","ITEMWIDTH","","370","371","YES","TNO","NUMBER",1
"ITEMWIDTH","Item Width","ITEMWIDTH","","370","371","YES","ITEMWIDTHCODE","VARCHAR2",2
"ITEMWIDTH","Item Width","ITEMWIDTH","","370","371","YES","ITEMWIDTHNAME","VARCHAR2",3
"ITEMWIDTH","Item Width","ITEMWIDTH","","370","371","YES","REMARK","VARCHAR2",4
"ITEMWIDTH","Item Width","ITEMWIDTH","","370","371","YES","CREATOR","VARCHAR2",5
"ITEMWIDTH","Item Width","ITEMWIDTH","","370","371","YES","CREATIONTIME","DATE",6
"JOBTYPE","Service Type","JOBTYPE","","94","95","YES","TNO","NUMBER",1
"JOBTYPE","Service Type","JOBTYPE","","94","95","YES","JOBTYPECODE","VARCHAR2",2
"JOBTYPE","Service Type","JOBTYPE","","94","95","YES","JOBTYPENAME","VARCHAR2",3
"JOBTYPE","Service Type","JOBTYPE","","94","95","YES","REMARK","VARCHAR2",4
"JOBTYPE","Service Type","JOBTYPE","","94","95","YES","DATECREATED","DATE",5
"JOBTYPE","Service Type","JOBTYPE","","94","95","YES","DATEMODIFY","DATE",6
"JOBTYPE","Service Type","JOBTYPE","","94","95","YES","CREATOR","VARCHAR2",7
"JOBTYPE","Service Type","JOBTYPE","","94","95","YES","NATUREJOBTYPECODE","VARCHAR2",8
"JOBTYPE","Service Type","JOBTYPE","","94","95","YES","ISEXCISEJOBNATURE","VARCHAR2",9
"JOBTYPE","Service Type","JOBTYPE","","94","95","YES","SACCODE","VARCHAR2",10
"JOBTYPE","Service Type","JOBTYPE","","94","95","YES","ISPRODUCT","VARCHAR2",11
"JOBTYPE","Service Type","JOBTYPE","","94","95","YES","ISFREIGHTCONTRACTCHARGEHEAD","VARCHAR2",12
"JOBTYPE","Service Type","JOBTYPE","","94","95","YES","MODULECODE","VARCHAR2",13
"JOBTYPE","Service Type","JOBTYPE","","94","95","YES","MODULETNO","NUMBER",14
"JOBTYPE","Service Type","JOBTYPE","","94","95","YES","COSTCENTRECODE","VARCHAR2",15
"JOBTYPE","Service Type","JOBTYPE","","94","95","YES","CREATIONTIME","DATE",16
"JOBTYPE","Service Type","JOBTYPE","","94","95","YES","BULKDENSITY","NUMBER",17
"JOBTYPE","Service Type","JOBTYPE","","94","95","YES","OLDCOSTCENTRECODE","VARCHAR2",18
"JOBTYPEACCOUNT","Service Type Account","JOBTYPEACCOUNT","JOBTYPEACCOUNTCODE","98","99","YES","ACCOUNTCODE","VARCHAR2",1
"JOBTYPEACCOUNT","Service Type Account","JOBTYPEACCOUNT","JOBTYPEACCOUNTCODE","98","99","YES","COMPANYCODE","VARCHAR2",2
"JOBTYPEACCOUNT","Service Type Account","JOBTYPEACCOUNT","JOBTYPEACCOUNTCODE","98","99","YES","JOBTYPEACCOUNTCODE","VARCHAR2",3
"JOBTYPEACCOUNT","Service Type Account","JOBTYPEACCOUNT","JOBTYPEACCOUNTCODE","98","99","YES","JOBTYPECODE","VARCHAR2",4
"JOBTYPEACCOUNT","Service Type Account","JOBTYPEACCOUNT","JOBTYPEACCOUNTCODE","98","99","YES","MODULECODE","VARCHAR2",5
"JOBTYPEACCOUNT","Service Type Account","JOBTYPEACCOUNT","JOBTYPEACCOUNTCODE","98","99","YES","REMARK","VARCHAR2",6
"JOBTYPEACCOUNT","Service Type Account","JOBTYPEACCOUNT","JOBTYPEACCOUNTCODE","98","99","YES","TNO","NUMBER",7
"JOBTYPEACCOUNT","Service Type Account","JOBTYPEACCOUNT","JOBTYPEACCOUNTCODE","98","99","YES","PARTYCODE","VARCHAR2",8
"JOBTYPEACCOUNT","Service Type Account","JOBTYPEACCOUNT","JOBTYPEACCOUNTCODE","98","99","YES","CREATOR","VARCHAR2",9
"JOBTYPEACCOUNT","Service Type Account","JOBTYPEACCOUNT","JOBTYPEACCOUNTCODE","98","99","YES","LOCATIONCODE","VARCHAR2",10
"JOBTYPEACCOUNT","Service Type Account","JOBTYPEACCOUNT","JOBTYPEACCOUNTCODE","98","99","YES","DOCTYPECODE","VARCHAR2",11
"JOBTYPEACCOUNT","Service Type Account","JOBTYPEACCOUNT","JOBTYPEACCOUNTCODE","98","99","YES","REPORTACCOUNTCODE","VARCHAR2",12
"JOBTYPEACCOUNT","Service Type Account","JOBTYPEACCOUNT","JOBTYPEACCOUNTCODE","98","99","YES","CREATIONTIME","DATE",13
"JOBTYPEACCOUNT","Service Type Account","JOBTYPEACCOUNT","JOBTYPEACCOUNTCODE","98","99","YES","TRANSACTIONTYPECODE","VARCHAR2",14
"JOBTYPEACCOUNT","Service Type Account","JOBTYPEACCOUNT","JOBTYPEACCOUNTCODE","98","99","YES","NATUREOFSUPPLYCODE","VARCHAR2",15
"LEAVESCHEME","Leave Scheme","Leavescheme","","341","342","YES","TNO","NUMBER",1
"LEAVESCHEME","Leave Scheme","Leavescheme","","341","342","YES","LEAVESCHEMECODE","VARCHAR2",2
"LEAVESCHEME","Leave Scheme","Leavescheme","","341","342","YES","LEAVESCHEMENAME","VARCHAR2",3
"LEAVESCHEME","Leave Scheme","Leavescheme","","341","342","YES","SHORTNAME","VARCHAR2",4
"LEAVESCHEME","Leave Scheme","Leavescheme","","341","342","YES","REMARK","VARCHAR2",5
"LEAVESCHEME","Leave Scheme","Leavescheme","","341","342","YES","APPLIEDONWARD","DATE",6
"LEAVESCHEME","Leave Scheme","Leavescheme","","341","342","YES","STAFFTYPECODE","VARCHAR2",7
"LEAVESCHEME","Leave Scheme","Leavescheme","","341","342","YES","INCASHMENTSALARYHEADCODE","VARCHAR2",8
"LEAVESCHEME","Leave Scheme","Leavescheme","","341","342","YES","CREATIONTIME","DATE",9
"LEAVESCHEME","Leave Scheme","Leavescheme","","341","342","YES","CREATOR","VARCHAR2",10
"LOANCATEGORY","Loan Category","LOANCATEGORY","LOANCATEGORYCODE","607","608","YES","TNO","NUMBER",1
"LOANCATEGORY","Loan Category","LOANCATEGORY","LOANCATEGORYCODE","607","608","YES","LOANCATEGORYCODE","VARCHAR2",2
"LOANCATEGORY","Loan Category","LOANCATEGORY","LOANCATEGORYCODE","607","608","YES","LOANCATEGORYNAME","VARCHAR2",3
"LOANCATEGORY","Loan Category","LOANCATEGORY","LOANCATEGORYCODE","607","608","YES","REMARK","VARCHAR2",4
"LOANCATEGORY","Loan Category","LOANCATEGORY","LOANCATEGORYCODE","607","608","YES","CREATOR","VARCHAR2",5
"LOANCATEGORY","Loan Category","LOANCATEGORY","LOANCATEGORYCODE","607","608","YES","CREATIONTIME","DATE",6
"LOANSCHEME","Loan Scheme","LOANSCHEME","","627","628","YES","TNO","NUMBER",1
"LOANSCHEME","Loan Scheme","LOANSCHEME","","627","628","YES","LOANSCHEMECODE","VARCHAR2",2
"LOANSCHEME","Loan Scheme","LOANSCHEME","","627","628","YES","LOANCATEGORYCODE","VARCHAR2",3
"LOANSCHEME","Loan Scheme","LOANSCHEME","","627","628","YES","APPLIEDONWARD","DATE",4
"LOANSCHEME","Loan Scheme","LOANSCHEME","","627","628","YES","MINSERVICEDAYS","NUMBER",5
"LOANSCHEME","Loan Scheme","LOANSCHEME","","627","628","YES","MAXLOANAMOUNT","NUMBER",6
"LOANSCHEME","Loan Scheme","LOANSCHEME","","627","628","YES","MAXMULTIPLEOFBASIC","NUMBER",7
"LOANSCHEME","Loan Scheme","LOANSCHEME","","627","628","YES","DOCSUBMISSIONWITHINDAYS","NUMBER",8
"LOANSCHEME","Loan Scheme","LOANSCHEME","","627","628","YES","MINGUARANTOR","NUMBER",9
"LOANSCHEME","Loan Scheme","LOANSCHEME","","627","628","YES","NEXTREQUESTAFTERDAYS","NUMBER",10
"LOANSCHEME","Loan Scheme","LOANSCHEME","","627","628","YES","REMARK","VARCHAR2",11
"LOANSCHEME","Loan Scheme","LOANSCHEME","","627","628","YES","CREATOR","VARCHAR2",12
"LOANSCHEME","Loan Scheme","LOANSCHEME","","627","628","YES","CREATIONTIME","DATE",13
"LOANTYPE","Loan Type","LOANTYPE","LOANTYPECODE","609","610","YES","TNO","NUMBER",1
"LOANTYPE","Loan Type","LOANTYPE","LOANTYPECODE","609","610","YES","LOANTYPECODE","VARCHAR2",2
"LOANTYPE","Loan Type","LOANTYPE","LOANTYPECODE","609","610","YES","LOANTYPENAME","VARCHAR2",3
"LOANTYPE","Loan Type","LOANTYPE","LOANTYPECODE","609","610","YES","SALARYHEADCODE","VARCHAR2",4
"LOANTYPE","Loan Type","LOANTYPE","LOANTYPECODE","609","610","YES","DEDUCTIONSALARYHEADCODE","VARCHAR2",5
"LOANTYPE","Loan Type","LOANTYPE","LOANTYPECODE","609","610","YES","REMARK","VARCHAR2",6
"LOANTYPE","Loan Type","LOANTYPE","LOANTYPECODE","609","610","YES","LOANCATEGORYCODE","VARCHAR2",7
"LOANTYPE","Loan Type","LOANTYPE","LOANTYPECODE","609","610","YES","CREATIONTIME","DATE",8
"LOANTYPE","Loan Type","LOANTYPE","LOANTYPECODE","609","610","YES","CREATOR","VARCHAR2",9
"LOCATION","Location","LOCATION","","24","25","YES","LOCATIONCODE","VARCHAR2",1
"LOCATION","Location","LOCATION","","24","25","YES","LOCATIONNAME","VARCHAR2",2
"LOCATION","Location","LOCATION","","24","25","YES","LOCATIONSHORTNAME","VARCHAR2",3
"LOCATION","Location","LOCATION","","24","25","YES","TNO","NUMBER",4
"LOCATION","Location","LOCATION","","24","25","YES","REMARK","VARCHAR2",5
"LOCATION","Location","LOCATION","","24","25","YES","DATECREATED","DATE",6
"LOCATION","Location","LOCATION","","24","25","YES","DATEMODIFY","DATE",7
"LOCATION","Location","LOCATION","","24","25","YES","PARENTCODE","VARCHAR2",8
"LOCATION","Location","LOCATION","","24","25","YES","CREATOR","VARCHAR2",9
"LOCATION","Location","LOCATION","","24","25","YES","ISDIVISION","VARCHAR2",10
"LOCATION","Location","LOCATION","","24","25","YES","CREATIONTIME","DATE",11
"LOCATION","Location","LOCATION","","24","25","YES","PARTYCODE","VARCHAR2",12
"LOCATION","Location","LOCATION","","24","25","YES","DESTINATIONCODE","VARCHAR2",13
"LOCATION","Location","LOCATION","","24","25","YES","TRACKINGREQUIRED","VARCHAR2",14
"LOCATION","Location","LOCATION","","24","25","YES","LATITUDE","NUMBER",15
"LOCATION","Location","LOCATION","","24","25","YES","LONGITUDE","NUMBER",16
"LOCATION","Location","LOCATION","","24","25","YES","PETTYCASHACCOUNTCODE","VARCHAR2",17
"LOCATION","Location","LOCATION","","24","25","YES","ZONECODE","VARCHAR2",18
"LOCATION","Location","LOCATION","","24","25","YES","TRANSACTIONALCYCLECOUNT","VARCHAR2",19
"LOCATION","Location","LOCATION","","24","25","YES","STORAGERESERVATIONREQUIRED","VARCHAR2",20
"LOCATION","Location","LOCATION","","24","25","YES","LRENTRYITEMWISE","VARCHAR2",21
"LOCATION","Location","LOCATION","","24","25","YES","FSABILLWITHCODE","VARCHAR2",22
"LOCATION","Location","LOCATION","","24","25","YES","PREMISESCODE","VARCHAR2",23
"LOCATION","Location","LOCATION","","24","25","YES","ISPREMISESOFMULTIPLEWAREHOUSE","VARCHAR2",24
"LOCATION","Location","LOCATION","","24","25","YES","VEHICLEPLANNING","VARCHAR2",25
"LOCATION","Location","LOCATION","","24","25","YES","PODPERCENTFORTRANSPORTERBILL","NUMBER",26
"LOCATION","Location","LOCATION","","24","25","YES","OPERATIONBOSSUSERCODE","VARCHAR2",27
"LOCATION","Location","LOCATION","","24","25","YES","TRANSPORTATIONBOSSUSERCODE","VARCHAR2",28
"LOCATION","Location","LOCATION","","24","25","YES","LRENTRYSLIPPRINTGROUPWISE","VARCHAR2",29
"LOCATION","Location","LOCATION","","24","25","YES","WAREHOUSEBOSSUSERCODE","VARCHAR2",30
"LOCATION","Location","LOCATION","","24","25","YES","PRINTGATEPASSWITHDISPATCHSLIP","VARCHAR2",31
"LOCATION","Location","LOCATION","","24","25","YES","OVERTIMEFORSANCTIONEDDAY","VARCHAR2",32
"LOCATION","Location","LOCATION","","24","25","YES","GATEENTRYREQUIRED","VARCHAR2",33
"LOCATION","Location","LOCATION","","24","25","YES","AVERAGEWEIGHTPERNOS","NUMBER",34
"LOCATION","Location","LOCATION","","24","25","YES","STATECODE","VARCHAR2",35
"LOCATION","Location","LOCATION","","24","25","YES","SHIPMENTDOCNOINDISPATCHSLIP","VARCHAR2",36
"LOCATION","Location","LOCATION","","24","25","YES","PAIDBILTYCLAIMIMMEDIATE","VARCHAR2",37
"LOCATION","Location","LOCATION","","24","25","YES","CITYCODE","VARCHAR2",38
"LOCATION","Location","LOCATION","","24","25","YES","ASSETACCOUNTCODE","VARCHAR2",39
"LOCATION","Location","LOCATION","","24","25","YES","BRANCHACCOUNTCODE","VARCHAR2",40
"LOCATION","Location","LOCATION","","24","25","YES","COMPANYCODE","VARCHAR2",41
"LOCATION","Location","LOCATION","","24","25","YES","ISITBRANCH","VARCHAR2",42
"LOCATION","Location","LOCATION","","24","25","YES","FRANCHISEID","VARCHAR2",43
"LOCATION","Location","LOCATION","","24","25","YES","FRANCHISENAME","VARCHAR2",44
"LOCATION","Location","LOCATION","","24","25","YES","ACCOUNTCODE","VARCHAR2",45
"LOCATION","Location","LOCATION","","24","25","YES","STATUS","VARCHAR2",46
"LOCATION","Location","LOCATION","","24","25","YES","ADDRESS1","VARCHAR2",47
"LOCATION","Location","LOCATION","","24","25","YES","ADDRESS2","VARCHAR2",48
"LOCATION","Location","LOCATION","","24","25","YES","ADDRESS3","VARCHAR2",49
"LOCATION","Location","LOCATION","","24","25","YES","BRANCHTYPECODE","VARCHAR2",50
"LOCATION","Location","LOCATION","","24","25","YES","PINCODE","VARCHAR2",51
"LOCATION","Location","LOCATION","","24","25","YES","GSTINNO","VARCHAR2",52
"LOCATION","Location","LOCATION","","24","25","YES","MOBILENO","VARCHAR2",53
"LOCATION","Location","LOCATION","","24","25","YES","EMAILID","VARCHAR2",54
"MEASURINGUNIT","Measuring Unit","MEASURINGUNIT","","50","51","YES","TNO","NUMBER",1
"MEASURINGUNIT","Measuring Unit","MEASURINGUNIT","","50","51","YES","MEASURINGUNITCODE","VARCHAR2",2
"MEASURINGUNIT","Measuring Unit","MEASURINGUNIT","","50","51","YES","MEASURINGUNITNAME","VARCHAR2",3
"MEASURINGUNIT","Measuring Unit","MEASURINGUNIT","","50","51","YES","DECIMALPLACE","NUMBER",4
"MEASURINGUNIT","Measuring Unit","MEASURINGUNIT","","50","51","YES","DATECRATED","DATE",5
"MEASURINGUNIT","Measuring Unit","MEASURINGUNIT","","50","51","YES","DATEMODIFY","DATE",6
"MEASURINGUNIT","Measuring Unit","MEASURINGUNIT","","50","51","YES","ISWEIGHMENTREQUIRED","VARCHAR2",7
"MEASURINGUNIT","Measuring Unit","MEASURINGUNIT","","50","51","YES","DIVISORFACTOR","NUMBER",8
"MEASURINGUNIT","Measuring Unit","MEASURINGUNIT","","50","51","YES","MULTIPLYINGFACTOR","NUMBER",9
"MEASURINGUNIT","Measuring Unit","MEASURINGUNIT","","50","51","YES","GSTUQCCODE","VARCHAR2",10
"MEASURINGUNIT","Measuring Unit","MEASURINGUNIT","","50","51","YES","FORMANPOWER","VARCHAR2",11
"MEASURINGUNIT","Measuring Unit","MEASURINGUNIT","","50","51","YES","REMARK","VARCHAR2",12
"MEASURINGUNIT","Measuring Unit","MEASURINGUNIT","","50","51","YES","CREATIONTIME","DATE",13
"MEASURINGUNIT","Measuring Unit","MEASURINGUNIT","","50","51","YES","CREATOR","VARCHAR2",14
"MODULEDOCTYPE","Module Doctype","MODULEDOCTYPE","","74","75","YES","TNO","NUMBER",1
"MODULEDOCTYPE","Module Doctype","MODULEDOCTYPE","","74","75","YES","COMPANYCODE","VARCHAR2",2
"MODULEDOCTYPE","Module Doctype","MODULEDOCTYPE","","74","75","YES","MODULECODE","VARCHAR2",3
"MODULEDOCTYPE","Module Doctype","MODULEDOCTYPE","","74","75","YES","REMARK","VARCHAR2",4
"MODULEDOCTYPE","Module Doctype","MODULEDOCTYPE","","74","75","YES","CREATOR","VARCHAR2",5
"MODULEDOCTYPE","Module Doctype","MODULEDOCTYPE","","74","75","YES","CREATIONTIME","DATE",6
"MODULEDOCTYPEWISETAC","Module Doc Type Wise TAC","MODULEDOCTYPEWISETAC","","224","225","YES","TNO","NUMBER",1
"MODULEDOCTYPEWISETAC","Module Doc Type Wise TAC","MODULEDOCTYPEWISETAC","","224","225","YES","MODULECODE","VARCHAR2",2
"MODULEDOCTYPEWISETAC","Module Doc Type Wise TAC","MODULEDOCTYPEWISETAC","","224","225","YES","DOCTYPECODE","VARCHAR2",3
"MODULEDOCTYPEWISETAC","Module Doc Type Wise TAC","MODULEDOCTYPEWISETAC","","224","225","YES","REMARK","VARCHAR2",4
"MODULEDOCTYPEWISETAC","Module Doc Type Wise TAC","MODULEDOCTYPEWISETAC","","224","225","YES","CREATIONTIME","DATE",5
"MODULEDOCTYPEWISETAC","Module Doc Type Wise TAC","MODULEDOCTYPEWISETAC","","224","225","YES","CREATOR","VARCHAR2",6
"MODULEFLOW","Module Flow","MODULEFLOW","","263","264","YES","TNO","NUMBER",1
"MODULEFLOW","Module Flow","MODULEFLOW","","263","264","YES","MODULECODE","VARCHAR2",2
"MODULEFLOW","Module Flow","MODULEFLOW","","263","264","YES","MODULEFLOWNO","NUMBER",3
"MODULEFLOW","Module Flow","MODULEFLOW","","263","264","YES","DOCUMENTSTATUSCODE","VARCHAR2",4
"MODULEFLOW","Module Flow","MODULEFLOW","","263","264","YES","ONPASSINGOFMODULEFLOWTNO","NUMBER",5
"MODULEFLOW","Module Flow","MODULEFLOW","","263","264","YES","ONGETTINGOFPASSMARKS","NUMBER",6
"MODULEFLOW","Module Flow","MODULEFLOW","","263","264","YES","REBOUNDFAILMARKS","NUMBER",7
"MODULEFLOW","Module Flow","MODULEFLOW","","263","264","YES","COMPANYCODE","VARCHAR2",8
"MODULEFLOW","Module Flow","MODULEFLOW","","263","264","YES","REMARK","VARCHAR2",9
"MODULEFLOW","Module Flow","MODULEFLOW","","263","264","YES","CREATOR","VARCHAR2",10
"MODULEFLOW","Module Flow","MODULEFLOW","","263","264","YES","COLUMNCODE","VARCHAR2",11
"MODULEFLOW","Module Flow","MODULEFLOW","","263","264","YES","BACKMODULEFLOWTNO","NUMBER",12
"MODULEFLOW","Module Flow","MODULEFLOW","","263","264","YES","ACTIVEDATE","DATE",13
"MODULEFLOW","Module Flow","MODULEFLOW","","263","264","YES","CREATIONTIME","DATE",14
"MODULEFLOW","Module Flow","MODULEFLOW","","263","264","YES","TTC","VARCHAR2",15
"MODULEFLOW","Module Flow","MODULEFLOW","","263","264","YES","SHOWONMOBILEAPPS","VARCHAR2",16
"MODULEGROUP","Module Group","MODULEGROUP","MODULEGROUPCODE","43","44","YES","TNO","NUMBER",1
"MODULEGROUP","Module Group","MODULEGROUP","MODULEGROUPCODE","43","44","YES","MODULEGROUPCODE","VARCHAR2",2
"MODULEGROUP","Module Group","MODULEGROUP","MODULEGROUPCODE","43","44","YES","MODULEGROUPNAME","VARCHAR2",3
"MODULEGROUP","Module Group","MODULEGROUP","MODULEGROUPCODE","43","44","YES","REMARK","VARCHAR2",4
"MODULEGROUP","Module Group","MODULEGROUP","MODULEGROUPCODE","43","44","YES","ICONNAME","VARCHAR2",5
"MODULEGROUP","Module Group","MODULEGROUP","MODULEGROUPCODE","43","44","YES","CREATOR","VARCHAR2",6
"MODULEGROUP","Module Group","MODULEGROUP","MODULEGROUPCODE","43","44","YES","CREATIONTIME","DATE",7
"MODULEGROUP","Module Group","MODULEGROUP","MODULEGROUPCODE","43","44","YES","SERIALNO","NUMBER",8
"MODULEGROUP","Module Group","MODULEGROUP","MODULEGROUPCODE","43","44","YES","PAGENO","VARCHAR2",9
"MODULELOCATION","Module Location","MODULELOCATION","","76","77","YES","TNO","NUMBER",1
"MODULELOCATION","Module Location","MODULELOCATION","","76","77","YES","COMPANYCODE","VARCHAR2",2
"MODULELOCATION","Module Location","MODULELOCATION","","76","77","YES","MODULECODE","VARCHAR2",3
"MODULELOCATION","Module Location","MODULELOCATION","","76","77","YES","REMARK","VARCHAR2",4
"MODULELOCATION","Module Location","MODULELOCATION","","76","77","YES","CREATOR","VARCHAR2",5
"MODULELOCATION","Module Location","MODULELOCATION","","76","77","YES","CREATIONTIME","DATE",6
"MODULEPRIVILEGE","Module Privilege","MODULEPRIVILEGE","","135","136","YES","BOSSUSERCODE","VARCHAR2",1
"MODULEPRIVILEGE","Module Privilege","MODULEPRIVILEGE","","135","136","YES","MODULECODE","VARCHAR2",2
"MODULEPRIVILEGE","Module Privilege","MODULEPRIVILEGE","","135","136","YES","VIEWPRIVILEGE","VARCHAR2",3
"MODULEPRIVILEGE","Module Privilege","MODULEPRIVILEGE","","135","136","YES","INSERTPRIVILEGE","VARCHAR2",4
"MODULEPRIVILEGE","Module Privilege","MODULEPRIVILEGE","","135","136","YES","UPDATEPRIVILEGE","VARCHAR2",5
"MODULEPRIVILEGE","Module Privilege","MODULEPRIVILEGE","","135","136","YES","DELETEPRIVILEGE","VARCHAR2",6
"MODULEPRIVILEGE","Module Privilege","MODULEPRIVILEGE","","135","136","YES","STATUSPRIVILEGE","VARCHAR2",7
"MODULEPRIVILEGE","Module Privilege","MODULEPRIVILEGE","","135","136","YES","REMARK","VARCHAR2",8
"MODULEPRIVILEGE","Module Privilege","MODULEPRIVILEGE","","135","136","YES","UPDATEDAYS","NUMBER",9
"MODULEPRIVILEGE","Module Privilege","MODULEPRIVILEGE","","135","136","YES","TNO","NUMBER",10
"MODULEPRIVILEGE","Module Privilege","MODULEPRIVILEGE","","135","136","YES","COMPANYCODE","VARCHAR2",11
"MODULEPRIVILEGE","Module Privilege","MODULEPRIVILEGE","","135","136","YES","CREATOR","VARCHAR2",12
"MODULEPRIVILEGE","Module Privilege","MODULEPRIVILEGE","","135","136","YES","PRINTPRIVILEGE","VARCHAR2",13
"MODULEPRIVILEGE","Module Privilege","MODULEPRIVILEGE","","135","136","YES","CREATIONTIME","DATE",14
"MODULEPRIVILEGE","Module Privilege","MODULEPRIVILEGE","","135","136","YES","OTHERPRIVILEGE","VARCHAR2",15
"MODULEPRIVILEGE","Module Privilege","MODULEPRIVILEGE","","135","136","YES","VOUCHERPOSTINGDATE","VARCHAR2",16
"MODULEPRIVILEGE","Module Privilege","MODULEPRIVILEGE","","135","136","YES","ALLOWEDBACKDAYS","NUMBER",17
"MODULEPRIVILEGE","Module Privilege","MODULEPRIVILEGE","","135","136","YES","ALLOWEDFORWARDDAYS","NUMBER",18
"MODULEPRIVILEGE","Module Privilege","MODULEPRIVILEGE","","135","136","YES","CONTROLPRIVILEGE","VARCHAR2",19
"MYPARAMETER","My Parameter","MYPARAMETER","","109","110","YES","TNO","NUMBER",1
"MYPARAMETER","My Parameter","MYPARAMETER","","109","110","YES","MYPARAMETERCODE","VARCHAR2",2
"MYPARAMETER","My Parameter","MYPARAMETER","","109","110","YES","MYPARAMETERNAME","VARCHAR2",3
"MYPARAMETER","My Parameter","MYPARAMETER","","109","110","YES","MYPARAMETERVALUE","VARCHAR2",4
"MYPARAMETER","My Parameter","MYPARAMETER","","109","110","YES","REMARK","VARCHAR2",5
"MYPARAMETER","My Parameter","MYPARAMETER","","109","110","YES","CREATIONTIME","DATE",6
"MYPARAMETER","My Parameter","MYPARAMETER","","109","110","YES","CREATOR","VARCHAR2",7
"MYPARAMETER","My Parameter","MYPARAMETER","","109","110","YES","SETTING","CLOB",8
"PACKINGTYPE","Packing Type","PACKINGTYPE","","72","73","YES","TNO","NUMBER",1
"PACKINGTYPE","Packing Type","PACKINGTYPE","","72","73","YES","PACKINGTYPECODE","VARCHAR2",2
"PACKINGTYPE","Packing Type","PACKINGTYPE","","72","73","YES","PACKINGTYPENAME","VARCHAR2",3
"PACKINGTYPE","Packing Type","PACKINGTYPE","","72","73","YES","REMARK","VARCHAR2",4
"PACKINGTYPE","Packing Type","PACKINGTYPE","","72","73","YES","DATEMODIFY","DATE",5
"PACKINGTYPE","Packing Type","PACKINGTYPE","","72","73","YES","DATECREATED","DATE",6
"PACKINGTYPE","Packing Type","PACKINGTYPE","","72","73","YES","ISCOUNTABLE","VARCHAR2",7
"PACKINGTYPE","Packing Type","PACKINGTYPE","","72","73","YES","CREATOR","VARCHAR2",8
"PACKINGTYPE","Packing Type","PACKINGTYPE","","72","73","YES","CREATIONTIME","DATE",9
"PACKINGTYPE","Packing Type","PACKINGTYPE","","72","73","YES","PACKINGTYPESHORTNAME","VARCHAR2",10
"PACKINGTYPE","Packing Type","PACKINGTYPE","","72","73","YES","PACKINGREQUIRED","VARCHAR2",11
"PARTY","Account Master","PARTY","PARTYCODE","48","49","YES","TNO","NUMBER",1
"PARTY","Account Master","PARTY","PARTYCODE","48","49","YES","PARTYCODE","VARCHAR2",2
"PARTY","Account Master","PARTY","PARTYCODE","48","49","YES","PARTYNAME","VARCHAR2",3
"PARTY","Account Master","PARTY","PARTYCODE","48","49","YES","PARTYTYPECODE","VARCHAR2",4
"PARTY","Account Master","PARTY","PARTYCODE","48","49","YES","PARTYGRADECODE","VARCHAR2",5
"PARTY","Account Master","PARTY","PARTYCODE","48","49","YES","PARTYSTATUS","VARCHAR2",6
"PARTY","Account Master","PARTY","PARTYCODE","48","49","YES","PARENTCODE","VARCHAR2",7
"PARTY","Account Master","PARTY","PARTYCODE","48","49","YES","OWNERNAME","VARCHAR2",8
"PARTY","Account Master","PARTY","PARTYCODE","48","49","YES","CONTACTPERSON","VARCHAR2",9
"PARTY","Account Master","PARTY","PARTYCODE","48","49","YES","DESIGNATIONCODE","VARCHAR2",10
"PARTY","Account Master","PARTY","PARTYCODE","48","49","YES","TINNO","VARCHAR2",11
"PARTY","Account Master","PARTY","PARTYCODE","48","49","YES","OFFICEADDRESS","VARCHAR2",12
"PARTY","Account Master","PARTY","PARTYCODE","48","49","YES","OFFICECITYCODE","VARCHAR2",13
"PARTY","Account Master","PARTY","PARTYCODE","48","49","YES","OFFICESTATECODE","VARCHAR2",14
"PARTY","Account Master","PARTY","PARTYCODE","48","49","YES","OFFICEPINCODE","VARCHAR2",15
"PARTY","Account Master","PARTY","PARTYCODE","48","49","YES","OFFICEPHONENO","VARCHAR2",16
"PARTY","Account Master","PARTY","PARTYCODE","48","49","YES","OFFICEFAXNO","VARCHAR2",17
"PARTY","Account Master","PARTY","PARTYCODE","48","49","YES","OFFICEEMAIL","VARCHAR2",18
"PARTY","Account Master","PARTY","PARTYCODE","48","49","YES","WORKSADDRESS","VARCHAR2",19
"PARTY","Account Master","PARTY","PARTYCODE","48","49","YES","WORKSCITYCODE","VARCHAR2",20
"PARTY","Account Master","PARTY","PARTYCODE","48","49","YES","WORKSSTATECODE","VARCHAR2",21
"PARTY","Account Master","PARTY","PARTYCODE","48","49","YES","WORKSPINCODE","VARCHAR2",22
"PARTY","Account Master","PARTY","PARTYCODE","48","49","YES","WORKSPHONENO","VARCHAR2",23
"PARTY","Account Master","PARTY","PARTYCODE","48","49","YES","WORKSFAXNO","VARCHAR2",24
"PARTY","Account Master","PARTY","PARTYCODE","48","49","YES","WORKSEMAIL","VARCHAR2",25
"PARTY","Account Master","PARTY","PARTYCODE","48","49","YES","REMARK","VARCHAR2",26
"PARTY","Account Master","PARTY","PARTYCODE","48","49","YES","PARTYSHORTNAME","VARCHAR2",27
"PARTY","Account Master","PARTY","PARTYCODE","48","49","YES","PARTYRANK","VARCHAR2",28
"PARTY","Account Master","PARTY","PARTYCODE","48","49","YES","OFFICEADDRESS1","VARCHAR2",29
"PARTY","Account Master","PARTY","PARTYCODE","48","49","YES","OFFICEADDRESS2","VARCHAR2",30
"PARTY","Account Master","PARTY","PARTYCODE","48","49","YES","OFFICEADDRESS3","VARCHAR2",31
"PARTY","Account Master","PARTY","PARTYCODE","48","49","YES","WORKSADDRESS1","VARCHAR2",32
"PARTY","Account Master","PARTY","PARTYCODE","48","49","YES","WORKSADDRESS2","VARCHAR2",33
"PARTY","Account Master","PARTY","PARTYCODE","48","49","YES","WORKSADDRESS3","VARCHAR2",34
"PARTY","Account Master","PARTY","PARTYCODE","48","49","YES","DATECREATED","DATE",35
"PARTY","Account Master","PARTY","PARTYCODE","48","49","YES","DATEMODIFY","DATE",36
"PARTY","Account Master","PARTY","PARTYCODE","48","49","YES","SCHEDULENO","VARCHAR2",37
"PARTY","Account Master","PARTY","PARTYCODE","48","49","YES","ACCOUNTTYPE","VARCHAR2",38
"PARTY","Account Master","PARTY","PARTYCODE","48","49","YES","TDSMASTERCODE","VARCHAR2",39
"PARTY","Account Master","PARTY","PARTYCODE","48","49","YES","BANKCODE","VARCHAR2",40
"PARTY","Account Master","PARTY","PARTYCODE","48","49","YES","PRINTNAME","VARCHAR2",41
"PARTY","Account Master","PARTY","PARTYCODE","48","49","YES","TRIALBALANCEPOSITION","NUMBER",42
"PARTY","Account Master","PARTY","PARTYCODE","48","49","YES","COSTCENTREREQUIRED","VARCHAR2",43
"PARTY","Account Master","PARTY","PARTYCODE","48","49","YES","DEPRECIATIONACCOUNTCODE","VARCHAR2",44
"PARTY","Account Master","PARTY","PARTYCODE","48","49","YES","NATUREOFACCOUNTCODE","VARCHAR2",45
"PARTY","Account Master","PARTY","PARTYCODE","48","49","YES","AGENTCOMMISIONACCOUNTCODE","VARCHAR2",46
"PARTY","Account Master","PARTY","PARTYCODE","48","49","YES","OFFICECOUNTRYCODE","VARCHAR2",47
"PARTY","Account Master","PARTY","PARTYCODE","48","49","YES","WORKSCOUNTRYCODE","VARCHAR2",48
"PARTY","Account Master","PARTY","PARTYCODE","48","49","YES","OFFICEADDRESS4","VARCHAR2",49
"PARTY","Account Master","PARTY","PARTYCODE","48","49","YES","WORKSADDRESS4","VARCHAR2",50
"PARTY","Account Master","PARTY","PARTYCODE","48","49","YES","ISCOMPANY","VARCHAR2",51
"PARTY","Account Master","PARTY","PARTYCODE","48","49","YES","SCHEDULEREMARK","VARCHAR2",52
"PARTY","Account Master","PARTY","PARTYCODE","48","49","YES","OPENINGFUNCTION","VARCHAR2",53
"PARTY","Account Master","PARTY","PARTYCODE","48","49","YES","CLOSINGFUNCTION","VARCHAR2",54
"PARTY","Account Master","PARTY","PARTYCODE","48","49","YES","CLOSINGFUNCTIONLOC","VARCHAR2",55
"PARTY","Account Master","PARTY","PARTYCODE","48","49","YES","CREATOR","VARCHAR2",56
"PARTY","Account Master","PARTY","PARTYCODE","48","49","YES","PARTYREQUESTTNO","NUMBER",57
"PARTY","Account Master","PARTY","PARTYCODE","48","49","YES","EXCISEPARTYTYPECODE","VARCHAR2",58
"PARTY","Account Master","PARTY","PARTYCODE","48","49","YES","PARTYBANKCODE","VARCHAR2",59
"PARTY","Account Master","PARTY","PARTYCODE","48","49","YES","PARTYBANKACCOUNTNO","VARCHAR2",60
"PARTY","Account Master","PARTY","PARTYCODE","48","49","YES","RTGSCODE","VARCHAR2",61
"PARTY","Account Master","PARTY","PARTYCODE","48","49","YES","EMPLOYEECODE","VARCHAR2",62
"PARTY","Account Master","PARTY","PARTYCODE","48","49","YES","CLOSINGFUNCTIONPANDL","VARCHAR2",63
"PARTY","Account Master","PARTY","PARTYCODE","48","49","YES","BASICNATURE","VARCHAR2",64
"PARTY","Account Master","PARTY","PARTYCODE","48","49","YES","PARENTCODEOTHERWISE","VARCHAR2",65
"PARTY","Account Master","PARTY","PARTYCODE","48","49","YES","COSTSHEET","VARCHAR2",66
"PARTY","Account Master","PARTY","PARTYCODE","48","49","YES","COSTAMOUNT","NUMBER",67
"PARTY","Account Master","PARTY","PARTYCODE","48","49","YES","BILLEDTILLDATE","NUMBER",68
"PARTY","Account Master","PARTY","PARTYCODE","48","49","YES","WEEKLYOFFDAY","VARCHAR2",69
"PARTY","Account Master","PARTY","PARTYCODE","48","49","YES","TAXREGISTRATIONTYPECODE","VARCHAR2",70
"PARTY","Account Master","PARTY","PARTYCODE","48","49","YES","CREDITAMOUNT","NUMBER",71
"PARTY","Account Master","PARTY","PARTYCODE","48","49","YES","CREDITDAYS","NUMBER",72
"PARTY","Account Master","PARTY","PARTYCODE","48","49","YES","ALLOCATIONTYPECODE","VARCHAR2",73
"PARTY","Account Master","PARTY","PARTYCODE","48","49","YES","IMPORTTNO","NUMBER",74
"PARTY","Account Master","PARTY","PARTYCODE","48","49","YES","BILLTOBILL","VARCHAR2",75
"PARTY","Account Master","PARTY","PARTYCODE","48","49","YES","TRIALBALANCEPOSITIONREVISED","NUMBER",76
"PARTY","Account Master","PARTY","PARTYCODE","48","49","YES","AGENTCODE","VARCHAR2",77
"PARTY","Account Master","PARTY","PARTYCODE","48","49","YES","DISTANCE","NUMBER",78
"PARTY","Account Master","PARTY","PARTYCODE","48","49","YES","RETURNTYPE","VARCHAR2",79
"PARTY","Account Master","PARTY","PARTYCODE","48","49","YES","MSME","VARCHAR2",80
"PARTY","Account Master","PARTY","PARTYCODE","48","49","YES","VENDORCODE","VARCHAR2",81
"PARTY","Account Master","PARTY","PARTYCODE","48","49","YES","CREATIONTIME","DATE",82
"PARTY","Account Master","PARTY","PARTYCODE","48","49","YES","FREIGHTTYPECODE","VARCHAR2",83
"PARTY","Account Master","PARTY","PARTYCODE","48","49","YES","FROMACCOUNTNO","NUMBER",84
"PARTY","Account Master","PARTY","PARTYCODE","48","49","YES","TOACCOUNTNO","NUMBER",85
"PARTY","Account Master","PARTY","PARTYCODE","48","49","YES","CONTACTNO","VARCHAR2",86
"PARTY","Account Master","PARTY","PARTYCODE","48","49","YES","VENDORSTATUSCODE","VARCHAR2",87
"PARTY","Account Master","PARTY","PARTYCODE","48","49","YES","BUSINESSNATURECODE","VARCHAR2",88
"PARTY","Account Master","PARTY","PARTYCODE","48","49","YES","INDUSTRYTYPECODE","VARCHAR2",89
"PARTY","Account Master","PARTY","PARTYCODE","48","49","YES","VENDORTNO","NUMBER",90
"PARTY","Account Master","PARTY","PARTYCODE","48","49","YES","VENDORACCOUNTNO","NUMBER",91
"PARTY","Account Master","PARTY","PARTYCODE","48","49","YES","DELIVERYCONFIRMATION","VARCHAR2",92
"PARTY","Account Master","PARTY","PARTYCODE","48","49","YES","OFFICEMOBILENO","VARCHAR2",93
"PARTY","Account Master","PARTY","PARTYCODE","48","49","YES","WORKSMOBILENO","VARCHAR2",94
"PARTY","Account Master","PARTY","PARTYCODE","48","49","YES","TDSAPPLICABLE","VARCHAR2",95
"PARTY","Account Master","PARTY","PARTYCODE","48","49","YES","TDSPAYEECATEGORYCODE","VARCHAR2",96
"PARTY","Account Master","PARTY","PARTYCODE","48","49","YES","TDSNATURECODE","VARCHAR2",97
"PARTY","Account Master","PARTY","PARTYCODE","48","49","YES","SECURITYDEPOSITACCOUNTCODE","VARCHAR2",98
"PARTY","Account Master","PARTY","PARTYCODE","48","49","YES","GSTHOLDACCOUNTCODE","VARCHAR2",99
"PARTY","Account Master","PARTY","PARTYCODE","48","49","YES","WITHHELDACCOUNTCODE","VARCHAR2",100
"PARTY","Account Master","PARTY","PARTYCODE","48","49","YES","SANCTIONEDAMOUNT","NUMBER",101
"PARTY","Account Master","PARTY","PARTYCODE","48","49","YES","PFHOLDACCOUNTCODE","VARCHAR2",102
"PARTY","Account Master","PARTY","PARTYCODE","48","49","YES","ESICHOLDACCOUNTCODE","VARCHAR2",103
"PARTY","Account Master","PARTY","PARTYCODE","48","49","YES","OTHERHOLDACCOUNTCODE","VARCHAR2",104
"PARTY","Account Master","PARTY","PARTYCODE","48","49","YES","ASSETCATEGORYCODE","VARCHAR2",105
"PARTY","Account Master","PARTY","PARTYCODE","48","49","YES","INCOMETAXRETURNTILLDATE","DATE",106
"PARTY","Account Master","PARTY","PARTYCODE","48","49","YES","ELIGIBLEFORTDSUNDER194Q","VARCHAR2",107
"PARTY","Account Master","PARTY","PARTYCODE","48","49","YES","ASSOCIATIONDATE","DATE",108
"PARTY","Account Master","PARTY","PARTYCODE","48","49","YES","BILLCYCLEDAYS","NUMBER",109
"PARTY","Account Master","PARTY","PARTYCODE","48","49","YES","TRADETYPECODE","VARCHAR2",110
"PARTY","Account Master","PARTY","PARTYCODE","48","49","YES","DCNO","VARCHAR2",111
"PARTY","Account Master","PARTY","PARTYCODE","48","49","YES","DCBUYERCODE","VARCHAR2",112
"PARTY","Account Master","PARTY","PARTYCODE","48","49","YES","ISDC","VARCHAR2",113
"PARTY","Account Master","PARTY","PARTYCODE","48","49","YES","CHARTSERIALNO","VARCHAR2",114
"PARTY","Account Master","PARTY","PARTYCODE","48","49","YES","ZONETYPE","VARCHAR2",115
"PARTY","Account Master","PARTY","PARTYCODE","48","49","YES","IMPORTSNO","NUMBER",116
"PARTY","Account Master","PARTY","PARTYCODE","48","49","YES","ISPORTALACCESS","VARCHAR2",117
"PARTY","Account Master","PARTY","PARTYCODE","48","49","YES","PORTALACCESSMOBILENO","NUMBER",118
"PARTY","Account Master","PARTY","PARTYCODE","48","49","YES","PORTALPASSWORD","VARCHAR2",119
"PARTYATTRIBUTE","Attribute","PARTYATTRIBUTE","PARTYATTRIBUTECODE","663","664","YES","PARTYATTRIBUTECODE","VARCHAR2",1
"PARTYATTRIBUTE","Attribute","PARTYATTRIBUTE","PARTYATTRIBUTECODE","663","664","YES","PARTYATTRIBUTENAME","VARCHAR2",2
"PARTYATTRIBUTE","Attribute","PARTYATTRIBUTE","PARTYATTRIBUTECODE","663","664","YES","REMARK","VARCHAR2",3
"PARTYATTRIBUTE","Attribute","PARTYATTRIBUTE","PARTYATTRIBUTECODE","663","664","YES","TNO","NUMBER",4
"PARTYATTRIBUTE","Attribute","PARTYATTRIBUTE","PARTYATTRIBUTECODE","663","664","YES","CREATOR","VARCHAR2",5
"PARTYATTRIBUTE","Attribute","PARTYATTRIBUTE","PARTYATTRIBUTECODE","663","664","YES","ATTACHMENTMANDATORY","VARCHAR2",6
"PARTYATTRIBUTE","Attribute","PARTYATTRIBUTE","PARTYATTRIBUTECODE","663","664","YES","OLDTNO","NUMBER",7
"PARTYATTRIBUTE","Attribute","PARTYATTRIBUTE","PARTYATTRIBUTECODE","663","664","YES","CREATIONTIME","DATE",8
"PARTYTYPE","Party Type","PARTYTYPE","","70","71","YES","TNO","NUMBER",1
"PARTYTYPE","Party Type","PARTYTYPE","","70","71","YES","PARTYTYPECODE","VARCHAR2",2
"PARTYTYPE","Party Type","PARTYTYPE","","70","71","YES","PARTYTYPENAME","VARCHAR2",3
"PARTYTYPE","Party Type","PARTYTYPE","","70","71","YES","NATURE","VARCHAR2",4
"PARTYTYPE","Party Type","PARTYTYPE","","70","71","YES","REMARK","VARCHAR2",5
"PFANDESICSETTING","Pf And Esic Setting","PFANDESICSETTING","","331","332","YES","TNO","NUMBER",1
"PFANDESICSETTING","Pf And Esic Setting","PFANDESICSETTING","","331","332","YES","PFANDESICSETTINGCODE","VARCHAR2",2
"PFANDESICSETTING","Pf And Esic Setting","PFANDESICSETTING","","331","332","YES","PFANDESICSETTINGNAME","VARCHAR2",3
"PFANDESICSETTING","Pf And Esic Setting","PFANDESICSETTING","","331","332","YES","EFFECTIVEDATE","DATE",4
"PFANDESICSETTING","Pf And Esic Setting","PFANDESICSETTING","","331","332","YES","PFEMPLOYERCONTRIBUTEPER1","NUMBER",5
"PFANDESICSETTING","Pf And Esic Setting","PFANDESICSETTING","","331","332","YES","PFEMPLOYERCONTRIBUTEPER2","NUMBER",6
"PFANDESICSETTING","Pf And Esic Setting","PFANDESICSETTING","","331","332","YES","PFEMPLOYERCONTRIBUTEPER10","NUMBER",7
"PFANDESICSETTING","Pf And Esic Setting","PFANDESICSETTING","","331","332","YES","PFEMPLOYERCONTRIBUTEPER21","NUMBER",8
"PFANDESICSETTING","Pf And Esic Setting","PFANDESICSETTING","","331","332","YES","PFEMPLOYERCONTRIBUTEPER22","NUMBER",9
"PFANDESICSETTING","Pf And Esic Setting","PFANDESICSETTING","","331","332","YES","PFEMPLOYERCONTRIBUTEAC1DR","VARCHAR2",10
"PFANDESICSETTING","Pf And Esic Setting","PFANDESICSETTING","","331","332","YES","PFEMPLOYERCONTRIBUTEAC2DR","VARCHAR2",11
"PFANDESICSETTING","Pf And Esic Setting","PFANDESICSETTING","","331","332","YES","PFEMPLOYERCONTRIBUTEAC10DR","VARCHAR2",12
"PFANDESICSETTING","Pf And Esic Setting","PFANDESICSETTING","","331","332","YES","PFEMPLOYERCONTRIBUTEAC21DR","VARCHAR2",13
"PFANDESICSETTING","Pf And Esic Setting","PFANDESICSETTING","","331","332","YES","PFEMPLOYERCONTRIBUTEAC22DR","VARCHAR2",14
"PFANDESICSETTING","Pf And Esic Setting","PFANDESICSETTING","","331","332","YES","PFEMPLOYERCONTRIBUTEAC1CR","VARCHAR2",15
"PFANDESICSETTING","Pf And Esic Setting","PFANDESICSETTING","","331","332","YES","PFEMPLOYERCONTRIBUTEAC2CR","VARCHAR2",16
"PFANDESICSETTING","Pf And Esic Setting","PFANDESICSETTING","","331","332","YES","PFEMPLOYERCONTRIBUTEAC10CR","VARCHAR2",17
"PFANDESICSETTING","Pf And Esic Setting","PFANDESICSETTING","","331","332","YES","PFEMPLOYERCONTRIBUTEAC21CR","VARCHAR2",18
"PFANDESICSETTING","Pf And Esic Setting","PFANDESICSETTING","","331","332","YES","PFEMPLOYERCONTRIBUTEAC22CR","VARCHAR2",19
"PFANDESICSETTING","Pf And Esic Setting","PFANDESICSETTING","","331","332","YES","PFEMPLOYEECONTRIBUTEPER1","NUMBER",20
"PFANDESICSETTING","Pf And Esic Setting","PFANDESICSETTING","","331","332","YES","PFEMPLOYEECONTRIBUTEPER2","NUMBER",21
"PFANDESICSETTING","Pf And Esic Setting","PFANDESICSETTING","","331","332","YES","PFEMPLOYEECONTRIBUTEPER10","NUMBER",22
"PFANDESICSETTING","Pf And Esic Setting","PFANDESICSETTING","","331","332","YES","PFEMPLOYEECONTRIBUTEPER21","NUMBER",23
"PFANDESICSETTING","Pf And Esic Setting","PFANDESICSETTING","","331","332","YES","PFEMPLOYEECONTRIBUTEPER22","NUMBER",24
"PFANDESICSETTING","Pf And Esic Setting","PFANDESICSETTING","","331","332","YES","PFEMPLOYEECONTRIBUTEAC1DR","VARCHAR2",25
"PFANDESICSETTING","Pf And Esic Setting","PFANDESICSETTING","","331","332","YES","PFEMPLOYEECONTRIBUTEAC2DR","VARCHAR2",26
"PFANDESICSETTING","Pf And Esic Setting","PFANDESICSETTING","","331","332","YES","PFEMPLOYEECONTRIBUTEAC10DR","VARCHAR2",27
"PFANDESICSETTING","Pf And Esic Setting","PFANDESICSETTING","","331","332","YES","PFEMPLOYEECONTRIBUTEAC21DR","VARCHAR2",28
"PFANDESICSETTING","Pf And Esic Setting","PFANDESICSETTING","","331","332","YES","PFEMPLOYEECONTRIBUTEAC22DR","VARCHAR2",29
"PFANDESICSETTING","Pf And Esic Setting","PFANDESICSETTING","","331","332","YES","PFEMPLOYEECONTRIBUTEAC1CR","VARCHAR2",30
"PFANDESICSETTING","Pf And Esic Setting","PFANDESICSETTING","","331","332","YES","PFEMPLOYEECONTRIBUTEAC2CR","VARCHAR2",31
"PFANDESICSETTING","Pf And Esic Setting","PFANDESICSETTING","","331","332","YES","PFEMPLOYEECONTRIBUTEAC10CR","VARCHAR2",32
"PFANDESICSETTING","Pf And Esic Setting","PFANDESICSETTING","","331","332","YES","PFEMPLOYEECONTRIBUTEAC21CR","VARCHAR2",33
"PFANDESICSETTING","Pf And Esic Setting","PFANDESICSETTING","","331","332","YES","PFEMPLOYEECONTRIBUTEAC22CR","VARCHAR2",34
"PFANDESICSETTING","Pf And Esic Setting","PFANDESICSETTING","","331","332","YES","PFADMINCHARGEPER1","NUMBER",35
"PFANDESICSETTING","Pf And Esic Setting","PFANDESICSETTING","","331","332","YES","PFADMINCHARGEPER2","NUMBER",36
"PFANDESICSETTING","Pf And Esic Setting","PFANDESICSETTING","","331","332","YES","PFADMINCHARGEPER10","NUMBER",37
"PFANDESICSETTING","Pf And Esic Setting","PFANDESICSETTING","","331","332","YES","PFADMINCHARGEPER21","NUMBER",38
"PFANDESICSETTING","Pf And Esic Setting","PFANDESICSETTING","","331","332","YES","PFADMINCHARGEPER22","NUMBER",39
"PFANDESICSETTING","Pf And Esic Setting","PFANDESICSETTING","","331","332","YES","PFADMINCHARGEAC1DR","VARCHAR2",40
"PFANDESICSETTING","Pf And Esic Setting","PFANDESICSETTING","","331","332","YES","PFADMINCHARGEAC2DR","VARCHAR2",41
"PFANDESICSETTING","Pf And Esic Setting","PFANDESICSETTING","","331","332","YES","PFADMINCHARGEAC10DR","VARCHAR2",42
"PFANDESICSETTING","Pf And Esic Setting","PFANDESICSETTING","","331","332","YES","PFADMINCHARGEAC21DR","VARCHAR2",43
"PFANDESICSETTING","Pf And Esic Setting","PFANDESICSETTING","","331","332","YES","PFADMINCHARGEAC22DR","VARCHAR2",44
"PFANDESICSETTING","Pf And Esic Setting","PFANDESICSETTING","","331","332","YES","PFADMINCHARGEAC1CR","VARCHAR2",45
"PFANDESICSETTING","Pf And Esic Setting","PFANDESICSETTING","","331","332","YES","PFADMINCHARGEAC2CR","VARCHAR2",46
"PFANDESICSETTING","Pf And Esic Setting","PFANDESICSETTING","","331","332","YES","PFADMINCHARGEAC10CR","VARCHAR2",47
"PFANDESICSETTING","Pf And Esic Setting","PFANDESICSETTING","","331","332","YES","PFADMINCHARGEAC21CR","VARCHAR2",48
"PFANDESICSETTING","Pf And Esic Setting","PFANDESICSETTING","","331","332","YES","PFADMINCHARGEAC22CR","VARCHAR2",49
"PFANDESICSETTING","Pf And Esic Setting","PFANDESICSETTING","","331","332","YES","ESICEMPLOYERCONTRIBUTEPER","NUMBER",50
"PFANDESICSETTING","Pf And Esic Setting","PFANDESICSETTING","","331","332","YES","ESICEMPLOYERCONTRIBUTEACDR","VARCHAR2",51
"PFANDESICSETTING","Pf And Esic Setting","PFANDESICSETTING","","331","332","YES","ESICEMPLOYERCONTRIBUTEACCR","VARCHAR2",52
"PFANDESICSETTING","Pf And Esic Setting","PFANDESICSETTING","","331","332","YES","ESICEMPLOYEECONTRIBUTEPER","NUMBER",53
"PFANDESICSETTING","Pf And Esic Setting","PFANDESICSETTING","","331","332","YES","ESICEMPLOYEECONTRIBUTEACDR","VARCHAR2",54
"PFANDESICSETTING","Pf And Esic Setting","PFANDESICSETTING","","331","332","YES","ESICEMPLOYEECONTRIBUTEACCR","VARCHAR2",55
"PFANDESICSETTING","Pf And Esic Setting","PFANDESICSETTING","","331","332","YES","REMARK","VARCHAR2",56
"PFANDESICSETTING","Pf And Esic Setting","PFANDESICSETTING","","331","332","YES","CREATOR","VARCHAR2",57
"PFANDESICSETTING","Pf And Esic Setting","PFANDESICSETTING","","331","332","YES","CREATIONTIME","DATE",58
"PFANDESICSETTING","Pf And Esic Setting","PFANDESICSETTING","","331","332","YES","PFINSPECTIONCHARGEAC1DR","VARCHAR2",59
"PFANDESICSETTING","Pf And Esic Setting","PFANDESICSETTING","","331","332","YES","PFINSPECTIONCHARGEAC2DR","VARCHAR2",60
"PFANDESICSETTING","Pf And Esic Setting","PFANDESICSETTING","","331","332","YES","PFINSPECTIONCHARGEAC10DR","VARCHAR2",61
"PFANDESICSETTING","Pf And Esic Setting","PFANDESICSETTING","","331","332","YES","PFINSPECTIONCHARGEAC21DR","VARCHAR2",62
"PFANDESICSETTING","Pf And Esic Setting","PFANDESICSETTING","","331","332","YES","PFINSPECTIONCHARGEAC22DR","VARCHAR2",63
"PFANDESICSETTING","Pf And Esic Setting","PFANDESICSETTING","","331","332","YES","PFINSPECTIONCHARGEAC1CR","VARCHAR2",64
"PFANDESICSETTING","Pf And Esic Setting","PFANDESICSETTING","","331","332","YES","PFINSPECTIONCHARGEAC2CR","VARCHAR2",65
"PFANDESICSETTING","Pf And Esic Setting","PFANDESICSETTING","","331","332","YES","PFINSPECTIONCHARGEAC10CR","VARCHAR2",66
"PFANDESICSETTING","Pf And Esic Setting","PFANDESICSETTING","","331","332","YES","PFINSPECTIONCHARGEAC21CR","VARCHAR2",67
"PFANDESICSETTING","Pf And Esic Setting","PFANDESICSETTING","","331","332","YES","PFINSPECTIONCHARGEAC22CR","VARCHAR2",68
"PFANDESICSETTING","Pf And Esic Setting","PFANDESICSETTING","","331","332","YES","PFPENALDAMAGEAC1DR","VARCHAR2",69
"PFANDESICSETTING","Pf And Esic Setting","PFANDESICSETTING","","331","332","YES","PFPENALDAMAGEAC2DR","VARCHAR2",70
"PFANDESICSETTING","Pf And Esic Setting","PFANDESICSETTING","","331","332","YES","PFPENALDAMAGEAC10DR","VARCHAR2",71
"PFANDESICSETTING","Pf And Esic Setting","PFANDESICSETTING","","331","332","YES","PFPENALDAMAGEAC21DR","VARCHAR2",72
"PFANDESICSETTING","Pf And Esic Setting","PFANDESICSETTING","","331","332","YES","PFPENALDAMAGEAC22DR","VARCHAR2",73
"PFANDESICSETTING","Pf And Esic Setting","PFANDESICSETTING","","331","332","YES","PFPENALDAMAGEAC1CR","VARCHAR2",74
"PFANDESICSETTING","Pf And Esic Setting","PFANDESICSETTING","","331","332","YES","PFPENALDAMAGEAC2CR","VARCHAR2",75
"PFANDESICSETTING","Pf And Esic Setting","PFANDESICSETTING","","331","332","YES","PFPENALDAMAGEAC10CR","VARCHAR2",76
"PFANDESICSETTING","Pf And Esic Setting","PFANDESICSETTING","","331","332","YES","PFPENALDAMAGEAC21CR","VARCHAR2",77
"PFANDESICSETTING","Pf And Esic Setting","PFANDESICSETTING","","331","332","YES","PFPENALDAMAGEAC22CR","VARCHAR2",78
"PFANDESICSETTING","Pf And Esic Setting","PFANDESICSETTING","","331","332","YES","PFMISCELLANEOUSPAYMENTAC1DR","VARCHAR2",79
"PFANDESICSETTING","Pf And Esic Setting","PFANDESICSETTING","","331","332","YES","PFMISCELLANEOUSPAYMENTAC2DR","VARCHAR2",80
"PFANDESICSETTING","Pf And Esic Setting","PFANDESICSETTING","","331","332","YES","PFMISCELLANEOUSPAYMENTAC10DR","VARCHAR2",81
"PFANDESICSETTING","Pf And Esic Setting","PFANDESICSETTING","","331","332","YES","PFMISCELLANEOUSPAYMENTAC21DR","VARCHAR2",82
"PFANDESICSETTING","Pf And Esic Setting","PFANDESICSETTING","","331","332","YES","PFMISCELLANEOUSPAYMENTAC22DR","VARCHAR2",83
"PFANDESICSETTING","Pf And Esic Setting","PFANDESICSETTING","","331","332","YES","PFMISCELLANEOUSPAYMENTAC1CR","VARCHAR2",84
"PFANDESICSETTING","Pf And Esic Setting","PFANDESICSETTING","","331","332","YES","PFMISCELLANEOUSPAYMENTAC2CR","VARCHAR2",85
"PFANDESICSETTING","Pf And Esic Setting","PFANDESICSETTING","","331","332","YES","PFMISCELLANEOUSPAYMENTAC10CR","VARCHAR2",86
"PFANDESICSETTING","Pf And Esic Setting","PFANDESICSETTING","","331","332","YES","PFMISCELLANEOUSPAYMENTAC21CR","VARCHAR2",87
"PFANDESICSETTING","Pf And Esic Setting","PFANDESICSETTING","","331","332","YES","PFMISCELLANEOUSPAYMENTAC22CR","VARCHAR2",88
"PFANDESICSETTING","Pf And Esic Setting","PFANDESICSETTING","","331","332","YES","ESICINTERESTACCR","VARCHAR2",89
"PFANDESICSETTING","Pf And Esic Setting","PFANDESICSETTING","","331","332","YES","ESICDAMAGESACCR","VARCHAR2",90
"PFANDESICSETTING","Pf And Esic Setting","PFANDESICSETTING","","331","332","YES","ESICOTHERSACCR","VARCHAR2",91
"PFANDESICSETTING","Pf And Esic Setting","PFANDESICSETTING","","331","332","YES","ESICOTHERSACDR","VARCHAR2",92
"PROCESSESCALATION","Process Escalation","PROCESSESCALATION","","719","720","YES","TNO","NUMBER",1
"PROCESSESCALATION","Process Escalation","PROCESSESCALATION","","719","720","YES","PROCESSESCALATIONCODE","VARCHAR2",2
"PROCESSESCALATION","Process Escalation","PROCESSESCALATION","","719","720","YES","PROCESSESCALATIONNAME","VARCHAR2",3
"PROCESSESCALATION","Process Escalation","PROCESSESCALATION","","719","720","YES","PROCESSROUTINGTNO","NUMBER",4
"PROCESSESCALATION","Process Escalation","PROCESSESCALATION","","719","720","YES","REMARK","VARCHAR2",5
"PROCESSESCALATION","Process Escalation","PROCESSESCALATION","","719","720","YES","CREATOR","VARCHAR2",6
"PROCESSESCALATION","Process Escalation","PROCESSESCALATION","","719","720","YES","CREATIONTIME","DATE",7
"PROCESSROUTING","Process Routing","PROCESSROUTING","","715","716","YES","TNO","NUMBER",1
"PROCESSROUTING","Process Routing","PROCESSROUTING","","715","716","YES","PROCESSROUTINGCODE","VARCHAR2",2
"PROCESSROUTING","Process Routing","PROCESSROUTING","","715","716","YES","PROCESSROUTINGNAME","VARCHAR2",3
"PROCESSROUTING","Process Routing","PROCESSROUTING","","715","716","YES","PROCESSTYPE","VARCHAR2",4
"PROCESSROUTING","Process Routing","PROCESSROUTING","","715","716","YES","ITEMCLASS","VARCHAR2",5
"PROCESSROUTING","Process Routing","PROCESSROUTING","","715","716","YES","REMARK","VARCHAR2",6
"PROCESSROUTING","Process Routing","PROCESSROUTING","","715","716","YES","CREATOR","VARCHAR2",7
"PROCESSROUTING","Process Routing","PROCESSROUTING","","715","716","YES","CREATIONTIME","DATE",8
"PROCESSTAT","Process TAT","PROCESSTAT","","717","718","YES","TNO","NUMBER",1
"PROCESSTAT","Process TAT","PROCESSTAT","","717","718","YES","PROCESSTATCODE","VARCHAR2",2
"PROCESSTAT","Process TAT","PROCESSTAT","","717","718","YES","PROCESSTATNAME","VARCHAR2",3
"PROCESSTAT","Process TAT","PROCESSTAT","","717","718","YES","EFFECTIVEFROMDATE","DATE",4
"PROCESSTAT","Process TAT","PROCESSTAT","","717","718","YES","PROCESSROUTINGTNO","NUMBER",5
"PROCESSTAT","Process TAT","PROCESSTAT","","717","718","YES","REMARK","VARCHAR2",6
"PROCESSTAT","Process TAT","PROCESSTAT","","717","718","YES","CREATOR","VARCHAR2",7
"PROCESSTAT","Process TAT","PROCESSTAT","","717","718","YES","CREATIONTIME","DATE",8
"PRODUCTIONCENTRE","Production Centre","PRODUCTIONCENTRE","","205","206","YES","TNO","NUMBER",1
"PRODUCTIONCENTRE","Production Centre","PRODUCTIONCENTRE","","205","206","YES","PRODUCTIONCENTRECODE","VARCHAR2",2
"PRODUCTIONCENTRE","Production Centre","PRODUCTIONCENTRE","","205","206","YES","PRODUCTIONCENTRENAME","VARCHAR2",3
"PRODUCTIONCENTRE","Production Centre","PRODUCTIONCENTRE","","205","206","YES","PRODUCTIONCENTRESHORTNAME","VARCHAR2",4
"PRODUCTIONCENTRE","Production Centre","PRODUCTIONCENTRE","","205","206","YES","REMARK","VARCHAR2",5
"PRODUCTIONCENTRE","Production Centre","PRODUCTIONCENTRE","","205","206","YES","LOCATIONCODE","VARCHAR2",6
"PRODUCTIONCENTRE","Production Centre","PRODUCTIONCENTRE","","205","206","YES","ISUSEDFORGROUPING","VARCHAR2",7
"PRODUCTIONCENTRE","Production Centre","PRODUCTIONCENTRE","","205","206","YES","MODULECODE","VARCHAR2",8
"PRODUCTIONCENTRE","Production Centre","PRODUCTIONCENTRE","","205","206","YES","MODULETNO","NUMBER",9
"PRODUCTIONCENTRE","Production Centre","PRODUCTIONCENTRE","","205","206","YES","CREATIONTIME","DATE",10
"PRODUCTIONCENTRE","Production Centre","PRODUCTIONCENTRE","","205","206","YES","CREATOR","VARCHAR2",11
"PTSLAB","Pt Slab","PTSLAB","PTSLABNO","265","266","YES","TNO","NUMBER",1
"PTSLAB","Pt Slab","PTSLAB","PTSLABNO","265","266","YES","COMPANYCODE","VARCHAR2",2
"PTSLAB","Pt Slab","PTSLAB","PTSLABNO","265","266","YES","FINANCIALYEARCODE","VARCHAR2",3
"PTSLAB","Pt Slab","PTSLAB","PTSLABNO","265","266","YES","LOCATIONCODE","VARCHAR2",4
"PTSLAB","Pt Slab","PTSLAB","PTSLABNO","265","266","YES","DOCTYPECODE","VARCHAR2",5
"PTSLAB","Pt Slab","PTSLAB","PTSLABNO","265","266","YES","PTSLABNO","VARCHAR2",6
"PTSLAB","Pt Slab","PTSLAB","PTSLABNO","265","266","YES","PTSLABDATE","DATE",7
"PTSLAB","Pt Slab","PTSLAB","PTSLABNO","265","266","YES","DATEONWARD","DATE",8
"PTSLAB","Pt Slab","PTSLAB","PTSLABNO","265","266","YES","STATECODE","VARCHAR2",9
"PTSLAB","Pt Slab","PTSLAB","PTSLABNO","265","266","YES","MONTHSFORSLAB","NUMBER",10
"PTSLAB","Pt Slab","PTSLAB","PTSLABNO","265","266","YES","FIRSTMONTH","NUMBER",11
"PTSLAB","Pt Slab","PTSLAB","PTSLABNO","265","266","YES","NOOFDEDUCTIONPERYEAR","NUMBER",12
"PTSLAB","Pt Slab","PTSLAB","PTSLABNO","265","266","YES","REMARK","VARCHAR2",13
"PTSLAB","Pt Slab","PTSLAB","PTSLABNO","265","266","YES","CREATOR","VARCHAR2",14
"PTSLAB","Pt Slab","PTSLAB","PTSLABNO","265","266","YES","CREATIONTIME","DATE",15
"SAC","Sac","SAC","SACCODE","322","326","YES","TNO","NUMBER",1
"SAC","Sac","SAC","SACCODE","322","326","YES","SACCODE","VARCHAR2",2
"SAC","Sac","SAC","SACCODE","322","326","YES","SACNAME","VARCHAR2",3
"SAC","Sac","SAC","SACCODE","322","326","YES","TAXMECHANISM","VARCHAR2",4
"SAC","Sac","SAC","SACCODE","322","326","YES","REMARK","VARCHAR2",5
"SAC","Sac","SAC","SACCODE","322","326","YES","CREATOR","VARCHAR2",6
"SAC","Sac","SAC","SACCODE","322","326","YES","CREATIONTIME","DATE",7
"SAC","Sac","SAC","SACCODE","322","326","YES","IGSTRATE","NUMBER",8
"SAC","Sac","SAC","SACCODE","322","326","YES","SGSTRATE","NUMBER",9
"SAC","Sac","SAC","SACCODE","322","326","YES","CGSTRATE","NUMBER",10
"SALARYHEAD","Salary Head","SALARYHEAD","SALARYHEAD","603","604","YES","TNO","NUMBER",1
"SALARYHEAD","Salary Head","SALARYHEAD","SALARYHEAD","603","604","YES","SALARYHEADCODE","VARCHAR2",2
"SALARYHEAD","Salary Head","SALARYHEAD","SALARYHEAD","603","604","YES","SALARYHEADNAME","VARCHAR2",3
"SALARYHEAD","Salary Head","SALARYHEAD","SALARYHEAD","603","604","YES","SALARYHEADSHORTNAME","VARCHAR2",4
"SALARYHEAD","Salary Head","SALARYHEAD","SALARYHEAD","603","604","YES","REMARK","VARCHAR2",5
"SALARYHEAD","Salary Head","SALARYHEAD","SALARYHEAD","603","604","YES","DATECREATED","DATE",6
"SALARYHEAD","Salary Head","SALARYHEAD","SALARYHEAD","603","604","YES","DATEMODIFY","DATE",7
"SALARYHEAD","Salary Head","SALARYHEAD","SALARYHEAD","603","604","YES","SALARYHEADTYPE","VARCHAR2",8
"SALARYHEAD","Salary Head","SALARYHEAD","SALARYHEAD","603","604","YES","CREATOR","VARCHAR2",9
"SALARYHEAD","Salary Head","SALARYHEAD","SALARYHEAD","603","604","YES","ISPROVISIONALSALARYHEAD","VARCHAR2",10
"SALARYHEAD","Salary Head","SALARYHEAD","SALARYHEAD","603","604","YES","ARREARNOCALCULATION","VARCHAR2",11
"SALARYHEAD","Salary Head","SALARYHEAD","SALARYHEAD","603","604","YES","CREATIONTIME","DATE",12
"SALARYHEADACCOUNT","Salary Head Account","SALARYHEADACCOUNT","SALARYHEADACCOUNT","611","612","YES","TNO","NUMBER",1
"SALARYHEADACCOUNT","Salary Head Account","SALARYHEADACCOUNT","SALARYHEADACCOUNT","611","612","YES","MODULECODE","VARCHAR2",2
"SALARYHEADACCOUNT","Salary Head Account","SALARYHEADACCOUNT","SALARYHEADACCOUNT","611","612","YES","SALARYHEADACCOUNTCODE","VARCHAR2",3
"SALARYHEADACCOUNT","Salary Head Account","SALARYHEADACCOUNT","SALARYHEADACCOUNT","611","612","YES","SALARYHEADCODE","VARCHAR2",4
"SALARYHEADACCOUNT","Salary Head Account","SALARYHEADACCOUNT","SALARYHEADACCOUNT","611","612","YES","STAFFTYPECODE","VARCHAR2",5
"SALARYHEADACCOUNT","Salary Head Account","SALARYHEADACCOUNT","SALARYHEADACCOUNT","611","612","YES","CATEGORYCODE","VARCHAR2",6
"SALARYHEADACCOUNT","Salary Head Account","SALARYHEADACCOUNT","SALARYHEADACCOUNT","611","612","YES","ACCOUNTCODE","VARCHAR2",7
"SALARYHEADACCOUNT","Salary Head Account","SALARYHEADACCOUNT","SALARYHEADACCOUNT","611","612","YES","COMPANYCODE","VARCHAR2",8
"SALARYHEADACCOUNT","Salary Head Account","SALARYHEADACCOUNT","SALARYHEADACCOUNT","611","612","YES","DRCR","VARCHAR2",9
"SALARYHEADACCOUNT","Salary Head Account","SALARYHEADACCOUNT","SALARYHEADACCOUNT","611","612","YES","REMARK","VARCHAR2",10
"SALARYHEADACCOUNT","Salary Head Account","SALARYHEADACCOUNT","SALARYHEADACCOUNT","611","612","YES","CREATOR","VARCHAR2",11
"SALARYHEADACCOUNT","Salary Head Account","SALARYHEADACCOUNT","SALARYHEADACCOUNT","611","612","YES","CREATIONTIME","DATE",12
"SALARYSCHEME","Salary Scheme","SALARYSCHEME","","623","624","YES","TNO","NUMBER",1
"SALARYSCHEME","Salary Scheme","SALARYSCHEME","","623","624","YES","SALARYSCHEMECODE","VARCHAR2",2
"SALARYSCHEME","Salary Scheme","SALARYSCHEME","","623","624","YES","SALARYSCHEMENAME","VARCHAR2",3
"SALARYSCHEME","Salary Scheme","SALARYSCHEME","","623","624","YES","REMARK","VARCHAR2",4
"SALARYSCHEME","Salary Scheme","SALARYSCHEME","","623","624","YES","SALARYTYPE","VARCHAR2",5
"SALARYSCHEME","Salary Scheme","SALARYSCHEME","","623","624","YES","WEEKSTARTDAY","VARCHAR2",6
"SALARYSCHEME","Salary Scheme","SALARYSCHEME","","623","624","YES","SALARYHEADCODEDR","VARCHAR2",7
"SALARYSCHEME","Salary Scheme","SALARYSCHEME","","623","624","YES","SALARYHEADCODECR","VARCHAR2",8
"SALARYSCHEME","Salary Scheme","SALARYSCHEME","","623","624","YES","CREATOR","VARCHAR2",9
"SALARYSCHEME","Salary Scheme","SALARYSCHEME","","623","624","YES","CREATIONTIME","DATE",10
"SHIFT","Shift","SHIFT","","203","204","YES","TNO","NUMBER",1
"SHIFT","Shift","SHIFT","","203","204","YES","SHIFTCODE","VARCHAR2",2
"SHIFT","Shift","SHIFT","","203","204","YES","SHIFTNAME","VARCHAR2",3
"SHIFT","Shift","SHIFT","","203","204","YES","REMARK","VARCHAR2",4
"SHIFT","Shift","SHIFT","","203","204","YES","SHIFTHOUR","NUMBER",5
"SHIFT","Shift","SHIFT","","203","204","YES","SHIFTTIMEFROM","VARCHAR2",6
"SHIFT","Shift","SHIFT","","203","204","YES","SHIFTTIMETO","VARCHAR2",7
"SHIFT","Shift","SHIFT","","203","204","YES","LUNCHTIMEFROM","VARCHAR2",8
"SHIFT","Shift","SHIFT","","203","204","YES","LUNCHTIMETO","VARCHAR2",9
"SHIFT","Shift","SHIFT","","203","204","YES","CREATOR","VARCHAR2",10
"SHIFT","Shift","SHIFT","","203","204","YES","CREATIONTIME","DATE",11
"SHIFT","Shift","SHIFT","","203","204","YES","GRACEPERIOD","VARCHAR2",12
"STAFFTYPE","staff Type","STAFFTYPE","STAFFTYPECODE","601","602","YES","TNO","NUMBER",1
"STAFFTYPE","staff Type","STAFFTYPE","STAFFTYPECODE","601","602","YES","STAFFTYPECODE","VARCHAR2",2
"STAFFTYPE","staff Type","STAFFTYPE","STAFFTYPECODE","601","602","YES","STAFFTYPENAME","VARCHAR2",3
"STAFFTYPE","staff Type","STAFFTYPE","STAFFTYPECODE","601","602","YES","CREATOR","VARCHAR2",4
"STAFFTYPE","staff Type","STAFFTYPE","STAFFTYPECODE","601","602","YES","OTTYPECODE","VARCHAR2",5
"STAFFTYPE","staff Type","STAFFTYPE","STAFFTYPECODE","601","602","YES","CREATIONTIME","DATE",6
"STAFFTYPE","staff Type","STAFFTYPE","STAFFTYPECODE","601","602","YES","REMARK","VARCHAR2",7
"STORAGELOCATION","Storage Location","STORAGELOCATION","","127","128","YES","TNO","NUMBER",1
"STORAGELOCATION","Storage Location","STORAGELOCATION","","127","128","YES","STORAGELOCATIONCODE","VARCHAR2",2
"STORAGELOCATION","Storage Location","STORAGELOCATION","","127","128","YES","STORAGELOCATIONNAME","VARCHAR2",3
"STORAGELOCATION","Storage Location","STORAGELOCATION","","127","128","YES","STORAGELOCATIONSHORTNAME","VARCHAR2",4
"STORAGELOCATION","Storage Location","STORAGELOCATION","","127","128","YES","PARENTCODE","VARCHAR2",5
"STORAGELOCATION","Storage Location","STORAGELOCATION","","127","128","YES","REMARK","VARCHAR2",6
"STORAGELOCATION","Storage Location","STORAGELOCATION","","127","128","YES","DATECREATED","DATE",7
"STORAGELOCATION","Storage Location","STORAGELOCATION","","127","128","YES","DATEMODIFY","DATE",8
"STORAGELOCATION","Storage Location","STORAGELOCATION","","127","128","YES","CREATOR","VARCHAR2",9
"STORAGELOCATION","Storage Location","STORAGELOCATION","","127","128","YES","ISOUTOFPREMISES","VARCHAR2",10
"STORAGELOCATION","Storage Location","STORAGELOCATION","","127","128","YES","ALLOCATIONINCCINVOICEALLOWED","VARCHAR2",11
"TAXRULE","Tax Rule","TAXRULE","","176","177","YES","TNO","NUMBER",1
"TAXRULE","Tax Rule","TAXRULE","","176","177","YES","TAXRULECODE","VARCHAR2",2
"TAXRULE","Tax Rule","TAXRULE","","176","177","YES","TAXRULENAME","VARCHAR2",3
"TAXRULE","Tax Rule","TAXRULE","","176","177","YES","HSNCODE","VARCHAR2",4
"TAXRULE","Tax Rule","TAXRULE","","176","177","YES","SACCODE","VARCHAR2",5
"TAXRULE","Tax Rule","TAXRULE","","176","177","YES","TAXREGISTRATIONTYPECODE","VARCHAR2",6
"TAXRULE","Tax Rule","TAXRULE","","176","177","YES","TRANSACTIONTYPECODE","VARCHAR2",7
"TAXRULE","Tax Rule","TAXRULE","","176","177","YES","EFFECTIVEFROM","DATE",8
"TAXRULE","Tax Rule","TAXRULE","","176","177","YES","REMARK","VARCHAR2",9
"TAXRULE","Tax Rule","TAXRULE","","176","177","YES","CREATOR","VARCHAR2",10
"TAXRULE","Tax Rule","TAXRULE","","176","177","YES","CREATIONTIME","DATE",11
"TDSNATURE","Tds Nature","TDSNATURE","","29","30","YES","TNO","NUMBER",1
"TDSNATURE","Tds Nature","TDSNATURE","","29","30","YES","TDSNATURECODE","VARCHAR2",2
"TDSNATURE","Tds Nature","TDSNATURE","","29","30","YES","TDSNATURENAME","VARCHAR2",3
"TDSNATURE","Tds Nature","TDSNATURE","","29","30","YES","TAXSECTIONCODE","VARCHAR2",4
"TDSNATURE","Tds Nature","TDSNATURE","","29","30","YES","REMARK","VARCHAR2",5
"TDSNATURE","Tds Nature","TDSNATURE","","29","30","YES","CREATOR","VARCHAR2",6
"TDSNATURE","Tds Nature","TDSNATURE","","29","30","YES","CREATIONTIME","DATE",7
"TDSNATURE","Tds Nature","TDSNATURE","","29","30","YES","TDSACCOUNTCODE","VARCHAR2",8
"TDSNATURE","Tds Nature","TDSNATURE","","29","30","YES","CESSACCOUNTCODE","VARCHAR2",9
"TDSNATURE","Tds Nature","TDSNATURE","","29","30","YES","SURCHARGEACCOUNTCODE","VARCHAR2",10
"TDSPAYEECATEGORY","Tds Payee Category","TDSPAYEECATEGORY","","33","34","YES","TNO","NUMBER",1
"TDSPAYEECATEGORY","Tds Payee Category","TDSPAYEECATEGORY","","33","34","YES","TDSPAYEECATEGORYCODE","VARCHAR2",2
"TDSPAYEECATEGORY","Tds Payee Category","TDSPAYEECATEGORY","","33","34","YES","TDSPAYEECATEGORYNAME","VARCHAR2",3
"TDSPAYEECATEGORY","Tds Payee Category","TDSPAYEECATEGORY","","33","34","YES","REMARK","VARCHAR2",4
"TDSPAYEECATEGORY","Tds Payee Category","TDSPAYEECATEGORY","","33","34","YES","CREATOR","VARCHAR2",5
"TDSPAYEECATEGORY","Tds Payee Category","TDSPAYEECATEGORY","","33","34","YES","CREATIONTIME","DATE",6
"TDSTAXCATEGORY","Tds Tax Category","TDSTAXCATEGORY","","31","32","YES","TNO","NUMBER",1
"TDSTAXCATEGORY","Tds Tax Category","TDSTAXCATEGORY","","31","32","YES","TDSTAXCATEGORYCODE","VARCHAR2",2
"TDSTAXCATEGORY","Tds Tax Category","TDSTAXCATEGORY","","31","32","YES","TDSTAXCATEGORYNAME","VARCHAR2",3
"TDSTAXCATEGORY","Tds Tax Category","TDSTAXCATEGORY","","31","32","YES","TDSNATURECODE","VARCHAR2",4
"TDSTAXCATEGORY","Tds Tax Category","TDSTAXCATEGORY","","31","32","YES","TAXSECTIONCODE","VARCHAR2",5
"TDSTAXCATEGORY","Tds Tax Category","TDSTAXCATEGORY","","31","32","YES","EFFECTIVEFROM","DATE",6
"TDSTAXCATEGORY","Tds Tax Category","TDSTAXCATEGORY","","31","32","YES","REMARK","VARCHAR2",7
"TDSTAXCATEGORY","Tds Tax Category","TDSTAXCATEGORY","","31","32","YES","CREATOR","VARCHAR2",8
"TDSTAXCATEGORY","Tds Tax Category","TDSTAXCATEGORY","","31","32","YES","CREATIONTIME","DATE",9
"TDSTAXCATEGORY","Tds Tax Category","TDSTAXCATEGORY","","31","32","YES","YEARSWITHOUTRETURN","NUMBER",10
"TERMSANDCONDITIONHEAD","Terms and Condition Head","TERMSANDCONDITIONHEAD","","172","173","YES","TNO","NUMBER",1
"TERMSANDCONDITIONHEAD","Terms and Condition Head","TERMSANDCONDITIONHEAD","","172","173","YES","TERMSANDCONDITIONHEADCODE","VARCHAR2",2
"TERMSANDCONDITIONHEAD","Terms and Condition Head","TERMSANDCONDITIONHEAD","","172","173","YES","REMARK","VARCHAR2",3
"TERMSANDCONDITIONHEAD","Terms and Condition Head","TERMSANDCONDITIONHEAD","","172","173","YES","TERMSANDCONDITIONHEADNAME","VARCHAR2",4
"TERMSANDCONDITIONHEAD","Terms and Condition Head","TERMSANDCONDITIONHEAD","","172","173","YES","CREATOR","VARCHAR2",5
"TERMSANDCONDITIONHEAD","Terms and Condition Head","TERMSANDCONDITIONHEAD","","172","173","YES","SERIALNO","NUMBER",6
"TERMSANDCONDITIONHEAD","Terms and Condition Head","TERMSANDCONDITIONHEAD","","172","173","YES","PARENTCODE","VARCHAR2",7
"TERMSANDCONDITIONHEAD","Terms and Condition Head","TERMSANDCONDITIONHEAD","","172","173","YES","CREATIONTIME","DATE",8
"TRAVELINGMODE","Traveling Mode","TRAVELINGMODE","","653","654","YES","TNO","NUMBER",1
"TRAVELINGMODE","Traveling Mode","TRAVELINGMODE","","653","654","YES","TRAVELINGMODECODE","VARCHAR2",2
"TRAVELINGMODE","Traveling Mode","TRAVELINGMODE","","653","654","YES","TRAVELINGMODENAME","VARCHAR2",3
"TRAVELINGMODE","Traveling Mode","TRAVELINGMODE","","653","654","YES","REMARK","VARCHAR2",4
"TRAVELINGMODE","Traveling Mode","TRAVELINGMODE","","653","654","YES","CREATOR","VARCHAR2",5
"TRAVELINGMODE","Traveling Mode","TRAVELINGMODE","","653","654","YES","CREATIONTIME","DATE",6
"VEHICLETYPE","Vehicle Type","VEHICLETYPE","","88","89","YES","TNO","NUMBER",1
"VEHICLETYPE","Vehicle Type","VEHICLETYPE","","88","89","YES","VEHICLETYPECODE","VARCHAR2",2
"VEHICLETYPE","Vehicle Type","VEHICLETYPE","","88","89","YES","VEHICLETYPENAME","VARCHAR2",3
"VEHICLETYPE","Vehicle Type","VEHICLETYPE","","88","89","YES","VEHICLETYPESHORTNAME","VARCHAR2",4
"VEHICLETYPE","Vehicle Type","VEHICLETYPE","","88","89","YES","TRANSMODE","NUMBER",5
"VEHICLETYPE","Vehicle Type","VEHICLETYPE","","88","89","YES","REMARK","VARCHAR2",6
"VEHICLETYPE","Vehicle Type","VEHICLETYPE","","88","89","YES","CREATOR","VARCHAR2",7
"VEHICLETYPE","Vehicle Type","VEHICLETYPE","","88","89","YES","CREATIONTIME","DATE",8
"VEHICLETYPE","Vehicle Type","VEHICLETYPE","","88","89","YES","TRANSITMODE","VARCHAR2",9
"VEHICLETYPE","Vehicle Type","VEHICLETYPE","","88","89","YES","VEHICLETYPE","VARCHAR2",10
"VENDOR","Vendor Master","VENDOR","VENDORCODE","349","350","YES","TNO","NUMBER",1
"VENDOR","Vendor Master","VENDOR","VENDORCODE","349","350","YES","VENDORCODE","VARCHAR2",2
"VENDOR","Vendor Master","VENDOR","VENDORCODE","349","350","YES","VENDORNAME","VARCHAR2",3
"VENDOR","Vendor Master","VENDOR","VENDORCODE","349","350","YES","CONTACTPERSON","VARCHAR2",4
"VENDOR","Vendor Master","VENDOR","VENDORCODE","349","350","YES","OFFICEADDRESS","VARCHAR2",5
"VENDOR","Vendor Master","VENDOR","VENDORCODE","349","350","YES","OFFICEPHONENO","VARCHAR2",6
"VENDOR","Vendor Master","VENDOR","VENDORCODE","349","350","YES","OFFICEMOBILENO","VARCHAR2",7
"VENDOR","Vendor Master","VENDOR","VENDORCODE","349","350","YES","OFFICEEMAILID","VARCHAR2",8
"VENDOR","Vendor Master","VENDOR","VENDORCODE","349","350","YES","WEBSITE","VARCHAR2",9
"VENDOR","Vendor Master","VENDOR","VENDORCODE","349","350","YES","LOCATIONCODE","VARCHAR2",10
"VENDOR","Vendor Master","VENDOR","VENDORCODE","349","350","YES","REMARK","VARCHAR2",11
"VENDOR","Vendor Master","VENDOR","VENDORCODE","349","350","YES","CREATOR","VARCHAR2",12
"VENDOR","Vendor Master","VENDOR","VENDORCODE","349","350","YES","CREATIONTIME","DATE",13
"VENDOR","Vendor Master","VENDOR","VENDORCODE","349","350","YES","REGISTRATIONNO","VARCHAR2",14
"VENDOR","Vendor Master","VENDOR","VENDORCODE","349","350","YES","REGISTRATIONDATE","DATE",15
"VENDOR","Vendor Master","VENDOR","VENDORCODE","349","350","YES","VENDORSITEVISITTNO","NUMBER",16
"VENDOR","Vendor Master","VENDOR","VENDORCODE","349","350","YES","APPROVEBYEMPLOYEECODE","VARCHAR2",17
"VENDOR","Vendor Master","VENDOR","VENDORCODE","349","350","YES","OFFICECITYCODE","VARCHAR2",18
"VENDOR","Vendor Master","VENDOR","VENDORCODE","349","350","YES","MODULECODE","VARCHAR2",19
"VENDOR","Vendor Master","VENDOR","VENDORCODE","349","350","YES","MODULETNO","NUMBER",20
"VENDOR","Vendor Master","VENDOR","VENDORCODE","349","350","YES","OFFICESTATECODE","VARCHAR2",21
"VENDOR","Vendor Master","VENDOR","VENDORCODE","349","350","YES","OFFICECOUNTRYCODE","VARCHAR2",22
"VENDOR","Vendor Master","VENDOR","VENDORCODE","349","350","YES","OFFICEPINCODE","VARCHAR2",23
"VENDOR","Vendor Master","VENDOR","VENDORCODE","349","350","YES","CONTACTPERSONADDRESS","VARCHAR2",24
"VENDOR","Vendor Master","VENDOR","VENDORCODE","349","350","YES","CONTACTPERSONCITYCODE","VARCHAR2",25
"VENDOR","Vendor Master","VENDOR","VENDORCODE","349","350","YES","CONTACTPERSONSTATECODE","VARCHAR2",26
"VENDOR","Vendor Master","VENDOR","VENDORCODE","349","350","YES","CONTACTPERSONCOUNTRYCODE","VARCHAR2",27
"VENDOR","Vendor Master","VENDOR","VENDORCODE","349","350","YES","CONTACTPERSONPINCODE","VARCHAR2",28
"VENDOR","Vendor Master","VENDOR","VENDORCODE","349","350","YES","CONTACTPERSONPHONENO","VARCHAR2",29
"VENDOR","Vendor Master","VENDOR","VENDORCODE","349","350","YES","CONTACTPERSONMOBILENO","VARCHAR2",30
"VENDOR","Vendor Master","VENDOR","VENDORCODE","349","350","YES","CONTACTPERSONEMAILID","VARCHAR2",31
"VENDOR","Vendor Master","VENDOR","VENDORCODE","349","350","YES","VENDORSTATUSCODE","VARCHAR2",32
"VENDOR","Vendor Master","VENDOR","VENDORCODE","349","350","YES","BUSINESSNATURECODE","VARCHAR2",33
"VENDOR","Vendor Master","VENDOR","VENDORCODE","349","350","YES","INDUSTRYTYPECODE","VARCHAR2",34
"VENDOR","Vendor Master","VENDOR","VENDORCODE","349","350","YES","VENDORCATEGORY","VARCHAR2",35
"VENDOR","Vendor Master","VENDOR","VENDORCODE","349","350","YES","TAXREGISTRATIONTYPECODE","VARCHAR2",36
"VENDOR","Vendor Master","VENDOR","VENDORCODE","349","350","YES","IMPORTTNO","NUMBER",37
"ZONE","Zone","ZONE","","286","287","YES","TNO","NUMBER",1
"ZONE","Zone","ZONE","","286","287","YES","ZONECODE","VARCHAR2",2
"ZONE","Zone","ZONE","","286","287","YES","ZONENAME","VARCHAR2",3
"ZONE","Zone","ZONE","","286","287","YES","REMARK","VARCHAR2",4
